tanggal,provinsi,id_provinsi,harga,show,avg_api,stddev_api
"Jan 1, 2025",Aceh,1,13800.0,True,15050.0,5450.0
"Jan 1, 2025",Sumatera Utara,2,13700.0,True,15050.0,5450.0
"Jan 1, 2025",Sumatera Barat,3,0.0,False,15050.0,5450.0
"Jan 1, 2025",Riau,4,0.0,False,15050.0,5450.0
"Jan 1, 2025",Kepulauan Riau,5,15150.0,True,15050.0,5450.0
"Jan 1, 2025",Jambi,6,15050.0,True,15050.0,5450.0
"Jan 1, 2025",Bengkulu,7,15150.0,True,15050.0,5450.0
"Jan 1, 2025",Sumatera Selatan,8,14850.0,True,15050.0,5450.0
"Jan 1, 2025",Kepulauan Bangka Belitung,9,0.0,False,15050.0,5450.0
"Jan 1, 2025",Lampung,10,14550.0,True,15050.0,5450.0
"Jan 1, 2025",Banten,11,14800.0,True,15050.0,5450.0
"Jan 1, 2025",Jawa Barat,12,14600.0,True,15050.0,5450.0
"Jan 1, 2025",DKI Jakarta,13,0.0,False,15050.0,5450.0
"Jan 1, 2025",Jawa Tengah,14,14450.0,True,15050.0,5450.0
"Jan 1, 2025",DI Yogyakarta,15,14150.0,True,15050.0,5450.0
"Jan 1, 2025",Jawa Timur,16,14050.0,True,15050.0,5450.0
"Jan 1, 2025",Bali,17,15000.0,True,15050.0,5450.0
"Jan 1, 2025",Nusa Tenggara Barat,18,13750.0,True,15050.0,5450.0
"Jan 1, 2025",Nusa Tenggara Timur,19,15450.0,True,15050.0,5450.0
"Jan 1, 2025",Kalimantan Barat,20,16000.0,True,15050.0,5450.0
"Jan 1, 2025",Kalimantan Selatan,21,17350.0,True,15050.0,5450.0
"Jan 1, 2025",Kalimantan Tengah,22,18100.0,True,15050.0,5450.0
"Jan 1, 2025",Kalimantan Timur,23,15950.0,True,15050.0,5450.0
"Jan 1, 2025",Kalimantan Utara,24,16500.0,True,15050.0,5450.0
"Jan 1, 2025",Gorontalo,25,14550.0,True,15050.0,5450.0
"Jan 1, 2025",Sulawesi Selatan,26,13400.0,True,15050.0,5450.0
"Jan 1, 2025",Sulawesi Tenggara,27,14700.0,True,15050.0,5450.0
"Jan 1, 2025",Sulawesi Tengah,28,14800.0,True,15050.0,5450.0
"Jan 1, 2025",Sulawesi Utara,29,14100.0,True,15050.0,5450.0
"Jan 1, 2025",Sulawesi Barat,30,13250.0,True,15050.0,5450.0
"Jan 1, 2025",Maluku,31,16100.0,True,15050.0,5450.0
"Jan 1, 2025",Maluku Utara,32,0.0,False,15050.0,5450.0
"Jan 1, 2025",Papua,33,16750.0,True,15050.0,5450.0
"Jan 1, 2025",Papua Barat,34,16400.0,True,15050.0,5450.0
"Jan 2, 2025",Aceh,1,13750.0,True,15250.0,1200.0
"Jan 2, 2025",Sumatera Utara,2,13700.0,True,15250.0,1200.0
"Jan 2, 2025",Sumatera Barat,3,17250.0,True,15250.0,1200.0
"Jan 2, 2025",Riau,4,15900.0,True,15250.0,1200.0
"Jan 2, 2025",Kepulauan Riau,5,15150.0,True,15250.0,1200.0
"Jan 2, 2025",Jambi,6,15050.0,True,15250.0,1200.0
"Jan 2, 2025",Bengkulu,7,15150.0,True,15250.0,1200.0
"Jan 2, 2025",Sumatera Selatan,8,14900.0,True,15250.0,1200.0
"Jan 2, 2025",Kepulauan Bangka Belitung,9,15000.0,True,15250.0,1200.0
"Jan 2, 2025",Lampung,10,14550.0,True,15250.0,1200.0
"Jan 2, 2025",Banten,11,14800.0,True,15250.0,1200.0
"Jan 2, 2025",Jawa Barat,12,14600.0,True,15250.0,1200.0
"Jan 2, 2025",DKI Jakarta,13,15550.0,True,15250.0,1200.0
"Jan 2, 2025",Jawa Tengah,14,14550.0,True,15250.0,1200.0
"Jan 2, 2025",DI Yogyakarta,15,14150.0,True,15250.0,1200.0
"Jan 2, 2025",Jawa Timur,16,14100.0,True,15250.0,1200.0
"Jan 2, 2025",Bali,17,15000.0,True,15250.0,1200.0
"Jan 2, 2025",Nusa Tenggara Barat,18,13750.0,True,15250.0,1200.0
"Jan 2, 2025",Nusa Tenggara Timur,19,15450.0,True,15250.0,1200.0
"Jan 2, 2025",Kalimantan Barat,20,16500.0,True,15250.0,1200.0
"Jan 2, 2025",Kalimantan Selatan,21,17350.0,True,15250.0,1200.0
"Jan 2, 2025",Kalimantan Tengah,22,18100.0,True,15250.0,1200.0
"Jan 2, 2025",Kalimantan Timur,23,15950.0,True,15250.0,1200.0
"Jan 2, 2025",Kalimantan Utara,24,16650.0,True,15250.0,1200.0
"Jan 2, 2025",Gorontalo,25,14550.0,True,15250.0,1200.0
"Jan 2, 2025",Sulawesi Selatan,26,13400.0,True,15250.0,1200.0
"Jan 2, 2025",Sulawesi Tenggara,27,14700.0,True,15250.0,1200.0
"Jan 2, 2025",Sulawesi Tengah,28,14800.0,True,15250.0,1200.0
"Jan 2, 2025",Sulawesi Utara,29,14100.0,True,15250.0,1200.0
"Jan 2, 2025",Sulawesi Barat,30,13250.0,True,15250.0,1200.0
"Jan 2, 2025",Maluku,31,16100.0,True,15250.0,1200.0
"Jan 2, 2025",Maluku Utara,32,16700.0,True,15250.0,1200.0
"Jan 2, 2025",Papua,33,16750.0,True,15250.0,1200.0
"Jan 2, 2025",Papua Barat,34,16400.0,True,15250.0,1200.0
"Jan 3, 2025",Aceh,1,13750.0,True,15200.0,1150.0
"Jan 3, 2025",Sumatera Utara,2,13700.0,True,15200.0,1150.0
"Jan 3, 2025",Sumatera Barat,3,17250.0,True,15200.0,1150.0
"Jan 3, 2025",Riau,4,15900.0,True,15200.0,1150.0
"Jan 3, 2025",Kepulauan Riau,5,15150.0,True,15200.0,1150.0
"Jan 3, 2025",Jambi,6,15050.0,True,15200.0,1150.0
"Jan 3, 2025",Bengkulu,7,15150.0,True,15200.0,1150.0
"Jan 3, 2025",Sumatera Selatan,8,14900.0,True,15200.0,1150.0
"Jan 3, 2025",Kepulauan Bangka Belitung,9,15000.0,True,15200.0,1150.0
"Jan 3, 2025",Lampung,10,14550.0,True,15200.0,1150.0
"Jan 3, 2025",Banten,11,14800.0,True,15200.0,1150.0
"Jan 3, 2025",Jawa Barat,12,14600.0,True,15200.0,1150.0
"Jan 3, 2025",DKI Jakarta,13,15500.0,True,15200.0,1150.0
"Jan 3, 2025",Jawa Tengah,14,14550.0,True,15200.0,1150.0
"Jan 3, 2025",DI Yogyakarta,15,14150.0,True,15200.0,1150.0
"Jan 3, 2025",Jawa Timur,16,14100.0,True,15200.0,1150.0
"Jan 3, 2025",Bali,17,15000.0,True,15200.0,1150.0
"Jan 3, 2025",Nusa Tenggara Barat,18,13750.0,True,15200.0,1150.0
"Jan 3, 2025",Nusa Tenggara Timur,19,15450.0,True,15200.0,1150.0
"Jan 3, 2025",Kalimantan Barat,20,16500.0,True,15200.0,1150.0
"Jan 3, 2025",Kalimantan Selatan,21,17350.0,True,15200.0,1150.0
"Jan 3, 2025",Kalimantan Tengah,22,17600.0,True,15200.0,1150.0
"Jan 3, 2025",Kalimantan Timur,23,15950.0,True,15200.0,1150.0
"Jan 3, 2025",Kalimantan Utara,24,16650.0,True,15200.0,1150.0
"Jan 3, 2025",Gorontalo,25,14550.0,True,15200.0,1150.0
"Jan 3, 2025",Sulawesi Selatan,26,13400.0,True,15200.0,1150.0
"Jan 3, 2025",Sulawesi Tenggara,27,14700.0,True,15200.0,1150.0
"Jan 3, 2025",Sulawesi Tengah,28,14800.0,True,15200.0,1150.0
"Jan 3, 2025",Sulawesi Utara,29,14000.0,True,15200.0,1150.0
"Jan 3, 2025",Sulawesi Barat,30,13250.0,True,15200.0,1150.0
"Jan 3, 2025",Maluku,31,16100.0,True,15200.0,1150.0
"Jan 3, 2025",Maluku Utara,32,16700.0,True,15200.0,1150.0
"Jan 3, 2025",Papua,33,16750.0,True,15200.0,1150.0
"Jan 3, 2025",Papua Barat,34,16400.0,True,15200.0,1150.0
"Jan 4, 2025",Aceh,1,13750.0,True,15200.0,1150.0
"Jan 4, 2025",Sumatera Utara,2,13700.0,True,15200.0,1150.0
"Jan 4, 2025",Sumatera Barat,3,17250.0,True,15200.0,1150.0
"Jan 4, 2025",Riau,4,15900.0,True,15200.0,1150.0
"Jan 4, 2025",Kepulauan Riau,5,15150.0,True,15200.0,1150.0
"Jan 4, 2025",Jambi,6,15050.0,True,15200.0,1150.0
"Jan 4, 2025",Bengkulu,7,15150.0,True,15200.0,1150.0
"Jan 4, 2025",Sumatera Selatan,8,14900.0,True,15200.0,1150.0
"Jan 4, 2025",Kepulauan Bangka Belitung,9,15000.0,True,15200.0,1150.0
"Jan 4, 2025",Lampung,10,14550.0,True,15200.0,1150.0
"Jan 4, 2025",Banten,11,14800.0,True,15200.0,1150.0
"Jan 4, 2025",Jawa Barat,12,14600.0,True,15200.0,1150.0
"Jan 4, 2025",DKI Jakarta,13,15500.0,True,15200.0,1150.0
"Jan 4, 2025",Jawa Tengah,14,14550.0,True,15200.0,1150.0
"Jan 4, 2025",DI Yogyakarta,15,14150.0,True,15200.0,1150.0
"Jan 4, 2025",Jawa Timur,16,14100.0,True,15200.0,1150.0
"Jan 4, 2025",Bali,17,15000.0,True,15200.0,1150.0
"Jan 4, 2025",Nusa Tenggara Barat,18,13750.0,True,15200.0,1150.0
"Jan 4, 2025",Nusa Tenggara Timur,19,15450.0,True,15200.0,1150.0
"Jan 4, 2025",Kalimantan Barat,20,16500.0,True,15200.0,1150.0
"Jan 4, 2025",Kalimantan Selatan,21,17350.0,True,15200.0,1150.0
"Jan 4, 2025",Kalimantan Tengah,22,17600.0,True,15200.0,1150.0
"Jan 4, 2025",Kalimantan Timur,23,15950.0,True,15200.0,1150.0
"Jan 4, 2025",Kalimantan Utara,24,16650.0,True,15200.0,1150.0
"Jan 4, 2025",Gorontalo,25,14550.0,True,15200.0,1150.0
"Jan 4, 2025",Sulawesi Selatan,26,13400.0,True,15200.0,1150.0
"Jan 4, 2025",Sulawesi Tenggara,27,14700.0,True,15200.0,1150.0
"Jan 4, 2025",Sulawesi Tengah,28,14800.0,True,15200.0,1150.0
"Jan 4, 2025",Sulawesi Utara,29,14000.0,True,15200.0,1150.0
"Jan 4, 2025",Sulawesi Barat,30,13250.0,True,15200.0,1150.0
"Jan 4, 2025",Maluku,31,16100.0,True,15200.0,1150.0
"Jan 4, 2025",Maluku Utara,32,16700.0,True,15200.0,1150.0
"Jan 4, 2025",Papua,33,16750.0,True,15200.0,1150.0
"Jan 4, 2025",Papua Barat,34,16400.0,True,15200.0,1150.0
"Jan 5, 2025",Aceh,1,13750.0,True,15200.0,1150.0
"Jan 5, 2025",Sumatera Utara,2,13700.0,True,15200.0,1150.0
"Jan 5, 2025",Sumatera Barat,3,17250.0,True,15200.0,1150.0
"Jan 5, 2025",Riau,4,15900.0,True,15200.0,1150.0
"Jan 5, 2025",Kepulauan Riau,5,15150.0,True,15200.0,1150.0
"Jan 5, 2025",Jambi,6,15050.0,True,15200.0,1150.0
"Jan 5, 2025",Bengkulu,7,15150.0,True,15200.0,1150.0
"Jan 5, 2025",Sumatera Selatan,8,14900.0,True,15200.0,1150.0
"Jan 5, 2025",Kepulauan Bangka Belitung,9,15000.0,True,15200.0,1150.0
"Jan 5, 2025",Lampung,10,14550.0,True,15200.0,1150.0
"Jan 5, 2025",Banten,11,14800.0,True,15200.0,1150.0
"Jan 5, 2025",Jawa Barat,12,14600.0,True,15200.0,1150.0
"Jan 5, 2025",DKI Jakarta,13,15500.0,True,15200.0,1150.0
"Jan 5, 2025",Jawa Tengah,14,14550.0,True,15200.0,1150.0
"Jan 5, 2025",DI Yogyakarta,15,14150.0,True,15200.0,1150.0
"Jan 5, 2025",Jawa Timur,16,14100.0,True,15200.0,1150.0
"Jan 5, 2025",Bali,17,15000.0,True,15200.0,1150.0
"Jan 5, 2025",Nusa Tenggara Barat,18,13750.0,True,15200.0,1150.0
"Jan 5, 2025",Nusa Tenggara Timur,19,15450.0,True,15200.0,1150.0
"Jan 5, 2025",Kalimantan Barat,20,16500.0,True,15200.0,1150.0
"Jan 5, 2025",Kalimantan Selatan,21,17350.0,True,15200.0,1150.0
"Jan 5, 2025",Kalimantan Tengah,22,17600.0,True,15200.0,1150.0
"Jan 5, 2025",Kalimantan Timur,23,15950.0,True,15200.0,1150.0
"Jan 5, 2025",Kalimantan Utara,24,16650.0,True,15200.0,1150.0
"Jan 5, 2025",Gorontalo,25,14550.0,True,15200.0,1150.0
"Jan 5, 2025",Sulawesi Selatan,26,13400.0,True,15200.0,1150.0
"Jan 5, 2025",Sulawesi Tenggara,27,14700.0,True,15200.0,1150.0
"Jan 5, 2025",Sulawesi Tengah,28,14800.0,True,15200.0,1150.0
"Jan 5, 2025",Sulawesi Utara,29,14000.0,True,15200.0,1150.0
"Jan 5, 2025",Sulawesi Barat,30,13250.0,True,15200.0,1150.0
"Jan 5, 2025",Maluku,31,16100.0,True,15200.0,1150.0
"Jan 5, 2025",Maluku Utara,32,16700.0,True,15200.0,1150.0
"Jan 5, 2025",Papua,33,16750.0,True,15200.0,1150.0
"Jan 5, 2025",Papua Barat,34,16400.0,True,15200.0,1150.0
"Jan 6, 2025",Aceh,1,13750.0,True,15150.0,1100.0
"Jan 6, 2025",Sumatera Utara,2,13750.0,True,15150.0,1100.0
"Jan 6, 2025",Sumatera Barat,3,17250.0,True,15150.0,1100.0
"Jan 6, 2025",Riau,4,15900.0,True,15150.0,1100.0
"Jan 6, 2025",Kepulauan Riau,5,15150.0,True,15150.0,1100.0
"Jan 6, 2025",Jambi,6,15050.0,True,15150.0,1100.0
"Jan 6, 2025",Bengkulu,7,15150.0,True,15150.0,1100.0
"Jan 6, 2025",Sumatera Selatan,8,14900.0,True,15150.0,1100.0
"Jan 6, 2025",Kepulauan Bangka Belitung,9,15000.0,True,15150.0,1100.0
"Jan 6, 2025",Lampung,10,14550.0,True,15150.0,1100.0
"Jan 6, 2025",Banten,11,14800.0,True,15150.0,1100.0
"Jan 6, 2025",Jawa Barat,12,14600.0,True,15150.0,1100.0
"Jan 6, 2025",DKI Jakarta,13,15700.0,True,15150.0,1100.0
"Jan 6, 2025",Jawa Tengah,14,14550.0,True,15150.0,1100.0
"Jan 6, 2025",DI Yogyakarta,15,14150.0,True,15150.0,1100.0
"Jan 6, 2025",Jawa Timur,16,14050.0,True,15150.0,1100.0
"Jan 6, 2025",Bali,17,15000.0,True,15150.0,1100.0
"Jan 6, 2025",Nusa Tenggara Barat,18,13900.0,True,15150.0,1100.0
"Jan 6, 2025",Nusa Tenggara Timur,19,15450.0,True,15150.0,1100.0
"Jan 6, 2025",Kalimantan Barat,20,16500.0,True,15150.0,1100.0
"Jan 6, 2025",Kalimantan Selatan,21,16500.0,True,15150.0,1100.0
"Jan 6, 2025",Kalimantan Tengah,22,17600.0,True,15150.0,1100.0
"Jan 6, 2025",Kalimantan Timur,23,15950.0,True,15150.0,1100.0
"Jan 6, 2025",Kalimantan Utara,24,16200.0,True,15150.0,1100.0
"Jan 6, 2025",Gorontalo,25,14550.0,True,15150.0,1100.0
"Jan 6, 2025",Sulawesi Selatan,26,13400.0,True,15150.0,1100.0
"Jan 6, 2025",Sulawesi Tenggara,27,14700.0,True,15150.0,1100.0
"Jan 6, 2025",Sulawesi Tengah,28,14300.0,True,15150.0,1100.0
"Jan 6, 2025",Sulawesi Utara,29,14050.0,True,15150.0,1100.0
"Jan 6, 2025",Sulawesi Barat,30,13250.0,True,15150.0,1100.0
"Jan 6, 2025",Maluku,31,16100.0,True,15150.0,1100.0
"Jan 6, 2025",Maluku Utara,32,16700.0,True,15150.0,1100.0
"Jan 6, 2025",Papua,33,16750.0,True,15150.0,1100.0
"Jan 6, 2025",Papua Barat,34,16400.0,True,15150.0,1100.0
"Jan 7, 2025",Aceh,1,13750.0,True,15200.0,1150.0
"Jan 7, 2025",Sumatera Utara,2,13750.0,True,15200.0,1150.0
"Jan 7, 2025",Sumatera Barat,3,17250.0,True,15200.0,1150.0
"Jan 7, 2025",Riau,4,15900.0,True,15200.0,1150.0
"Jan 7, 2025",Kepulauan Riau,5,15250.0,True,15200.0,1150.0
"Jan 7, 2025",Jambi,6,15050.0,True,15200.0,1150.0
"Jan 7, 2025",Bengkulu,7,15150.0,True,15200.0,1150.0
"Jan 7, 2025",Sumatera Selatan,8,14950.0,True,15200.0,1150.0
"Jan 7, 2025",Kepulauan Bangka Belitung,9,15000.0,True,15200.0,1150.0
"Jan 7, 2025",Lampung,10,14550.0,True,15200.0,1150.0
"Jan 7, 2025",Banten,11,14800.0,True,15200.0,1150.0
"Jan 7, 2025",Jawa Barat,12,14600.0,True,15200.0,1150.0
"Jan 7, 2025",DKI Jakarta,13,15700.0,True,15200.0,1150.0
"Jan 7, 2025",Jawa Tengah,14,14550.0,True,15200.0,1150.0
"Jan 7, 2025",DI Yogyakarta,15,14150.0,True,15200.0,1150.0
"Jan 7, 2025",Jawa Timur,16,14050.0,True,15200.0,1150.0
"Jan 7, 2025",Bali,17,15150.0,True,15200.0,1150.0
"Jan 7, 2025",Nusa Tenggara Barat,18,13900.0,True,15200.0,1150.0
"Jan 7, 2025",Nusa Tenggara Timur,19,15450.0,True,15200.0,1150.0
"Jan 7, 2025",Kalimantan Barat,20,16500.0,True,15200.0,1150.0
"Jan 7, 2025",Kalimantan Selatan,21,17350.0,True,15200.0,1150.0
"Jan 7, 2025",Kalimantan Tengah,22,17600.0,True,15200.0,1150.0
"Jan 7, 2025",Kalimantan Timur,23,15950.0,True,15200.0,1150.0
"Jan 7, 2025",Kalimantan Utara,24,16600.0,True,15200.0,1150.0
"Jan 7, 2025",Gorontalo,25,14550.0,True,15200.0,1150.0
"Jan 7, 2025",Sulawesi Selatan,26,13400.0,True,15200.0,1150.0
"Jan 7, 2025",Sulawesi Tenggara,27,14700.0,True,15200.0,1150.0
"Jan 7, 2025",Sulawesi Tengah,28,14300.0,True,15200.0,1150.0
"Jan 7, 2025",Sulawesi Utara,29,14050.0,True,15200.0,1150.0
"Jan 7, 2025",Sulawesi Barat,30,13250.0,True,15200.0,1150.0
"Jan 7, 2025",Maluku,31,16100.0,True,15200.0,1150.0
"Jan 7, 2025",Maluku Utara,32,16700.0,True,15200.0,1150.0
"Jan 7, 2025",Papua,33,16750.0,True,15200.0,1150.0
"Jan 7, 2025",Papua Barat,34,16400.0,True,15200.0,1150.0
"Jan 8, 2025",Aceh,1,13750.0,True,15200.0,1150.0
"Jan 8, 2025",Sumatera Utara,2,13750.0,True,15200.0,1150.0
"Jan 8, 2025",Sumatera Barat,3,17250.0,True,15200.0,1150.0
"Jan 8, 2025",Riau,4,15900.0,True,15200.0,1150.0
"Jan 8, 2025",Kepulauan Riau,5,15250.0,True,15200.0,1150.0
"Jan 8, 2025",Jambi,6,15050.0,True,15200.0,1150.0
"Jan 8, 2025",Bengkulu,7,15000.0,True,15200.0,1150.0
"Jan 8, 2025",Sumatera Selatan,8,14950.0,True,15200.0,1150.0
"Jan 8, 2025",Kepulauan Bangka Belitung,9,15000.0,True,15200.0,1150.0
"Jan 8, 2025",Lampung,10,14550.0,True,15200.0,1150.0
"Jan 8, 2025",Banten,11,14800.0,True,15200.0,1150.0
"Jan 8, 2025",Jawa Barat,12,14650.0,True,15200.0,1150.0
"Jan 8, 2025",DKI Jakarta,13,15700.0,True,15200.0,1150.0
"Jan 8, 2025",Jawa Tengah,14,14550.0,True,15200.0,1150.0
"Jan 8, 2025",DI Yogyakarta,15,14150.0,True,15200.0,1150.0
"Jan 8, 2025",Jawa Timur,16,14050.0,True,15200.0,1150.0
"Jan 8, 2025",Bali,17,15150.0,True,15200.0,1150.0
"Jan 8, 2025",Nusa Tenggara Barat,18,13800.0,True,15200.0,1150.0
"Jan 8, 2025",Nusa Tenggara Timur,19,15450.0,True,15200.0,1150.0
"Jan 8, 2025",Kalimantan Barat,20,16500.0,True,15200.0,1150.0
"Jan 8, 2025",Kalimantan Selatan,21,17350.0,True,15200.0,1150.0
"Jan 8, 2025",Kalimantan Tengah,22,17600.0,True,15200.0,1150.0
"Jan 8, 2025",Kalimantan Timur,23,16250.0,True,15200.0,1150.0
"Jan 8, 2025",Kalimantan Utara,24,16600.0,True,15200.0,1150.0
"Jan 8, 2025",Gorontalo,25,14550.0,True,15200.0,1150.0
"Jan 8, 2025",Sulawesi Selatan,26,13400.0,True,15200.0,1150.0
"Jan 8, 2025",Sulawesi Tenggara,27,14800.0,True,15200.0,1150.0
"Jan 8, 2025",Sulawesi Tengah,28,14300.0,True,15200.0,1150.0
"Jan 8, 2025",Sulawesi Utara,29,14050.0,True,15200.0,1150.0
"Jan 8, 2025",Sulawesi Barat,30,13250.0,True,15200.0,1150.0
"Jan 8, 2025",Maluku,31,16100.0,True,15200.0,1150.0
"Jan 8, 2025",Maluku Utara,32,16700.0,True,15200.0,1150.0
"Jan 8, 2025",Papua,33,16750.0,True,15200.0,1150.0
"Jan 8, 2025",Papua Barat,34,16400.0,True,15200.0,1150.0
"Jan 9, 2025",Aceh,1,13750.0,True,15150.0,2800.0
"Jan 9, 2025",Sumatera Utara,2,13850.0,True,15150.0,2800.0
"Jan 9, 2025",Sumatera Barat,3,17250.0,True,15150.0,2800.0
"Jan 9, 2025",Riau,4,15900.0,True,15150.0,2800.0
"Jan 9, 2025",Kepulauan Riau,5,15250.0,True,15150.0,2800.0
"Jan 9, 2025",Jambi,6,15050.0,True,15150.0,2800.0
"Jan 9, 2025",Bengkulu,7,15150.0,True,15150.0,2800.0
"Jan 9, 2025",Sumatera Selatan,8,14950.0,True,15150.0,2800.0
"Jan 9, 2025",Kepulauan Bangka Belitung,9,15000.0,True,15150.0,2800.0
"Jan 9, 2025",Lampung,10,14550.0,True,15150.0,2800.0
"Jan 9, 2025",Banten,11,14800.0,True,15150.0,2800.0
"Jan 9, 2025",Jawa Barat,12,14650.0,True,15150.0,2800.0
"Jan 9, 2025",DKI Jakarta,13,15700.0,True,15150.0,2800.0
"Jan 9, 2025",Jawa Tengah,14,14550.0,True,15150.0,2800.0
"Jan 9, 2025",DI Yogyakarta,15,14150.0,True,15150.0,2800.0
"Jan 9, 2025",Jawa Timur,16,14100.0,True,15150.0,2800.0
"Jan 9, 2025",Bali,17,15150.0,True,15150.0,2800.0
"Jan 9, 2025",Nusa Tenggara Barat,18,13800.0,True,15150.0,2800.0
"Jan 9, 2025",Nusa Tenggara Timur,19,15450.0,True,15150.0,2800.0
"Jan 9, 2025",Kalimantan Barat,20,16500.0,True,15150.0,2800.0
"Jan 9, 2025",Kalimantan Selatan,21,17350.0,True,15150.0,2800.0
"Jan 9, 2025",Kalimantan Tengah,22,17600.0,True,15150.0,2800.0
"Jan 9, 2025",Kalimantan Timur,23,15950.0,True,15150.0,2800.0
"Jan 9, 2025",Kalimantan Utara,24,0.0,False,15150.0,2800.0
"Jan 9, 2025",Gorontalo,25,14550.0,True,15150.0,2800.0
"Jan 9, 2025",Sulawesi Selatan,26,13400.0,True,15150.0,2800.0
"Jan 9, 2025",Sulawesi Tenggara,27,14800.0,True,15150.0,2800.0
"Jan 9, 2025",Sulawesi Tengah,28,14250.0,True,15150.0,2800.0
"Jan 9, 2025",Sulawesi Utara,29,14050.0,True,15150.0,2800.0
"Jan 9, 2025",Sulawesi Barat,30,13250.0,True,15150.0,2800.0
"Jan 9, 2025",Maluku,31,16100.0,True,15150.0,2800.0
"Jan 9, 2025",Maluku Utara,32,16700.0,True,15150.0,2800.0
"Jan 9, 2025",Papua,33,16750.0,True,15150.0,2800.0
"Jan 9, 2025",Papua Barat,34,16400.0,True,15150.0,2800.0
"Jan 10, 2025",Aceh,1,13750.0,True,15200.0,1150.0
"Jan 10, 2025",Sumatera Utara,2,13750.0,True,15200.0,1150.0
"Jan 10, 2025",Sumatera Barat,3,17250.0,True,15200.0,1150.0
"Jan 10, 2025",Riau,4,15900.0,True,15200.0,1150.0
"Jan 10, 2025",Kepulauan Riau,5,15250.0,True,15200.0,1150.0
"Jan 10, 2025",Jambi,6,15050.0,True,15200.0,1150.0
"Jan 10, 2025",Bengkulu,7,15150.0,True,15200.0,1150.0
"Jan 10, 2025",Sumatera Selatan,8,14950.0,True,15200.0,1150.0
"Jan 10, 2025",Kepulauan Bangka Belitung,9,15000.0,True,15200.0,1150.0
"Jan 10, 2025",Lampung,10,14550.0,True,15200.0,1150.0
"Jan 10, 2025",Banten,11,14800.0,True,15200.0,1150.0
"Jan 10, 2025",Jawa Barat,12,14650.0,True,15200.0,1150.0
"Jan 10, 2025",DKI Jakarta,13,15700.0,True,15200.0,1150.0
"Jan 10, 2025",Jawa Tengah,14,14550.0,True,15200.0,1150.0
"Jan 10, 2025",DI Yogyakarta,15,14150.0,True,15200.0,1150.0
"Jan 10, 2025",Jawa Timur,16,14050.0,True,15200.0,1150.0
"Jan 10, 2025",Bali,17,15150.0,True,15200.0,1150.0
"Jan 10, 2025",Nusa Tenggara Barat,18,13850.0,True,15200.0,1150.0
"Jan 10, 2025",Nusa Tenggara Timur,19,15450.0,True,15200.0,1150.0
"Jan 10, 2025",Kalimantan Barat,20,16500.0,True,15200.0,1150.0
"Jan 10, 2025",Kalimantan Selatan,21,17350.0,True,15200.0,1150.0
"Jan 10, 2025",Kalimantan Tengah,22,17600.0,True,15200.0,1150.0
"Jan 10, 2025",Kalimantan Timur,23,15950.0,True,15200.0,1150.0
"Jan 10, 2025",Kalimantan Utara,24,16600.0,True,15200.0,1150.0
"Jan 10, 2025",Gorontalo,25,14550.0,True,15200.0,1150.0
"Jan 10, 2025",Sulawesi Selatan,26,13400.0,True,15200.0,1150.0
"Jan 10, 2025",Sulawesi Tenggara,27,14800.0,True,15200.0,1150.0
"Jan 10, 2025",Sulawesi Tengah,28,14350.0,True,15200.0,1150.0
"Jan 10, 2025",Sulawesi Utara,29,14050.0,True,15200.0,1150.0
"Jan 10, 2025",Sulawesi Barat,30,13250.0,True,15200.0,1150.0
"Jan 10, 2025",Maluku,31,16100.0,True,15200.0,1150.0
"Jan 10, 2025",Maluku Utara,32,16700.0,True,15200.0,1150.0
"Jan 10, 2025",Papua,33,16750.0,True,15200.0,1150.0
"Jan 10, 2025",Papua Barat,34,16400.0,True,15200.0,1150.0
"Jan 11, 2025",Aceh,1,13750.0,True,15200.0,1150.0
"Jan 11, 2025",Sumatera Utara,2,13750.0,True,15200.0,1150.0
"Jan 11, 2025",Sumatera Barat,3,17250.0,True,15200.0,1150.0
"Jan 11, 2025",Riau,4,15900.0,True,15200.0,1150.0
"Jan 11, 2025",Kepulauan Riau,5,15250.0,True,15200.0,1150.0
"Jan 11, 2025",Jambi,6,15050.0,True,15200.0,1150.0
"Jan 11, 2025",Bengkulu,7,15150.0,True,15200.0,1150.0
"Jan 11, 2025",Sumatera Selatan,8,14950.0,True,15200.0,1150.0
"Jan 11, 2025",Kepulauan Bangka Belitung,9,15000.0,True,15200.0,1150.0
"Jan 11, 2025",Lampung,10,14550.0,True,15200.0,1150.0
"Jan 11, 2025",Banten,11,14800.0,True,15200.0,1150.0
"Jan 11, 2025",Jawa Barat,12,14650.0,True,15200.0,1150.0
"Jan 11, 2025",DKI Jakarta,13,15700.0,True,15200.0,1150.0
"Jan 11, 2025",Jawa Tengah,14,14550.0,True,15200.0,1150.0
"Jan 11, 2025",DI Yogyakarta,15,14150.0,True,15200.0,1150.0
"Jan 11, 2025",Jawa Timur,16,14050.0,True,15200.0,1150.0
"Jan 11, 2025",Bali,17,15150.0,True,15200.0,1150.0
"Jan 11, 2025",Nusa Tenggara Barat,18,13850.0,True,15200.0,1150.0
"Jan 11, 2025",Nusa Tenggara Timur,19,15450.0,True,15200.0,1150.0
"Jan 11, 2025",Kalimantan Barat,20,16500.0,True,15200.0,1150.0
"Jan 11, 2025",Kalimantan Selatan,21,17350.0,True,15200.0,1150.0
"Jan 11, 2025",Kalimantan Tengah,22,17600.0,True,15200.0,1150.0
"Jan 11, 2025",Kalimantan Timur,23,15950.0,True,15200.0,1150.0
"Jan 11, 2025",Kalimantan Utara,24,16600.0,True,15200.0,1150.0
"Jan 11, 2025",Gorontalo,25,14550.0,True,15200.0,1150.0
"Jan 11, 2025",Sulawesi Selatan,26,13400.0,True,15200.0,1150.0
"Jan 11, 2025",Sulawesi Tenggara,27,14800.0,True,15200.0,1150.0
"Jan 11, 2025",Sulawesi Tengah,28,14350.0,True,15200.0,1150.0
"Jan 11, 2025",Sulawesi Utara,29,14050.0,True,15200.0,1150.0
"Jan 11, 2025",Sulawesi Barat,30,13250.0,True,15200.0,1150.0
"Jan 11, 2025",Maluku,31,16100.0,True,15200.0,1150.0
"Jan 11, 2025",Maluku Utara,32,16700.0,True,15200.0,1150.0
"Jan 11, 2025",Papua,33,16750.0,True,15200.0,1150.0
"Jan 11, 2025",Papua Barat,34,16400.0,True,15200.0,1150.0
"Jan 12, 2025",Aceh,1,13750.0,True,15200.0,1150.0
"Jan 12, 2025",Sumatera Utara,2,13750.0,True,15200.0,1150.0
"Jan 12, 2025",Sumatera Barat,3,17250.0,True,15200.0,1150.0
"Jan 12, 2025",Riau,4,15900.0,True,15200.0,1150.0
"Jan 12, 2025",Kepulauan Riau,5,15250.0,True,15200.0,1150.0
"Jan 12, 2025",Jambi,6,15050.0,True,15200.0,1150.0
"Jan 12, 2025",Bengkulu,7,15150.0,True,15200.0,1150.0
"Jan 12, 2025",Sumatera Selatan,8,14950.0,True,15200.0,1150.0
"Jan 12, 2025",Kepulauan Bangka Belitung,9,15000.0,True,15200.0,1150.0
"Jan 12, 2025",Lampung,10,14550.0,True,15200.0,1150.0
"Jan 12, 2025",Banten,11,14800.0,True,15200.0,1150.0
"Jan 12, 2025",Jawa Barat,12,14650.0,True,15200.0,1150.0
"Jan 12, 2025",DKI Jakarta,13,15700.0,True,15200.0,1150.0
"Jan 12, 2025",Jawa Tengah,14,14550.0,True,15200.0,1150.0
"Jan 12, 2025",DI Yogyakarta,15,14150.0,True,15200.0,1150.0
"Jan 12, 2025",Jawa Timur,16,14050.0,True,15200.0,1150.0
"Jan 12, 2025",Bali,17,15150.0,True,15200.0,1150.0
"Jan 12, 2025",Nusa Tenggara Barat,18,13850.0,True,15200.0,1150.0
"Jan 12, 2025",Nusa Tenggara Timur,19,15450.0,True,15200.0,1150.0
"Jan 12, 2025",Kalimantan Barat,20,16500.0,True,15200.0,1150.0
"Jan 12, 2025",Kalimantan Selatan,21,17350.0,True,15200.0,1150.0
"Jan 12, 2025",Kalimantan Tengah,22,17600.0,True,15200.0,1150.0
"Jan 12, 2025",Kalimantan Timur,23,15950.0,True,15200.0,1150.0
"Jan 12, 2025",Kalimantan Utara,24,16600.0,True,15200.0,1150.0
"Jan 12, 2025",Gorontalo,25,14550.0,True,15200.0,1150.0
"Jan 12, 2025",Sulawesi Selatan,26,13400.0,True,15200.0,1150.0
"Jan 12, 2025",Sulawesi Tenggara,27,14800.0,True,15200.0,1150.0
"Jan 12, 2025",Sulawesi Tengah,28,14350.0,True,15200.0,1150.0
"Jan 12, 2025",Sulawesi Utara,29,14050.0,True,15200.0,1150.0
"Jan 12, 2025",Sulawesi Barat,30,13250.0,True,15200.0,1150.0
"Jan 12, 2025",Maluku,31,16100.0,True,15200.0,1150.0
"Jan 12, 2025",Maluku Utara,32,16700.0,True,15200.0,1150.0
"Jan 12, 2025",Papua,33,16750.0,True,15200.0,1150.0
"Jan 12, 2025",Papua Barat,34,16400.0,True,15200.0,1150.0
"Jan 13, 2025",Aceh,1,13750.0,True,15200.0,1150.0
"Jan 13, 2025",Sumatera Utara,2,13750.0,True,15200.0,1150.0
"Jan 13, 2025",Sumatera Barat,3,17250.0,True,15200.0,1150.0
"Jan 13, 2025",Riau,4,15900.0,True,15200.0,1150.0
"Jan 13, 2025",Kepulauan Riau,5,15250.0,True,15200.0,1150.0
"Jan 13, 2025",Jambi,6,15050.0,True,15200.0,1150.0
"Jan 13, 2025",Bengkulu,7,15150.0,True,15200.0,1150.0
"Jan 13, 2025",Sumatera Selatan,8,14950.0,True,15200.0,1150.0
"Jan 13, 2025",Kepulauan Bangka Belitung,9,15000.0,True,15200.0,1150.0
"Jan 13, 2025",Lampung,10,14550.0,True,15200.0,1150.0
"Jan 13, 2025",Banten,11,14800.0,True,15200.0,1150.0
"Jan 13, 2025",Jawa Barat,12,14650.0,True,15200.0,1150.0
"Jan 13, 2025",DKI Jakarta,13,15700.0,True,15200.0,1150.0
"Jan 13, 2025",Jawa Tengah,14,14550.0,True,15200.0,1150.0
"Jan 13, 2025",DI Yogyakarta,15,14150.0,True,15200.0,1150.0
"Jan 13, 2025",Jawa Timur,16,14050.0,True,15200.0,1150.0
"Jan 13, 2025",Bali,17,15150.0,True,15200.0,1150.0
"Jan 13, 2025",Nusa Tenggara Barat,18,13900.0,True,15200.0,1150.0
"Jan 13, 2025",Nusa Tenggara Timur,19,15450.0,True,15200.0,1150.0
"Jan 13, 2025",Kalimantan Barat,20,16500.0,True,15200.0,1150.0
"Jan 13, 2025",Kalimantan Selatan,21,17350.0,True,15200.0,1150.0
"Jan 13, 2025",Kalimantan Tengah,22,17600.0,True,15200.0,1150.0
"Jan 13, 2025",Kalimantan Timur,23,15950.0,True,15200.0,1150.0
"Jan 13, 2025",Kalimantan Utara,24,16600.0,True,15200.0,1150.0
"Jan 13, 2025",Gorontalo,25,14550.0,True,15200.0,1150.0
"Jan 13, 2025",Sulawesi Selatan,26,13400.0,True,15200.0,1150.0
"Jan 13, 2025",Sulawesi Tenggara,27,14800.0,True,15200.0,1150.0
"Jan 13, 2025",Sulawesi Tengah,28,14500.0,True,15200.0,1150.0
"Jan 13, 2025",Sulawesi Utara,29,14050.0,True,15200.0,1150.0
"Jan 13, 2025",Sulawesi Barat,30,13300.0,True,15200.0,1150.0
"Jan 13, 2025",Maluku,31,16100.0,True,15200.0,1150.0
"Jan 13, 2025",Maluku Utara,32,16700.0,True,15200.0,1150.0
"Jan 13, 2025",Papua,33,16750.0,True,15200.0,1150.0
"Jan 13, 2025",Papua Barat,34,16350.0,True,15200.0,1150.0
"Jan 14, 2025",Aceh,1,13750.0,True,15200.0,1150.0
"Jan 14, 2025",Sumatera Utara,2,13750.0,True,15200.0,1150.0
"Jan 14, 2025",Sumatera Barat,3,17250.0,True,15200.0,1150.0
"Jan 14, 2025",Riau,4,15900.0,True,15200.0,1150.0
"Jan 14, 2025",Kepulauan Riau,5,15250.0,True,15200.0,1150.0
"Jan 14, 2025",Jambi,6,15050.0,True,15200.0,1150.0
"Jan 14, 2025",Bengkulu,7,15150.0,True,15200.0,1150.0
"Jan 14, 2025",Sumatera Selatan,8,14950.0,True,15200.0,1150.0
"Jan 14, 2025",Kepulauan Bangka Belitung,9,15000.0,True,15200.0,1150.0
"Jan 14, 2025",Lampung,10,14550.0,True,15200.0,1150.0
"Jan 14, 2025",Banten,11,14800.0,True,15200.0,1150.0
"Jan 14, 2025",Jawa Barat,12,14650.0,True,15200.0,1150.0
"Jan 14, 2025",DKI Jakarta,13,15700.0,True,15200.0,1150.0
"Jan 14, 2025",Jawa Tengah,14,14500.0,True,15200.0,1150.0
"Jan 14, 2025",DI Yogyakarta,15,14150.0,True,15200.0,1150.0
"Jan 14, 2025",Jawa Timur,16,14100.0,True,15200.0,1150.0
"Jan 14, 2025",Bali,17,15150.0,True,15200.0,1150.0
"Jan 14, 2025",Nusa Tenggara Barat,18,13900.0,True,15200.0,1150.0
"Jan 14, 2025",Nusa Tenggara Timur,19,15450.0,True,15200.0,1150.0
"Jan 14, 2025",Kalimantan Barat,20,16500.0,True,15200.0,1150.0
"Jan 14, 2025",Kalimantan Selatan,21,17350.0,True,15200.0,1150.0
"Jan 14, 2025",Kalimantan Tengah,22,17600.0,True,15200.0,1150.0
"Jan 14, 2025",Kalimantan Timur,23,15950.0,True,15200.0,1150.0
"Jan 14, 2025",Kalimantan Utara,24,16600.0,True,15200.0,1150.0
"Jan 14, 2025",Gorontalo,25,14550.0,True,15200.0,1150.0
"Jan 14, 2025",Sulawesi Selatan,26,13400.0,True,15200.0,1150.0
"Jan 14, 2025",Sulawesi Tenggara,27,14800.0,True,15200.0,1150.0
"Jan 14, 2025",Sulawesi Tengah,28,14500.0,True,15200.0,1150.0
"Jan 14, 2025",Sulawesi Utara,29,14050.0,True,15200.0,1150.0
"Jan 14, 2025",Sulawesi Barat,30,13300.0,True,15200.0,1150.0
"Jan 14, 2025",Maluku,31,16100.0,True,15200.0,1150.0
"Jan 14, 2025",Maluku Utara,32,16700.0,True,15200.0,1150.0
"Jan 14, 2025",Papua,33,16750.0,True,15200.0,1150.0
"Jan 14, 2025",Papua Barat,34,16350.0,True,15200.0,1150.0
"Jan 15, 2025",Aceh,1,13750.0,True,15250.0,1150.0
"Jan 15, 2025",Sumatera Utara,2,13750.0,True,15250.0,1150.0
"Jan 15, 2025",Sumatera Barat,3,17250.0,True,15250.0,1150.0
"Jan 15, 2025",Riau,4,15900.0,True,15250.0,1150.0
"Jan 15, 2025",Kepulauan Riau,5,15250.0,True,15250.0,1150.0
"Jan 15, 2025",Jambi,6,15050.0,True,15250.0,1150.0
"Jan 15, 2025",Bengkulu,7,15150.0,True,15250.0,1150.0
"Jan 15, 2025",Sumatera Selatan,8,14950.0,True,15250.0,1150.0
"Jan 15, 2025",Kepulauan Bangka Belitung,9,15000.0,True,15250.0,1150.0
"Jan 15, 2025",Lampung,10,14550.0,True,15250.0,1150.0
"Jan 15, 2025",Banten,11,14800.0,True,15250.0,1150.0
"Jan 15, 2025",Jawa Barat,12,14650.0,True,15250.0,1150.0
"Jan 15, 2025",DKI Jakarta,13,15700.0,True,15250.0,1150.0
"Jan 15, 2025",Jawa Tengah,14,14550.0,True,15250.0,1150.0
"Jan 15, 2025",DI Yogyakarta,15,14150.0,True,15250.0,1150.0
"Jan 15, 2025",Jawa Timur,16,14100.0,True,15250.0,1150.0
"Jan 15, 2025",Bali,17,15150.0,True,15250.0,1150.0
"Jan 15, 2025",Nusa Tenggara Barat,18,13900.0,True,15250.0,1150.0
"Jan 15, 2025",Nusa Tenggara Timur,19,15450.0,True,15250.0,1150.0
"Jan 15, 2025",Kalimantan Barat,20,16750.0,True,15250.0,1150.0
"Jan 15, 2025",Kalimantan Selatan,21,17350.0,True,15250.0,1150.0
"Jan 15, 2025",Kalimantan Tengah,22,17600.0,True,15250.0,1150.0
"Jan 15, 2025",Kalimantan Timur,23,15950.0,True,15250.0,1150.0
"Jan 15, 2025",Kalimantan Utara,24,16550.0,True,15250.0,1150.0
"Jan 15, 2025",Gorontalo,25,14550.0,True,15250.0,1150.0
"Jan 15, 2025",Sulawesi Selatan,26,13400.0,True,15250.0,1150.0
"Jan 15, 2025",Sulawesi Tenggara,27,14850.0,True,15250.0,1150.0
"Jan 15, 2025",Sulawesi Tengah,28,14500.0,True,15250.0,1150.0
"Jan 15, 2025",Sulawesi Utara,29,14050.0,True,15250.0,1150.0
"Jan 15, 2025",Sulawesi Barat,30,13300.0,True,15250.0,1150.0
"Jan 15, 2025",Maluku,31,16100.0,True,15250.0,1150.0
"Jan 15, 2025",Maluku Utara,32,16700.0,True,15250.0,1150.0
"Jan 15, 2025",Papua,33,16750.0,True,15250.0,1150.0
"Jan 15, 2025",Papua Barat,34,16350.0,True,15250.0,1150.0
"Jan 16, 2025",Aceh,1,13750.0,True,15250.0,1150.0
"Jan 16, 2025",Sumatera Utara,2,13850.0,True,15250.0,1150.0
"Jan 16, 2025",Sumatera Barat,3,17250.0,True,15250.0,1150.0
"Jan 16, 2025",Riau,4,15900.0,True,15250.0,1150.0
"Jan 16, 2025",Kepulauan Riau,5,15250.0,True,15250.0,1150.0
"Jan 16, 2025",Jambi,6,15050.0,True,15250.0,1150.0
"Jan 16, 2025",Bengkulu,7,15150.0,True,15250.0,1150.0
"Jan 16, 2025",Sumatera Selatan,8,14950.0,True,15250.0,1150.0
"Jan 16, 2025",Kepulauan Bangka Belitung,9,15000.0,True,15250.0,1150.0
"Jan 16, 2025",Lampung,10,14550.0,True,15250.0,1150.0
"Jan 16, 2025",Banten,11,14800.0,True,15250.0,1150.0
"Jan 16, 2025",Jawa Barat,12,14650.0,True,15250.0,1150.0
"Jan 16, 2025",DKI Jakarta,13,15700.0,True,15250.0,1150.0
"Jan 16, 2025",Jawa Tengah,14,14550.0,True,15250.0,1150.0
"Jan 16, 2025",DI Yogyakarta,15,14150.0,True,15250.0,1150.0
"Jan 16, 2025",Jawa Timur,16,14100.0,True,15250.0,1150.0
"Jan 16, 2025",Bali,17,15150.0,True,15250.0,1150.0
"Jan 16, 2025",Nusa Tenggara Barat,18,13900.0,True,15250.0,1150.0
"Jan 16, 2025",Nusa Tenggara Timur,19,15450.0,True,15250.0,1150.0
"Jan 16, 2025",Kalimantan Barat,20,16750.0,True,15250.0,1150.0
"Jan 16, 2025",Kalimantan Selatan,21,17350.0,True,15250.0,1150.0
"Jan 16, 2025",Kalimantan Tengah,22,17600.0,True,15250.0,1150.0
"Jan 16, 2025",Kalimantan Timur,23,15950.0,True,15250.0,1150.0
"Jan 16, 2025",Kalimantan Utara,24,16550.0,True,15250.0,1150.0
"Jan 16, 2025",Gorontalo,25,14550.0,True,15250.0,1150.0
"Jan 16, 2025",Sulawesi Selatan,26,13400.0,True,15250.0,1150.0
"Jan 16, 2025",Sulawesi Tenggara,27,14850.0,True,15250.0,1150.0
"Jan 16, 2025",Sulawesi Tengah,28,14500.0,True,15250.0,1150.0
"Jan 16, 2025",Sulawesi Utara,29,14050.0,True,15250.0,1150.0
"Jan 16, 2025",Sulawesi Barat,30,13300.0,True,15250.0,1150.0
"Jan 16, 2025",Maluku,31,16100.0,True,15250.0,1150.0
"Jan 16, 2025",Maluku Utara,32,16700.0,True,15250.0,1150.0
"Jan 16, 2025",Papua,33,16800.0,True,15250.0,1150.0
"Jan 16, 2025",Papua Barat,34,16400.0,True,15250.0,1150.0
"Jan 17, 2025",Aceh,1,13750.0,True,15250.0,1150.0
"Jan 17, 2025",Sumatera Utara,2,13750.0,True,15250.0,1150.0
"Jan 17, 2025",Sumatera Barat,3,17250.0,True,15250.0,1150.0
"Jan 17, 2025",Riau,4,15900.0,True,15250.0,1150.0
"Jan 17, 2025",Kepulauan Riau,5,15250.0,True,15250.0,1150.0
"Jan 17, 2025",Jambi,6,15050.0,True,15250.0,1150.0
"Jan 17, 2025",Bengkulu,7,15150.0,True,15250.0,1150.0
"Jan 17, 2025",Sumatera Selatan,8,14950.0,True,15250.0,1150.0
"Jan 17, 2025",Kepulauan Bangka Belitung,9,15000.0,True,15250.0,1150.0
"Jan 17, 2025",Lampung,10,14550.0,True,15250.0,1150.0
"Jan 17, 2025",Banten,11,15150.0,True,15250.0,1150.0
"Jan 17, 2025",Jawa Barat,12,14650.0,True,15250.0,1150.0
"Jan 17, 2025",DKI Jakarta,13,15700.0,True,15250.0,1150.0
"Jan 17, 2025",Jawa Tengah,14,14550.0,True,15250.0,1150.0
"Jan 17, 2025",DI Yogyakarta,15,14150.0,True,15250.0,1150.0
"Jan 17, 2025",Jawa Timur,16,14100.0,True,15250.0,1150.0
"Jan 17, 2025",Bali,17,15150.0,True,15250.0,1150.0
"Jan 17, 2025",Nusa Tenggara Barat,18,13900.0,True,15250.0,1150.0
"Jan 17, 2025",Nusa Tenggara Timur,19,15450.0,True,15250.0,1150.0
"Jan 17, 2025",Kalimantan Barat,20,16500.0,True,15250.0,1150.0
"Jan 17, 2025",Kalimantan Selatan,21,17350.0,True,15250.0,1150.0
"Jan 17, 2025",Kalimantan Tengah,22,17600.0,True,15250.0,1150.0
"Jan 17, 2025",Kalimantan Timur,23,15950.0,True,15250.0,1150.0
"Jan 17, 2025",Kalimantan Utara,24,16550.0,True,15250.0,1150.0
"Jan 17, 2025",Gorontalo,25,14550.0,True,15250.0,1150.0
"Jan 17, 2025",Sulawesi Selatan,26,13400.0,True,15250.0,1150.0
"Jan 17, 2025",Sulawesi Tenggara,27,14850.0,True,15250.0,1150.0
"Jan 17, 2025",Sulawesi Tengah,28,14500.0,True,15250.0,1150.0
"Jan 17, 2025",Sulawesi Utara,29,14050.0,True,15250.0,1150.0
"Jan 17, 2025",Sulawesi Barat,30,13300.0,True,15250.0,1150.0
"Jan 17, 2025",Maluku,31,16100.0,True,15250.0,1150.0
"Jan 17, 2025",Maluku Utara,32,16700.0,True,15250.0,1150.0
"Jan 17, 2025",Papua,33,16750.0,True,15250.0,1150.0
"Jan 17, 2025",Papua Barat,34,16400.0,True,15250.0,1150.0
"Jan 18, 2025",Aceh,1,0.0,False,,0.0
"Jan 18, 2025",Sumatera Utara,2,0.0,False,,0.0
"Jan 18, 2025",Sumatera Barat,3,0.0,False,,0.0
"Jan 18, 2025",Riau,4,0.0,False,,0.0
"Jan 18, 2025",Kepulauan Riau,5,0.0,False,,0.0
"Jan 18, 2025",Jambi,6,0.0,False,,0.0
"Jan 18, 2025",Bengkulu,7,0.0,False,,0.0
"Jan 18, 2025",Sumatera Selatan,8,0.0,False,,0.0
"Jan 18, 2025",Kepulauan Bangka Belitung,9,0.0,False,,0.0
"Jan 18, 2025",Lampung,10,0.0,False,,0.0
"Jan 18, 2025",Banten,11,0.0,False,,0.0
"Jan 18, 2025",Jawa Barat,12,0.0,False,,0.0
"Jan 18, 2025",DKI Jakarta,13,0.0,False,,0.0
"Jan 18, 2025",Jawa Tengah,14,0.0,False,,0.0
"Jan 18, 2025",DI Yogyakarta,15,0.0,False,,0.0
"Jan 18, 2025",Jawa Timur,16,0.0,False,,0.0
"Jan 18, 2025",Bali,17,0.0,False,,0.0
"Jan 18, 2025",Nusa Tenggara Barat,18,0.0,False,,0.0
"Jan 18, 2025",Nusa Tenggara Timur,19,0.0,False,,0.0
"Jan 18, 2025",Kalimantan Barat,20,0.0,False,,0.0
"Jan 18, 2025",Kalimantan Selatan,21,0.0,False,,0.0
"Jan 18, 2025",Kalimantan Tengah,22,0.0,False,,0.0
"Jan 18, 2025",Kalimantan Timur,23,0.0,False,,0.0
"Jan 18, 2025",Kalimantan Utara,24,0.0,False,,0.0
"Jan 18, 2025",Gorontalo,25,0.0,False,,0.0
"Jan 18, 2025",Sulawesi Selatan,26,0.0,False,,0.0
"Jan 18, 2025",Sulawesi Tenggara,27,0.0,False,,0.0
"Jan 18, 2025",Sulawesi Tengah,28,0.0,False,,0.0
"Jan 18, 2025",Sulawesi Utara,29,0.0,False,,0.0
"Jan 18, 2025",Sulawesi Barat,30,0.0,False,,0.0
"Jan 18, 2025",Maluku,31,0.0,False,,0.0
"Jan 18, 2025",Maluku Utara,32,0.0,False,,0.0
"Jan 18, 2025",Papua,33,0.0,False,,0.0
"Jan 18, 2025",Papua Barat,34,0.0,False,,0.0
"Jan 19, 2025",Aceh,1,0.0,False,,0.0
"Jan 19, 2025",Sumatera Utara,2,0.0,False,,0.0
"Jan 19, 2025",Sumatera Barat,3,0.0,False,,0.0
"Jan 19, 2025",Riau,4,0.0,False,,0.0
"Jan 19, 2025",Kepulauan Riau,5,0.0,False,,0.0
"Jan 19, 2025",Jambi,6,0.0,False,,0.0
"Jan 19, 2025",Bengkulu,7,0.0,False,,0.0
"Jan 19, 2025",Sumatera Selatan,8,0.0,False,,0.0
"Jan 19, 2025",Kepulauan Bangka Belitung,9,0.0,False,,0.0
"Jan 19, 2025",Lampung,10,0.0,False,,0.0
"Jan 19, 2025",Banten,11,0.0,False,,0.0
"Jan 19, 2025",Jawa Barat,12,0.0,False,,0.0
"Jan 19, 2025",DKI Jakarta,13,0.0,False,,0.0
"Jan 19, 2025",Jawa Tengah,14,0.0,False,,0.0
"Jan 19, 2025",DI Yogyakarta,15,0.0,False,,0.0
"Jan 19, 2025",Jawa Timur,16,0.0,False,,0.0
"Jan 19, 2025",Bali,17,0.0,False,,0.0
"Jan 19, 2025",Nusa Tenggara Barat,18,0.0,False,,0.0
"Jan 19, 2025",Nusa Tenggara Timur,19,0.0,False,,0.0
"Jan 19, 2025",Kalimantan Barat,20,0.0,False,,0.0
"Jan 19, 2025",Kalimantan Selatan,21,0.0,False,,0.0
"Jan 19, 2025",Kalimantan Tengah,22,0.0,False,,0.0
"Jan 19, 2025",Kalimantan Timur,23,0.0,False,,0.0
"Jan 19, 2025",Kalimantan Utara,24,0.0,False,,0.0
"Jan 19, 2025",Gorontalo,25,0.0,False,,0.0
"Jan 19, 2025",Sulawesi Selatan,26,0.0,False,,0.0
"Jan 19, 2025",Sulawesi Tenggara,27,0.0,False,,0.0
"Jan 19, 2025",Sulawesi Tengah,28,0.0,False,,0.0
"Jan 19, 2025",Sulawesi Utara,29,0.0,False,,0.0
"Jan 19, 2025",Sulawesi Barat,30,0.0,False,,0.0
"Jan 19, 2025",Maluku,31,0.0,False,,0.0
"Jan 19, 2025",Maluku Utara,32,0.0,False,,0.0
"Jan 19, 2025",Papua,33,0.0,False,,0.0
"Jan 19, 2025",Papua Barat,34,0.0,False,,0.0
"Jan 20, 2025",Aceh,1,13750.0,True,15250.0,1150.0
"Jan 20, 2025",Sumatera Utara,2,13750.0,True,15250.0,1150.0
"Jan 20, 2025",Sumatera Barat,3,17250.0,True,15250.0,1150.0
"Jan 20, 2025",Riau,4,15950.0,True,15250.0,1150.0
"Jan 20, 2025",Kepulauan Riau,5,15200.0,True,15250.0,1150.0
"Jan 20, 2025",Jambi,6,15050.0,True,15250.0,1150.0
"Jan 20, 2025",Bengkulu,7,15150.0,True,15250.0,1150.0
"Jan 20, 2025",Sumatera Selatan,8,14950.0,True,15250.0,1150.0
"Jan 20, 2025",Kepulauan Bangka Belitung,9,15050.0,True,15250.0,1150.0
"Jan 20, 2025",Lampung,10,14550.0,True,15250.0,1150.0
"Jan 20, 2025",Banten,11,15150.0,True,15250.0,1150.0
"Jan 20, 2025",Jawa Barat,12,14650.0,True,15250.0,1150.0
"Jan 20, 2025",DKI Jakarta,13,15700.0,True,15250.0,1150.0
"Jan 20, 2025",Jawa Tengah,14,14550.0,True,15250.0,1150.0
"Jan 20, 2025",DI Yogyakarta,15,14150.0,True,15250.0,1150.0
"Jan 20, 2025",Jawa Timur,16,14100.0,True,15250.0,1150.0
"Jan 20, 2025",Bali,17,15150.0,True,15250.0,1150.0
"Jan 20, 2025",Nusa Tenggara Barat,18,13950.0,True,15250.0,1150.0
"Jan 20, 2025",Nusa Tenggara Timur,19,15450.0,True,15250.0,1150.0
"Jan 20, 2025",Kalimantan Barat,20,16500.0,True,15250.0,1150.0
"Jan 20, 2025",Kalimantan Selatan,21,17350.0,True,15250.0,1150.0
"Jan 20, 2025",Kalimantan Tengah,22,17600.0,True,15250.0,1150.0
"Jan 20, 2025",Kalimantan Timur,23,15950.0,True,15250.0,1150.0
"Jan 20, 2025",Kalimantan Utara,24,16550.0,True,15250.0,1150.0
"Jan 20, 2025",Gorontalo,25,14550.0,True,15250.0,1150.0
"Jan 20, 2025",Sulawesi Selatan,26,13400.0,True,15250.0,1150.0
"Jan 20, 2025",Sulawesi Tenggara,27,14900.0,True,15250.0,1150.0
"Jan 20, 2025",Sulawesi Tengah,28,14550.0,True,15250.0,1150.0
"Jan 20, 2025",Sulawesi Utara,29,14050.0,True,15250.0,1150.0
"Jan 20, 2025",Sulawesi Barat,30,13300.0,True,15250.0,1150.0
"Jan 20, 2025",Maluku,31,16100.0,True,15250.0,1150.0
"Jan 20, 2025",Maluku Utara,32,16700.0,True,15250.0,1150.0
"Jan 20, 2025",Papua,33,16750.0,True,15250.0,1150.0
"Jan 20, 2025",Papua Barat,34,16400.0,True,15250.0,1150.0
"Jan 21, 2025",Aceh,1,13750.0,True,15250.0,1150.0
"Jan 21, 2025",Sumatera Utara,2,13800.0,True,15250.0,1150.0
"Jan 21, 2025",Sumatera Barat,3,17250.0,True,15250.0,1150.0
"Jan 21, 2025",Riau,4,15950.0,True,15250.0,1150.0
"Jan 21, 2025",Kepulauan Riau,5,15200.0,True,15250.0,1150.0
"Jan 21, 2025",Jambi,6,15050.0,True,15250.0,1150.0
"Jan 21, 2025",Bengkulu,7,15150.0,True,15250.0,1150.0
"Jan 21, 2025",Sumatera Selatan,8,14950.0,True,15250.0,1150.0
"Jan 21, 2025",Kepulauan Bangka Belitung,9,15050.0,True,15250.0,1150.0
"Jan 21, 2025",Lampung,10,14500.0,True,15250.0,1150.0
"Jan 21, 2025",Banten,11,15150.0,True,15250.0,1150.0
"Jan 21, 2025",Jawa Barat,12,14600.0,True,15250.0,1150.0
"Jan 21, 2025",DKI Jakarta,13,15700.0,True,15250.0,1150.0
"Jan 21, 2025",Jawa Tengah,14,14550.0,True,15250.0,1150.0
"Jan 21, 2025",DI Yogyakarta,15,14150.0,True,15250.0,1150.0
"Jan 21, 2025",Jawa Timur,16,14100.0,True,15250.0,1150.0
"Jan 21, 2025",Bali,17,15150.0,True,15250.0,1150.0
"Jan 21, 2025",Nusa Tenggara Barat,18,13950.0,True,15250.0,1150.0
"Jan 21, 2025",Nusa Tenggara Timur,19,15350.0,True,15250.0,1150.0
"Jan 21, 2025",Kalimantan Barat,20,16500.0,True,15250.0,1150.0
"Jan 21, 2025",Kalimantan Selatan,21,17350.0,True,15250.0,1150.0
"Jan 21, 2025",Kalimantan Tengah,22,17600.0,True,15250.0,1150.0
"Jan 21, 2025",Kalimantan Timur,23,15950.0,True,15250.0,1150.0
"Jan 21, 2025",Kalimantan Utara,24,16550.0,True,15250.0,1150.0
"Jan 21, 2025",Gorontalo,25,14550.0,True,15250.0,1150.0
"Jan 21, 2025",Sulawesi Selatan,26,13400.0,True,15250.0,1150.0
"Jan 21, 2025",Sulawesi Tenggara,27,14900.0,True,15250.0,1150.0
"Jan 21, 2025",Sulawesi Tengah,28,14550.0,True,15250.0,1150.0
"Jan 21, 2025",Sulawesi Utara,29,14050.0,True,15250.0,1150.0
"Jan 21, 2025",Sulawesi Barat,30,13300.0,True,15250.0,1150.0
"Jan 21, 2025",Maluku,31,16100.0,True,15250.0,1150.0
"Jan 21, 2025",Maluku Utara,32,16700.0,True,15250.0,1150.0
"Jan 21, 2025",Papua,33,16750.0,True,15250.0,1150.0
"Jan 21, 2025",Papua Barat,34,16400.0,True,15250.0,1150.0
"Jan 22, 2025",Aceh,1,13750.0,True,15250.0,1150.0
"Jan 22, 2025",Sumatera Utara,2,13800.0,True,15250.0,1150.0
"Jan 22, 2025",Sumatera Barat,3,17150.0,True,15250.0,1150.0
"Jan 22, 2025",Riau,4,15950.0,True,15250.0,1150.0
"Jan 22, 2025",Kepulauan Riau,5,15200.0,True,15250.0,1150.0
"Jan 22, 2025",Jambi,6,15050.0,True,15250.0,1150.0
"Jan 22, 2025",Bengkulu,7,15150.0,True,15250.0,1150.0
"Jan 22, 2025",Sumatera Selatan,8,14950.0,True,15250.0,1150.0
"Jan 22, 2025",Kepulauan Bangka Belitung,9,15050.0,True,15250.0,1150.0
"Jan 22, 2025",Lampung,10,14500.0,True,15250.0,1150.0
"Jan 22, 2025",Banten,11,15150.0,True,15250.0,1150.0
"Jan 22, 2025",Jawa Barat,12,14600.0,True,15250.0,1150.0
"Jan 22, 2025",DKI Jakarta,13,15700.0,True,15250.0,1150.0
"Jan 22, 2025",Jawa Tengah,14,14550.0,True,15250.0,1150.0
"Jan 22, 2025",DI Yogyakarta,15,14150.0,True,15250.0,1150.0
"Jan 22, 2025",Jawa Timur,16,14100.0,True,15250.0,1150.0
"Jan 22, 2025",Bali,17,15150.0,True,15250.0,1150.0
"Jan 22, 2025",Nusa Tenggara Barat,18,13950.0,True,15250.0,1150.0
"Jan 22, 2025",Nusa Tenggara Timur,19,15350.0,True,15250.0,1150.0
"Jan 22, 2025",Kalimantan Barat,20,16500.0,True,15250.0,1150.0
"Jan 22, 2025",Kalimantan Selatan,21,17350.0,True,15250.0,1150.0
"Jan 22, 2025",Kalimantan Tengah,22,17550.0,True,15250.0,1150.0
"Jan 22, 2025",Kalimantan Timur,23,15900.0,True,15250.0,1150.0
"Jan 22, 2025",Kalimantan Utara,24,16550.0,True,15250.0,1150.0
"Jan 22, 2025",Gorontalo,25,14550.0,True,15250.0,1150.0
"Jan 22, 2025",Sulawesi Selatan,26,13400.0,True,15250.0,1150.0
"Jan 22, 2025",Sulawesi Tenggara,27,14900.0,True,15250.0,1150.0
"Jan 22, 2025",Sulawesi Tengah,28,14550.0,True,15250.0,1150.0
"Jan 22, 2025",Sulawesi Utara,29,14050.0,True,15250.0,1150.0
"Jan 22, 2025",Sulawesi Barat,30,13300.0,True,15250.0,1150.0
"Jan 22, 2025",Maluku,31,16100.0,True,15250.0,1150.0
"Jan 22, 2025",Maluku Utara,32,16700.0,True,15250.0,1150.0
"Jan 22, 2025",Papua,33,16750.0,True,15250.0,1150.0
"Jan 22, 2025",Papua Barat,34,16400.0,True,15250.0,1150.0
"Jan 23, 2025",Aceh,1,13750.0,True,15250.0,1150.0
"Jan 23, 2025",Sumatera Utara,2,13800.0,True,15250.0,1150.0
"Jan 23, 2025",Sumatera Barat,3,17150.0,True,15250.0,1150.0
"Jan 23, 2025",Riau,4,15950.0,True,15250.0,1150.0
"Jan 23, 2025",Kepulauan Riau,5,15200.0,True,15250.0,1150.0
"Jan 23, 2025",Jambi,6,15050.0,True,15250.0,1150.0
"Jan 23, 2025",Bengkulu,7,15150.0,True,15250.0,1150.0
"Jan 23, 2025",Sumatera Selatan,8,14950.0,True,15250.0,1150.0
"Jan 23, 2025",Kepulauan Bangka Belitung,9,15050.0,True,15250.0,1150.0
"Jan 23, 2025",Lampung,10,14500.0,True,15250.0,1150.0
"Jan 23, 2025",Banten,11,15150.0,True,15250.0,1150.0
"Jan 23, 2025",Jawa Barat,12,14600.0,True,15250.0,1150.0
"Jan 23, 2025",DKI Jakarta,13,15700.0,True,15250.0,1150.0
"Jan 23, 2025",Jawa Tengah,14,14550.0,True,15250.0,1150.0
"Jan 23, 2025",DI Yogyakarta,15,14150.0,True,15250.0,1150.0
"Jan 23, 2025",Jawa Timur,16,14150.0,True,15250.0,1150.0
"Jan 23, 2025",Bali,17,15150.0,True,15250.0,1150.0
"Jan 23, 2025",Nusa Tenggara Barat,18,13950.0,True,15250.0,1150.0
"Jan 23, 2025",Nusa Tenggara Timur,19,15350.0,True,15250.0,1150.0
"Jan 23, 2025",Kalimantan Barat,20,16500.0,True,15250.0,1150.0
"Jan 23, 2025",Kalimantan Selatan,21,17350.0,True,15250.0,1150.0
"Jan 23, 2025",Kalimantan Tengah,22,17550.0,True,15250.0,1150.0
"Jan 23, 2025",Kalimantan Timur,23,15900.0,True,15250.0,1150.0
"Jan 23, 2025",Kalimantan Utara,24,16550.0,True,15250.0,1150.0
"Jan 23, 2025",Gorontalo,25,14550.0,True,15250.0,1150.0
"Jan 23, 2025",Sulawesi Selatan,26,13400.0,True,15250.0,1150.0
"Jan 23, 2025",Sulawesi Tenggara,27,14900.0,True,15250.0,1150.0
"Jan 23, 2025",Sulawesi Tengah,28,14550.0,True,15250.0,1150.0
"Jan 23, 2025",Sulawesi Utara,29,14050.0,True,15250.0,1150.0
"Jan 23, 2025",Sulawesi Barat,30,13350.0,True,15250.0,1150.0
"Jan 23, 2025",Maluku,31,16100.0,True,15250.0,1150.0
"Jan 23, 2025",Maluku Utara,32,16700.0,True,15250.0,1150.0
"Jan 23, 2025",Papua,33,16750.0,True,15250.0,1150.0
"Jan 23, 2025",Papua Barat,34,16400.0,True,15250.0,1150.0
"Jan 24, 2025",Aceh,1,13750.0,True,15250.0,1150.0
"Jan 24, 2025",Sumatera Utara,2,13800.0,True,15250.0,1150.0
"Jan 24, 2025",Sumatera Barat,3,17150.0,True,15250.0,1150.0
"Jan 24, 2025",Riau,4,15950.0,True,15250.0,1150.0
"Jan 24, 2025",Kepulauan Riau,5,15200.0,True,15250.0,1150.0
"Jan 24, 2025",Jambi,6,15050.0,True,15250.0,1150.0
"Jan 24, 2025",Bengkulu,7,15150.0,True,15250.0,1150.0
"Jan 24, 2025",Sumatera Selatan,8,14950.0,True,15250.0,1150.0
"Jan 24, 2025",Kepulauan Bangka Belitung,9,15050.0,True,15250.0,1150.0
"Jan 24, 2025",Lampung,10,14500.0,True,15250.0,1150.0
"Jan 24, 2025",Banten,11,15150.0,True,15250.0,1150.0
"Jan 24, 2025",Jawa Barat,12,14600.0,True,15250.0,1150.0
"Jan 24, 2025",DKI Jakarta,13,15700.0,True,15250.0,1150.0
"Jan 24, 2025",Jawa Tengah,14,14550.0,True,15250.0,1150.0
"Jan 24, 2025",DI Yogyakarta,15,14150.0,True,15250.0,1150.0
"Jan 24, 2025",Jawa Timur,16,14150.0,True,15250.0,1150.0
"Jan 24, 2025",Bali,17,15150.0,True,15250.0,1150.0
"Jan 24, 2025",Nusa Tenggara Barat,18,13950.0,True,15250.0,1150.0
"Jan 24, 2025",Nusa Tenggara Timur,19,15350.0,True,15250.0,1150.0
"Jan 24, 2025",Kalimantan Barat,20,16500.0,True,15250.0,1150.0
"Jan 24, 2025",Kalimantan Selatan,21,17350.0,True,15250.0,1150.0
"Jan 24, 2025",Kalimantan Tengah,22,17550.0,True,15250.0,1150.0
"Jan 24, 2025",Kalimantan Timur,23,15900.0,True,15250.0,1150.0
"Jan 24, 2025",Kalimantan Utara,24,16550.0,True,15250.0,1150.0
"Jan 24, 2025",Gorontalo,25,14550.0,True,15250.0,1150.0
"Jan 24, 2025",Sulawesi Selatan,26,13400.0,True,15250.0,1150.0
"Jan 24, 2025",Sulawesi Tenggara,27,14900.0,True,15250.0,1150.0
"Jan 24, 2025",Sulawesi Tengah,28,14550.0,True,15250.0,1150.0
"Jan 24, 2025",Sulawesi Utara,29,14050.0,True,15250.0,1150.0
"Jan 24, 2025",Sulawesi Barat,30,13350.0,True,15250.0,1150.0
"Jan 24, 2025",Maluku,31,16100.0,True,15250.0,1150.0
"Jan 24, 2025",Maluku Utara,32,16700.0,True,15250.0,1150.0
"Jan 24, 2025",Papua,33,16750.0,True,15250.0,1150.0
"Jan 24, 2025",Papua Barat,34,16400.0,True,15250.0,1150.0
"Jan 25, 2025",Aceh,1,0.0,False,,0.0
"Jan 25, 2025",Sumatera Utara,2,0.0,False,,0.0
"Jan 25, 2025",Sumatera Barat,3,0.0,False,,0.0
"Jan 25, 2025",Riau,4,0.0,False,,0.0
"Jan 25, 2025",Kepulauan Riau,5,0.0,False,,0.0
"Jan 25, 2025",Jambi,6,0.0,False,,0.0
"Jan 25, 2025",Bengkulu,7,0.0,False,,0.0
"Jan 25, 2025",Sumatera Selatan,8,0.0,False,,0.0
"Jan 25, 2025",Kepulauan Bangka Belitung,9,0.0,False,,0.0
"Jan 25, 2025",Lampung,10,0.0,False,,0.0
"Jan 25, 2025",Banten,11,0.0,False,,0.0
"Jan 25, 2025",Jawa Barat,12,0.0,False,,0.0
"Jan 25, 2025",DKI Jakarta,13,0.0,False,,0.0
"Jan 25, 2025",Jawa Tengah,14,0.0,False,,0.0
"Jan 25, 2025",DI Yogyakarta,15,0.0,False,,0.0
"Jan 25, 2025",Jawa Timur,16,0.0,False,,0.0
"Jan 25, 2025",Bali,17,0.0,False,,0.0
"Jan 25, 2025",Nusa Tenggara Barat,18,0.0,False,,0.0
"Jan 25, 2025",Nusa Tenggara Timur,19,0.0,False,,0.0
"Jan 25, 2025",Kalimantan Barat,20,0.0,False,,0.0
"Jan 25, 2025",Kalimantan Selatan,21,0.0,False,,0.0
"Jan 25, 2025",Kalimantan Tengah,22,0.0,False,,0.0
"Jan 25, 2025",Kalimantan Timur,23,0.0,False,,0.0
"Jan 25, 2025",Kalimantan Utara,24,0.0,False,,0.0
"Jan 25, 2025",Gorontalo,25,0.0,False,,0.0
"Jan 25, 2025",Sulawesi Selatan,26,0.0,False,,0.0
"Jan 25, 2025",Sulawesi Tenggara,27,0.0,False,,0.0
"Jan 25, 2025",Sulawesi Tengah,28,0.0,False,,0.0
"Jan 25, 2025",Sulawesi Utara,29,0.0,False,,0.0
"Jan 25, 2025",Sulawesi Barat,30,0.0,False,,0.0
"Jan 25, 2025",Maluku,31,0.0,False,,0.0
"Jan 25, 2025",Maluku Utara,32,0.0,False,,0.0
"Jan 25, 2025",Papua,33,0.0,False,,0.0
"Jan 25, 2025",Papua Barat,34,0.0,False,,0.0
"Jan 26, 2025",Aceh,1,0.0,False,,0.0
"Jan 26, 2025",Sumatera Utara,2,0.0,False,,0.0
"Jan 26, 2025",Sumatera Barat,3,0.0,False,,0.0
"Jan 26, 2025",Riau,4,0.0,False,,0.0
"Jan 26, 2025",Kepulauan Riau,5,0.0,False,,0.0
"Jan 26, 2025",Jambi,6,0.0,False,,0.0
"Jan 26, 2025",Bengkulu,7,0.0,False,,0.0
"Jan 26, 2025",Sumatera Selatan,8,0.0,False,,0.0
"Jan 26, 2025",Kepulauan Bangka Belitung,9,0.0,False,,0.0
"Jan 26, 2025",Lampung,10,0.0,False,,0.0
"Jan 26, 2025",Banten,11,0.0,False,,0.0
"Jan 26, 2025",Jawa Barat,12,0.0,False,,0.0
"Jan 26, 2025",DKI Jakarta,13,0.0,False,,0.0
"Jan 26, 2025",Jawa Tengah,14,0.0,False,,0.0
"Jan 26, 2025",DI Yogyakarta,15,0.0,False,,0.0
"Jan 26, 2025",Jawa Timur,16,0.0,False,,0.0
"Jan 26, 2025",Bali,17,0.0,False,,0.0
"Jan 26, 2025",Nusa Tenggara Barat,18,0.0,False,,0.0
"Jan 26, 2025",Nusa Tenggara Timur,19,0.0,False,,0.0
"Jan 26, 2025",Kalimantan Barat,20,0.0,False,,0.0
"Jan 26, 2025",Kalimantan Selatan,21,0.0,False,,0.0
"Jan 26, 2025",Kalimantan Tengah,22,0.0,False,,0.0
"Jan 26, 2025",Kalimantan Timur,23,0.0,False,,0.0
"Jan 26, 2025",Kalimantan Utara,24,0.0,False,,0.0
"Jan 26, 2025",Gorontalo,25,0.0,False,,0.0
"Jan 26, 2025",Sulawesi Selatan,26,0.0,False,,0.0
"Jan 26, 2025",Sulawesi Tenggara,27,0.0,False,,0.0
"Jan 26, 2025",Sulawesi Tengah,28,0.0,False,,0.0
"Jan 26, 2025",Sulawesi Utara,29,0.0,False,,0.0
"Jan 26, 2025",Sulawesi Barat,30,0.0,False,,0.0
"Jan 26, 2025",Maluku,31,0.0,False,,0.0
"Jan 26, 2025",Maluku Utara,32,0.0,False,,0.0
"Jan 26, 2025",Papua,33,0.0,False,,0.0
"Jan 26, 2025",Papua Barat,34,0.0,False,,0.0
"Jan 27, 2025",Aceh,1,13750.0,True,15150.0,3700.0
"Jan 27, 2025",Sumatera Utara,2,13800.0,True,15150.0,3700.0
"Jan 27, 2025",Sumatera Barat,3,17150.0,True,15150.0,3700.0
"Jan 27, 2025",Riau,4,15950.0,True,15150.0,3700.0
"Jan 27, 2025",Kepulauan Riau,5,15200.0,True,15150.0,3700.0
"Jan 27, 2025",Jambi,6,15050.0,True,15150.0,3700.0
"Jan 27, 2025",Bengkulu,7,15150.0,True,15150.0,3700.0
"Jan 27, 2025",Sumatera Selatan,8,14950.0,True,15150.0,3700.0
"Jan 27, 2025",Kepulauan Bangka Belitung,9,15050.0,True,15150.0,3700.0
"Jan 27, 2025",Lampung,10,14500.0,True,15150.0,3700.0
"Jan 27, 2025",Banten,11,15150.0,True,15150.0,3700.0
"Jan 27, 2025",Jawa Barat,12,14650.0,True,15150.0,3700.0
"Jan 27, 2025",DKI Jakarta,13,15700.0,True,15150.0,3700.0
"Jan 27, 2025",Jawa Tengah,14,14500.0,True,15150.0,3700.0
"Jan 27, 2025",DI Yogyakarta,15,14150.0,True,15150.0,3700.0
"Jan 27, 2025",Jawa Timur,16,14150.0,True,15150.0,3700.0
"Jan 27, 2025",Bali,17,15150.0,True,15150.0,3700.0
"Jan 27, 2025",Nusa Tenggara Barat,18,13950.0,True,15150.0,3700.0
"Jan 27, 2025",Nusa Tenggara Timur,19,15350.0,True,15150.0,3700.0
"Jan 27, 2025",Kalimantan Barat,20,0.0,False,15150.0,3700.0
"Jan 27, 2025",Kalimantan Selatan,21,17350.0,True,15150.0,3700.0
"Jan 27, 2025",Kalimantan Tengah,22,17550.0,True,15150.0,3700.0
"Jan 27, 2025",Kalimantan Timur,23,15900.0,True,15150.0,3700.0
"Jan 27, 2025",Kalimantan Utara,24,16550.0,True,15150.0,3700.0
"Jan 27, 2025",Gorontalo,25,14550.0,True,15150.0,3700.0
"Jan 27, 2025",Sulawesi Selatan,26,13400.0,True,15150.0,3700.0
"Jan 27, 2025",Sulawesi Tenggara,27,14900.0,True,15150.0,3700.0
"Jan 27, 2025",Sulawesi Tengah,28,14550.0,True,15150.0,3700.0
"Jan 27, 2025",Sulawesi Utara,29,14050.0,True,15150.0,3700.0
"Jan 27, 2025",Sulawesi Barat,30,13400.0,True,15150.0,3700.0
"Jan 27, 2025",Maluku,31,16100.0,True,15150.0,3700.0
"Jan 27, 2025",Maluku Utara,32,0.0,False,15150.0,3700.0
"Jan 27, 2025",Papua,33,16150.0,True,15150.0,3700.0
"Jan 27, 2025",Papua Barat,34,16400.0,True,15150.0,3700.0
"Jan 28, 2025",Aceh,1,13750.0,True,15150.0,3700.0
"Jan 28, 2025",Sumatera Utara,2,13800.0,True,15150.0,3700.0
"Jan 28, 2025",Sumatera Barat,3,17150.0,True,15150.0,3700.0
"Jan 28, 2025",Riau,4,15950.0,True,15150.0,3700.0
"Jan 28, 2025",Kepulauan Riau,5,15200.0,True,15150.0,3700.0
"Jan 28, 2025",Jambi,6,15050.0,True,15150.0,3700.0
"Jan 28, 2025",Bengkulu,7,15150.0,True,15150.0,3700.0
"Jan 28, 2025",Sumatera Selatan,8,14950.0,True,15150.0,3700.0
"Jan 28, 2025",Kepulauan Bangka Belitung,9,15050.0,True,15150.0,3700.0
"Jan 28, 2025",Lampung,10,14500.0,True,15150.0,3700.0
"Jan 28, 2025",Banten,11,15150.0,True,15150.0,3700.0
"Jan 28, 2025",Jawa Barat,12,14650.0,True,15150.0,3700.0
"Jan 28, 2025",DKI Jakarta,13,15700.0,True,15150.0,3700.0
"Jan 28, 2025",Jawa Tengah,14,14500.0,True,15150.0,3700.0
"Jan 28, 2025",DI Yogyakarta,15,14150.0,True,15150.0,3700.0
"Jan 28, 2025",Jawa Timur,16,14150.0,True,15150.0,3700.0
"Jan 28, 2025",Bali,17,15150.0,True,15150.0,3700.0
"Jan 28, 2025",Nusa Tenggara Barat,18,13950.0,True,15150.0,3700.0
"Jan 28, 2025",Nusa Tenggara Timur,19,15350.0,True,15150.0,3700.0
"Jan 28, 2025",Kalimantan Barat,20,0.0,False,15150.0,3700.0
"Jan 28, 2025",Kalimantan Selatan,21,17350.0,True,15150.0,3700.0
"Jan 28, 2025",Kalimantan Tengah,22,17550.0,True,15150.0,3700.0
"Jan 28, 2025",Kalimantan Timur,23,15900.0,True,15150.0,3700.0
"Jan 28, 2025",Kalimantan Utara,24,16550.0,True,15150.0,3700.0
"Jan 28, 2025",Gorontalo,25,14550.0,True,15150.0,3700.0
"Jan 28, 2025",Sulawesi Selatan,26,13350.0,True,15150.0,3700.0
"Jan 28, 2025",Sulawesi Tenggara,27,14900.0,True,15150.0,3700.0
"Jan 28, 2025",Sulawesi Tengah,28,14550.0,True,15150.0,3700.0
"Jan 28, 2025",Sulawesi Utara,29,14050.0,True,15150.0,3700.0
"Jan 28, 2025",Sulawesi Barat,30,13350.0,True,15150.0,3700.0
"Jan 28, 2025",Maluku,31,16100.0,True,15150.0,3700.0
"Jan 28, 2025",Maluku Utara,32,0.0,False,15150.0,3700.0
"Jan 28, 2025",Papua,33,16150.0,True,15150.0,3700.0
"Jan 28, 2025",Papua Barat,34,16500.0,True,15150.0,3700.0
"Jan 29, 2025",Aceh,1,13750.0,True,15150.0,3700.0
"Jan 29, 2025",Sumatera Utara,2,13800.0,True,15150.0,3700.0
"Jan 29, 2025",Sumatera Barat,3,17150.0,True,15150.0,3700.0
"Jan 29, 2025",Riau,4,15950.0,True,15150.0,3700.0
"Jan 29, 2025",Kepulauan Riau,5,15200.0,True,15150.0,3700.0
"Jan 29, 2025",Jambi,6,15050.0,True,15150.0,3700.0
"Jan 29, 2025",Bengkulu,7,15150.0,True,15150.0,3700.0
"Jan 29, 2025",Sumatera Selatan,8,14950.0,True,15150.0,3700.0
"Jan 29, 2025",Kepulauan Bangka Belitung,9,15050.0,True,15150.0,3700.0
"Jan 29, 2025",Lampung,10,14500.0,True,15150.0,3700.0
"Jan 29, 2025",Banten,11,15150.0,True,15150.0,3700.0
"Jan 29, 2025",Jawa Barat,12,14650.0,True,15150.0,3700.0
"Jan 29, 2025",DKI Jakarta,13,15700.0,True,15150.0,3700.0
"Jan 29, 2025",Jawa Tengah,14,14500.0,True,15150.0,3700.0
"Jan 29, 2025",DI Yogyakarta,15,14150.0,True,15150.0,3700.0
"Jan 29, 2025",Jawa Timur,16,14150.0,True,15150.0,3700.0
"Jan 29, 2025",Bali,17,15150.0,True,15150.0,3700.0
"Jan 29, 2025",Nusa Tenggara Barat,18,13950.0,True,15150.0,3700.0
"Jan 29, 2025",Nusa Tenggara Timur,19,15350.0,True,15150.0,3700.0
"Jan 29, 2025",Kalimantan Barat,20,0.0,False,15150.0,3700.0
"Jan 29, 2025",Kalimantan Selatan,21,17350.0,True,15150.0,3700.0
"Jan 29, 2025",Kalimantan Tengah,22,17550.0,True,15150.0,3700.0
"Jan 29, 2025",Kalimantan Timur,23,15900.0,True,15150.0,3700.0
"Jan 29, 2025",Kalimantan Utara,24,16550.0,True,15150.0,3700.0
"Jan 29, 2025",Gorontalo,25,14550.0,True,15150.0,3700.0
"Jan 29, 2025",Sulawesi Selatan,26,13400.0,True,15150.0,3700.0
"Jan 29, 2025",Sulawesi Tenggara,27,14900.0,True,15150.0,3700.0
"Jan 29, 2025",Sulawesi Tengah,28,14550.0,True,15150.0,3700.0
"Jan 29, 2025",Sulawesi Utara,29,14050.0,True,15150.0,3700.0
"Jan 29, 2025",Sulawesi Barat,30,13350.0,True,15150.0,3700.0
"Jan 29, 2025",Maluku,31,16100.0,True,15150.0,3700.0
"Jan 29, 2025",Maluku Utara,32,0.0,False,15150.0,3700.0
"Jan 29, 2025",Papua,33,16150.0,True,15150.0,3700.0
"Jan 29, 2025",Papua Barat,34,16500.0,True,15150.0,3700.0
"Jan 30, 2025",Aceh,1,13750.0,True,15250.0,1150.0
"Jan 30, 2025",Sumatera Utara,2,13800.0,True,15250.0,1150.0
"Jan 30, 2025",Sumatera Barat,3,17150.0,True,15250.0,1150.0
"Jan 30, 2025",Riau,4,15950.0,True,15250.0,1150.0
"Jan 30, 2025",Kepulauan Riau,5,15200.0,True,15250.0,1150.0
"Jan 30, 2025",Jambi,6,15050.0,True,15250.0,1150.0
"Jan 30, 2025",Bengkulu,7,15150.0,True,15250.0,1150.0
"Jan 30, 2025",Sumatera Selatan,8,14950.0,True,15250.0,1150.0
"Jan 30, 2025",Kepulauan Bangka Belitung,9,15050.0,True,15250.0,1150.0
"Jan 30, 2025",Lampung,10,14500.0,True,15250.0,1150.0
"Jan 30, 2025",Banten,11,15150.0,True,15250.0,1150.0
"Jan 30, 2025",Jawa Barat,12,14600.0,True,15250.0,1150.0
"Jan 30, 2025",DKI Jakarta,13,15700.0,True,15250.0,1150.0
"Jan 30, 2025",Jawa Tengah,14,14550.0,True,15250.0,1150.0
"Jan 30, 2025",DI Yogyakarta,15,14150.0,True,15250.0,1150.0
"Jan 30, 2025",Jawa Timur,16,14150.0,True,15250.0,1150.0
"Jan 30, 2025",Bali,17,15150.0,True,15250.0,1150.0
"Jan 30, 2025",Nusa Tenggara Barat,18,13950.0,True,15250.0,1150.0
"Jan 30, 2025",Nusa Tenggara Timur,19,15400.0,True,15250.0,1150.0
"Jan 30, 2025",Kalimantan Barat,20,16500.0,True,15250.0,1150.0
"Jan 30, 2025",Kalimantan Selatan,21,17350.0,True,15250.0,1150.0
"Jan 30, 2025",Kalimantan Tengah,22,17450.0,True,15250.0,1150.0
"Jan 30, 2025",Kalimantan Timur,23,15950.0,True,15250.0,1150.0
"Jan 30, 2025",Kalimantan Utara,24,16550.0,True,15250.0,1150.0
"Jan 30, 2025",Gorontalo,25,14500.0,True,15250.0,1150.0
"Jan 30, 2025",Sulawesi Selatan,26,13400.0,True,15250.0,1150.0
"Jan 30, 2025",Sulawesi Tenggara,27,14900.0,True,15250.0,1150.0
"Jan 30, 2025",Sulawesi Tengah,28,14550.0,True,15250.0,1150.0
"Jan 30, 2025",Sulawesi Utara,29,14050.0,True,15250.0,1150.0
"Jan 30, 2025",Sulawesi Barat,30,13350.0,True,15250.0,1150.0
"Jan 30, 2025",Maluku,31,16050.0,True,15250.0,1150.0
"Jan 30, 2025",Maluku Utara,32,16700.0,True,15250.0,1150.0
"Jan 30, 2025",Papua,33,16750.0,True,15250.0,1150.0
"Jan 30, 2025",Papua Barat,34,16500.0,True,15250.0,1150.0
"Jan 31, 2025",Aceh,1,13750.0,True,15250.0,1150.0
"Jan 31, 2025",Sumatera Utara,2,13800.0,True,15250.0,1150.0
"Jan 31, 2025",Sumatera Barat,3,17150.0,True,15250.0,1150.0
"Jan 31, 2025",Riau,4,15950.0,True,15250.0,1150.0
"Jan 31, 2025",Kepulauan Riau,5,15200.0,True,15250.0,1150.0
"Jan 31, 2025",Jambi,6,15050.0,True,15250.0,1150.0
"Jan 31, 2025",Bengkulu,7,15150.0,True,15250.0,1150.0
"Jan 31, 2025",Sumatera Selatan,8,14950.0,True,15250.0,1150.0
"Jan 31, 2025",Kepulauan Bangka Belitung,9,15050.0,True,15250.0,1150.0
"Jan 31, 2025",Lampung,10,14500.0,True,15250.0,1150.0
"Jan 31, 2025",Banten,11,15150.0,True,15250.0,1150.0
"Jan 31, 2025",Jawa Barat,12,14600.0,True,15250.0,1150.0
"Jan 31, 2025",DKI Jakarta,13,15700.0,True,15250.0,1150.0
"Jan 31, 2025",Jawa Tengah,14,14550.0,True,15250.0,1150.0
"Jan 31, 2025",DI Yogyakarta,15,14150.0,True,15250.0,1150.0
"Jan 31, 2025",Jawa Timur,16,14150.0,True,15250.0,1150.0
"Jan 31, 2025",Bali,17,15150.0,True,15250.0,1150.0
"Jan 31, 2025",Nusa Tenggara Barat,18,13950.0,True,15250.0,1150.0
"Jan 31, 2025",Nusa Tenggara Timur,19,15400.0,True,15250.0,1150.0
"Jan 31, 2025",Kalimantan Barat,20,16500.0,True,15250.0,1150.0
"Jan 31, 2025",Kalimantan Selatan,21,17350.0,True,15250.0,1150.0
"Jan 31, 2025",Kalimantan Tengah,22,17450.0,True,15250.0,1150.0
"Jan 31, 2025",Kalimantan Timur,23,15950.0,True,15250.0,1150.0
"Jan 31, 2025",Kalimantan Utara,24,16550.0,True,15250.0,1150.0
"Jan 31, 2025",Gorontalo,25,14500.0,True,15250.0,1150.0
"Jan 31, 2025",Sulawesi Selatan,26,13400.0,True,15250.0,1150.0
"Jan 31, 2025",Sulawesi Tenggara,27,14900.0,True,15250.0,1150.0
"Jan 31, 2025",Sulawesi Tengah,28,15000.0,True,15250.0,1150.0
"Jan 31, 2025",Sulawesi Utara,29,14050.0,True,15250.0,1150.0
"Jan 31, 2025",Sulawesi Barat,30,13250.0,True,15250.0,1150.0
"Jan 31, 2025",Maluku,31,16050.0,True,15250.0,1150.0
"Jan 31, 2025",Maluku Utara,32,16700.0,True,15250.0,1150.0
"Jan 31, 2025",Papua,33,16750.0,True,15250.0,1150.0
"Jan 31, 2025",Papua Barat,34,16500.0,True,15250.0,1150.0
"Feb 1, 2025",Aceh,1,13750.0,True,15250.0,1150.0
"Feb 1, 2025",Sumatera Utara,2,13800.0,True,15250.0,1150.0
"Feb 1, 2025",Sumatera Barat,3,17150.0,True,15250.0,1150.0
"Feb 1, 2025",Riau,4,15950.0,True,15250.0,1150.0
"Feb 1, 2025",Kepulauan Riau,5,15200.0,True,15250.0,1150.0
"Feb 1, 2025",Jambi,6,15050.0,True,15250.0,1150.0
"Feb 1, 2025",Bengkulu,7,15150.0,True,15250.0,1150.0
"Feb 1, 2025",Sumatera Selatan,8,14950.0,True,15250.0,1150.0
"Feb 1, 2025",Kepulauan Bangka Belitung,9,15050.0,True,15250.0,1150.0
"Feb 1, 2025",Lampung,10,14500.0,True,15250.0,1150.0
"Feb 1, 2025",Banten,11,15150.0,True,15250.0,1150.0
"Feb 1, 2025",Jawa Barat,12,14600.0,True,15250.0,1150.0
"Feb 1, 2025",DKI Jakarta,13,15700.0,True,15250.0,1150.0
"Feb 1, 2025",Jawa Tengah,14,14550.0,True,15250.0,1150.0
"Feb 1, 2025",DI Yogyakarta,15,14150.0,True,15250.0,1150.0
"Feb 1, 2025",Jawa Timur,16,14150.0,True,15250.0,1150.0
"Feb 1, 2025",Bali,17,15150.0,True,15250.0,1150.0
"Feb 1, 2025",Nusa Tenggara Barat,18,13950.0,True,15250.0,1150.0
"Feb 1, 2025",Nusa Tenggara Timur,19,15400.0,True,15250.0,1150.0
"Feb 1, 2025",Kalimantan Barat,20,16500.0,True,15250.0,1150.0
"Feb 1, 2025",Kalimantan Selatan,21,17350.0,True,15250.0,1150.0
"Feb 1, 2025",Kalimantan Tengah,22,17450.0,True,15250.0,1150.0
"Feb 1, 2025",Kalimantan Timur,23,15950.0,True,15250.0,1150.0
"Feb 1, 2025",Kalimantan Utara,24,16550.0,True,15250.0,1150.0
"Feb 1, 2025",Gorontalo,25,14500.0,True,15250.0,1150.0
"Feb 1, 2025",Sulawesi Selatan,26,13400.0,True,15250.0,1150.0
"Feb 1, 2025",Sulawesi Tenggara,27,14900.0,True,15250.0,1150.0
"Feb 1, 2025",Sulawesi Tengah,28,15000.0,True,15250.0,1150.0
"Feb 1, 2025",Sulawesi Utara,29,14050.0,True,15250.0,1150.0
"Feb 1, 2025",Sulawesi Barat,30,13250.0,True,15250.0,1150.0
"Feb 1, 2025",Maluku,31,16050.0,True,15250.0,1150.0
"Feb 1, 2025",Maluku Utara,32,16700.0,True,15250.0,1150.0
"Feb 1, 2025",Papua,33,16750.0,True,15250.0,1150.0
"Feb 1, 2025",Papua Barat,34,16500.0,True,15250.0,1150.0
"Feb 2, 2025",Aceh,1,13750.0,True,15250.0,1150.0
"Feb 2, 2025",Sumatera Utara,2,13800.0,True,15250.0,1150.0
"Feb 2, 2025",Sumatera Barat,3,17150.0,True,15250.0,1150.0
"Feb 2, 2025",Riau,4,15950.0,True,15250.0,1150.0
"Feb 2, 2025",Kepulauan Riau,5,15200.0,True,15250.0,1150.0
"Feb 2, 2025",Jambi,6,15050.0,True,15250.0,1150.0
"Feb 2, 2025",Bengkulu,7,15150.0,True,15250.0,1150.0
"Feb 2, 2025",Sumatera Selatan,8,14950.0,True,15250.0,1150.0
"Feb 2, 2025",Kepulauan Bangka Belitung,9,15050.0,True,15250.0,1150.0
"Feb 2, 2025",Lampung,10,14500.0,True,15250.0,1150.0
"Feb 2, 2025",Banten,11,15150.0,True,15250.0,1150.0
"Feb 2, 2025",Jawa Barat,12,14600.0,True,15250.0,1150.0
"Feb 2, 2025",DKI Jakarta,13,15700.0,True,15250.0,1150.0
"Feb 2, 2025",Jawa Tengah,14,14550.0,True,15250.0,1150.0
"Feb 2, 2025",DI Yogyakarta,15,14150.0,True,15250.0,1150.0
"Feb 2, 2025",Jawa Timur,16,14150.0,True,15250.0,1150.0
"Feb 2, 2025",Bali,17,15150.0,True,15250.0,1150.0
"Feb 2, 2025",Nusa Tenggara Barat,18,13950.0,True,15250.0,1150.0
"Feb 2, 2025",Nusa Tenggara Timur,19,15400.0,True,15250.0,1150.0
"Feb 2, 2025",Kalimantan Barat,20,16500.0,True,15250.0,1150.0
"Feb 2, 2025",Kalimantan Selatan,21,17350.0,True,15250.0,1150.0
"Feb 2, 2025",Kalimantan Tengah,22,17450.0,True,15250.0,1150.0
"Feb 2, 2025",Kalimantan Timur,23,15950.0,True,15250.0,1150.0
"Feb 2, 2025",Kalimantan Utara,24,16550.0,True,15250.0,1150.0
"Feb 2, 2025",Gorontalo,25,14500.0,True,15250.0,1150.0
"Feb 2, 2025",Sulawesi Selatan,26,13400.0,True,15250.0,1150.0
"Feb 2, 2025",Sulawesi Tenggara,27,14900.0,True,15250.0,1150.0
"Feb 2, 2025",Sulawesi Tengah,28,15000.0,True,15250.0,1150.0
"Feb 2, 2025",Sulawesi Utara,29,14050.0,True,15250.0,1150.0
"Feb 2, 2025",Sulawesi Barat,30,13250.0,True,15250.0,1150.0
"Feb 2, 2025",Maluku,31,16050.0,True,15250.0,1150.0
"Feb 2, 2025",Maluku Utara,32,16700.0,True,15250.0,1150.0
"Feb 2, 2025",Papua,33,16750.0,True,15250.0,1150.0
"Feb 2, 2025",Papua Barat,34,16500.0,True,15250.0,1150.0
"Feb 3, 2025",Aceh,1,13750.0,True,15250.0,1100.0
"Feb 3, 2025",Sumatera Utara,2,13700.0,True,15250.0,1100.0
"Feb 3, 2025",Sumatera Barat,3,17100.0,True,15250.0,1100.0
"Feb 3, 2025",Riau,4,15950.0,True,15250.0,1100.0
"Feb 3, 2025",Kepulauan Riau,5,15200.0,True,15250.0,1100.0
"Feb 3, 2025",Jambi,6,15050.0,True,15250.0,1100.0
"Feb 3, 2025",Bengkulu,7,15150.0,True,15250.0,1100.0
"Feb 3, 2025",Sumatera Selatan,8,14950.0,True,15250.0,1100.0
"Feb 3, 2025",Kepulauan Bangka Belitung,9,15050.0,True,15250.0,1100.0
"Feb 3, 2025",Lampung,10,14500.0,True,15250.0,1100.0
"Feb 3, 2025",Banten,11,15150.0,True,15250.0,1100.0
"Feb 3, 2025",Jawa Barat,12,14600.0,True,15250.0,1100.0
"Feb 3, 2025",DKI Jakarta,13,15700.0,True,15250.0,1100.0
"Feb 3, 2025",Jawa Tengah,14,14550.0,True,15250.0,1100.0
"Feb 3, 2025",DI Yogyakarta,15,14150.0,True,15250.0,1100.0
"Feb 3, 2025",Jawa Timur,16,14150.0,True,15250.0,1100.0
"Feb 3, 2025",Bali,17,15150.0,True,15250.0,1100.0
"Feb 3, 2025",Nusa Tenggara Barat,18,13950.0,True,15250.0,1100.0
"Feb 3, 2025",Nusa Tenggara Timur,19,15400.0,True,15250.0,1100.0
"Feb 3, 2025",Kalimantan Barat,20,16500.0,True,15250.0,1100.0
"Feb 3, 2025",Kalimantan Selatan,21,16900.0,True,15250.0,1100.0
"Feb 3, 2025",Kalimantan Tengah,22,17450.0,True,15250.0,1100.0
"Feb 3, 2025",Kalimantan Timur,23,15950.0,True,15250.0,1100.0
"Feb 3, 2025",Kalimantan Utara,24,16550.0,True,15250.0,1100.0
"Feb 3, 2025",Gorontalo,25,14650.0,True,15250.0,1100.0
"Feb 3, 2025",Sulawesi Selatan,26,13500.0,True,15250.0,1100.0
"Feb 3, 2025",Sulawesi Tenggara,27,14900.0,True,15250.0,1100.0
"Feb 3, 2025",Sulawesi Tengah,28,14600.0,True,15250.0,1100.0
"Feb 3, 2025",Sulawesi Utara,29,14050.0,True,15250.0,1100.0
"Feb 3, 2025",Sulawesi Barat,30,13400.0,True,15250.0,1100.0
"Feb 3, 2025",Maluku,31,16050.0,True,15250.0,1100.0
"Feb 3, 2025",Maluku Utara,32,16700.0,True,15250.0,1100.0
"Feb 3, 2025",Papua,33,16750.0,True,15250.0,1100.0
"Feb 3, 2025",Papua Barat,34,16500.0,True,15250.0,1100.0
"Feb 4, 2025",Aceh,1,13750.0,True,15250.0,1100.0
"Feb 4, 2025",Sumatera Utara,2,13750.0,True,15250.0,1100.0
"Feb 4, 2025",Sumatera Barat,3,17100.0,True,15250.0,1100.0
"Feb 4, 2025",Riau,4,15950.0,True,15250.0,1100.0
"Feb 4, 2025",Kepulauan Riau,5,15200.0,True,15250.0,1100.0
"Feb 4, 2025",Jambi,6,15050.0,True,15250.0,1100.0
"Feb 4, 2025",Bengkulu,7,15150.0,True,15250.0,1100.0
"Feb 4, 2025",Sumatera Selatan,8,14950.0,True,15250.0,1100.0
"Feb 4, 2025",Kepulauan Bangka Belitung,9,15050.0,True,15250.0,1100.0
"Feb 4, 2025",Lampung,10,14500.0,True,15250.0,1100.0
"Feb 4, 2025",Banten,11,15150.0,True,15250.0,1100.0
"Feb 4, 2025",Jawa Barat,12,14550.0,True,15250.0,1100.0
"Feb 4, 2025",DKI Jakarta,13,15700.0,True,15250.0,1100.0
"Feb 4, 2025",Jawa Tengah,14,14550.0,True,15250.0,1100.0
"Feb 4, 2025",DI Yogyakarta,15,14150.0,True,15250.0,1100.0
"Feb 4, 2025",Jawa Timur,16,14150.0,True,15250.0,1100.0
"Feb 4, 2025",Bali,17,15150.0,True,15250.0,1100.0
"Feb 4, 2025",Nusa Tenggara Barat,18,13950.0,True,15250.0,1100.0
"Feb 4, 2025",Nusa Tenggara Timur,19,15400.0,True,15250.0,1100.0
"Feb 4, 2025",Kalimantan Barat,20,16500.0,True,15250.0,1100.0
"Feb 4, 2025",Kalimantan Selatan,21,17350.0,True,15250.0,1100.0
"Feb 4, 2025",Kalimantan Tengah,22,17450.0,True,15250.0,1100.0
"Feb 4, 2025",Kalimantan Timur,23,15900.0,True,15250.0,1100.0
"Feb 4, 2025",Kalimantan Utara,24,16550.0,True,15250.0,1100.0
"Feb 4, 2025",Gorontalo,25,14650.0,True,15250.0,1100.0
"Feb 4, 2025",Sulawesi Selatan,26,13500.0,True,15250.0,1100.0
"Feb 4, 2025",Sulawesi Tenggara,27,14900.0,True,15250.0,1100.0
"Feb 4, 2025",Sulawesi Tengah,28,14650.0,True,15250.0,1100.0
"Feb 4, 2025",Sulawesi Utara,29,14050.0,True,15250.0,1100.0
"Feb 4, 2025",Sulawesi Barat,30,13400.0,True,15250.0,1100.0
"Feb 4, 2025",Maluku,31,16050.0,True,15250.0,1100.0
"Feb 4, 2025",Maluku Utara,32,16700.0,True,15250.0,1100.0
"Feb 4, 2025",Papua,33,16750.0,True,15250.0,1100.0
"Feb 4, 2025",Papua Barat,34,16500.0,True,15250.0,1100.0
"Feb 5, 2025",Aceh,1,13750.0,True,15250.0,1100.0
"Feb 5, 2025",Sumatera Utara,2,13900.0,True,15250.0,1100.0
"Feb 5, 2025",Sumatera Barat,3,17100.0,True,15250.0,1100.0
"Feb 5, 2025",Riau,4,15950.0,True,15250.0,1100.0
"Feb 5, 2025",Kepulauan Riau,5,15200.0,True,15250.0,1100.0
"Feb 5, 2025",Jambi,6,15050.0,True,15250.0,1100.0
"Feb 5, 2025",Bengkulu,7,15150.0,True,15250.0,1100.0
"Feb 5, 2025",Sumatera Selatan,8,14950.0,True,15250.0,1100.0
"Feb 5, 2025",Kepulauan Bangka Belitung,9,15050.0,True,15250.0,1100.0
"Feb 5, 2025",Lampung,10,14500.0,True,15250.0,1100.0
"Feb 5, 2025",Banten,11,15150.0,True,15250.0,1100.0
"Feb 5, 2025",Jawa Barat,12,14550.0,True,15250.0,1100.0
"Feb 5, 2025",DKI Jakarta,13,15700.0,True,15250.0,1100.0
"Feb 5, 2025",Jawa Tengah,14,14550.0,True,15250.0,1100.0
"Feb 5, 2025",DI Yogyakarta,15,14150.0,True,15250.0,1100.0
"Feb 5, 2025",Jawa Timur,16,14150.0,True,15250.0,1100.0
"Feb 5, 2025",Bali,17,15150.0,True,15250.0,1100.0
"Feb 5, 2025",Nusa Tenggara Barat,18,13950.0,True,15250.0,1100.0
"Feb 5, 2025",Nusa Tenggara Timur,19,15400.0,True,15250.0,1100.0
"Feb 5, 2025",Kalimantan Barat,20,16500.0,True,15250.0,1100.0
"Feb 5, 2025",Kalimantan Selatan,21,17350.0,True,15250.0,1100.0
"Feb 5, 2025",Kalimantan Tengah,22,17450.0,True,15250.0,1100.0
"Feb 5, 2025",Kalimantan Timur,23,15900.0,True,15250.0,1100.0
"Feb 5, 2025",Kalimantan Utara,24,16550.0,True,15250.0,1100.0
"Feb 5, 2025",Gorontalo,25,14650.0,True,15250.0,1100.0
"Feb 5, 2025",Sulawesi Selatan,26,13500.0,True,15250.0,1100.0
"Feb 5, 2025",Sulawesi Tenggara,27,14900.0,True,15250.0,1100.0
"Feb 5, 2025",Sulawesi Tengah,28,14650.0,True,15250.0,1100.0
"Feb 5, 2025",Sulawesi Utara,29,14050.0,True,15250.0,1100.0
"Feb 5, 2025",Sulawesi Barat,30,13400.0,True,15250.0,1100.0
"Feb 5, 2025",Maluku,31,16050.0,True,15250.0,1100.0
"Feb 5, 2025",Maluku Utara,32,16700.0,True,15250.0,1100.0
"Feb 5, 2025",Papua,33,16800.0,True,15250.0,1100.0
"Feb 5, 2025",Papua Barat,34,16500.0,True,15250.0,1100.0
"Feb 6, 2025",Aceh,1,13750.0,True,15250.0,1100.0
"Feb 6, 2025",Sumatera Utara,2,13900.0,True,15250.0,1100.0
"Feb 6, 2025",Sumatera Barat,3,17100.0,True,15250.0,1100.0
"Feb 6, 2025",Riau,4,15950.0,True,15250.0,1100.0
"Feb 6, 2025",Kepulauan Riau,5,15200.0,True,15250.0,1100.0
"Feb 6, 2025",Jambi,6,15050.0,True,15250.0,1100.0
"Feb 6, 2025",Bengkulu,7,15150.0,True,15250.0,1100.0
"Feb 6, 2025",Sumatera Selatan,8,14950.0,True,15250.0,1100.0
"Feb 6, 2025",Kepulauan Bangka Belitung,9,15100.0,True,15250.0,1100.0
"Feb 6, 2025",Lampung,10,14500.0,True,15250.0,1100.0
"Feb 6, 2025",Banten,11,15150.0,True,15250.0,1100.0
"Feb 6, 2025",Jawa Barat,12,14550.0,True,15250.0,1100.0
"Feb 6, 2025",DKI Jakarta,13,15700.0,True,15250.0,1100.0
"Feb 6, 2025",Jawa Tengah,14,14550.0,True,15250.0,1100.0
"Feb 6, 2025",DI Yogyakarta,15,14150.0,True,15250.0,1100.0
"Feb 6, 2025",Jawa Timur,16,14150.0,True,15250.0,1100.0
"Feb 6, 2025",Bali,17,15150.0,True,15250.0,1100.0
"Feb 6, 2025",Nusa Tenggara Barat,18,13950.0,True,15250.0,1100.0
"Feb 6, 2025",Nusa Tenggara Timur,19,15400.0,True,15250.0,1100.0
"Feb 6, 2025",Kalimantan Barat,20,16500.0,True,15250.0,1100.0
"Feb 6, 2025",Kalimantan Selatan,21,17300.0,True,15250.0,1100.0
"Feb 6, 2025",Kalimantan Tengah,22,17450.0,True,15250.0,1100.0
"Feb 6, 2025",Kalimantan Timur,23,15900.0,True,15250.0,1100.0
"Feb 6, 2025",Kalimantan Utara,24,16550.0,True,15250.0,1100.0
"Feb 6, 2025",Gorontalo,25,14650.0,True,15250.0,1100.0
"Feb 6, 2025",Sulawesi Selatan,26,13500.0,True,15250.0,1100.0
"Feb 6, 2025",Sulawesi Tenggara,27,14900.0,True,15250.0,1100.0
"Feb 6, 2025",Sulawesi Tengah,28,14650.0,True,15250.0,1100.0
"Feb 6, 2025",Sulawesi Utara,29,14050.0,True,15250.0,1100.0
"Feb 6, 2025",Sulawesi Barat,30,13450.0,True,15250.0,1100.0
"Feb 6, 2025",Maluku,31,16050.0,True,15250.0,1100.0
"Feb 6, 2025",Maluku Utara,32,16700.0,True,15250.0,1100.0
"Feb 6, 2025",Papua,33,16750.0,True,15250.0,1100.0
"Feb 6, 2025",Papua Barat,34,16500.0,True,15250.0,1100.0
"Feb 7, 2025",Aceh,1,13750.0,True,15200.0,2750.0
"Feb 7, 2025",Sumatera Utara,2,13900.0,True,15200.0,2750.0
"Feb 7, 2025",Sumatera Barat,3,17100.0,True,15200.0,2750.0
"Feb 7, 2025",Riau,4,15950.0,True,15200.0,2750.0
"Feb 7, 2025",Kepulauan Riau,5,15200.0,True,15200.0,2750.0
"Feb 7, 2025",Jambi,6,15050.0,True,15200.0,2750.0
"Feb 7, 2025",Bengkulu,7,15150.0,True,15200.0,2750.0
"Feb 7, 2025",Sumatera Selatan,8,14950.0,True,15200.0,2750.0
"Feb 7, 2025",Kepulauan Bangka Belitung,9,15100.0,True,15200.0,2750.0
"Feb 7, 2025",Lampung,10,14500.0,True,15200.0,2750.0
"Feb 7, 2025",Banten,11,15150.0,True,15200.0,2750.0
"Feb 7, 2025",Jawa Barat,12,14550.0,True,15200.0,2750.0
"Feb 7, 2025",DKI Jakarta,13,15700.0,True,15200.0,2750.0
"Feb 7, 2025",Jawa Tengah,14,14550.0,True,15200.0,2750.0
"Feb 7, 2025",DI Yogyakarta,15,14150.0,True,15200.0,2750.0
"Feb 7, 2025",Jawa Timur,16,14150.0,True,15200.0,2750.0
"Feb 7, 2025",Bali,17,15150.0,True,15200.0,2750.0
"Feb 7, 2025",Nusa Tenggara Barat,18,13950.0,True,15200.0,2750.0
"Feb 7, 2025",Nusa Tenggara Timur,19,15400.0,True,15200.0,2750.0
"Feb 7, 2025",Kalimantan Barat,20,16500.0,True,15200.0,2750.0
"Feb 7, 2025",Kalimantan Selatan,21,16500.0,True,15200.0,2750.0
"Feb 7, 2025",Kalimantan Tengah,22,17450.0,True,15200.0,2750.0
"Feb 7, 2025",Kalimantan Timur,23,15900.0,True,15200.0,2750.0
"Feb 7, 2025",Kalimantan Utara,24,0.0,False,15200.0,2750.0
"Feb 7, 2025",Gorontalo,25,14650.0,True,15200.0,2750.0
"Feb 7, 2025",Sulawesi Selatan,26,13500.0,True,15200.0,2750.0
"Feb 7, 2025",Sulawesi Tenggara,27,14900.0,True,15200.0,2750.0
"Feb 7, 2025",Sulawesi Tengah,28,14650.0,True,15200.0,2750.0
"Feb 7, 2025",Sulawesi Utara,29,14050.0,True,15200.0,2750.0
"Feb 7, 2025",Sulawesi Barat,30,13450.0,True,15200.0,2750.0
"Feb 7, 2025",Maluku,31,16050.0,True,15200.0,2750.0
"Feb 7, 2025",Maluku Utara,32,16700.0,True,15200.0,2750.0
"Feb 7, 2025",Papua,33,16750.0,True,15200.0,2750.0
"Feb 7, 2025",Papua Barat,34,16500.0,True,15200.0,2750.0
"Feb 8, 2025",Aceh,1,13750.0,True,15200.0,2750.0
"Feb 8, 2025",Sumatera Utara,2,13900.0,True,15200.0,2750.0
"Feb 8, 2025",Sumatera Barat,3,17100.0,True,15200.0,2750.0
"Feb 8, 2025",Riau,4,15950.0,True,15200.0,2750.0
"Feb 8, 2025",Kepulauan Riau,5,15200.0,True,15200.0,2750.0
"Feb 8, 2025",Jambi,6,15050.0,True,15200.0,2750.0
"Feb 8, 2025",Bengkulu,7,15150.0,True,15200.0,2750.0
"Feb 8, 2025",Sumatera Selatan,8,14950.0,True,15200.0,2750.0
"Feb 8, 2025",Kepulauan Bangka Belitung,9,15100.0,True,15200.0,2750.0
"Feb 8, 2025",Lampung,10,14500.0,True,15200.0,2750.0
"Feb 8, 2025",Banten,11,15150.0,True,15200.0,2750.0
"Feb 8, 2025",Jawa Barat,12,14550.0,True,15200.0,2750.0
"Feb 8, 2025",DKI Jakarta,13,15700.0,True,15200.0,2750.0
"Feb 8, 2025",Jawa Tengah,14,14550.0,True,15200.0,2750.0
"Feb 8, 2025",DI Yogyakarta,15,14150.0,True,15200.0,2750.0
"Feb 8, 2025",Jawa Timur,16,14150.0,True,15200.0,2750.0
"Feb 8, 2025",Bali,17,15150.0,True,15200.0,2750.0
"Feb 8, 2025",Nusa Tenggara Barat,18,13950.0,True,15200.0,2750.0
"Feb 8, 2025",Nusa Tenggara Timur,19,15400.0,True,15200.0,2750.0
"Feb 8, 2025",Kalimantan Barat,20,16500.0,True,15200.0,2750.0
"Feb 8, 2025",Kalimantan Selatan,21,16500.0,True,15200.0,2750.0
"Feb 8, 2025",Kalimantan Tengah,22,17450.0,True,15200.0,2750.0
"Feb 8, 2025",Kalimantan Timur,23,15900.0,True,15200.0,2750.0
"Feb 8, 2025",Kalimantan Utara,24,0.0,False,15200.0,2750.0
"Feb 8, 2025",Gorontalo,25,14650.0,True,15200.0,2750.0
"Feb 8, 2025",Sulawesi Selatan,26,13500.0,True,15200.0,2750.0
"Feb 8, 2025",Sulawesi Tenggara,27,14900.0,True,15200.0,2750.0
"Feb 8, 2025",Sulawesi Tengah,28,14650.0,True,15200.0,2750.0
"Feb 8, 2025",Sulawesi Utara,29,14050.0,True,15200.0,2750.0
"Feb 8, 2025",Sulawesi Barat,30,13450.0,True,15200.0,2750.0
"Feb 8, 2025",Maluku,31,16050.0,True,15200.0,2750.0
"Feb 8, 2025",Maluku Utara,32,16700.0,True,15200.0,2750.0
"Feb 8, 2025",Papua,33,16750.0,True,15200.0,2750.0
"Feb 8, 2025",Papua Barat,34,16500.0,True,15200.0,2750.0
"Feb 9, 2025",Aceh,1,13750.0,True,15200.0,2750.0
"Feb 9, 2025",Sumatera Utara,2,13900.0,True,15200.0,2750.0
"Feb 9, 2025",Sumatera Barat,3,17100.0,True,15200.0,2750.0
"Feb 9, 2025",Riau,4,15950.0,True,15200.0,2750.0
"Feb 9, 2025",Kepulauan Riau,5,15200.0,True,15200.0,2750.0
"Feb 9, 2025",Jambi,6,15050.0,True,15200.0,2750.0
"Feb 9, 2025",Bengkulu,7,15150.0,True,15200.0,2750.0
"Feb 9, 2025",Sumatera Selatan,8,14950.0,True,15200.0,2750.0
"Feb 9, 2025",Kepulauan Bangka Belitung,9,15100.0,True,15200.0,2750.0
"Feb 9, 2025",Lampung,10,14500.0,True,15200.0,2750.0
"Feb 9, 2025",Banten,11,15150.0,True,15200.0,2750.0
"Feb 9, 2025",Jawa Barat,12,14550.0,True,15200.0,2750.0
"Feb 9, 2025",DKI Jakarta,13,15700.0,True,15200.0,2750.0
"Feb 9, 2025",Jawa Tengah,14,14550.0,True,15200.0,2750.0
"Feb 9, 2025",DI Yogyakarta,15,14150.0,True,15200.0,2750.0
"Feb 9, 2025",Jawa Timur,16,14150.0,True,15200.0,2750.0
"Feb 9, 2025",Bali,17,15150.0,True,15200.0,2750.0
"Feb 9, 2025",Nusa Tenggara Barat,18,13950.0,True,15200.0,2750.0
"Feb 9, 2025",Nusa Tenggara Timur,19,15400.0,True,15200.0,2750.0
"Feb 9, 2025",Kalimantan Barat,20,16500.0,True,15200.0,2750.0
"Feb 9, 2025",Kalimantan Selatan,21,16500.0,True,15200.0,2750.0
"Feb 9, 2025",Kalimantan Tengah,22,17450.0,True,15200.0,2750.0
"Feb 9, 2025",Kalimantan Timur,23,15900.0,True,15200.0,2750.0
"Feb 9, 2025",Kalimantan Utara,24,0.0,False,15200.0,2750.0
"Feb 9, 2025",Gorontalo,25,14650.0,True,15200.0,2750.0
"Feb 9, 2025",Sulawesi Selatan,26,13500.0,True,15200.0,2750.0
"Feb 9, 2025",Sulawesi Tenggara,27,14900.0,True,15200.0,2750.0
"Feb 9, 2025",Sulawesi Tengah,28,14650.0,True,15200.0,2750.0
"Feb 9, 2025",Sulawesi Utara,29,14050.0,True,15200.0,2750.0
"Feb 9, 2025",Sulawesi Barat,30,13450.0,True,15200.0,2750.0
"Feb 9, 2025",Maluku,31,16050.0,True,15200.0,2750.0
"Feb 9, 2025",Maluku Utara,32,16700.0,True,15200.0,2750.0
"Feb 9, 2025",Papua,33,16750.0,True,15200.0,2750.0
"Feb 9, 2025",Papua Barat,34,16500.0,True,15200.0,2750.0
"Feb 10, 2025",Aceh,1,13750.0,True,15250.0,1100.0
"Feb 10, 2025",Sumatera Utara,2,13900.0,True,15250.0,1100.0
"Feb 10, 2025",Sumatera Barat,3,17100.0,True,15250.0,1100.0
"Feb 10, 2025",Riau,4,15950.0,True,15250.0,1100.0
"Feb 10, 2025",Kepulauan Riau,5,15200.0,True,15250.0,1100.0
"Feb 10, 2025",Jambi,6,15050.0,True,15250.0,1100.0
"Feb 10, 2025",Bengkulu,7,15150.0,True,15250.0,1100.0
"Feb 10, 2025",Sumatera Selatan,8,14950.0,True,15250.0,1100.0
"Feb 10, 2025",Kepulauan Bangka Belitung,9,15050.0,True,15250.0,1100.0
"Feb 10, 2025",Lampung,10,14500.0,True,15250.0,1100.0
"Feb 10, 2025",Banten,11,15150.0,True,15250.0,1100.0
"Feb 10, 2025",Jawa Barat,12,14550.0,True,15250.0,1100.0
"Feb 10, 2025",DKI Jakarta,13,15700.0,True,15250.0,1100.0
"Feb 10, 2025",Jawa Tengah,14,14500.0,True,15250.0,1100.0
"Feb 10, 2025",DI Yogyakarta,15,14150.0,True,15250.0,1100.0
"Feb 10, 2025",Jawa Timur,16,14150.0,True,15250.0,1100.0
"Feb 10, 2025",Bali,17,15150.0,True,15250.0,1100.0
"Feb 10, 2025",Nusa Tenggara Barat,18,13950.0,True,15250.0,1100.0
"Feb 10, 2025",Nusa Tenggara Timur,19,15400.0,True,15250.0,1100.0
"Feb 10, 2025",Kalimantan Barat,20,16500.0,True,15250.0,1100.0
"Feb 10, 2025",Kalimantan Selatan,21,17300.0,True,15250.0,1100.0
"Feb 10, 2025",Kalimantan Tengah,22,17450.0,True,15250.0,1100.0
"Feb 10, 2025",Kalimantan Timur,23,15900.0,True,15250.0,1100.0
"Feb 10, 2025",Kalimantan Utara,24,16550.0,True,15250.0,1100.0
"Feb 10, 2025",Gorontalo,25,14700.0,True,15250.0,1100.0
"Feb 10, 2025",Sulawesi Selatan,26,13500.0,True,15250.0,1100.0
"Feb 10, 2025",Sulawesi Tenggara,27,14900.0,True,15250.0,1100.0
"Feb 10, 2025",Sulawesi Tengah,28,14650.0,True,15250.0,1100.0
"Feb 10, 2025",Sulawesi Utara,29,14100.0,True,15250.0,1100.0
"Feb 10, 2025",Sulawesi Barat,30,13450.0,True,15250.0,1100.0
"Feb 10, 2025",Maluku,31,16050.0,True,15250.0,1100.0
"Feb 10, 2025",Maluku Utara,32,16700.0,True,15250.0,1100.0
"Feb 10, 2025",Papua,33,16750.0,True,15250.0,1100.0
"Feb 10, 2025",Papua Barat,34,16500.0,True,15250.0,1100.0
"Feb 11, 2025",Aceh,1,13600.0,True,14950.0,6400.0
"Feb 11, 2025",Sumatera Utara,2,13850.0,True,14950.0,6400.0
"Feb 11, 2025",Sumatera Barat,3,0.0,False,14950.0,6400.0
"Feb 11, 2025",Riau,4,15950.0,True,14950.0,6400.0
"Feb 11, 2025",Kepulauan Riau,5,15200.0,True,14950.0,6400.0
"Feb 11, 2025",Jambi,6,15050.0,True,14950.0,6400.0
"Feb 11, 2025",Bengkulu,7,0.0,False,14950.0,6400.0
"Feb 11, 2025",Sumatera Selatan,8,14950.0,True,14950.0,6400.0
"Feb 11, 2025",Kepulauan Bangka Belitung,9,0.0,False,14950.0,6400.0
"Feb 11, 2025",Lampung,10,14500.0,True,14950.0,6400.0
"Feb 11, 2025",Banten,11,14850.0,True,14950.0,6400.0
"Feb 11, 2025",Jawa Barat,12,14550.0,True,14950.0,6400.0
"Feb 11, 2025",DKI Jakarta,13,0.0,False,14950.0,6400.0
"Feb 11, 2025",Jawa Tengah,14,14400.0,True,14950.0,6400.0
"Feb 11, 2025",DI Yogyakarta,15,14150.0,True,14950.0,6400.0
"Feb 11, 2025",Jawa Timur,16,14250.0,True,14950.0,6400.0
"Feb 11, 2025",Bali,17,15050.0,True,14950.0,6400.0
"Feb 11, 2025",Nusa Tenggara Barat,18,13850.0,True,14950.0,6400.0
"Feb 11, 2025",Nusa Tenggara Timur,19,15400.0,True,14950.0,6400.0
"Feb 11, 2025",Kalimantan Barat,20,0.0,False,14950.0,6400.0
"Feb 11, 2025",Kalimantan Selatan,21,0.0,False,14950.0,6400.0
"Feb 11, 2025",Kalimantan Tengah,22,17450.0,True,14950.0,6400.0
"Feb 11, 2025",Kalimantan Timur,23,16200.0,True,14950.0,6400.0
"Feb 11, 2025",Kalimantan Utara,24,16550.0,True,14950.0,6400.0
"Feb 11, 2025",Gorontalo,25,14700.0,True,14950.0,6400.0
"Feb 11, 2025",Sulawesi Selatan,26,13500.0,True,14950.0,6400.0
"Feb 11, 2025",Sulawesi Tenggara,27,14950.0,True,14950.0,6400.0
"Feb 11, 2025",Sulawesi Tengah,28,14650.0,True,14950.0,6400.0
"Feb 11, 2025",Sulawesi Utara,29,14100.0,True,14950.0,6400.0
"Feb 11, 2025",Sulawesi Barat,30,13450.0,True,14950.0,6400.0
"Feb 11, 2025",Maluku,31,0.0,False,14950.0,6400.0
"Feb 11, 2025",Maluku Utara,32,16700.0,True,14950.0,6400.0
"Feb 11, 2025",Papua,33,16750.0,True,14950.0,6400.0
"Feb 11, 2025",Papua Barat,34,0.0,False,14950.0,6400.0
"Feb 12, 2025",Aceh,1,13750.0,True,15250.0,1100.0
"Feb 12, 2025",Sumatera Utara,2,13900.0,True,15250.0,1100.0
"Feb 12, 2025",Sumatera Barat,3,17100.0,True,15250.0,1100.0
"Feb 12, 2025",Riau,4,15950.0,True,15250.0,1100.0
"Feb 12, 2025",Kepulauan Riau,5,15200.0,True,15250.0,1100.0
"Feb 12, 2025",Jambi,6,15050.0,True,15250.0,1100.0
"Feb 12, 2025",Bengkulu,7,15150.0,True,15250.0,1100.0
"Feb 12, 2025",Sumatera Selatan,8,14950.0,True,15250.0,1100.0
"Feb 12, 2025",Kepulauan Bangka Belitung,9,15050.0,True,15250.0,1100.0
"Feb 12, 2025",Lampung,10,14500.0,True,15250.0,1100.0
"Feb 12, 2025",Banten,11,14850.0,True,15250.0,1100.0
"Feb 12, 2025",Jawa Barat,12,14550.0,True,15250.0,1100.0
"Feb 12, 2025",DKI Jakarta,13,15700.0,True,15250.0,1100.0
"Feb 12, 2025",Jawa Tengah,14,14500.0,True,15250.0,1100.0
"Feb 12, 2025",DI Yogyakarta,15,14150.0,True,15250.0,1100.0
"Feb 12, 2025",Jawa Timur,16,14150.0,True,15250.0,1100.0
"Feb 12, 2025",Bali,17,15200.0,True,15250.0,1100.0
"Feb 12, 2025",Nusa Tenggara Barat,18,13850.0,True,15250.0,1100.0
"Feb 12, 2025",Nusa Tenggara Timur,19,15400.0,True,15250.0,1100.0
"Feb 12, 2025",Kalimantan Barat,20,16550.0,True,15250.0,1100.0
"Feb 12, 2025",Kalimantan Selatan,21,17300.0,True,15250.0,1100.0
"Feb 12, 2025",Kalimantan Tengah,22,17450.0,True,15250.0,1100.0
"Feb 12, 2025",Kalimantan Timur,23,15900.0,True,15250.0,1100.0
"Feb 12, 2025",Kalimantan Utara,24,16550.0,True,15250.0,1100.0
"Feb 12, 2025",Gorontalo,25,14700.0,True,15250.0,1100.0
"Feb 12, 2025",Sulawesi Selatan,26,13500.0,True,15250.0,1100.0
"Feb 12, 2025",Sulawesi Tenggara,27,14950.0,True,15250.0,1100.0
"Feb 12, 2025",Sulawesi Tengah,28,14650.0,True,15250.0,1100.0
"Feb 12, 2025",Sulawesi Utara,29,14100.0,True,15250.0,1100.0
"Feb 12, 2025",Sulawesi Barat,30,13500.0,True,15250.0,1100.0
"Feb 12, 2025",Maluku,31,16100.0,True,15250.0,1100.0
"Feb 12, 2025",Maluku Utara,32,16700.0,True,15250.0,1100.0
"Feb 12, 2025",Papua,33,16800.0,True,15250.0,1100.0
"Feb 12, 2025",Papua Barat,34,16500.0,True,15250.0,1100.0
"Feb 13, 2025",Aceh,1,13750.0,True,15200.0,2800.0
"Feb 13, 2025",Sumatera Utara,2,13900.0,True,15200.0,2800.0
"Feb 13, 2025",Sumatera Barat,3,17100.0,True,15200.0,2800.0
"Feb 13, 2025",Riau,4,15950.0,True,15200.0,2800.0
"Feb 13, 2025",Kepulauan Riau,5,15200.0,True,15200.0,2800.0
"Feb 13, 2025",Jambi,6,15050.0,True,15200.0,2800.0
"Feb 13, 2025",Bengkulu,7,15150.0,True,15200.0,2800.0
"Feb 13, 2025",Sumatera Selatan,8,15000.0,True,15200.0,2800.0
"Feb 13, 2025",Kepulauan Bangka Belitung,9,15050.0,True,15200.0,2800.0
"Feb 13, 2025",Lampung,10,14500.0,True,15200.0,2800.0
"Feb 13, 2025",Banten,11,14850.0,True,15200.0,2800.0
"Feb 13, 2025",Jawa Barat,12,14550.0,True,15200.0,2800.0
"Feb 13, 2025",DKI Jakarta,13,15700.0,True,15200.0,2800.0
"Feb 13, 2025",Jawa Tengah,14,14550.0,True,15200.0,2800.0
"Feb 13, 2025",DI Yogyakarta,15,14150.0,True,15200.0,2800.0
"Feb 13, 2025",Jawa Timur,16,14150.0,True,15200.0,2800.0
"Feb 13, 2025",Bali,17,15200.0,True,15200.0,2800.0
"Feb 13, 2025",Nusa Tenggara Barat,18,13850.0,True,15200.0,2800.0
"Feb 13, 2025",Nusa Tenggara Timur,19,15400.0,True,15200.0,2800.0
"Feb 13, 2025",Kalimantan Barat,20,16550.0,True,15200.0,2800.0
"Feb 13, 2025",Kalimantan Selatan,21,17300.0,True,15200.0,2800.0
"Feb 13, 2025",Kalimantan Tengah,22,17450.0,True,15200.0,2800.0
"Feb 13, 2025",Kalimantan Timur,23,15900.0,True,15200.0,2800.0
"Feb 13, 2025",Kalimantan Utara,24,16550.0,True,15200.0,2800.0
"Feb 13, 2025",Gorontalo,25,14700.0,True,15200.0,2800.0
"Feb 13, 2025",Sulawesi Selatan,26,13500.0,True,15200.0,2800.0
"Feb 13, 2025",Sulawesi Tenggara,27,14950.0,True,15200.0,2800.0
"Feb 13, 2025",Sulawesi Tengah,28,14650.0,True,15200.0,2800.0
"Feb 13, 2025",Sulawesi Utara,29,14100.0,True,15200.0,2800.0
"Feb 13, 2025",Sulawesi Barat,30,13450.0,True,15200.0,2800.0
"Feb 13, 2025",Maluku,31,0.0,False,15200.0,2800.0
"Feb 13, 2025",Maluku Utara,32,16700.0,True,15200.0,2800.0
"Feb 13, 2025",Papua,33,16800.0,True,15200.0,2800.0
"Feb 13, 2025",Papua Barat,34,16450.0,True,15200.0,2800.0
"Feb 14, 2025",Aceh,1,13750.0,True,15250.0,1100.0
"Feb 14, 2025",Sumatera Utara,2,13900.0,True,15250.0,1100.0
"Feb 14, 2025",Sumatera Barat,3,17100.0,True,15250.0,1100.0
"Feb 14, 2025",Riau,4,15950.0,True,15250.0,1100.0
"Feb 14, 2025",Kepulauan Riau,5,15200.0,True,15250.0,1100.0
"Feb 14, 2025",Jambi,6,15050.0,True,15250.0,1100.0
"Feb 14, 2025",Bengkulu,7,15200.0,True,15250.0,1100.0
"Feb 14, 2025",Sumatera Selatan,8,14900.0,True,15250.0,1100.0
"Feb 14, 2025",Kepulauan Bangka Belitung,9,15050.0,True,15250.0,1100.0
"Feb 14, 2025",Lampung,10,14500.0,True,15250.0,1100.0
"Feb 14, 2025",Banten,11,14850.0,True,15250.0,1100.0
"Feb 14, 2025",Jawa Barat,12,14550.0,True,15250.0,1100.0
"Feb 14, 2025",DKI Jakarta,13,15700.0,True,15250.0,1100.0
"Feb 14, 2025",Jawa Tengah,14,14550.0,True,15250.0,1100.0
"Feb 14, 2025",DI Yogyakarta,15,14150.0,True,15250.0,1100.0
"Feb 14, 2025",Jawa Timur,16,14150.0,True,15250.0,1100.0
"Feb 14, 2025",Bali,17,15200.0,True,15250.0,1100.0
"Feb 14, 2025",Nusa Tenggara Barat,18,13850.0,True,15250.0,1100.0
"Feb 14, 2025",Nusa Tenggara Timur,19,15400.0,True,15250.0,1100.0
"Feb 14, 2025",Kalimantan Barat,20,16550.0,True,15250.0,1100.0
"Feb 14, 2025",Kalimantan Selatan,21,17300.0,True,15250.0,1100.0
"Feb 14, 2025",Kalimantan Tengah,22,17450.0,True,15250.0,1100.0
"Feb 14, 2025",Kalimantan Timur,23,15900.0,True,15250.0,1100.0
"Feb 14, 2025",Kalimantan Utara,24,16550.0,True,15250.0,1100.0
"Feb 14, 2025",Gorontalo,25,14700.0,True,15250.0,1100.0
"Feb 14, 2025",Sulawesi Selatan,26,13500.0,True,15250.0,1100.0
"Feb 14, 2025",Sulawesi Tenggara,27,14950.0,True,15250.0,1100.0
"Feb 14, 2025",Sulawesi Tengah,28,14650.0,True,15250.0,1100.0
"Feb 14, 2025",Sulawesi Utara,29,14100.0,True,15250.0,1100.0
"Feb 14, 2025",Sulawesi Barat,30,13450.0,True,15250.0,1100.0
"Feb 14, 2025",Maluku,31,16100.0,True,15250.0,1100.0
"Feb 14, 2025",Maluku Utara,32,16700.0,True,15250.0,1100.0
"Feb 14, 2025",Papua,33,16800.0,True,15250.0,1100.0
"Feb 14, 2025",Papua Barat,34,16450.0,True,15250.0,1100.0
"Feb 15, 2025",Aceh,1,13750.0,True,15250.0,1100.0
"Feb 15, 2025",Sumatera Utara,2,13900.0,True,15250.0,1100.0
"Feb 15, 2025",Sumatera Barat,3,17100.0,True,15250.0,1100.0
"Feb 15, 2025",Riau,4,15950.0,True,15250.0,1100.0
"Feb 15, 2025",Kepulauan Riau,5,15200.0,True,15250.0,1100.0
"Feb 15, 2025",Jambi,6,15050.0,True,15250.0,1100.0
"Feb 15, 2025",Bengkulu,7,15200.0,True,15250.0,1100.0
"Feb 15, 2025",Sumatera Selatan,8,14900.0,True,15250.0,1100.0
"Feb 15, 2025",Kepulauan Bangka Belitung,9,15050.0,True,15250.0,1100.0
"Feb 15, 2025",Lampung,10,14500.0,True,15250.0,1100.0
"Feb 15, 2025",Banten,11,14850.0,True,15250.0,1100.0
"Feb 15, 2025",Jawa Barat,12,14550.0,True,15250.0,1100.0
"Feb 15, 2025",DKI Jakarta,13,15700.0,True,15250.0,1100.0
"Feb 15, 2025",Jawa Tengah,14,14550.0,True,15250.0,1100.0
"Feb 15, 2025",DI Yogyakarta,15,14150.0,True,15250.0,1100.0
"Feb 15, 2025",Jawa Timur,16,14150.0,True,15250.0,1100.0
"Feb 15, 2025",Bali,17,15200.0,True,15250.0,1100.0
"Feb 15, 2025",Nusa Tenggara Barat,18,13850.0,True,15250.0,1100.0
"Feb 15, 2025",Nusa Tenggara Timur,19,15400.0,True,15250.0,1100.0
"Feb 15, 2025",Kalimantan Barat,20,16550.0,True,15250.0,1100.0
"Feb 15, 2025",Kalimantan Selatan,21,17300.0,True,15250.0,1100.0
"Feb 15, 2025",Kalimantan Tengah,22,17450.0,True,15250.0,1100.0
"Feb 15, 2025",Kalimantan Timur,23,15900.0,True,15250.0,1100.0
"Feb 15, 2025",Kalimantan Utara,24,16550.0,True,15250.0,1100.0
"Feb 15, 2025",Gorontalo,25,14700.0,True,15250.0,1100.0
"Feb 15, 2025",Sulawesi Selatan,26,13500.0,True,15250.0,1100.0
"Feb 15, 2025",Sulawesi Tenggara,27,14950.0,True,15250.0,1100.0
"Feb 15, 2025",Sulawesi Tengah,28,14650.0,True,15250.0,1100.0
"Feb 15, 2025",Sulawesi Utara,29,14100.0,True,15250.0,1100.0
"Feb 15, 2025",Sulawesi Barat,30,13450.0,True,15250.0,1100.0
"Feb 15, 2025",Maluku,31,16100.0,True,15250.0,1100.0
"Feb 15, 2025",Maluku Utara,32,16700.0,True,15250.0,1100.0
"Feb 15, 2025",Papua,33,16800.0,True,15250.0,1100.0
"Feb 15, 2025",Papua Barat,34,16450.0,True,15250.0,1100.0
"Feb 16, 2025",Aceh,1,13750.0,True,15250.0,1100.0
"Feb 16, 2025",Sumatera Utara,2,13900.0,True,15250.0,1100.0
"Feb 16, 2025",Sumatera Barat,3,17100.0,True,15250.0,1100.0
"Feb 16, 2025",Riau,4,15950.0,True,15250.0,1100.0
"Feb 16, 2025",Kepulauan Riau,5,15200.0,True,15250.0,1100.0
"Feb 16, 2025",Jambi,6,15050.0,True,15250.0,1100.0
"Feb 16, 2025",Bengkulu,7,15200.0,True,15250.0,1100.0
"Feb 16, 2025",Sumatera Selatan,8,14900.0,True,15250.0,1100.0
"Feb 16, 2025",Kepulauan Bangka Belitung,9,15050.0,True,15250.0,1100.0
"Feb 16, 2025",Lampung,10,14500.0,True,15250.0,1100.0
"Feb 16, 2025",Banten,11,14850.0,True,15250.0,1100.0
"Feb 16, 2025",Jawa Barat,12,14550.0,True,15250.0,1100.0
"Feb 16, 2025",DKI Jakarta,13,15700.0,True,15250.0,1100.0
"Feb 16, 2025",Jawa Tengah,14,14550.0,True,15250.0,1100.0
"Feb 16, 2025",DI Yogyakarta,15,14150.0,True,15250.0,1100.0
"Feb 16, 2025",Jawa Timur,16,14150.0,True,15250.0,1100.0
"Feb 16, 2025",Bali,17,15200.0,True,15250.0,1100.0
"Feb 16, 2025",Nusa Tenggara Barat,18,13850.0,True,15250.0,1100.0
"Feb 16, 2025",Nusa Tenggara Timur,19,15400.0,True,15250.0,1100.0
"Feb 16, 2025",Kalimantan Barat,20,16550.0,True,15250.0,1100.0
"Feb 16, 2025",Kalimantan Selatan,21,17300.0,True,15250.0,1100.0
"Feb 16, 2025",Kalimantan Tengah,22,17450.0,True,15250.0,1100.0
"Feb 16, 2025",Kalimantan Timur,23,15900.0,True,15250.0,1100.0
"Feb 16, 2025",Kalimantan Utara,24,16550.0,True,15250.0,1100.0
"Feb 16, 2025",Gorontalo,25,14700.0,True,15250.0,1100.0
"Feb 16, 2025",Sulawesi Selatan,26,13500.0,True,15250.0,1100.0
"Feb 16, 2025",Sulawesi Tenggara,27,14950.0,True,15250.0,1100.0
"Feb 16, 2025",Sulawesi Tengah,28,14650.0,True,15250.0,1100.0
"Feb 16, 2025",Sulawesi Utara,29,14100.0,True,15250.0,1100.0
"Feb 16, 2025",Sulawesi Barat,30,13450.0,True,15250.0,1100.0
"Feb 16, 2025",Maluku,31,16100.0,True,15250.0,1100.0
"Feb 16, 2025",Maluku Utara,32,16700.0,True,15250.0,1100.0
"Feb 16, 2025",Papua,33,16800.0,True,15250.0,1100.0
"Feb 16, 2025",Papua Barat,34,16450.0,True,15250.0,1100.0
"Feb 17, 2025",Aceh,1,13750.0,True,15250.0,1100.0
"Feb 17, 2025",Sumatera Utara,2,13900.0,True,15250.0,1100.0
"Feb 17, 2025",Sumatera Barat,3,17050.0,True,15250.0,1100.0
"Feb 17, 2025",Riau,4,16050.0,True,15250.0,1100.0
"Feb 17, 2025",Kepulauan Riau,5,15200.0,True,15250.0,1100.0
"Feb 17, 2025",Jambi,6,15050.0,True,15250.0,1100.0
"Feb 17, 2025",Bengkulu,7,15200.0,True,15250.0,1100.0
"Feb 17, 2025",Sumatera Selatan,8,14950.0,True,15250.0,1100.0
"Feb 17, 2025",Kepulauan Bangka Belitung,9,15050.0,True,15250.0,1100.0
"Feb 17, 2025",Lampung,10,14500.0,True,15250.0,1100.0
"Feb 17, 2025",Banten,11,14850.0,True,15250.0,1100.0
"Feb 17, 2025",Jawa Barat,12,14600.0,True,15250.0,1100.0
"Feb 17, 2025",DKI Jakarta,13,15700.0,True,15250.0,1100.0
"Feb 17, 2025",Jawa Tengah,14,14550.0,True,15250.0,1100.0
"Feb 17, 2025",DI Yogyakarta,15,14150.0,True,15250.0,1100.0
"Feb 17, 2025",Jawa Timur,16,14150.0,True,15250.0,1100.0
"Feb 17, 2025",Bali,17,15250.0,True,15250.0,1100.0
"Feb 17, 2025",Nusa Tenggara Barat,18,13850.0,True,15250.0,1100.0
"Feb 17, 2025",Nusa Tenggara Timur,19,15400.0,True,15250.0,1100.0
"Feb 17, 2025",Kalimantan Barat,20,16550.0,True,15250.0,1100.0
"Feb 17, 2025",Kalimantan Selatan,21,17300.0,True,15250.0,1100.0
"Feb 17, 2025",Kalimantan Tengah,22,17450.0,True,15250.0,1100.0
"Feb 17, 2025",Kalimantan Timur,23,15900.0,True,15250.0,1100.0
"Feb 17, 2025",Kalimantan Utara,24,16550.0,True,15250.0,1100.0
"Feb 17, 2025",Gorontalo,25,14750.0,True,15250.0,1100.0
"Feb 17, 2025",Sulawesi Selatan,26,13500.0,True,15250.0,1100.0
"Feb 17, 2025",Sulawesi Tenggara,27,14950.0,True,15250.0,1100.0
"Feb 17, 2025",Sulawesi Tengah,28,14650.0,True,15250.0,1100.0
"Feb 17, 2025",Sulawesi Utara,29,14100.0,True,15250.0,1100.0
"Feb 17, 2025",Sulawesi Barat,30,13500.0,True,15250.0,1100.0
"Feb 17, 2025",Maluku,31,16200.0,True,15250.0,1100.0
"Feb 17, 2025",Maluku Utara,32,16700.0,True,15250.0,1100.0
"Feb 17, 2025",Papua,33,16800.0,True,15250.0,1100.0
"Feb 17, 2025",Papua Barat,34,16450.0,True,15250.0,1100.0
"Feb 18, 2025",Aceh,1,13750.0,True,15250.0,2800.0
"Feb 18, 2025",Sumatera Utara,2,13900.0,True,15250.0,2800.0
"Feb 18, 2025",Sumatera Barat,3,17050.0,True,15250.0,2800.0
"Feb 18, 2025",Riau,4,16050.0,True,15250.0,2800.0
"Feb 18, 2025",Kepulauan Riau,5,15200.0,True,15250.0,2800.0
"Feb 18, 2025",Jambi,6,15050.0,True,15250.0,2800.0
"Feb 18, 2025",Bengkulu,7,15200.0,True,15250.0,2800.0
"Feb 18, 2025",Sumatera Selatan,8,14950.0,True,15250.0,2800.0
"Feb 18, 2025",Kepulauan Bangka Belitung,9,15050.0,True,15250.0,2800.0
"Feb 18, 2025",Lampung,10,14500.0,True,15250.0,2800.0
"Feb 18, 2025",Banten,11,14850.0,True,15250.0,2800.0
"Feb 18, 2025",Jawa Barat,12,14550.0,True,15250.0,2800.0
"Feb 18, 2025",DKI Jakarta,13,15700.0,True,15250.0,2800.0
"Feb 18, 2025",Jawa Tengah,14,14550.0,True,15250.0,2800.0
"Feb 18, 2025",DI Yogyakarta,15,14150.0,True,15250.0,2800.0
"Feb 18, 2025",Jawa Timur,16,14150.0,True,15250.0,2800.0
"Feb 18, 2025",Bali,17,15250.0,True,15250.0,2800.0
"Feb 18, 2025",Nusa Tenggara Barat,18,13850.0,True,15250.0,2800.0
"Feb 18, 2025",Nusa Tenggara Timur,19,15400.0,True,15250.0,2800.0
"Feb 18, 2025",Kalimantan Barat,20,16550.0,True,15250.0,2800.0
"Feb 18, 2025",Kalimantan Selatan,21,17300.0,True,15250.0,2800.0
"Feb 18, 2025",Kalimantan Tengah,22,17450.0,True,15250.0,2800.0
"Feb 18, 2025",Kalimantan Timur,23,15900.0,True,15250.0,2800.0
"Feb 18, 2025",Kalimantan Utara,24,16550.0,True,15250.0,2800.0
"Feb 18, 2025",Gorontalo,25,14750.0,True,15250.0,2800.0
"Feb 18, 2025",Sulawesi Selatan,26,13500.0,True,15250.0,2800.0
"Feb 18, 2025",Sulawesi Tenggara,27,14950.0,True,15250.0,2800.0
"Feb 18, 2025",Sulawesi Tengah,28,0.0,False,15250.0,2800.0
"Feb 18, 2025",Sulawesi Utara,29,14100.0,True,15250.0,2800.0
"Feb 18, 2025",Sulawesi Barat,30,13500.0,True,15250.0,2800.0
"Feb 18, 2025",Maluku,31,16200.0,True,15250.0,2800.0
"Feb 18, 2025",Maluku Utara,32,16700.0,True,15250.0,2800.0
"Feb 18, 2025",Papua,33,16800.0,True,15250.0,2800.0
"Feb 18, 2025",Papua Barat,34,16450.0,True,15250.0,2800.0
"Feb 19, 2025",Aceh,1,13750.0,True,15250.0,1150.0
"Feb 19, 2025",Sumatera Utara,2,13800.0,True,15250.0,1150.0
"Feb 19, 2025",Sumatera Barat,3,17050.0,True,15250.0,1150.0
"Feb 19, 2025",Riau,4,16050.0,True,15250.0,1150.0
"Feb 19, 2025",Kepulauan Riau,5,15200.0,True,15250.0,1150.0
"Feb 19, 2025",Jambi,6,15050.0,True,15250.0,1150.0
"Feb 19, 2025",Bengkulu,7,15200.0,True,15250.0,1150.0
"Feb 19, 2025",Sumatera Selatan,8,14950.0,True,15250.0,1150.0
"Feb 19, 2025",Kepulauan Bangka Belitung,9,15050.0,True,15250.0,1150.0
"Feb 19, 2025",Lampung,10,14500.0,True,15250.0,1150.0
"Feb 19, 2025",Banten,11,14850.0,True,15250.0,1150.0
"Feb 19, 2025",Jawa Barat,12,14550.0,True,15250.0,1150.0
"Feb 19, 2025",DKI Jakarta,13,15700.0,True,15250.0,1150.0
"Feb 19, 2025",Jawa Tengah,14,14500.0,True,15250.0,1150.0
"Feb 19, 2025",DI Yogyakarta,15,14150.0,True,15250.0,1150.0
"Feb 19, 2025",Jawa Timur,16,14150.0,True,15250.0,1150.0
"Feb 19, 2025",Bali,17,15250.0,True,15250.0,1150.0
"Feb 19, 2025",Nusa Tenggara Barat,18,13850.0,True,15250.0,1150.0
"Feb 19, 2025",Nusa Tenggara Timur,19,15400.0,True,15250.0,1150.0
"Feb 19, 2025",Kalimantan Barat,20,16550.0,True,15250.0,1150.0
"Feb 19, 2025",Kalimantan Selatan,21,17300.0,True,15250.0,1150.0
"Feb 19, 2025",Kalimantan Tengah,22,17450.0,True,15250.0,1150.0
"Feb 19, 2025",Kalimantan Timur,23,16200.0,True,15250.0,1150.0
"Feb 19, 2025",Kalimantan Utara,24,16550.0,True,15250.0,1150.0
"Feb 19, 2025",Gorontalo,25,14750.0,True,15250.0,1150.0
"Feb 19, 2025",Sulawesi Selatan,26,13500.0,True,15250.0,1150.0
"Feb 19, 2025",Sulawesi Tenggara,27,14950.0,True,15250.0,1150.0
"Feb 19, 2025",Sulawesi Tengah,28,14650.0,True,15250.0,1150.0
"Feb 19, 2025",Sulawesi Utara,29,14100.0,True,15250.0,1150.0
"Feb 19, 2025",Sulawesi Barat,30,13500.0,True,15250.0,1150.0
"Feb 19, 2025",Maluku,31,16200.0,True,15250.0,1150.0
"Feb 19, 2025",Maluku Utara,32,16700.0,True,15250.0,1150.0
"Feb 19, 2025",Papua,33,16800.0,True,15250.0,1150.0
"Feb 19, 2025",Papua Barat,34,16450.0,True,15250.0,1150.0
"Feb 20, 2025",Aceh,1,13750.0,True,15250.0,1100.0
"Feb 20, 2025",Sumatera Utara,2,13900.0,True,15250.0,1100.0
"Feb 20, 2025",Sumatera Barat,3,17050.0,True,15250.0,1100.0
"Feb 20, 2025",Riau,4,16050.0,True,15250.0,1100.0
"Feb 20, 2025",Kepulauan Riau,5,15200.0,True,15250.0,1100.0
"Feb 20, 2025",Jambi,6,15050.0,True,15250.0,1100.0
"Feb 20, 2025",Bengkulu,7,15200.0,True,15250.0,1100.0
"Feb 20, 2025",Sumatera Selatan,8,14950.0,True,15250.0,1100.0
"Feb 20, 2025",Kepulauan Bangka Belitung,9,15050.0,True,15250.0,1100.0
"Feb 20, 2025",Lampung,10,14500.0,True,15250.0,1100.0
"Feb 20, 2025",Banten,11,14850.0,True,15250.0,1100.0
"Feb 20, 2025",Jawa Barat,12,14550.0,True,15250.0,1100.0
"Feb 20, 2025",DKI Jakarta,13,15700.0,True,15250.0,1100.0
"Feb 20, 2025",Jawa Tengah,14,14550.0,True,15250.0,1100.0
"Feb 20, 2025",DI Yogyakarta,15,14150.0,True,15250.0,1100.0
"Feb 20, 2025",Jawa Timur,16,14150.0,True,15250.0,1100.0
"Feb 20, 2025",Bali,17,15150.0,True,15250.0,1100.0
"Feb 20, 2025",Nusa Tenggara Barat,18,13850.0,True,15250.0,1100.0
"Feb 20, 2025",Nusa Tenggara Timur,19,15400.0,True,15250.0,1100.0
"Feb 20, 2025",Kalimantan Barat,20,16550.0,True,15250.0,1100.0
"Feb 20, 2025",Kalimantan Selatan,21,17300.0,True,15250.0,1100.0
"Feb 20, 2025",Kalimantan Tengah,22,17450.0,True,15250.0,1100.0
"Feb 20, 2025",Kalimantan Timur,23,15950.0,True,15250.0,1100.0
"Feb 20, 2025",Kalimantan Utara,24,16550.0,True,15250.0,1100.0
"Feb 20, 2025",Gorontalo,25,14750.0,True,15250.0,1100.0
"Feb 20, 2025",Sulawesi Selatan,26,13500.0,True,15250.0,1100.0
"Feb 20, 2025",Sulawesi Tenggara,27,14950.0,True,15250.0,1100.0
"Feb 20, 2025",Sulawesi Tengah,28,14650.0,True,15250.0,1100.0
"Feb 20, 2025",Sulawesi Utara,29,14100.0,True,15250.0,1100.0
"Feb 20, 2025",Sulawesi Barat,30,13500.0,True,15250.0,1100.0
"Feb 20, 2025",Maluku,31,16200.0,True,15250.0,1100.0
"Feb 20, 2025",Maluku Utara,32,16700.0,True,15250.0,1100.0
"Feb 20, 2025",Papua,33,16800.0,True,15250.0,1100.0
"Feb 20, 2025",Papua Barat,34,16450.0,True,15250.0,1100.0
"Feb 21, 2025",Aceh,1,13750.0,True,15150.0,4450.0
"Feb 21, 2025",Sumatera Utara,2,13800.0,True,15150.0,4450.0
"Feb 21, 2025",Sumatera Barat,3,17050.0,True,15150.0,4450.0
"Feb 21, 2025",Riau,4,16050.0,True,15150.0,4450.0
"Feb 21, 2025",Kepulauan Riau,5,15200.0,True,15150.0,4450.0
"Feb 21, 2025",Jambi,6,15050.0,True,15150.0,4450.0
"Feb 21, 2025",Bengkulu,7,15200.0,True,15150.0,4450.0
"Feb 21, 2025",Sumatera Selatan,8,14950.0,True,15150.0,4450.0
"Feb 21, 2025",Kepulauan Bangka Belitung,9,15050.0,True,15150.0,4450.0
"Feb 21, 2025",Lampung,10,14500.0,True,15150.0,4450.0
"Feb 21, 2025",Banten,11,14850.0,True,15150.0,4450.0
"Feb 21, 2025",Jawa Barat,12,14550.0,True,15150.0,4450.0
"Feb 21, 2025",DKI Jakarta,13,15700.0,True,15150.0,4450.0
"Feb 21, 2025",Jawa Tengah,14,14550.0,True,15150.0,4450.0
"Feb 21, 2025",DI Yogyakarta,15,14150.0,True,15150.0,4450.0
"Feb 21, 2025",Jawa Timur,16,14200.0,True,15150.0,4450.0
"Feb 21, 2025",Bali,17,15150.0,True,15150.0,4450.0
"Feb 21, 2025",Nusa Tenggara Barat,18,13850.0,True,15150.0,4450.0
"Feb 21, 2025",Nusa Tenggara Timur,19,15400.0,True,15150.0,4450.0
"Feb 21, 2025",Kalimantan Barat,20,16850.0,True,15150.0,4450.0
"Feb 21, 2025",Kalimantan Selatan,21,0.0,False,15150.0,4450.0
"Feb 21, 2025",Kalimantan Tengah,22,17450.0,True,15150.0,4450.0
"Feb 21, 2025",Kalimantan Timur,23,15950.0,True,15150.0,4450.0
"Feb 21, 2025",Kalimantan Utara,24,0.0,False,15150.0,4450.0
"Feb 21, 2025",Gorontalo,25,14750.0,True,15150.0,4450.0
"Feb 21, 2025",Sulawesi Selatan,26,13500.0,True,15150.0,4450.0
"Feb 21, 2025",Sulawesi Tenggara,27,14950.0,True,15150.0,4450.0
"Feb 21, 2025",Sulawesi Tengah,28,0.0,False,15150.0,4450.0
"Feb 21, 2025",Sulawesi Utara,29,14100.0,True,15150.0,4450.0
"Feb 21, 2025",Sulawesi Barat,30,13500.0,True,15150.0,4450.0
"Feb 21, 2025",Maluku,31,16200.0,True,15150.0,4450.0
"Feb 21, 2025",Maluku Utara,32,16700.0,True,15150.0,4450.0
"Feb 21, 2025",Papua,33,16800.0,True,15150.0,4450.0
"Feb 21, 2025",Papua Barat,34,16450.0,True,15150.0,4450.0
"Feb 22, 2025",Aceh,1,13750.0,True,15150.0,4450.0
"Feb 22, 2025",Sumatera Utara,2,13800.0,True,15150.0,4450.0
"Feb 22, 2025",Sumatera Barat,3,17050.0,True,15150.0,4450.0
"Feb 22, 2025",Riau,4,16050.0,True,15150.0,4450.0
"Feb 22, 2025",Kepulauan Riau,5,15200.0,True,15150.0,4450.0
"Feb 22, 2025",Jambi,6,15050.0,True,15150.0,4450.0
"Feb 22, 2025",Bengkulu,7,15200.0,True,15150.0,4450.0
"Feb 22, 2025",Sumatera Selatan,8,14950.0,True,15150.0,4450.0
"Feb 22, 2025",Kepulauan Bangka Belitung,9,15050.0,True,15150.0,4450.0
"Feb 22, 2025",Lampung,10,14500.0,True,15150.0,4450.0
"Feb 22, 2025",Banten,11,14850.0,True,15150.0,4450.0
"Feb 22, 2025",Jawa Barat,12,14550.0,True,15150.0,4450.0
"Feb 22, 2025",DKI Jakarta,13,15700.0,True,15150.0,4450.0
"Feb 22, 2025",Jawa Tengah,14,14550.0,True,15150.0,4450.0
"Feb 22, 2025",DI Yogyakarta,15,14150.0,True,15150.0,4450.0
"Feb 22, 2025",Jawa Timur,16,14200.0,True,15150.0,4450.0
"Feb 22, 2025",Bali,17,15150.0,True,15150.0,4450.0
"Feb 22, 2025",Nusa Tenggara Barat,18,13850.0,True,15150.0,4450.0
"Feb 22, 2025",Nusa Tenggara Timur,19,15400.0,True,15150.0,4450.0
"Feb 22, 2025",Kalimantan Barat,20,16850.0,True,15150.0,4450.0
"Feb 22, 2025",Kalimantan Selatan,21,0.0,False,15150.0,4450.0
"Feb 22, 2025",Kalimantan Tengah,22,17450.0,True,15150.0,4450.0
"Feb 22, 2025",Kalimantan Timur,23,15950.0,True,15150.0,4450.0
"Feb 22, 2025",Kalimantan Utara,24,0.0,False,15150.0,4450.0
"Feb 22, 2025",Gorontalo,25,14750.0,True,15150.0,4450.0
"Feb 22, 2025",Sulawesi Selatan,26,13500.0,True,15150.0,4450.0
"Feb 22, 2025",Sulawesi Tenggara,27,14950.0,True,15150.0,4450.0
"Feb 22, 2025",Sulawesi Tengah,28,0.0,False,15150.0,4450.0
"Feb 22, 2025",Sulawesi Utara,29,14100.0,True,15150.0,4450.0
"Feb 22, 2025",Sulawesi Barat,30,13500.0,True,15150.0,4450.0
"Feb 22, 2025",Maluku,31,16200.0,True,15150.0,4450.0
"Feb 22, 2025",Maluku Utara,32,16700.0,True,15150.0,4450.0
"Feb 22, 2025",Papua,33,16800.0,True,15150.0,4450.0
"Feb 22, 2025",Papua Barat,34,16450.0,True,15150.0,4450.0
"Feb 23, 2025",Aceh,1,13750.0,True,15150.0,4450.0
"Feb 23, 2025",Sumatera Utara,2,13800.0,True,15150.0,4450.0
"Feb 23, 2025",Sumatera Barat,3,17050.0,True,15150.0,4450.0
"Feb 23, 2025",Riau,4,16050.0,True,15150.0,4450.0
"Feb 23, 2025",Kepulauan Riau,5,15200.0,True,15150.0,4450.0
"Feb 23, 2025",Jambi,6,15050.0,True,15150.0,4450.0
"Feb 23, 2025",Bengkulu,7,15200.0,True,15150.0,4450.0
"Feb 23, 2025",Sumatera Selatan,8,14950.0,True,15150.0,4450.0
"Feb 23, 2025",Kepulauan Bangka Belitung,9,15050.0,True,15150.0,4450.0
"Feb 23, 2025",Lampung,10,14500.0,True,15150.0,4450.0
"Feb 23, 2025",Banten,11,14850.0,True,15150.0,4450.0
"Feb 23, 2025",Jawa Barat,12,14550.0,True,15150.0,4450.0
"Feb 23, 2025",DKI Jakarta,13,15700.0,True,15150.0,4450.0
"Feb 23, 2025",Jawa Tengah,14,14550.0,True,15150.0,4450.0
"Feb 23, 2025",DI Yogyakarta,15,14150.0,True,15150.0,4450.0
"Feb 23, 2025",Jawa Timur,16,14200.0,True,15150.0,4450.0
"Feb 23, 2025",Bali,17,15150.0,True,15150.0,4450.0
"Feb 23, 2025",Nusa Tenggara Barat,18,13850.0,True,15150.0,4450.0
"Feb 23, 2025",Nusa Tenggara Timur,19,15400.0,True,15150.0,4450.0
"Feb 23, 2025",Kalimantan Barat,20,16850.0,True,15150.0,4450.0
"Feb 23, 2025",Kalimantan Selatan,21,0.0,False,15150.0,4450.0
"Feb 23, 2025",Kalimantan Tengah,22,17450.0,True,15150.0,4450.0
"Feb 23, 2025",Kalimantan Timur,23,15950.0,True,15150.0,4450.0
"Feb 23, 2025",Kalimantan Utara,24,0.0,False,15150.0,4450.0
"Feb 23, 2025",Gorontalo,25,14750.0,True,15150.0,4450.0
"Feb 23, 2025",Sulawesi Selatan,26,13500.0,True,15150.0,4450.0
"Feb 23, 2025",Sulawesi Tenggara,27,14950.0,True,15150.0,4450.0
"Feb 23, 2025",Sulawesi Tengah,28,0.0,False,15150.0,4450.0
"Feb 23, 2025",Sulawesi Utara,29,14100.0,True,15150.0,4450.0
"Feb 23, 2025",Sulawesi Barat,30,13500.0,True,15150.0,4450.0
"Feb 23, 2025",Maluku,31,16200.0,True,15150.0,4450.0
"Feb 23, 2025",Maluku Utara,32,16700.0,True,15150.0,4450.0
"Feb 23, 2025",Papua,33,16800.0,True,15150.0,4450.0
"Feb 23, 2025",Papua Barat,34,16450.0,True,15150.0,4450.0
"Feb 24, 2025",Aceh,1,13750.0,True,15200.0,1050.0
"Feb 24, 2025",Sumatera Utara,2,13900.0,True,15200.0,1050.0
"Feb 24, 2025",Sumatera Barat,3,17050.0,True,15200.0,1050.0
"Feb 24, 2025",Riau,4,16050.0,True,15200.0,1050.0
"Feb 24, 2025",Kepulauan Riau,5,15200.0,True,15200.0,1050.0
"Feb 24, 2025",Jambi,6,15050.0,True,15200.0,1050.0
"Feb 24, 2025",Bengkulu,7,15200.0,True,15200.0,1050.0
"Feb 24, 2025",Sumatera Selatan,8,14950.0,True,15200.0,1050.0
"Feb 24, 2025",Kepulauan Bangka Belitung,9,15050.0,True,15200.0,1050.0
"Feb 24, 2025",Lampung,10,14500.0,True,15200.0,1050.0
"Feb 24, 2025",Banten,11,14850.0,True,15200.0,1050.0
"Feb 24, 2025",Jawa Barat,12,14550.0,True,15200.0,1050.0
"Feb 24, 2025",DKI Jakarta,13,15700.0,True,15200.0,1050.0
"Feb 24, 2025",Jawa Tengah,14,14550.0,True,15200.0,1050.0
"Feb 24, 2025",DI Yogyakarta,15,14150.0,True,15200.0,1050.0
"Feb 24, 2025",Jawa Timur,16,14250.0,True,15200.0,1050.0
"Feb 24, 2025",Bali,17,15250.0,True,15200.0,1050.0
"Feb 24, 2025",Nusa Tenggara Barat,18,13850.0,True,15200.0,1050.0
"Feb 24, 2025",Nusa Tenggara Timur,19,15400.0,True,15200.0,1050.0
"Feb 24, 2025",Kalimantan Barat,20,16550.0,True,15200.0,1050.0
"Feb 24, 2025",Kalimantan Selatan,21,15500.0,True,15200.0,1050.0
"Feb 24, 2025",Kalimantan Tengah,22,17450.0,True,15200.0,1050.0
"Feb 24, 2025",Kalimantan Timur,23,15950.0,True,15200.0,1050.0
"Feb 24, 2025",Kalimantan Utara,24,16500.0,True,15200.0,1050.0
"Feb 24, 2025",Gorontalo,25,14750.0,True,15200.0,1050.0
"Feb 24, 2025",Sulawesi Selatan,26,13550.0,True,15200.0,1050.0
"Feb 24, 2025",Sulawesi Tenggara,27,14950.0,True,15200.0,1050.0
"Feb 24, 2025",Sulawesi Tengah,28,14600.0,True,15200.0,1050.0
"Feb 24, 2025",Sulawesi Utara,29,14100.0,True,15200.0,1050.0
"Feb 24, 2025",Sulawesi Barat,30,13550.0,True,15200.0,1050.0
"Feb 24, 2025",Maluku,31,16200.0,True,15200.0,1050.0
"Feb 24, 2025",Maluku Utara,32,16700.0,True,15200.0,1050.0
"Feb 24, 2025",Papua,33,16800.0,True,15200.0,1050.0
"Feb 24, 2025",Papua Barat,34,16450.0,True,15200.0,1050.0
"Feb 25, 2025",Aceh,1,13750.0,True,15200.0,1050.0
"Feb 25, 2025",Sumatera Utara,2,13900.0,True,15200.0,1050.0
"Feb 25, 2025",Sumatera Barat,3,17100.0,True,15200.0,1050.0
"Feb 25, 2025",Riau,4,16050.0,True,15200.0,1050.0
"Feb 25, 2025",Kepulauan Riau,5,15200.0,True,15200.0,1050.0
"Feb 25, 2025",Jambi,6,15050.0,True,15200.0,1050.0
"Feb 25, 2025",Bengkulu,7,15200.0,True,15200.0,1050.0
"Feb 25, 2025",Sumatera Selatan,8,14950.0,True,15200.0,1050.0
"Feb 25, 2025",Kepulauan Bangka Belitung,9,15050.0,True,15200.0,1050.0
"Feb 25, 2025",Lampung,10,14550.0,True,15200.0,1050.0
"Feb 25, 2025",Banten,11,14850.0,True,15200.0,1050.0
"Feb 25, 2025",Jawa Barat,12,14550.0,True,15200.0,1050.0
"Feb 25, 2025",DKI Jakarta,13,15750.0,True,15200.0,1050.0
"Feb 25, 2025",Jawa Tengah,14,14550.0,True,15200.0,1050.0
"Feb 25, 2025",DI Yogyakarta,15,14150.0,True,15200.0,1050.0
"Feb 25, 2025",Jawa Timur,16,14200.0,True,15200.0,1050.0
"Feb 25, 2025",Bali,17,15250.0,True,15200.0,1050.0
"Feb 25, 2025",Nusa Tenggara Barat,18,13850.0,True,15200.0,1050.0
"Feb 25, 2025",Nusa Tenggara Timur,19,15400.0,True,15200.0,1050.0
"Feb 25, 2025",Kalimantan Barat,20,16550.0,True,15200.0,1050.0
"Feb 25, 2025",Kalimantan Selatan,21,16050.0,True,15200.0,1050.0
"Feb 25, 2025",Kalimantan Tengah,22,17450.0,True,15200.0,1050.0
"Feb 25, 2025",Kalimantan Timur,23,15950.0,True,15200.0,1050.0
"Feb 25, 2025",Kalimantan Utara,24,16500.0,True,15200.0,1050.0
"Feb 25, 2025",Gorontalo,25,14750.0,True,15200.0,1050.0
"Feb 25, 2025",Sulawesi Selatan,26,13550.0,True,15200.0,1050.0
"Feb 25, 2025",Sulawesi Tenggara,27,14950.0,True,15200.0,1050.0
"Feb 25, 2025",Sulawesi Tengah,28,14600.0,True,15200.0,1050.0
"Feb 25, 2025",Sulawesi Utara,29,14100.0,True,15200.0,1050.0
"Feb 25, 2025",Sulawesi Barat,30,13500.0,True,15200.0,1050.0
"Feb 25, 2025",Maluku,31,16200.0,True,15200.0,1050.0
"Feb 25, 2025",Maluku Utara,32,16700.0,True,15200.0,1050.0
"Feb 25, 2025",Papua,33,16800.0,True,15200.0,1050.0
"Feb 25, 2025",Papua Barat,34,16450.0,True,15200.0,1050.0
"Feb 26, 2025",Aceh,1,13750.0,True,15200.0,2800.0
"Feb 26, 2025",Sumatera Utara,2,13900.0,True,15200.0,2800.0
"Feb 26, 2025",Sumatera Barat,3,17100.0,True,15200.0,2800.0
"Feb 26, 2025",Riau,4,16050.0,True,15200.0,2800.0
"Feb 26, 2025",Kepulauan Riau,5,15200.0,True,15200.0,2800.0
"Feb 26, 2025",Jambi,6,15050.0,True,15200.0,2800.0
"Feb 26, 2025",Bengkulu,7,15200.0,True,15200.0,2800.0
"Feb 26, 2025",Sumatera Selatan,8,14950.0,True,15200.0,2800.0
"Feb 26, 2025",Kepulauan Bangka Belitung,9,15050.0,True,15200.0,2800.0
"Feb 26, 2025",Lampung,10,14550.0,True,15200.0,2800.0
"Feb 26, 2025",Banten,11,14850.0,True,15200.0,2800.0
"Feb 26, 2025",Jawa Barat,12,14600.0,True,15200.0,2800.0
"Feb 26, 2025",DKI Jakarta,13,15750.0,True,15200.0,2800.0
"Feb 26, 2025",Jawa Tengah,14,14600.0,True,15200.0,2800.0
"Feb 26, 2025",DI Yogyakarta,15,14150.0,True,15200.0,2800.0
"Feb 26, 2025",Jawa Timur,16,14200.0,True,15200.0,2800.0
"Feb 26, 2025",Bali,17,15350.0,True,15200.0,2800.0
"Feb 26, 2025",Nusa Tenggara Barat,18,13850.0,True,15200.0,2800.0
"Feb 26, 2025",Nusa Tenggara Timur,19,15400.0,True,15200.0,2800.0
"Feb 26, 2025",Kalimantan Barat,20,16550.0,True,15200.0,2800.0
"Feb 26, 2025",Kalimantan Selatan,21,17100.0,True,15200.0,2800.0
"Feb 26, 2025",Kalimantan Tengah,22,17450.0,True,15200.0,2800.0
"Feb 26, 2025",Kalimantan Timur,23,15850.0,True,15200.0,2800.0
"Feb 26, 2025",Kalimantan Utara,24,16500.0,True,15200.0,2800.0
"Feb 26, 2025",Gorontalo,25,14750.0,True,15200.0,2800.0
"Feb 26, 2025",Sulawesi Selatan,26,13550.0,True,15200.0,2800.0
"Feb 26, 2025",Sulawesi Tenggara,27,14950.0,True,15200.0,2800.0
"Feb 26, 2025",Sulawesi Tengah,28,14600.0,True,15200.0,2800.0
"Feb 26, 2025",Sulawesi Utara,29,14050.0,True,15200.0,2800.0
"Feb 26, 2025",Sulawesi Barat,30,13500.0,True,15200.0,2800.0
"Feb 26, 2025",Maluku,31,16200.0,True,15200.0,2800.0
"Feb 26, 2025",Maluku Utara,32,0.0,False,15200.0,2800.0
"Feb 26, 2025",Papua,33,16800.0,True,15200.0,2800.0
"Feb 26, 2025",Papua Barat,34,16450.0,True,15200.0,2800.0
"Feb 27, 2025",Aceh,1,13750.0,True,15250.0,1100.0
"Feb 27, 2025",Sumatera Utara,2,13900.0,True,15250.0,1100.0
"Feb 27, 2025",Sumatera Barat,3,17100.0,True,15250.0,1100.0
"Feb 27, 2025",Riau,4,16050.0,True,15250.0,1100.0
"Feb 27, 2025",Kepulauan Riau,5,15200.0,True,15250.0,1100.0
"Feb 27, 2025",Jambi,6,15050.0,True,15250.0,1100.0
"Feb 27, 2025",Bengkulu,7,15250.0,True,15250.0,1100.0
"Feb 27, 2025",Sumatera Selatan,8,14950.0,True,15250.0,1100.0
"Feb 27, 2025",Kepulauan Bangka Belitung,9,15050.0,True,15250.0,1100.0
"Feb 27, 2025",Lampung,10,14550.0,True,15250.0,1100.0
"Feb 27, 2025",Banten,11,14850.0,True,15250.0,1100.0
"Feb 27, 2025",Jawa Barat,12,14500.0,True,15250.0,1100.0
"Feb 27, 2025",DKI Jakarta,13,15750.0,True,15250.0,1100.0
"Feb 27, 2025",Jawa Tengah,14,14550.0,True,15250.0,1100.0
"Feb 27, 2025",DI Yogyakarta,15,14150.0,True,15250.0,1100.0
"Feb 27, 2025",Jawa Timur,16,14200.0,True,15250.0,1100.0
"Feb 27, 2025",Bali,17,15350.0,True,15250.0,1100.0
"Feb 27, 2025",Nusa Tenggara Barat,18,13850.0,True,15250.0,1100.0
"Feb 27, 2025",Nusa Tenggara Timur,19,15400.0,True,15250.0,1100.0
"Feb 27, 2025",Kalimantan Barat,20,16500.0,True,15250.0,1100.0
"Feb 27, 2025",Kalimantan Selatan,21,17100.0,True,15250.0,1100.0
"Feb 27, 2025",Kalimantan Tengah,22,17450.0,True,15250.0,1100.0
"Feb 27, 2025",Kalimantan Timur,23,15950.0,True,15250.0,1100.0
"Feb 27, 2025",Kalimantan Utara,24,16550.0,True,15250.0,1100.0
"Feb 27, 2025",Gorontalo,25,14750.0,True,15250.0,1100.0
"Feb 27, 2025",Sulawesi Selatan,26,13550.0,True,15250.0,1100.0
"Feb 27, 2025",Sulawesi Tenggara,27,14950.0,True,15250.0,1100.0
"Feb 27, 2025",Sulawesi Tengah,28,14600.0,True,15250.0,1100.0
"Feb 27, 2025",Sulawesi Utara,29,14100.0,True,15250.0,1100.0
"Feb 27, 2025",Sulawesi Barat,30,13500.0,True,15250.0,1100.0
"Feb 27, 2025",Maluku,31,16200.0,True,15250.0,1100.0
"Feb 27, 2025",Maluku Utara,32,16700.0,True,15250.0,1100.0
"Feb 27, 2025",Papua,33,16800.0,True,15250.0,1100.0
"Feb 27, 2025",Papua Barat,34,16450.0,True,15250.0,1100.0
"Feb 28, 2025",Aceh,1,13750.0,True,15200.0,2800.0
"Feb 28, 2025",Sumatera Utara,2,13900.0,True,15200.0,2800.0
"Feb 28, 2025",Sumatera Barat,3,17050.0,True,15200.0,2800.0
"Feb 28, 2025",Riau,4,16050.0,True,15200.0,2800.0
"Feb 28, 2025",Kepulauan Riau,5,15200.0,True,15200.0,2800.0
"Feb 28, 2025",Jambi,6,15050.0,True,15200.0,2800.0
"Feb 28, 2025",Bengkulu,7,15300.0,True,15200.0,2800.0
"Feb 28, 2025",Sumatera Selatan,8,14950.0,True,15200.0,2800.0
"Feb 28, 2025",Kepulauan Bangka Belitung,9,15050.0,True,15200.0,2800.0
"Feb 28, 2025",Lampung,10,14550.0,True,15200.0,2800.0
"Feb 28, 2025",Banten,11,14850.0,True,15200.0,2800.0
"Feb 28, 2025",Jawa Barat,12,14600.0,True,15200.0,2800.0
"Feb 28, 2025",DKI Jakarta,13,15650.0,True,15200.0,2800.0
"Feb 28, 2025",Jawa Tengah,14,14600.0,True,15200.0,2800.0
"Feb 28, 2025",DI Yogyakarta,15,14150.0,True,15200.0,2800.0
"Feb 28, 2025",Jawa Timur,16,14200.0,True,15200.0,2800.0
"Feb 28, 2025",Bali,17,15150.0,True,15200.0,2800.0
"Feb 28, 2025",Nusa Tenggara Barat,18,13950.0,True,15200.0,2800.0
"Feb 28, 2025",Nusa Tenggara Timur,19,15350.0,True,15200.0,2800.0
"Feb 28, 2025",Kalimantan Barat,20,16500.0,True,15200.0,2800.0
"Feb 28, 2025",Kalimantan Selatan,21,17100.0,True,15200.0,2800.0
"Feb 28, 2025",Kalimantan Tengah,22,17450.0,True,15200.0,2800.0
"Feb 28, 2025",Kalimantan Timur,23,15950.0,True,15200.0,2800.0
"Feb 28, 2025",Kalimantan Utara,24,16550.0,True,15200.0,2800.0
"Feb 28, 2025",Gorontalo,25,14750.0,True,15200.0,2800.0
"Feb 28, 2025",Sulawesi Selatan,26,13500.0,True,15200.0,2800.0
"Feb 28, 2025",Sulawesi Tenggara,27,15000.0,True,15200.0,2800.0
"Feb 28, 2025",Sulawesi Tengah,28,14600.0,True,15200.0,2800.0
"Feb 28, 2025",Sulawesi Utara,29,14100.0,True,15200.0,2800.0
"Feb 28, 2025",Sulawesi Barat,30,13500.0,True,15200.0,2800.0
"Feb 28, 2025",Maluku,31,16150.0,True,15200.0,2800.0
"Feb 28, 2025",Maluku Utara,32,0.0,False,15200.0,2800.0
"Feb 28, 2025",Papua,33,16800.0,True,15200.0,2800.0
"Feb 28, 2025",Papua Barat,34,16450.0,True,15200.0,2800.0
"Mar 1, 2025",Aceh,1,13750.0,True,15200.0,2800.0
"Mar 1, 2025",Sumatera Utara,2,13900.0,True,15200.0,2800.0
"Mar 1, 2025",Sumatera Barat,3,17050.0,True,15200.0,2800.0
"Mar 1, 2025",Riau,4,16050.0,True,15200.0,2800.0
"Mar 1, 2025",Kepulauan Riau,5,15200.0,True,15200.0,2800.0
"Mar 1, 2025",Jambi,6,15050.0,True,15200.0,2800.0
"Mar 1, 2025",Bengkulu,7,15300.0,True,15200.0,2800.0
"Mar 1, 2025",Sumatera Selatan,8,14950.0,True,15200.0,2800.0
"Mar 1, 2025",Kepulauan Bangka Belitung,9,15050.0,True,15200.0,2800.0
"Mar 1, 2025",Lampung,10,14550.0,True,15200.0,2800.0
"Mar 1, 2025",Banten,11,14850.0,True,15200.0,2800.0
"Mar 1, 2025",Jawa Barat,12,14600.0,True,15200.0,2800.0
"Mar 1, 2025",DKI Jakarta,13,15650.0,True,15200.0,2800.0
"Mar 1, 2025",Jawa Tengah,14,14600.0,True,15200.0,2800.0
"Mar 1, 2025",DI Yogyakarta,15,14150.0,True,15200.0,2800.0
"Mar 1, 2025",Jawa Timur,16,14200.0,True,15200.0,2800.0
"Mar 1, 2025",Bali,17,15150.0,True,15200.0,2800.0
"Mar 1, 2025",Nusa Tenggara Barat,18,13950.0,True,15200.0,2800.0
"Mar 1, 2025",Nusa Tenggara Timur,19,15350.0,True,15200.0,2800.0
"Mar 1, 2025",Kalimantan Barat,20,16500.0,True,15200.0,2800.0
"Mar 1, 2025",Kalimantan Selatan,21,17100.0,True,15200.0,2800.0
"Mar 1, 2025",Kalimantan Tengah,22,17450.0,True,15200.0,2800.0
"Mar 1, 2025",Kalimantan Timur,23,15950.0,True,15200.0,2800.0
"Mar 1, 2025",Kalimantan Utara,24,16550.0,True,15200.0,2800.0
"Mar 1, 2025",Gorontalo,25,14750.0,True,15200.0,2800.0
"Mar 1, 2025",Sulawesi Selatan,26,13500.0,True,15200.0,2800.0
"Mar 1, 2025",Sulawesi Tenggara,27,15000.0,True,15200.0,2800.0
"Mar 1, 2025",Sulawesi Tengah,28,14600.0,True,15200.0,2800.0
"Mar 1, 2025",Sulawesi Utara,29,14100.0,True,15200.0,2800.0
"Mar 1, 2025",Sulawesi Barat,30,13500.0,True,15200.0,2800.0
"Mar 1, 2025",Maluku,31,16150.0,True,15200.0,2800.0
"Mar 1, 2025",Maluku Utara,32,0.0,False,15200.0,2800.0
"Mar 1, 2025",Papua,33,16800.0,True,15200.0,2800.0
"Mar 1, 2025",Papua Barat,34,16450.0,True,15200.0,2800.0
"Mar 2, 2025",Aceh,1,13750.0,True,15200.0,2800.0
"Mar 2, 2025",Sumatera Utara,2,13900.0,True,15200.0,2800.0
"Mar 2, 2025",Sumatera Barat,3,17050.0,True,15200.0,2800.0
"Mar 2, 2025",Riau,4,16050.0,True,15200.0,2800.0
"Mar 2, 2025",Kepulauan Riau,5,15200.0,True,15200.0,2800.0
"Mar 2, 2025",Jambi,6,15050.0,True,15200.0,2800.0
"Mar 2, 2025",Bengkulu,7,15300.0,True,15200.0,2800.0
"Mar 2, 2025",Sumatera Selatan,8,14950.0,True,15200.0,2800.0
"Mar 2, 2025",Kepulauan Bangka Belitung,9,15050.0,True,15200.0,2800.0
"Mar 2, 2025",Lampung,10,14550.0,True,15200.0,2800.0
"Mar 2, 2025",Banten,11,14850.0,True,15200.0,2800.0
"Mar 2, 2025",Jawa Barat,12,14600.0,True,15200.0,2800.0
"Mar 2, 2025",DKI Jakarta,13,15650.0,True,15200.0,2800.0
"Mar 2, 2025",Jawa Tengah,14,14600.0,True,15200.0,2800.0
"Mar 2, 2025",DI Yogyakarta,15,14150.0,True,15200.0,2800.0
"Mar 2, 2025",Jawa Timur,16,14200.0,True,15200.0,2800.0
"Mar 2, 2025",Bali,17,15150.0,True,15200.0,2800.0
"Mar 2, 2025",Nusa Tenggara Barat,18,13950.0,True,15200.0,2800.0
"Mar 2, 2025",Nusa Tenggara Timur,19,15350.0,True,15200.0,2800.0
"Mar 2, 2025",Kalimantan Barat,20,16500.0,True,15200.0,2800.0
"Mar 2, 2025",Kalimantan Selatan,21,17100.0,True,15200.0,2800.0
"Mar 2, 2025",Kalimantan Tengah,22,17450.0,True,15200.0,2800.0
"Mar 2, 2025",Kalimantan Timur,23,15950.0,True,15200.0,2800.0
"Mar 2, 2025",Kalimantan Utara,24,16550.0,True,15200.0,2800.0
"Mar 2, 2025",Gorontalo,25,14750.0,True,15200.0,2800.0
"Mar 2, 2025",Sulawesi Selatan,26,13500.0,True,15200.0,2800.0
"Mar 2, 2025",Sulawesi Tenggara,27,15000.0,True,15200.0,2800.0
"Mar 2, 2025",Sulawesi Tengah,28,14600.0,True,15200.0,2800.0
"Mar 2, 2025",Sulawesi Utara,29,14100.0,True,15200.0,2800.0
"Mar 2, 2025",Sulawesi Barat,30,13500.0,True,15200.0,2800.0
"Mar 2, 2025",Maluku,31,16150.0,True,15200.0,2800.0
"Mar 2, 2025",Maluku Utara,32,0.0,False,15200.0,2800.0
"Mar 2, 2025",Papua,33,16800.0,True,15200.0,2800.0
"Mar 2, 2025",Papua Barat,34,16450.0,True,15200.0,2800.0
"Mar 3, 2025",Aceh,1,13750.0,True,15250.0,1100.0
"Mar 3, 2025",Sumatera Utara,2,13950.0,True,15250.0,1100.0
"Mar 3, 2025",Sumatera Barat,3,17100.0,True,15250.0,1100.0
"Mar 3, 2025",Riau,4,16050.0,True,15250.0,1100.0
"Mar 3, 2025",Kepulauan Riau,5,15200.0,True,15250.0,1100.0
"Mar 3, 2025",Jambi,6,15050.0,True,15250.0,1100.0
"Mar 3, 2025",Bengkulu,7,15300.0,True,15250.0,1100.0
"Mar 3, 2025",Sumatera Selatan,8,14950.0,True,15250.0,1100.0
"Mar 3, 2025",Kepulauan Bangka Belitung,9,15050.0,True,15250.0,1100.0
"Mar 3, 2025",Lampung,10,14550.0,True,15250.0,1100.0
"Mar 3, 2025",Banten,11,14850.0,True,15250.0,1100.0
"Mar 3, 2025",Jawa Barat,12,14550.0,True,15250.0,1100.0
"Mar 3, 2025",DKI Jakarta,13,15700.0,True,15250.0,1100.0
"Mar 3, 2025",Jawa Tengah,14,14600.0,True,15250.0,1100.0
"Mar 3, 2025",DI Yogyakarta,15,14300.0,True,15250.0,1100.0
"Mar 3, 2025",Jawa Timur,16,14200.0,True,15250.0,1100.0
"Mar 3, 2025",Bali,17,15350.0,True,15250.0,1100.0
"Mar 3, 2025",Nusa Tenggara Barat,18,13850.0,True,15250.0,1100.0
"Mar 3, 2025",Nusa Tenggara Timur,19,15400.0,True,15250.0,1100.0
"Mar 3, 2025",Kalimantan Barat,20,16500.0,True,15250.0,1100.0
"Mar 3, 2025",Kalimantan Selatan,21,17100.0,True,15250.0,1100.0
"Mar 3, 2025",Kalimantan Tengah,22,17450.0,True,15250.0,1100.0
"Mar 3, 2025",Kalimantan Timur,23,16000.0,True,15250.0,1100.0
"Mar 3, 2025",Kalimantan Utara,24,16550.0,True,15250.0,1100.0
"Mar 3, 2025",Gorontalo,25,14750.0,True,15250.0,1100.0
"Mar 3, 2025",Sulawesi Selatan,26,13550.0,True,15250.0,1100.0
"Mar 3, 2025",Sulawesi Tenggara,27,15000.0,True,15250.0,1100.0
"Mar 3, 2025",Sulawesi Tengah,28,14600.0,True,15250.0,1100.0
"Mar 3, 2025",Sulawesi Utara,29,14100.0,True,15250.0,1100.0
"Mar 3, 2025",Sulawesi Barat,30,13500.0,True,15250.0,1100.0
"Mar 3, 2025",Maluku,31,16200.0,True,15250.0,1100.0
"Mar 3, 2025",Maluku Utara,32,16700.0,True,15250.0,1100.0
"Mar 3, 2025",Papua,33,16800.0,True,15250.0,1100.0
"Mar 3, 2025",Papua Barat,34,16450.0,True,15250.0,1100.0
"Mar 4, 2025",Aceh,1,13750.0,True,15250.0,1100.0
"Mar 4, 2025",Sumatera Utara,2,13950.0,True,15250.0,1100.0
"Mar 4, 2025",Sumatera Barat,3,17100.0,True,15250.0,1100.0
"Mar 4, 2025",Riau,4,16050.0,True,15250.0,1100.0
"Mar 4, 2025",Kepulauan Riau,5,15100.0,True,15250.0,1100.0
"Mar 4, 2025",Jambi,6,15050.0,True,15250.0,1100.0
"Mar 4, 2025",Bengkulu,7,15300.0,True,15250.0,1100.0
"Mar 4, 2025",Sumatera Selatan,8,14950.0,True,15250.0,1100.0
"Mar 4, 2025",Kepulauan Bangka Belitung,9,15050.0,True,15250.0,1100.0
"Mar 4, 2025",Lampung,10,14550.0,True,15250.0,1100.0
"Mar 4, 2025",Banten,11,14850.0,True,15250.0,1100.0
"Mar 4, 2025",Jawa Barat,12,14600.0,True,15250.0,1100.0
"Mar 4, 2025",DKI Jakarta,13,15700.0,True,15250.0,1100.0
"Mar 4, 2025",Jawa Tengah,14,14650.0,True,15250.0,1100.0
"Mar 4, 2025",DI Yogyakarta,15,14300.0,True,15250.0,1100.0
"Mar 4, 2025",Jawa Timur,16,14200.0,True,15250.0,1100.0
"Mar 4, 2025",Bali,17,15350.0,True,15250.0,1100.0
"Mar 4, 2025",Nusa Tenggara Barat,18,13850.0,True,15250.0,1100.0
"Mar 4, 2025",Nusa Tenggara Timur,19,15400.0,True,15250.0,1100.0
"Mar 4, 2025",Kalimantan Barat,20,16450.0,True,15250.0,1100.0
"Mar 4, 2025",Kalimantan Selatan,21,17100.0,True,15250.0,1100.0
"Mar 4, 2025",Kalimantan Tengah,22,17450.0,True,15250.0,1100.0
"Mar 4, 2025",Kalimantan Timur,23,16000.0,True,15250.0,1100.0
"Mar 4, 2025",Kalimantan Utara,24,16550.0,True,15250.0,1100.0
"Mar 4, 2025",Gorontalo,25,14750.0,True,15250.0,1100.0
"Mar 4, 2025",Sulawesi Selatan,26,13550.0,True,15250.0,1100.0
"Mar 4, 2025",Sulawesi Tenggara,27,15000.0,True,15250.0,1100.0
"Mar 4, 2025",Sulawesi Tengah,28,14600.0,True,15250.0,1100.0
"Mar 4, 2025",Sulawesi Utara,29,14100.0,True,15250.0,1100.0
"Mar 4, 2025",Sulawesi Barat,30,13500.0,True,15250.0,1100.0
"Mar 4, 2025",Maluku,31,16200.0,True,15250.0,1100.0
"Mar 4, 2025",Maluku Utara,32,16700.0,True,15250.0,1100.0
"Mar 4, 2025",Papua,33,16800.0,True,15250.0,1100.0
"Mar 4, 2025",Papua Barat,34,16450.0,True,15250.0,1100.0
"Mar 5, 2025",Aceh,1,13750.0,True,15250.0,1050.0
"Mar 5, 2025",Sumatera Utara,2,13950.0,True,15250.0,1050.0
"Mar 5, 2025",Sumatera Barat,3,16800.0,True,15250.0,1050.0
"Mar 5, 2025",Riau,4,16050.0,True,15250.0,1050.0
"Mar 5, 2025",Kepulauan Riau,5,15100.0,True,15250.0,1050.0
"Mar 5, 2025",Jambi,6,15050.0,True,15250.0,1050.0
"Mar 5, 2025",Bengkulu,7,15300.0,True,15250.0,1050.0
"Mar 5, 2025",Sumatera Selatan,8,14950.0,True,15250.0,1050.0
"Mar 5, 2025",Kepulauan Bangka Belitung,9,15050.0,True,15250.0,1050.0
"Mar 5, 2025",Lampung,10,14550.0,True,15250.0,1050.0
"Mar 5, 2025",Banten,11,14850.0,True,15250.0,1050.0
"Mar 5, 2025",Jawa Barat,12,14600.0,True,15250.0,1050.0
"Mar 5, 2025",DKI Jakarta,13,15700.0,True,15250.0,1050.0
"Mar 5, 2025",Jawa Tengah,14,14650.0,True,15250.0,1050.0
"Mar 5, 2025",DI Yogyakarta,15,14300.0,True,15250.0,1050.0
"Mar 5, 2025",Jawa Timur,16,14250.0,True,15250.0,1050.0
"Mar 5, 2025",Bali,17,15350.0,True,15250.0,1050.0
"Mar 5, 2025",Nusa Tenggara Barat,18,13900.0,True,15250.0,1050.0
"Mar 5, 2025",Nusa Tenggara Timur,19,15400.0,True,15250.0,1050.0
"Mar 5, 2025",Kalimantan Barat,20,16500.0,True,15250.0,1050.0
"Mar 5, 2025",Kalimantan Selatan,21,17100.0,True,15250.0,1050.0
"Mar 5, 2025",Kalimantan Tengah,22,17450.0,True,15250.0,1050.0
"Mar 5, 2025",Kalimantan Timur,23,16000.0,True,15250.0,1050.0
"Mar 5, 2025",Kalimantan Utara,24,16550.0,True,15250.0,1050.0
"Mar 5, 2025",Gorontalo,25,14750.0,True,15250.0,1050.0
"Mar 5, 2025",Sulawesi Selatan,26,13550.0,True,15250.0,1050.0
"Mar 5, 2025",Sulawesi Tenggara,27,15000.0,True,15250.0,1050.0
"Mar 5, 2025",Sulawesi Tengah,28,14600.0,True,15250.0,1050.0
"Mar 5, 2025",Sulawesi Utara,29,14250.0,True,15250.0,1050.0
"Mar 5, 2025",Sulawesi Barat,30,13500.0,True,15250.0,1050.0
"Mar 5, 2025",Maluku,31,16200.0,True,15250.0,1050.0
"Mar 5, 2025",Maluku Utara,32,16700.0,True,15250.0,1050.0
"Mar 5, 2025",Papua,33,16800.0,True,15250.0,1050.0
"Mar 5, 2025",Papua Barat,34,16450.0,True,15250.0,1050.0
"Mar 6, 2025",Aceh,1,13750.0,True,15250.0,1100.0
"Mar 6, 2025",Sumatera Utara,2,13950.0,True,15250.0,1100.0
"Mar 6, 2025",Sumatera Barat,3,17100.0,True,15250.0,1100.0
"Mar 6, 2025",Riau,4,16050.0,True,15250.0,1100.0
"Mar 6, 2025",Kepulauan Riau,5,15100.0,True,15250.0,1100.0
"Mar 6, 2025",Jambi,6,15050.0,True,15250.0,1100.0
"Mar 6, 2025",Bengkulu,7,15300.0,True,15250.0,1100.0
"Mar 6, 2025",Sumatera Selatan,8,14950.0,True,15250.0,1100.0
"Mar 6, 2025",Kepulauan Bangka Belitung,9,15050.0,True,15250.0,1100.0
"Mar 6, 2025",Lampung,10,14600.0,True,15250.0,1100.0
"Mar 6, 2025",Banten,11,14850.0,True,15250.0,1100.0
"Mar 6, 2025",Jawa Barat,12,14600.0,True,15250.0,1100.0
"Mar 6, 2025",DKI Jakarta,13,15700.0,True,15250.0,1100.0
"Mar 6, 2025",Jawa Tengah,14,14700.0,True,15250.0,1100.0
"Mar 6, 2025",DI Yogyakarta,15,14300.0,True,15250.0,1100.0
"Mar 6, 2025",Jawa Timur,16,14250.0,True,15250.0,1100.0
"Mar 6, 2025",Bali,17,15350.0,True,15250.0,1100.0
"Mar 6, 2025",Nusa Tenggara Barat,18,13900.0,True,15250.0,1100.0
"Mar 6, 2025",Nusa Tenggara Timur,19,15400.0,True,15250.0,1100.0
"Mar 6, 2025",Kalimantan Barat,20,16500.0,True,15250.0,1100.0
"Mar 6, 2025",Kalimantan Selatan,21,17100.0,True,15250.0,1100.0
"Mar 6, 2025",Kalimantan Tengah,22,17450.0,True,15250.0,1100.0
"Mar 6, 2025",Kalimantan Timur,23,16000.0,True,15250.0,1100.0
"Mar 6, 2025",Kalimantan Utara,24,16550.0,True,15250.0,1100.0
"Mar 6, 2025",Gorontalo,25,14750.0,True,15250.0,1100.0
"Mar 6, 2025",Sulawesi Selatan,26,13550.0,True,15250.0,1100.0
"Mar 6, 2025",Sulawesi Tenggara,27,15000.0,True,15250.0,1100.0
"Mar 6, 2025",Sulawesi Tengah,28,14600.0,True,15250.0,1100.0
"Mar 6, 2025",Sulawesi Utara,29,14150.0,True,15250.0,1100.0
"Mar 6, 2025",Sulawesi Barat,30,13500.0,True,15250.0,1100.0
"Mar 6, 2025",Maluku,31,16200.0,True,15250.0,1100.0
"Mar 6, 2025",Maluku Utara,32,16700.0,True,15250.0,1100.0
"Mar 6, 2025",Papua,33,16800.0,True,15250.0,1100.0
"Mar 6, 2025",Papua Barat,34,16450.0,True,15250.0,1100.0
"Mar 7, 2025",Aceh,1,13750.0,True,15300.0,1100.0
"Mar 7, 2025",Sumatera Utara,2,13950.0,True,15300.0,1100.0
"Mar 7, 2025",Sumatera Barat,3,17100.0,True,15300.0,1100.0
"Mar 7, 2025",Riau,4,16050.0,True,15300.0,1100.0
"Mar 7, 2025",Kepulauan Riau,5,15100.0,True,15300.0,1100.0
"Mar 7, 2025",Jambi,6,15050.0,True,15300.0,1100.0
"Mar 7, 2025",Bengkulu,7,15300.0,True,15300.0,1100.0
"Mar 7, 2025",Sumatera Selatan,8,14950.0,True,15300.0,1100.0
"Mar 7, 2025",Kepulauan Bangka Belitung,9,15050.0,True,15300.0,1100.0
"Mar 7, 2025",Lampung,10,14600.0,True,15300.0,1100.0
"Mar 7, 2025",Banten,11,14850.0,True,15300.0,1100.0
"Mar 7, 2025",Jawa Barat,12,14600.0,True,15300.0,1100.0
"Mar 7, 2025",DKI Jakarta,13,15700.0,True,15300.0,1100.0
"Mar 7, 2025",Jawa Tengah,14,14700.0,True,15300.0,1100.0
"Mar 7, 2025",DI Yogyakarta,15,14300.0,True,15300.0,1100.0
"Mar 7, 2025",Jawa Timur,16,14250.0,True,15300.0,1100.0
"Mar 7, 2025",Bali,17,15350.0,True,15300.0,1100.0
"Mar 7, 2025",Nusa Tenggara Barat,18,13900.0,True,15300.0,1100.0
"Mar 7, 2025",Nusa Tenggara Timur,19,15400.0,True,15300.0,1100.0
"Mar 7, 2025",Kalimantan Barat,20,16500.0,True,15300.0,1100.0
"Mar 7, 2025",Kalimantan Selatan,21,17100.0,True,15300.0,1100.0
"Mar 7, 2025",Kalimantan Tengah,22,17450.0,True,15300.0,1100.0
"Mar 7, 2025",Kalimantan Timur,23,16050.0,True,15300.0,1100.0
"Mar 7, 2025",Kalimantan Utara,24,16550.0,True,15300.0,1100.0
"Mar 7, 2025",Gorontalo,25,14750.0,True,15300.0,1100.0
"Mar 7, 2025",Sulawesi Selatan,26,13550.0,True,15300.0,1100.0
"Mar 7, 2025",Sulawesi Tenggara,27,15000.0,True,15300.0,1100.0
"Mar 7, 2025",Sulawesi Tengah,28,14600.0,True,15300.0,1100.0
"Mar 7, 2025",Sulawesi Utara,29,14150.0,True,15300.0,1100.0
"Mar 7, 2025",Sulawesi Barat,30,13500.0,True,15300.0,1100.0
"Mar 7, 2025",Maluku,31,16250.0,True,15300.0,1100.0
"Mar 7, 2025",Maluku Utara,32,16700.0,True,15300.0,1100.0
"Mar 7, 2025",Papua,33,16800.0,True,15300.0,1100.0
"Mar 7, 2025",Papua Barat,34,16450.0,True,15300.0,1100.0
"Mar 8, 2025",Aceh,1,13750.0,True,15300.0,1100.0
"Mar 8, 2025",Sumatera Utara,2,13950.0,True,15300.0,1100.0
"Mar 8, 2025",Sumatera Barat,3,17100.0,True,15300.0,1100.0
"Mar 8, 2025",Riau,4,16050.0,True,15300.0,1100.0
"Mar 8, 2025",Kepulauan Riau,5,15100.0,True,15300.0,1100.0
"Mar 8, 2025",Jambi,6,15050.0,True,15300.0,1100.0
"Mar 8, 2025",Bengkulu,7,15300.0,True,15300.0,1100.0
"Mar 8, 2025",Sumatera Selatan,8,14950.0,True,15300.0,1100.0
"Mar 8, 2025",Kepulauan Bangka Belitung,9,15050.0,True,15300.0,1100.0
"Mar 8, 2025",Lampung,10,14600.0,True,15300.0,1100.0
"Mar 8, 2025",Banten,11,14850.0,True,15300.0,1100.0
"Mar 8, 2025",Jawa Barat,12,14600.0,True,15300.0,1100.0
"Mar 8, 2025",DKI Jakarta,13,15700.0,True,15300.0,1100.0
"Mar 8, 2025",Jawa Tengah,14,14700.0,True,15300.0,1100.0
"Mar 8, 2025",DI Yogyakarta,15,14300.0,True,15300.0,1100.0
"Mar 8, 2025",Jawa Timur,16,14250.0,True,15300.0,1100.0
"Mar 8, 2025",Bali,17,15350.0,True,15300.0,1100.0
"Mar 8, 2025",Nusa Tenggara Barat,18,13900.0,True,15300.0,1100.0
"Mar 8, 2025",Nusa Tenggara Timur,19,15400.0,True,15300.0,1100.0
"Mar 8, 2025",Kalimantan Barat,20,16500.0,True,15300.0,1100.0
"Mar 8, 2025",Kalimantan Selatan,21,17100.0,True,15300.0,1100.0
"Mar 8, 2025",Kalimantan Tengah,22,17450.0,True,15300.0,1100.0
"Mar 8, 2025",Kalimantan Timur,23,16050.0,True,15300.0,1100.0
"Mar 8, 2025",Kalimantan Utara,24,16550.0,True,15300.0,1100.0
"Mar 8, 2025",Gorontalo,25,14750.0,True,15300.0,1100.0
"Mar 8, 2025",Sulawesi Selatan,26,13550.0,True,15300.0,1100.0
"Mar 8, 2025",Sulawesi Tenggara,27,15000.0,True,15300.0,1100.0
"Mar 8, 2025",Sulawesi Tengah,28,14600.0,True,15300.0,1100.0
"Mar 8, 2025",Sulawesi Utara,29,14150.0,True,15300.0,1100.0
"Mar 8, 2025",Sulawesi Barat,30,13500.0,True,15300.0,1100.0
"Mar 8, 2025",Maluku,31,16250.0,True,15300.0,1100.0
"Mar 8, 2025",Maluku Utara,32,16700.0,True,15300.0,1100.0
"Mar 8, 2025",Papua,33,16800.0,True,15300.0,1100.0
"Mar 8, 2025",Papua Barat,34,16450.0,True,15300.0,1100.0
"Mar 9, 2025",Aceh,1,13750.0,True,15300.0,1100.0
"Mar 9, 2025",Sumatera Utara,2,13950.0,True,15300.0,1100.0
"Mar 9, 2025",Sumatera Barat,3,17100.0,True,15300.0,1100.0
"Mar 9, 2025",Riau,4,16050.0,True,15300.0,1100.0
"Mar 9, 2025",Kepulauan Riau,5,15100.0,True,15300.0,1100.0
"Mar 9, 2025",Jambi,6,15050.0,True,15300.0,1100.0
"Mar 9, 2025",Bengkulu,7,15300.0,True,15300.0,1100.0
"Mar 9, 2025",Sumatera Selatan,8,14950.0,True,15300.0,1100.0
"Mar 9, 2025",Kepulauan Bangka Belitung,9,15050.0,True,15300.0,1100.0
"Mar 9, 2025",Lampung,10,14600.0,True,15300.0,1100.0
"Mar 9, 2025",Banten,11,14850.0,True,15300.0,1100.0
"Mar 9, 2025",Jawa Barat,12,14600.0,True,15300.0,1100.0
"Mar 9, 2025",DKI Jakarta,13,15700.0,True,15300.0,1100.0
"Mar 9, 2025",Jawa Tengah,14,14700.0,True,15300.0,1100.0
"Mar 9, 2025",DI Yogyakarta,15,14300.0,True,15300.0,1100.0
"Mar 9, 2025",Jawa Timur,16,14250.0,True,15300.0,1100.0
"Mar 9, 2025",Bali,17,15350.0,True,15300.0,1100.0
"Mar 9, 2025",Nusa Tenggara Barat,18,13900.0,True,15300.0,1100.0
"Mar 9, 2025",Nusa Tenggara Timur,19,15400.0,True,15300.0,1100.0
"Mar 9, 2025",Kalimantan Barat,20,16500.0,True,15300.0,1100.0
"Mar 9, 2025",Kalimantan Selatan,21,17100.0,True,15300.0,1100.0
"Mar 9, 2025",Kalimantan Tengah,22,17450.0,True,15300.0,1100.0
"Mar 9, 2025",Kalimantan Timur,23,16050.0,True,15300.0,1100.0
"Mar 9, 2025",Kalimantan Utara,24,16550.0,True,15300.0,1100.0
"Mar 9, 2025",Gorontalo,25,14750.0,True,15300.0,1100.0
"Mar 9, 2025",Sulawesi Selatan,26,13550.0,True,15300.0,1100.0
"Mar 9, 2025",Sulawesi Tenggara,27,15000.0,True,15300.0,1100.0
"Mar 9, 2025",Sulawesi Tengah,28,14600.0,True,15300.0,1100.0
"Mar 9, 2025",Sulawesi Utara,29,14150.0,True,15300.0,1100.0
"Mar 9, 2025",Sulawesi Barat,30,13500.0,True,15300.0,1100.0
"Mar 9, 2025",Maluku,31,16250.0,True,15300.0,1100.0
"Mar 9, 2025",Maluku Utara,32,16700.0,True,15300.0,1100.0
"Mar 9, 2025",Papua,33,16800.0,True,15300.0,1100.0
"Mar 9, 2025",Papua Barat,34,16450.0,True,15300.0,1100.0
"Mar 10, 2025",Aceh,1,13750.0,True,15250.0,1100.0
"Mar 10, 2025",Sumatera Utara,2,13950.0,True,15250.0,1100.0
"Mar 10, 2025",Sumatera Barat,3,17100.0,True,15250.0,1100.0
"Mar 10, 2025",Riau,4,16050.0,True,15250.0,1100.0
"Mar 10, 2025",Kepulauan Riau,5,15100.0,True,15250.0,1100.0
"Mar 10, 2025",Jambi,6,15050.0,True,15250.0,1100.0
"Mar 10, 2025",Bengkulu,7,15300.0,True,15250.0,1100.0
"Mar 10, 2025",Sumatera Selatan,8,14950.0,True,15250.0,1100.0
"Mar 10, 2025",Kepulauan Bangka Belitung,9,15000.0,True,15250.0,1100.0
"Mar 10, 2025",Lampung,10,14600.0,True,15250.0,1100.0
"Mar 10, 2025",Banten,11,14850.0,True,15250.0,1100.0
"Mar 10, 2025",Jawa Barat,12,14600.0,True,15250.0,1100.0
"Mar 10, 2025",DKI Jakarta,13,15700.0,True,15250.0,1100.0
"Mar 10, 2025",Jawa Tengah,14,14700.0,True,15250.0,1100.0
"Mar 10, 2025",DI Yogyakarta,15,14300.0,True,15250.0,1100.0
"Mar 10, 2025",Jawa Timur,16,14250.0,True,15250.0,1100.0
"Mar 10, 2025",Bali,17,15350.0,True,15250.0,1100.0
"Mar 10, 2025",Nusa Tenggara Barat,18,13900.0,True,15250.0,1100.0
"Mar 10, 2025",Nusa Tenggara Timur,19,15350.0,True,15250.0,1100.0
"Mar 10, 2025",Kalimantan Barat,20,16500.0,True,15250.0,1100.0
"Mar 10, 2025",Kalimantan Selatan,21,17100.0,True,15250.0,1100.0
"Mar 10, 2025",Kalimantan Tengah,22,17450.0,True,15250.0,1100.0
"Mar 10, 2025",Kalimantan Timur,23,15950.0,True,15250.0,1100.0
"Mar 10, 2025",Kalimantan Utara,24,16550.0,True,15250.0,1100.0
"Mar 10, 2025",Gorontalo,25,14750.0,True,15250.0,1100.0
"Mar 10, 2025",Sulawesi Selatan,26,13550.0,True,15250.0,1100.0
"Mar 10, 2025",Sulawesi Tenggara,27,15000.0,True,15250.0,1100.0
"Mar 10, 2025",Sulawesi Tengah,28,14600.0,True,15250.0,1100.0
"Mar 10, 2025",Sulawesi Utara,29,14250.0,True,15250.0,1100.0
"Mar 10, 2025",Sulawesi Barat,30,13500.0,True,15250.0,1100.0
"Mar 10, 2025",Maluku,31,16250.0,True,15250.0,1100.0
"Mar 10, 2025",Maluku Utara,32,16700.0,True,15250.0,1100.0
"Mar 10, 2025",Papua,33,16800.0,True,15250.0,1100.0
"Mar 10, 2025",Papua Barat,34,16450.0,True,15250.0,1100.0
"Mar 11, 2025",Aceh,1,13750.0,True,15250.0,2750.0
"Mar 11, 2025",Sumatera Utara,2,13950.0,True,15250.0,2750.0
"Mar 11, 2025",Sumatera Barat,3,17100.0,True,15250.0,2750.0
"Mar 11, 2025",Riau,4,16050.0,True,15250.0,2750.0
"Mar 11, 2025",Kepulauan Riau,5,15100.0,True,15250.0,2750.0
"Mar 11, 2025",Jambi,6,15050.0,True,15250.0,2750.0
"Mar 11, 2025",Bengkulu,7,15250.0,True,15250.0,2750.0
"Mar 11, 2025",Sumatera Selatan,8,14950.0,True,15250.0,2750.0
"Mar 11, 2025",Kepulauan Bangka Belitung,9,15000.0,True,15250.0,2750.0
"Mar 11, 2025",Lampung,10,14700.0,True,15250.0,2750.0
"Mar 11, 2025",Banten,11,14850.0,True,15250.0,2750.0
"Mar 11, 2025",Jawa Barat,12,14650.0,True,15250.0,2750.0
"Mar 11, 2025",DKI Jakarta,13,15700.0,True,15250.0,2750.0
"Mar 11, 2025",Jawa Tengah,14,14700.0,True,15250.0,2750.0
"Mar 11, 2025",DI Yogyakarta,15,14300.0,True,15250.0,2750.0
"Mar 11, 2025",Jawa Timur,16,14250.0,True,15250.0,2750.0
"Mar 11, 2025",Bali,17,15350.0,True,15250.0,2750.0
"Mar 11, 2025",Nusa Tenggara Barat,18,13850.0,True,15250.0,2750.0
"Mar 11, 2025",Nusa Tenggara Timur,19,15350.0,True,15250.0,2750.0
"Mar 11, 2025",Kalimantan Barat,20,16450.0,True,15250.0,2750.0
"Mar 11, 2025",Kalimantan Selatan,21,0.0,False,15250.0,2750.0
"Mar 11, 2025",Kalimantan Tengah,22,17350.0,True,15250.0,2750.0
"Mar 11, 2025",Kalimantan Timur,23,16250.0,True,15250.0,2750.0
"Mar 11, 2025",Kalimantan Utara,24,16550.0,True,15250.0,2750.0
"Mar 11, 2025",Gorontalo,25,14750.0,True,15250.0,2750.0
"Mar 11, 2025",Sulawesi Selatan,26,13550.0,True,15250.0,2750.0
"Mar 11, 2025",Sulawesi Tenggara,27,15100.0,True,15250.0,2750.0
"Mar 11, 2025",Sulawesi Tengah,28,14600.0,True,15250.0,2750.0
"Mar 11, 2025",Sulawesi Utara,29,14250.0,True,15250.0,2750.0
"Mar 11, 2025",Sulawesi Barat,30,13500.0,True,15250.0,2750.0
"Mar 11, 2025",Maluku,31,16250.0,True,15250.0,2750.0
"Mar 11, 2025",Maluku Utara,32,16700.0,True,15250.0,2750.0
"Mar 11, 2025",Papua,33,16800.0,True,15250.0,2750.0
"Mar 11, 2025",Papua Barat,34,16450.0,True,15250.0,2750.0
"Mar 12, 2025",Aceh,1,13750.0,True,15250.0,2800.0
"Mar 12, 2025",Sumatera Utara,2,13950.0,True,15250.0,2800.0
"Mar 12, 2025",Sumatera Barat,3,17100.0,True,15250.0,2800.0
"Mar 12, 2025",Riau,4,16050.0,True,15250.0,2800.0
"Mar 12, 2025",Kepulauan Riau,5,0.0,False,15250.0,2800.0
"Mar 12, 2025",Jambi,6,15050.0,True,15250.0,2800.0
"Mar 12, 2025",Bengkulu,7,15250.0,True,15250.0,2800.0
"Mar 12, 2025",Sumatera Selatan,8,14950.0,True,15250.0,2800.0
"Mar 12, 2025",Kepulauan Bangka Belitung,9,15000.0,True,15250.0,2800.0
"Mar 12, 2025",Lampung,10,14700.0,True,15250.0,2800.0
"Mar 12, 2025",Banten,11,14850.0,True,15250.0,2800.0
"Mar 12, 2025",Jawa Barat,12,14600.0,True,15250.0,2800.0
"Mar 12, 2025",DKI Jakarta,13,15700.0,True,15250.0,2800.0
"Mar 12, 2025",Jawa Tengah,14,14700.0,True,15250.0,2800.0
"Mar 12, 2025",DI Yogyakarta,15,14300.0,True,15250.0,2800.0
"Mar 12, 2025",Jawa Timur,16,14200.0,True,15250.0,2800.0
"Mar 12, 2025",Bali,17,15350.0,True,15250.0,2800.0
"Mar 12, 2025",Nusa Tenggara Barat,18,13850.0,True,15250.0,2800.0
"Mar 12, 2025",Nusa Tenggara Timur,19,15350.0,True,15250.0,2800.0
"Mar 12, 2025",Kalimantan Barat,20,16500.0,True,15250.0,2800.0
"Mar 12, 2025",Kalimantan Selatan,21,17100.0,True,15250.0,2800.0
"Mar 12, 2025",Kalimantan Tengah,22,17400.0,True,15250.0,2800.0
"Mar 12, 2025",Kalimantan Timur,23,15950.0,True,15250.0,2800.0
"Mar 12, 2025",Kalimantan Utara,24,16550.0,True,15250.0,2800.0
"Mar 12, 2025",Gorontalo,25,14750.0,True,15250.0,2800.0
"Mar 12, 2025",Sulawesi Selatan,26,13550.0,True,15250.0,2800.0
"Mar 12, 2025",Sulawesi Tenggara,27,15100.0,True,15250.0,2800.0
"Mar 12, 2025",Sulawesi Tengah,28,14600.0,True,15250.0,2800.0
"Mar 12, 2025",Sulawesi Utara,29,14150.0,True,15250.0,2800.0
"Mar 12, 2025",Sulawesi Barat,30,13500.0,True,15250.0,2800.0
"Mar 12, 2025",Maluku,31,16150.0,True,15250.0,2800.0
"Mar 12, 2025",Maluku Utara,32,16700.0,True,15250.0,2800.0
"Mar 12, 2025",Papua,33,16800.0,True,15250.0,2800.0
"Mar 12, 2025",Papua Barat,34,16450.0,True,15250.0,2800.0
"Mar 13, 2025",Aceh,1,13750.0,True,15250.0,2800.0
"Mar 13, 2025",Sumatera Utara,2,13850.0,True,15250.0,2800.0
"Mar 13, 2025",Sumatera Barat,3,17100.0,True,15250.0,2800.0
"Mar 13, 2025",Riau,4,16050.0,True,15250.0,2800.0
"Mar 13, 2025",Kepulauan Riau,5,15100.0,True,15250.0,2800.0
"Mar 13, 2025",Jambi,6,15050.0,True,15250.0,2800.0
"Mar 13, 2025",Bengkulu,7,15250.0,True,15250.0,2800.0
"Mar 13, 2025",Sumatera Selatan,8,14950.0,True,15250.0,2800.0
"Mar 13, 2025",Kepulauan Bangka Belitung,9,15000.0,True,15250.0,2800.0
"Mar 13, 2025",Lampung,10,14700.0,True,15250.0,2800.0
"Mar 13, 2025",Banten,11,14850.0,True,15250.0,2800.0
"Mar 13, 2025",Jawa Barat,12,14600.0,True,15250.0,2800.0
"Mar 13, 2025",DKI Jakarta,13,15700.0,True,15250.0,2800.0
"Mar 13, 2025",Jawa Tengah,14,14700.0,True,15250.0,2800.0
"Mar 13, 2025",DI Yogyakarta,15,14300.0,True,15250.0,2800.0
"Mar 13, 2025",Jawa Timur,16,14200.0,True,15250.0,2800.0
"Mar 13, 2025",Bali,17,15350.0,True,15250.0,2800.0
"Mar 13, 2025",Nusa Tenggara Barat,18,13850.0,True,15250.0,2800.0
"Mar 13, 2025",Nusa Tenggara Timur,19,15350.0,True,15250.0,2800.0
"Mar 13, 2025",Kalimantan Barat,20,16450.0,True,15250.0,2800.0
"Mar 13, 2025",Kalimantan Selatan,21,17100.0,True,15250.0,2800.0
"Mar 13, 2025",Kalimantan Tengah,22,17400.0,True,15250.0,2800.0
"Mar 13, 2025",Kalimantan Timur,23,15950.0,True,15250.0,2800.0
"Mar 13, 2025",Kalimantan Utara,24,16550.0,True,15250.0,2800.0
"Mar 13, 2025",Gorontalo,25,14700.0,True,15250.0,2800.0
"Mar 13, 2025",Sulawesi Selatan,26,13550.0,True,15250.0,2800.0
"Mar 13, 2025",Sulawesi Tenggara,27,15100.0,True,15250.0,2800.0
"Mar 13, 2025",Sulawesi Tengah,28,14600.0,True,15250.0,2800.0
"Mar 13, 2025",Sulawesi Utara,29,14150.0,True,15250.0,2800.0
"Mar 13, 2025",Sulawesi Barat,30,13500.0,True,15250.0,2800.0
"Mar 13, 2025",Maluku,31,0.0,False,15250.0,2800.0
"Mar 13, 2025",Maluku Utara,32,16700.0,True,15250.0,2800.0
"Mar 13, 2025",Papua,33,16800.0,True,15250.0,2800.0
"Mar 13, 2025",Papua Barat,34,16450.0,True,15250.0,2800.0
"Mar 14, 2025",Aceh,1,13750.0,True,15200.0,3700.0
"Mar 14, 2025",Sumatera Utara,2,13850.0,True,15200.0,3700.0
"Mar 14, 2025",Sumatera Barat,3,17100.0,True,15200.0,3700.0
"Mar 14, 2025",Riau,4,16050.0,True,15200.0,3700.0
"Mar 14, 2025",Kepulauan Riau,5,15100.0,True,15200.0,3700.0
"Mar 14, 2025",Jambi,6,15050.0,True,15200.0,3700.0
"Mar 14, 2025",Bengkulu,7,15250.0,True,15200.0,3700.0
"Mar 14, 2025",Sumatera Selatan,8,14950.0,True,15200.0,3700.0
"Mar 14, 2025",Kepulauan Bangka Belitung,9,15000.0,True,15200.0,3700.0
"Mar 14, 2025",Lampung,10,14700.0,True,15200.0,3700.0
"Mar 14, 2025",Banten,11,14850.0,True,15200.0,3700.0
"Mar 14, 2025",Jawa Barat,12,14600.0,True,15200.0,3700.0
"Mar 14, 2025",DKI Jakarta,13,15700.0,True,15200.0,3700.0
"Mar 14, 2025",Jawa Tengah,14,14700.0,True,15200.0,3700.0
"Mar 14, 2025",DI Yogyakarta,15,14300.0,True,15200.0,3700.0
"Mar 14, 2025",Jawa Timur,16,14200.0,True,15200.0,3700.0
"Mar 14, 2025",Bali,17,15350.0,True,15200.0,3700.0
"Mar 14, 2025",Nusa Tenggara Barat,18,13850.0,True,15200.0,3700.0
"Mar 14, 2025",Nusa Tenggara Timur,19,15350.0,True,15200.0,3700.0
"Mar 14, 2025",Kalimantan Barat,20,16500.0,True,15200.0,3700.0
"Mar 14, 2025",Kalimantan Selatan,21,0.0,False,15200.0,3700.0
"Mar 14, 2025",Kalimantan Tengah,22,17450.0,True,15200.0,3700.0
"Mar 14, 2025",Kalimantan Timur,23,15950.0,True,15200.0,3700.0
"Mar 14, 2025",Kalimantan Utara,24,16550.0,True,15200.0,3700.0
"Mar 14, 2025",Gorontalo,25,14700.0,True,15200.0,3700.0
"Mar 14, 2025",Sulawesi Selatan,26,13550.0,True,15200.0,3700.0
"Mar 14, 2025",Sulawesi Tenggara,27,15100.0,True,15200.0,3700.0
"Mar 14, 2025",Sulawesi Tengah,28,14600.0,True,15200.0,3700.0
"Mar 14, 2025",Sulawesi Utara,29,14150.0,True,15200.0,3700.0
"Mar 14, 2025",Sulawesi Barat,30,13500.0,True,15200.0,3700.0
"Mar 14, 2025",Maluku,31,0.0,False,15200.0,3700.0
"Mar 14, 2025",Maluku Utara,32,16700.0,True,15200.0,3700.0
"Mar 14, 2025",Papua,33,16800.0,True,15200.0,3700.0
"Mar 14, 2025",Papua Barat,34,16450.0,True,15200.0,3700.0
"Mar 15, 2025",Aceh,1,13750.0,True,15200.0,3700.0
"Mar 15, 2025",Sumatera Utara,2,13850.0,True,15200.0,3700.0
"Mar 15, 2025",Sumatera Barat,3,17100.0,True,15200.0,3700.0
"Mar 15, 2025",Riau,4,16050.0,True,15200.0,3700.0
"Mar 15, 2025",Kepulauan Riau,5,15100.0,True,15200.0,3700.0
"Mar 15, 2025",Jambi,6,15050.0,True,15200.0,3700.0
"Mar 15, 2025",Bengkulu,7,15250.0,True,15200.0,3700.0
"Mar 15, 2025",Sumatera Selatan,8,14950.0,True,15200.0,3700.0
"Mar 15, 2025",Kepulauan Bangka Belitung,9,15000.0,True,15200.0,3700.0
"Mar 15, 2025",Lampung,10,14700.0,True,15200.0,3700.0
"Mar 15, 2025",Banten,11,14850.0,True,15200.0,3700.0
"Mar 15, 2025",Jawa Barat,12,14600.0,True,15200.0,3700.0
"Mar 15, 2025",DKI Jakarta,13,15700.0,True,15200.0,3700.0
"Mar 15, 2025",Jawa Tengah,14,14700.0,True,15200.0,3700.0
"Mar 15, 2025",DI Yogyakarta,15,14300.0,True,15200.0,3700.0
"Mar 15, 2025",Jawa Timur,16,14200.0,True,15200.0,3700.0
"Mar 15, 2025",Bali,17,15350.0,True,15200.0,3700.0
"Mar 15, 2025",Nusa Tenggara Barat,18,13850.0,True,15200.0,3700.0
"Mar 15, 2025",Nusa Tenggara Timur,19,15350.0,True,15200.0,3700.0
"Mar 15, 2025",Kalimantan Barat,20,16500.0,True,15200.0,3700.0
"Mar 15, 2025",Kalimantan Selatan,21,0.0,False,15200.0,3700.0
"Mar 15, 2025",Kalimantan Tengah,22,17450.0,True,15200.0,3700.0
"Mar 15, 2025",Kalimantan Timur,23,15950.0,True,15200.0,3700.0
"Mar 15, 2025",Kalimantan Utara,24,16550.0,True,15200.0,3700.0
"Mar 15, 2025",Gorontalo,25,14700.0,True,15200.0,3700.0
"Mar 15, 2025",Sulawesi Selatan,26,13550.0,True,15200.0,3700.0
"Mar 15, 2025",Sulawesi Tenggara,27,15100.0,True,15200.0,3700.0
"Mar 15, 2025",Sulawesi Tengah,28,14600.0,True,15200.0,3700.0
"Mar 15, 2025",Sulawesi Utara,29,14150.0,True,15200.0,3700.0
"Mar 15, 2025",Sulawesi Barat,30,13500.0,True,15200.0,3700.0
"Mar 15, 2025",Maluku,31,0.0,False,15200.0,3700.0
"Mar 15, 2025",Maluku Utara,32,16700.0,True,15200.0,3700.0
"Mar 15, 2025",Papua,33,16800.0,True,15200.0,3700.0
"Mar 15, 2025",Papua Barat,34,16450.0,True,15200.0,3700.0
"Mar 16, 2025",Aceh,1,13750.0,True,15200.0,3700.0
"Mar 16, 2025",Sumatera Utara,2,13850.0,True,15200.0,3700.0
"Mar 16, 2025",Sumatera Barat,3,17100.0,True,15200.0,3700.0
"Mar 16, 2025",Riau,4,16050.0,True,15200.0,3700.0
"Mar 16, 2025",Kepulauan Riau,5,15100.0,True,15200.0,3700.0
"Mar 16, 2025",Jambi,6,15050.0,True,15200.0,3700.0
"Mar 16, 2025",Bengkulu,7,15250.0,True,15200.0,3700.0
"Mar 16, 2025",Sumatera Selatan,8,14950.0,True,15200.0,3700.0
"Mar 16, 2025",Kepulauan Bangka Belitung,9,15000.0,True,15200.0,3700.0
"Mar 16, 2025",Lampung,10,14700.0,True,15200.0,3700.0
"Mar 16, 2025",Banten,11,14850.0,True,15200.0,3700.0
"Mar 16, 2025",Jawa Barat,12,14600.0,True,15200.0,3700.0
"Mar 16, 2025",DKI Jakarta,13,15700.0,True,15200.0,3700.0
"Mar 16, 2025",Jawa Tengah,14,14700.0,True,15200.0,3700.0
"Mar 16, 2025",DI Yogyakarta,15,14300.0,True,15200.0,3700.0
"Mar 16, 2025",Jawa Timur,16,14200.0,True,15200.0,3700.0
"Mar 16, 2025",Bali,17,15350.0,True,15200.0,3700.0
"Mar 16, 2025",Nusa Tenggara Barat,18,13850.0,True,15200.0,3700.0
"Mar 16, 2025",Nusa Tenggara Timur,19,15350.0,True,15200.0,3700.0
"Mar 16, 2025",Kalimantan Barat,20,16500.0,True,15200.0,3700.0
"Mar 16, 2025",Kalimantan Selatan,21,0.0,False,15200.0,3700.0
"Mar 16, 2025",Kalimantan Tengah,22,17450.0,True,15200.0,3700.0
"Mar 16, 2025",Kalimantan Timur,23,15950.0,True,15200.0,3700.0
"Mar 16, 2025",Kalimantan Utara,24,16550.0,True,15200.0,3700.0
"Mar 16, 2025",Gorontalo,25,14700.0,True,15200.0,3700.0
"Mar 16, 2025",Sulawesi Selatan,26,13550.0,True,15200.0,3700.0
"Mar 16, 2025",Sulawesi Tenggara,27,15100.0,True,15200.0,3700.0
"Mar 16, 2025",Sulawesi Tengah,28,14600.0,True,15200.0,3700.0
"Mar 16, 2025",Sulawesi Utara,29,14150.0,True,15200.0,3700.0
"Mar 16, 2025",Sulawesi Barat,30,13500.0,True,15200.0,3700.0
"Mar 16, 2025",Maluku,31,0.0,False,15200.0,3700.0
"Mar 16, 2025",Maluku Utara,32,16700.0,True,15200.0,3700.0
"Mar 16, 2025",Papua,33,16800.0,True,15200.0,3700.0
"Mar 16, 2025",Papua Barat,34,16450.0,True,15200.0,3700.0
"Mar 17, 2025",Aceh,1,13750.0,True,15300.0,1100.0
"Mar 17, 2025",Sumatera Utara,2,13850.0,True,15300.0,1100.0
"Mar 17, 2025",Sumatera Barat,3,17100.0,True,15300.0,1100.0
"Mar 17, 2025",Riau,4,16050.0,True,15300.0,1100.0
"Mar 17, 2025",Kepulauan Riau,5,15100.0,True,15300.0,1100.0
"Mar 17, 2025",Jambi,6,15050.0,True,15300.0,1100.0
"Mar 17, 2025",Bengkulu,7,15250.0,True,15300.0,1100.0
"Mar 17, 2025",Sumatera Selatan,8,15500.0,True,15300.0,1100.0
"Mar 17, 2025",Kepulauan Bangka Belitung,9,15000.0,True,15300.0,1100.0
"Mar 17, 2025",Lampung,10,14650.0,True,15300.0,1100.0
"Mar 17, 2025",Banten,11,14850.0,True,15300.0,1100.0
"Mar 17, 2025",Jawa Barat,12,14600.0,True,15300.0,1100.0
"Mar 17, 2025",DKI Jakarta,13,15700.0,True,15300.0,1100.0
"Mar 17, 2025",Jawa Tengah,14,14750.0,True,15300.0,1100.0
"Mar 17, 2025",DI Yogyakarta,15,14300.0,True,15300.0,1100.0
"Mar 17, 2025",Jawa Timur,16,14250.0,True,15300.0,1100.0
"Mar 17, 2025",Bali,17,15350.0,True,15300.0,1100.0
"Mar 17, 2025",Nusa Tenggara Barat,18,13850.0,True,15300.0,1100.0
"Mar 17, 2025",Nusa Tenggara Timur,19,15350.0,True,15300.0,1100.0
"Mar 17, 2025",Kalimantan Barat,20,16500.0,True,15300.0,1100.0
"Mar 17, 2025",Kalimantan Selatan,21,17100.0,True,15300.0,1100.0
"Mar 17, 2025",Kalimantan Tengah,22,17550.0,True,15300.0,1100.0
"Mar 17, 2025",Kalimantan Timur,23,15950.0,True,15300.0,1100.0
"Mar 17, 2025",Kalimantan Utara,24,16550.0,True,15300.0,1100.0
"Mar 17, 2025",Gorontalo,25,14750.0,True,15300.0,1100.0
"Mar 17, 2025",Sulawesi Selatan,26,13550.0,True,15300.0,1100.0
"Mar 17, 2025",Sulawesi Tenggara,27,15100.0,True,15300.0,1100.0
"Mar 17, 2025",Sulawesi Tengah,28,14600.0,True,15300.0,1100.0
"Mar 17, 2025",Sulawesi Utara,29,14250.0,True,15300.0,1100.0
"Mar 17, 2025",Sulawesi Barat,30,13500.0,True,15300.0,1100.0
"Mar 17, 2025",Maluku,31,16150.0,True,15300.0,1100.0
"Mar 17, 2025",Maluku Utara,32,16700.0,True,15300.0,1100.0
"Mar 17, 2025",Papua,33,16800.0,True,15300.0,1100.0
"Mar 17, 2025",Papua Barat,34,16450.0,True,15300.0,1100.0
"Mar 18, 2025",Aceh,1,13750.0,True,15250.0,1100.0
"Mar 18, 2025",Sumatera Utara,2,13950.0,True,15250.0,1100.0
"Mar 18, 2025",Sumatera Barat,3,17100.0,True,15250.0,1100.0
"Mar 18, 2025",Riau,4,16050.0,True,15250.0,1100.0
"Mar 18, 2025",Kepulauan Riau,5,15100.0,True,15250.0,1100.0
"Mar 18, 2025",Jambi,6,15050.0,True,15250.0,1100.0
"Mar 18, 2025",Bengkulu,7,15250.0,True,15250.0,1100.0
"Mar 18, 2025",Sumatera Selatan,8,14950.0,True,15250.0,1100.0
"Mar 18, 2025",Kepulauan Bangka Belitung,9,15000.0,True,15250.0,1100.0
"Mar 18, 2025",Lampung,10,14700.0,True,15250.0,1100.0
"Mar 18, 2025",Banten,11,14850.0,True,15250.0,1100.0
"Mar 18, 2025",Jawa Barat,12,14600.0,True,15250.0,1100.0
"Mar 18, 2025",DKI Jakarta,13,15700.0,True,15250.0,1100.0
"Mar 18, 2025",Jawa Tengah,14,14750.0,True,15250.0,1100.0
"Mar 18, 2025",DI Yogyakarta,15,14300.0,True,15250.0,1100.0
"Mar 18, 2025",Jawa Timur,16,14250.0,True,15250.0,1100.0
"Mar 18, 2025",Bali,17,15350.0,True,15250.0,1100.0
"Mar 18, 2025",Nusa Tenggara Barat,18,13850.0,True,15250.0,1100.0
"Mar 18, 2025",Nusa Tenggara Timur,19,15350.0,True,15250.0,1100.0
"Mar 18, 2025",Kalimantan Barat,20,16500.0,True,15250.0,1100.0
"Mar 18, 2025",Kalimantan Selatan,21,17100.0,True,15250.0,1100.0
"Mar 18, 2025",Kalimantan Tengah,22,17550.0,True,15250.0,1100.0
"Mar 18, 2025",Kalimantan Timur,23,15900.0,True,15250.0,1100.0
"Mar 18, 2025",Kalimantan Utara,24,16550.0,True,15250.0,1100.0
"Mar 18, 2025",Gorontalo,25,14750.0,True,15250.0,1100.0
"Mar 18, 2025",Sulawesi Selatan,26,13550.0,True,15250.0,1100.0
"Mar 18, 2025",Sulawesi Tenggara,27,15100.0,True,15250.0,1100.0
"Mar 18, 2025",Sulawesi Tengah,28,14550.0,True,15250.0,1100.0
"Mar 18, 2025",Sulawesi Utara,29,14150.0,True,15250.0,1100.0
"Mar 18, 2025",Sulawesi Barat,30,13500.0,True,15250.0,1100.0
"Mar 18, 2025",Maluku,31,16150.0,True,15250.0,1100.0
"Mar 18, 2025",Maluku Utara,32,16700.0,True,15250.0,1100.0
"Mar 18, 2025",Papua,33,16800.0,True,15250.0,1100.0
"Mar 18, 2025",Papua Barat,34,16450.0,True,15250.0,1100.0
"Mar 19, 2025",Aceh,1,13750.0,True,15250.0,1100.0
"Mar 19, 2025",Sumatera Utara,2,13950.0,True,15250.0,1100.0
"Mar 19, 2025",Sumatera Barat,3,17100.0,True,15250.0,1100.0
"Mar 19, 2025",Riau,4,16050.0,True,15250.0,1100.0
"Mar 19, 2025",Kepulauan Riau,5,15100.0,True,15250.0,1100.0
"Mar 19, 2025",Jambi,6,15050.0,True,15250.0,1100.0
"Mar 19, 2025",Bengkulu,7,15250.0,True,15250.0,1100.0
"Mar 19, 2025",Sumatera Selatan,8,14950.0,True,15250.0,1100.0
"Mar 19, 2025",Kepulauan Bangka Belitung,9,15000.0,True,15250.0,1100.0
"Mar 19, 2025",Lampung,10,14700.0,True,15250.0,1100.0
"Mar 19, 2025",Banten,11,14850.0,True,15250.0,1100.0
"Mar 19, 2025",Jawa Barat,12,14600.0,True,15250.0,1100.0
"Mar 19, 2025",DKI Jakarta,13,15700.0,True,15250.0,1100.0
"Mar 19, 2025",Jawa Tengah,14,14750.0,True,15250.0,1100.0
"Mar 19, 2025",DI Yogyakarta,15,14300.0,True,15250.0,1100.0
"Mar 19, 2025",Jawa Timur,16,14200.0,True,15250.0,1100.0
"Mar 19, 2025",Bali,17,15350.0,True,15250.0,1100.0
"Mar 19, 2025",Nusa Tenggara Barat,18,13900.0,True,15250.0,1100.0
"Mar 19, 2025",Nusa Tenggara Timur,19,15350.0,True,15250.0,1100.0
"Mar 19, 2025",Kalimantan Barat,20,16500.0,True,15250.0,1100.0
"Mar 19, 2025",Kalimantan Selatan,21,17100.0,True,15250.0,1100.0
"Mar 19, 2025",Kalimantan Tengah,22,17550.0,True,15250.0,1100.0
"Mar 19, 2025",Kalimantan Timur,23,15900.0,True,15250.0,1100.0
"Mar 19, 2025",Kalimantan Utara,24,16550.0,True,15250.0,1100.0
"Mar 19, 2025",Gorontalo,25,14750.0,True,15250.0,1100.0
"Mar 19, 2025",Sulawesi Selatan,26,13550.0,True,15250.0,1100.0
"Mar 19, 2025",Sulawesi Tenggara,27,15100.0,True,15250.0,1100.0
"Mar 19, 2025",Sulawesi Tengah,28,14550.0,True,15250.0,1100.0
"Mar 19, 2025",Sulawesi Utara,29,14150.0,True,15250.0,1100.0
"Mar 19, 2025",Sulawesi Barat,30,13500.0,True,15250.0,1100.0
"Mar 19, 2025",Maluku,31,16150.0,True,15250.0,1100.0
"Mar 19, 2025",Maluku Utara,32,16700.0,True,15250.0,1100.0
"Mar 19, 2025",Papua,33,16800.0,True,15250.0,1100.0
"Mar 19, 2025",Papua Barat,34,16450.0,True,15250.0,1100.0
"Mar 20, 2025",Aceh,1,13750.0,True,15300.0,1150.0
"Mar 20, 2025",Sumatera Utara,2,13950.0,True,15300.0,1150.0
"Mar 20, 2025",Sumatera Barat,3,17100.0,True,15300.0,1150.0
"Mar 20, 2025",Riau,4,16050.0,True,15300.0,1150.0
"Mar 20, 2025",Kepulauan Riau,5,15100.0,True,15300.0,1150.0
"Mar 20, 2025",Jambi,6,15050.0,True,15300.0,1150.0
"Mar 20, 2025",Bengkulu,7,15250.0,True,15300.0,1150.0
"Mar 20, 2025",Sumatera Selatan,8,14950.0,True,15300.0,1150.0
"Mar 20, 2025",Kepulauan Bangka Belitung,9,15000.0,True,15300.0,1150.0
"Mar 20, 2025",Lampung,10,14700.0,True,15300.0,1150.0
"Mar 20, 2025",Banten,11,14850.0,True,15300.0,1150.0
"Mar 20, 2025",Jawa Barat,12,14600.0,True,15300.0,1150.0
"Mar 20, 2025",DKI Jakarta,13,15700.0,True,15300.0,1150.0
"Mar 20, 2025",Jawa Tengah,14,14750.0,True,15300.0,1150.0
"Mar 20, 2025",DI Yogyakarta,15,14300.0,True,15300.0,1150.0
"Mar 20, 2025",Jawa Timur,16,14200.0,True,15300.0,1150.0
"Mar 20, 2025",Bali,17,15350.0,True,15300.0,1150.0
"Mar 20, 2025",Nusa Tenggara Barat,18,13900.0,True,15300.0,1150.0
"Mar 20, 2025",Nusa Tenggara Timur,19,15350.0,True,15300.0,1150.0
"Mar 20, 2025",Kalimantan Barat,20,16750.0,True,15300.0,1150.0
"Mar 20, 2025",Kalimantan Selatan,21,17100.0,True,15300.0,1150.0
"Mar 20, 2025",Kalimantan Tengah,22,17550.0,True,15300.0,1150.0
"Mar 20, 2025",Kalimantan Timur,23,15900.0,True,15300.0,1150.0
"Mar 20, 2025",Kalimantan Utara,24,16550.0,True,15300.0,1150.0
"Mar 20, 2025",Gorontalo,25,14750.0,True,15300.0,1150.0
"Mar 20, 2025",Sulawesi Selatan,26,13550.0,True,15300.0,1150.0
"Mar 20, 2025",Sulawesi Tenggara,27,15100.0,True,15300.0,1150.0
"Mar 20, 2025",Sulawesi Tengah,28,14550.0,True,15300.0,1150.0
"Mar 20, 2025",Sulawesi Utara,29,14150.0,True,15300.0,1150.0
"Mar 20, 2025",Sulawesi Barat,30,13500.0,True,15300.0,1150.0
"Mar 20, 2025",Maluku,31,16150.0,True,15300.0,1150.0
"Mar 20, 2025",Maluku Utara,32,16700.0,True,15300.0,1150.0
"Mar 20, 2025",Papua,33,18100.0,True,15300.0,1150.0
"Mar 20, 2025",Papua Barat,34,16450.0,True,15300.0,1150.0
"Mar 21, 2025",Aceh,1,13750.0,True,15300.0,1150.0
"Mar 21, 2025",Sumatera Utara,2,13850.0,True,15300.0,1150.0
"Mar 21, 2025",Sumatera Barat,3,17100.0,True,15300.0,1150.0
"Mar 21, 2025",Riau,4,16050.0,True,15300.0,1150.0
"Mar 21, 2025",Kepulauan Riau,5,15100.0,True,15300.0,1150.0
"Mar 21, 2025",Jambi,6,15050.0,True,15300.0,1150.0
"Mar 21, 2025",Bengkulu,7,15250.0,True,15300.0,1150.0
"Mar 21, 2025",Sumatera Selatan,8,14950.0,True,15300.0,1150.0
"Mar 21, 2025",Kepulauan Bangka Belitung,9,15000.0,True,15300.0,1150.0
"Mar 21, 2025",Lampung,10,14750.0,True,15300.0,1150.0
"Mar 21, 2025",Banten,11,14850.0,True,15300.0,1150.0
"Mar 21, 2025",Jawa Barat,12,14600.0,True,15300.0,1150.0
"Mar 21, 2025",DKI Jakarta,13,15700.0,True,15300.0,1150.0
"Mar 21, 2025",Jawa Tengah,14,14750.0,True,15300.0,1150.0
"Mar 21, 2025",DI Yogyakarta,15,14300.0,True,15300.0,1150.0
"Mar 21, 2025",Jawa Timur,16,14200.0,True,15300.0,1150.0
"Mar 21, 2025",Bali,17,15350.0,True,15300.0,1150.0
"Mar 21, 2025",Nusa Tenggara Barat,18,13900.0,True,15300.0,1150.0
"Mar 21, 2025",Nusa Tenggara Timur,19,15350.0,True,15300.0,1150.0
"Mar 21, 2025",Kalimantan Barat,20,16500.0,True,15300.0,1150.0
"Mar 21, 2025",Kalimantan Selatan,21,17100.0,True,15300.0,1150.0
"Mar 21, 2025",Kalimantan Tengah,22,17550.0,True,15300.0,1150.0
"Mar 21, 2025",Kalimantan Timur,23,15950.0,True,15300.0,1150.0
"Mar 21, 2025",Kalimantan Utara,24,16550.0,True,15300.0,1150.0
"Mar 21, 2025",Gorontalo,25,14750.0,True,15300.0,1150.0
"Mar 21, 2025",Sulawesi Selatan,26,13550.0,True,15300.0,1150.0
"Mar 21, 2025",Sulawesi Tenggara,27,15100.0,True,15300.0,1150.0
"Mar 21, 2025",Sulawesi Tengah,28,14550.0,True,15300.0,1150.0
"Mar 21, 2025",Sulawesi Utara,29,14150.0,True,15300.0,1150.0
"Mar 21, 2025",Sulawesi Barat,30,13500.0,True,15300.0,1150.0
"Mar 21, 2025",Maluku,31,16150.0,True,15300.0,1150.0
"Mar 21, 2025",Maluku Utara,32,16700.0,True,15300.0,1150.0
"Mar 21, 2025",Papua,33,18100.0,True,15300.0,1150.0
"Mar 21, 2025",Papua Barat,34,16450.0,True,15300.0,1150.0
"Mar 22, 2025",Aceh,1,13750.0,True,15300.0,1150.0
"Mar 22, 2025",Sumatera Utara,2,13850.0,True,15300.0,1150.0
"Mar 22, 2025",Sumatera Barat,3,17100.0,True,15300.0,1150.0
"Mar 22, 2025",Riau,4,16050.0,True,15300.0,1150.0
"Mar 22, 2025",Kepulauan Riau,5,15100.0,True,15300.0,1150.0
"Mar 22, 2025",Jambi,6,15050.0,True,15300.0,1150.0
"Mar 22, 2025",Bengkulu,7,15250.0,True,15300.0,1150.0
"Mar 22, 2025",Sumatera Selatan,8,14950.0,True,15300.0,1150.0
"Mar 22, 2025",Kepulauan Bangka Belitung,9,15000.0,True,15300.0,1150.0
"Mar 22, 2025",Lampung,10,14750.0,True,15300.0,1150.0
"Mar 22, 2025",Banten,11,14850.0,True,15300.0,1150.0
"Mar 22, 2025",Jawa Barat,12,14600.0,True,15300.0,1150.0
"Mar 22, 2025",DKI Jakarta,13,15700.0,True,15300.0,1150.0
"Mar 22, 2025",Jawa Tengah,14,14750.0,True,15300.0,1150.0
"Mar 22, 2025",DI Yogyakarta,15,14300.0,True,15300.0,1150.0
"Mar 22, 2025",Jawa Timur,16,14200.0,True,15300.0,1150.0
"Mar 22, 2025",Bali,17,15350.0,True,15300.0,1150.0
"Mar 22, 2025",Nusa Tenggara Barat,18,13900.0,True,15300.0,1150.0
"Mar 22, 2025",Nusa Tenggara Timur,19,15350.0,True,15300.0,1150.0
"Mar 22, 2025",Kalimantan Barat,20,16500.0,True,15300.0,1150.0
"Mar 22, 2025",Kalimantan Selatan,21,17100.0,True,15300.0,1150.0
"Mar 22, 2025",Kalimantan Tengah,22,17550.0,True,15300.0,1150.0
"Mar 22, 2025",Kalimantan Timur,23,15950.0,True,15300.0,1150.0
"Mar 22, 2025",Kalimantan Utara,24,16550.0,True,15300.0,1150.0
"Mar 22, 2025",Gorontalo,25,14750.0,True,15300.0,1150.0
"Mar 22, 2025",Sulawesi Selatan,26,13550.0,True,15300.0,1150.0
"Mar 22, 2025",Sulawesi Tenggara,27,15100.0,True,15300.0,1150.0
"Mar 22, 2025",Sulawesi Tengah,28,14550.0,True,15300.0,1150.0
"Mar 22, 2025",Sulawesi Utara,29,14150.0,True,15300.0,1150.0
"Mar 22, 2025",Sulawesi Barat,30,13500.0,True,15300.0,1150.0
"Mar 22, 2025",Maluku,31,16150.0,True,15300.0,1150.0
"Mar 22, 2025",Maluku Utara,32,16700.0,True,15300.0,1150.0
"Mar 22, 2025",Papua,33,18100.0,True,15300.0,1150.0
"Mar 22, 2025",Papua Barat,34,16450.0,True,15300.0,1150.0
"Mar 23, 2025",Aceh,1,13750.0,True,15300.0,1150.0
"Mar 23, 2025",Sumatera Utara,2,13850.0,True,15300.0,1150.0
"Mar 23, 2025",Sumatera Barat,3,17100.0,True,15300.0,1150.0
"Mar 23, 2025",Riau,4,16050.0,True,15300.0,1150.0
"Mar 23, 2025",Kepulauan Riau,5,15100.0,True,15300.0,1150.0
"Mar 23, 2025",Jambi,6,15050.0,True,15300.0,1150.0
"Mar 23, 2025",Bengkulu,7,15250.0,True,15300.0,1150.0
"Mar 23, 2025",Sumatera Selatan,8,14950.0,True,15300.0,1150.0
"Mar 23, 2025",Kepulauan Bangka Belitung,9,15000.0,True,15300.0,1150.0
"Mar 23, 2025",Lampung,10,14750.0,True,15300.0,1150.0
"Mar 23, 2025",Banten,11,14850.0,True,15300.0,1150.0
"Mar 23, 2025",Jawa Barat,12,14600.0,True,15300.0,1150.0
"Mar 23, 2025",DKI Jakarta,13,15700.0,True,15300.0,1150.0
"Mar 23, 2025",Jawa Tengah,14,14750.0,True,15300.0,1150.0
"Mar 23, 2025",DI Yogyakarta,15,14300.0,True,15300.0,1150.0
"Mar 23, 2025",Jawa Timur,16,14200.0,True,15300.0,1150.0
"Mar 23, 2025",Bali,17,15350.0,True,15300.0,1150.0
"Mar 23, 2025",Nusa Tenggara Barat,18,13900.0,True,15300.0,1150.0
"Mar 23, 2025",Nusa Tenggara Timur,19,15350.0,True,15300.0,1150.0
"Mar 23, 2025",Kalimantan Barat,20,16500.0,True,15300.0,1150.0
"Mar 23, 2025",Kalimantan Selatan,21,17100.0,True,15300.0,1150.0
"Mar 23, 2025",Kalimantan Tengah,22,17550.0,True,15300.0,1150.0
"Mar 23, 2025",Kalimantan Timur,23,15950.0,True,15300.0,1150.0
"Mar 23, 2025",Kalimantan Utara,24,16550.0,True,15300.0,1150.0
"Mar 23, 2025",Gorontalo,25,14750.0,True,15300.0,1150.0
"Mar 23, 2025",Sulawesi Selatan,26,13550.0,True,15300.0,1150.0
"Mar 23, 2025",Sulawesi Tenggara,27,15100.0,True,15300.0,1150.0
"Mar 23, 2025",Sulawesi Tengah,28,14550.0,True,15300.0,1150.0
"Mar 23, 2025",Sulawesi Utara,29,14150.0,True,15300.0,1150.0
"Mar 23, 2025",Sulawesi Barat,30,13500.0,True,15300.0,1150.0
"Mar 23, 2025",Maluku,31,16150.0,True,15300.0,1150.0
"Mar 23, 2025",Maluku Utara,32,16700.0,True,15300.0,1150.0
"Mar 23, 2025",Papua,33,18100.0,True,15300.0,1150.0
"Mar 23, 2025",Papua Barat,34,16450.0,True,15300.0,1150.0
"Mar 24, 2025",Aceh,1,13750.0,True,15300.0,1150.0
"Mar 24, 2025",Sumatera Utara,2,13950.0,True,15300.0,1150.0
"Mar 24, 2025",Sumatera Barat,3,17100.0,True,15300.0,1150.0
"Mar 24, 2025",Riau,4,16050.0,True,15300.0,1150.0
"Mar 24, 2025",Kepulauan Riau,5,15100.0,True,15300.0,1150.0
"Mar 24, 2025",Jambi,6,15050.0,True,15300.0,1150.0
"Mar 24, 2025",Bengkulu,7,15250.0,True,15300.0,1150.0
"Mar 24, 2025",Sumatera Selatan,8,14950.0,True,15300.0,1150.0
"Mar 24, 2025",Kepulauan Bangka Belitung,9,15000.0,True,15300.0,1150.0
"Mar 24, 2025",Lampung,10,14750.0,True,15300.0,1150.0
"Mar 24, 2025",Banten,11,14850.0,True,15300.0,1150.0
"Mar 24, 2025",Jawa Barat,12,14600.0,True,15300.0,1150.0
"Mar 24, 2025",DKI Jakarta,13,15700.0,True,15300.0,1150.0
"Mar 24, 2025",Jawa Tengah,14,14750.0,True,15300.0,1150.0
"Mar 24, 2025",DI Yogyakarta,15,14300.0,True,15300.0,1150.0
"Mar 24, 2025",Jawa Timur,16,14250.0,True,15300.0,1150.0
"Mar 24, 2025",Bali,17,15350.0,True,15300.0,1150.0
"Mar 24, 2025",Nusa Tenggara Barat,18,13900.0,True,15300.0,1150.0
"Mar 24, 2025",Nusa Tenggara Timur,19,15400.0,True,15300.0,1150.0
"Mar 24, 2025",Kalimantan Barat,20,16500.0,True,15300.0,1150.0
"Mar 24, 2025",Kalimantan Selatan,21,17100.0,True,15300.0,1150.0
"Mar 24, 2025",Kalimantan Tengah,22,17650.0,True,15300.0,1150.0
"Mar 24, 2025",Kalimantan Timur,23,15950.0,True,15300.0,1150.0
"Mar 24, 2025",Kalimantan Utara,24,16550.0,True,15300.0,1150.0
"Mar 24, 2025",Gorontalo,25,14750.0,True,15300.0,1150.0
"Mar 24, 2025",Sulawesi Selatan,26,13550.0,True,15300.0,1150.0
"Mar 24, 2025",Sulawesi Tenggara,27,15100.0,True,15300.0,1150.0
"Mar 24, 2025",Sulawesi Tengah,28,14550.0,True,15300.0,1150.0
"Mar 24, 2025",Sulawesi Utara,29,14150.0,True,15300.0,1150.0
"Mar 24, 2025",Sulawesi Barat,30,13500.0,True,15300.0,1150.0
"Mar 24, 2025",Maluku,31,16150.0,True,15300.0,1150.0
"Mar 24, 2025",Maluku Utara,32,16700.0,True,15300.0,1150.0
"Mar 24, 2025",Papua,33,18100.0,True,15300.0,1150.0
"Mar 24, 2025",Papua Barat,34,16400.0,True,15300.0,1150.0
"Mar 25, 2025",Aceh,1,13750.0,True,15300.0,1150.0
"Mar 25, 2025",Sumatera Utara,2,13950.0,True,15300.0,1150.0
"Mar 25, 2025",Sumatera Barat,3,17100.0,True,15300.0,1150.0
"Mar 25, 2025",Riau,4,16050.0,True,15300.0,1150.0
"Mar 25, 2025",Kepulauan Riau,5,15100.0,True,15300.0,1150.0
"Mar 25, 2025",Jambi,6,15050.0,True,15300.0,1150.0
"Mar 25, 2025",Bengkulu,7,15250.0,True,15300.0,1150.0
"Mar 25, 2025",Sumatera Selatan,8,14950.0,True,15300.0,1150.0
"Mar 25, 2025",Kepulauan Bangka Belitung,9,15000.0,True,15300.0,1150.0
"Mar 25, 2025",Lampung,10,14750.0,True,15300.0,1150.0
"Mar 25, 2025",Banten,11,14850.0,True,15300.0,1150.0
"Mar 25, 2025",Jawa Barat,12,14600.0,True,15300.0,1150.0
"Mar 25, 2025",DKI Jakarta,13,15700.0,True,15300.0,1150.0
"Mar 25, 2025",Jawa Tengah,14,14750.0,True,15300.0,1150.0
"Mar 25, 2025",DI Yogyakarta,15,14300.0,True,15300.0,1150.0
"Mar 25, 2025",Jawa Timur,16,14250.0,True,15300.0,1150.0
"Mar 25, 2025",Bali,17,15350.0,True,15300.0,1150.0
"Mar 25, 2025",Nusa Tenggara Barat,18,13900.0,True,15300.0,1150.0
"Mar 25, 2025",Nusa Tenggara Timur,19,15400.0,True,15300.0,1150.0
"Mar 25, 2025",Kalimantan Barat,20,16500.0,True,15300.0,1150.0
"Mar 25, 2025",Kalimantan Selatan,21,17100.0,True,15300.0,1150.0
"Mar 25, 2025",Kalimantan Tengah,22,17650.0,True,15300.0,1150.0
"Mar 25, 2025",Kalimantan Timur,23,15950.0,True,15300.0,1150.0
"Mar 25, 2025",Kalimantan Utara,24,16550.0,True,15300.0,1150.0
"Mar 25, 2025",Gorontalo,25,14750.0,True,15300.0,1150.0
"Mar 25, 2025",Sulawesi Selatan,26,13550.0,True,15300.0,1150.0
"Mar 25, 2025",Sulawesi Tenggara,27,15100.0,True,15300.0,1150.0
"Mar 25, 2025",Sulawesi Tengah,28,14550.0,True,15300.0,1150.0
"Mar 25, 2025",Sulawesi Utara,29,14150.0,True,15300.0,1150.0
"Mar 25, 2025",Sulawesi Barat,30,13500.0,True,15300.0,1150.0
"Mar 25, 2025",Maluku,31,16150.0,True,15300.0,1150.0
"Mar 25, 2025",Maluku Utara,32,16700.0,True,15300.0,1150.0
"Mar 25, 2025",Papua,33,18100.0,True,15300.0,1150.0
"Mar 25, 2025",Papua Barat,34,16400.0,True,15300.0,1150.0
"Mar 26, 2025",Aceh,1,13750.0,True,15300.0,1150.0
"Mar 26, 2025",Sumatera Utara,2,13950.0,True,15300.0,1150.0
"Mar 26, 2025",Sumatera Barat,3,17100.0,True,15300.0,1150.0
"Mar 26, 2025",Riau,4,16050.0,True,15300.0,1150.0
"Mar 26, 2025",Kepulauan Riau,5,15150.0,True,15300.0,1150.0
"Mar 26, 2025",Jambi,6,15050.0,True,15300.0,1150.0
"Mar 26, 2025",Bengkulu,7,15250.0,True,15300.0,1150.0
"Mar 26, 2025",Sumatera Selatan,8,14950.0,True,15300.0,1150.0
"Mar 26, 2025",Kepulauan Bangka Belitung,9,15000.0,True,15300.0,1150.0
"Mar 26, 2025",Lampung,10,14750.0,True,15300.0,1150.0
"Mar 26, 2025",Banten,11,14850.0,True,15300.0,1150.0
"Mar 26, 2025",Jawa Barat,12,14600.0,True,15300.0,1150.0
"Mar 26, 2025",DKI Jakarta,13,15700.0,True,15300.0,1150.0
"Mar 26, 2025",Jawa Tengah,14,14750.0,True,15300.0,1150.0
"Mar 26, 2025",DI Yogyakarta,15,14300.0,True,15300.0,1150.0
"Mar 26, 2025",Jawa Timur,16,14250.0,True,15300.0,1150.0
"Mar 26, 2025",Bali,17,15350.0,True,15300.0,1150.0
"Mar 26, 2025",Nusa Tenggara Barat,18,13900.0,True,15300.0,1150.0
"Mar 26, 2025",Nusa Tenggara Timur,19,15400.0,True,15300.0,1150.0
"Mar 26, 2025",Kalimantan Barat,20,16550.0,True,15300.0,1150.0
"Mar 26, 2025",Kalimantan Selatan,21,17100.0,True,15300.0,1150.0
"Mar 26, 2025",Kalimantan Tengah,22,17650.0,True,15300.0,1150.0
"Mar 26, 2025",Kalimantan Timur,23,15950.0,True,15300.0,1150.0
"Mar 26, 2025",Kalimantan Utara,24,16550.0,True,15300.0,1150.0
"Mar 26, 2025",Gorontalo,25,14750.0,True,15300.0,1150.0
"Mar 26, 2025",Sulawesi Selatan,26,13550.0,True,15300.0,1150.0
"Mar 26, 2025",Sulawesi Tenggara,27,15100.0,True,15300.0,1150.0
"Mar 26, 2025",Sulawesi Tengah,28,14550.0,True,15300.0,1150.0
"Mar 26, 2025",Sulawesi Utara,29,14150.0,True,15300.0,1150.0
"Mar 26, 2025",Sulawesi Barat,30,13500.0,True,15300.0,1150.0
"Mar 26, 2025",Maluku,31,16150.0,True,15300.0,1150.0
"Mar 26, 2025",Maluku Utara,32,16700.0,True,15300.0,1150.0
"Mar 26, 2025",Papua,33,18100.0,True,15300.0,1150.0
"Mar 26, 2025",Papua Barat,34,16400.0,True,15300.0,1150.0
"Mar 27, 2025",Aceh,1,13750.0,True,15300.0,2800.0
"Mar 27, 2025",Sumatera Utara,2,13950.0,True,15300.0,2800.0
"Mar 27, 2025",Sumatera Barat,3,17100.0,True,15300.0,2800.0
"Mar 27, 2025",Riau,4,16050.0,True,15300.0,2800.0
"Mar 27, 2025",Kepulauan Riau,5,15100.0,True,15300.0,2800.0
"Mar 27, 2025",Jambi,6,15050.0,True,15300.0,2800.0
"Mar 27, 2025",Bengkulu,7,15300.0,True,15300.0,2800.0
"Mar 27, 2025",Sumatera Selatan,8,14950.0,True,15300.0,2800.0
"Mar 27, 2025",Kepulauan Bangka Belitung,9,15000.0,True,15300.0,2800.0
"Mar 27, 2025",Lampung,10,14750.0,True,15300.0,2800.0
"Mar 27, 2025",Banten,11,14850.0,True,15300.0,2800.0
"Mar 27, 2025",Jawa Barat,12,14600.0,True,15300.0,2800.0
"Mar 27, 2025",DKI Jakarta,13,15700.0,True,15300.0,2800.0
"Mar 27, 2025",Jawa Tengah,14,14750.0,True,15300.0,2800.0
"Mar 27, 2025",DI Yogyakarta,15,14300.0,True,15300.0,2800.0
"Mar 27, 2025",Jawa Timur,16,14250.0,True,15300.0,2800.0
"Mar 27, 2025",Bali,17,15350.0,True,15300.0,2800.0
"Mar 27, 2025",Nusa Tenggara Barat,18,13900.0,True,15300.0,2800.0
"Mar 27, 2025",Nusa Tenggara Timur,19,15400.0,True,15300.0,2800.0
"Mar 27, 2025",Kalimantan Barat,20,16550.0,True,15300.0,2800.0
"Mar 27, 2025",Kalimantan Selatan,21,17100.0,True,15300.0,2800.0
"Mar 27, 2025",Kalimantan Tengah,22,17650.0,True,15300.0,2800.0
"Mar 27, 2025",Kalimantan Timur,23,16000.0,True,15300.0,2800.0
"Mar 27, 2025",Kalimantan Utara,24,16550.0,True,15300.0,2800.0
"Mar 27, 2025",Gorontalo,25,14750.0,True,15300.0,2800.0
"Mar 27, 2025",Sulawesi Selatan,26,13550.0,True,15300.0,2800.0
"Mar 27, 2025",Sulawesi Tenggara,27,15100.0,True,15300.0,2800.0
"Mar 27, 2025",Sulawesi Tengah,28,14550.0,True,15300.0,2800.0
"Mar 27, 2025",Sulawesi Utara,29,14150.0,True,15300.0,2800.0
"Mar 27, 2025",Sulawesi Barat,30,13500.0,True,15300.0,2800.0
"Mar 27, 2025",Maluku,31,16150.0,True,15300.0,2800.0
"Mar 27, 2025",Maluku Utara,32,0.0,False,15300.0,2800.0
"Mar 27, 2025",Papua,33,18100.0,True,15300.0,2800.0
"Mar 27, 2025",Papua Barat,34,16400.0,True,15300.0,2800.0
"Mar 28, 2025",Aceh,1,13750.0,True,15200.0,3750.0
"Mar 28, 2025",Sumatera Utara,2,13950.0,True,15200.0,3750.0
"Mar 28, 2025",Sumatera Barat,3,16800.0,True,15200.0,3750.0
"Mar 28, 2025",Riau,4,16050.0,True,15200.0,3750.0
"Mar 28, 2025",Kepulauan Riau,5,15100.0,True,15200.0,3750.0
"Mar 28, 2025",Jambi,6,15050.0,True,15200.0,3750.0
"Mar 28, 2025",Bengkulu,7,15300.0,True,15200.0,3750.0
"Mar 28, 2025",Sumatera Selatan,8,14950.0,True,15200.0,3750.0
"Mar 28, 2025",Kepulauan Bangka Belitung,9,15000.0,True,15200.0,3750.0
"Mar 28, 2025",Lampung,10,14750.0,True,15200.0,3750.0
"Mar 28, 2025",Banten,11,14850.0,True,15200.0,3750.0
"Mar 28, 2025",Jawa Barat,12,14600.0,True,15200.0,3750.0
"Mar 28, 2025",DKI Jakarta,13,15700.0,True,15200.0,3750.0
"Mar 28, 2025",Jawa Tengah,14,14650.0,True,15200.0,3750.0
"Mar 28, 2025",DI Yogyakarta,15,14300.0,True,15200.0,3750.0
"Mar 28, 2025",Jawa Timur,16,14250.0,True,15200.0,3750.0
"Mar 28, 2025",Bali,17,15350.0,True,15200.0,3750.0
"Mar 28, 2025",Nusa Tenggara Barat,18,13900.0,True,15200.0,3750.0
"Mar 28, 2025",Nusa Tenggara Timur,19,15400.0,True,15200.0,3750.0
"Mar 28, 2025",Kalimantan Barat,20,16550.0,True,15200.0,3750.0
"Mar 28, 2025",Kalimantan Selatan,21,17100.0,True,15200.0,3750.0
"Mar 28, 2025",Kalimantan Tengah,22,0.0,False,15200.0,3750.0
"Mar 28, 2025",Kalimantan Timur,23,15850.0,True,15200.0,3750.0
"Mar 28, 2025",Kalimantan Utara,24,16550.0,True,15200.0,3750.0
"Mar 28, 2025",Gorontalo,25,14750.0,True,15200.0,3750.0
"Mar 28, 2025",Sulawesi Selatan,26,13550.0,True,15200.0,3750.0
"Mar 28, 2025",Sulawesi Tenggara,27,15100.0,True,15200.0,3750.0
"Mar 28, 2025",Sulawesi Tengah,28,14550.0,True,15200.0,3750.0
"Mar 28, 2025",Sulawesi Utara,29,14150.0,True,15200.0,3750.0
"Mar 28, 2025",Sulawesi Barat,30,13500.0,True,15200.0,3750.0
"Mar 28, 2025",Maluku,31,16150.0,True,15200.0,3750.0
"Mar 28, 2025",Maluku Utara,32,0.0,False,15200.0,3750.0
"Mar 28, 2025",Papua,33,18150.0,True,15200.0,3750.0
"Mar 28, 2025",Papua Barat,34,16400.0,True,15200.0,3750.0
"Mar 29, 2025",Aceh,1,13750.0,True,15200.0,3750.0
"Mar 29, 2025",Sumatera Utara,2,13950.0,True,15200.0,3750.0
"Mar 29, 2025",Sumatera Barat,3,16800.0,True,15200.0,3750.0
"Mar 29, 2025",Riau,4,16050.0,True,15200.0,3750.0
"Mar 29, 2025",Kepulauan Riau,5,15100.0,True,15200.0,3750.0
"Mar 29, 2025",Jambi,6,15050.0,True,15200.0,3750.0
"Mar 29, 2025",Bengkulu,7,15300.0,True,15200.0,3750.0
"Mar 29, 2025",Sumatera Selatan,8,14950.0,True,15200.0,3750.0
"Mar 29, 2025",Kepulauan Bangka Belitung,9,15000.0,True,15200.0,3750.0
"Mar 29, 2025",Lampung,10,14750.0,True,15200.0,3750.0
"Mar 29, 2025",Banten,11,14850.0,True,15200.0,3750.0
"Mar 29, 2025",Jawa Barat,12,14600.0,True,15200.0,3750.0
"Mar 29, 2025",DKI Jakarta,13,15700.0,True,15200.0,3750.0
"Mar 29, 2025",Jawa Tengah,14,14650.0,True,15200.0,3750.0
"Mar 29, 2025",DI Yogyakarta,15,14300.0,True,15200.0,3750.0
"Mar 29, 2025",Jawa Timur,16,14250.0,True,15200.0,3750.0
"Mar 29, 2025",Bali,17,15350.0,True,15200.0,3750.0
"Mar 29, 2025",Nusa Tenggara Barat,18,13900.0,True,15200.0,3750.0
"Mar 29, 2025",Nusa Tenggara Timur,19,15400.0,True,15200.0,3750.0
"Mar 29, 2025",Kalimantan Barat,20,16550.0,True,15200.0,3750.0
"Mar 29, 2025",Kalimantan Selatan,21,17100.0,True,15200.0,3750.0
"Mar 29, 2025",Kalimantan Tengah,22,0.0,False,15200.0,3750.0
"Mar 29, 2025",Kalimantan Timur,23,15850.0,True,15200.0,3750.0
"Mar 29, 2025",Kalimantan Utara,24,16550.0,True,15200.0,3750.0
"Mar 29, 2025",Gorontalo,25,14750.0,True,15200.0,3750.0
"Mar 29, 2025",Sulawesi Selatan,26,13550.0,True,15200.0,3750.0
"Mar 29, 2025",Sulawesi Tenggara,27,15100.0,True,15200.0,3750.0
"Mar 29, 2025",Sulawesi Tengah,28,14550.0,True,15200.0,3750.0
"Mar 29, 2025",Sulawesi Utara,29,14150.0,True,15200.0,3750.0
"Mar 29, 2025",Sulawesi Barat,30,13500.0,True,15200.0,3750.0
"Mar 29, 2025",Maluku,31,16150.0,True,15200.0,3750.0
"Mar 29, 2025",Maluku Utara,32,0.0,False,15200.0,3750.0
"Mar 29, 2025",Papua,33,18150.0,True,15200.0,3750.0
"Mar 29, 2025",Papua Barat,34,16400.0,True,15200.0,3750.0
"Mar 30, 2025",Aceh,1,0.0,False,,0.0
"Mar 30, 2025",Sumatera Utara,2,0.0,False,,0.0
"Mar 30, 2025",Sumatera Barat,3,0.0,False,,0.0
"Mar 30, 2025",Riau,4,0.0,False,,0.0
"Mar 30, 2025",Kepulauan Riau,5,0.0,False,,0.0
"Mar 30, 2025",Jambi,6,0.0,False,,0.0
"Mar 30, 2025",Bengkulu,7,0.0,False,,0.0
"Mar 30, 2025",Sumatera Selatan,8,0.0,False,,0.0
"Mar 30, 2025",Kepulauan Bangka Belitung,9,0.0,False,,0.0
"Mar 30, 2025",Lampung,10,0.0,False,,0.0
"Mar 30, 2025",Banten,11,0.0,False,,0.0
"Mar 30, 2025",Jawa Barat,12,0.0,False,,0.0
"Mar 30, 2025",DKI Jakarta,13,0.0,False,,0.0
"Mar 30, 2025",Jawa Tengah,14,0.0,False,,0.0
"Mar 30, 2025",DI Yogyakarta,15,0.0,False,,0.0
"Mar 30, 2025",Jawa Timur,16,0.0,False,,0.0
"Mar 30, 2025",Bali,17,0.0,False,,0.0
"Mar 30, 2025",Nusa Tenggara Barat,18,0.0,False,,0.0
"Mar 30, 2025",Nusa Tenggara Timur,19,0.0,False,,0.0
"Mar 30, 2025",Kalimantan Barat,20,0.0,False,,0.0
"Mar 30, 2025",Kalimantan Selatan,21,0.0,False,,0.0
"Mar 30, 2025",Kalimantan Tengah,22,0.0,False,,0.0
"Mar 30, 2025",Kalimantan Timur,23,0.0,False,,0.0
"Mar 30, 2025",Kalimantan Utara,24,0.0,False,,0.0
"Mar 30, 2025",Gorontalo,25,0.0,False,,0.0
"Mar 30, 2025",Sulawesi Selatan,26,0.0,False,,0.0
"Mar 30, 2025",Sulawesi Tenggara,27,0.0,False,,0.0
"Mar 30, 2025",Sulawesi Tengah,28,0.0,False,,0.0
"Mar 30, 2025",Sulawesi Utara,29,0.0,False,,0.0
"Mar 30, 2025",Sulawesi Barat,30,0.0,False,,0.0
"Mar 30, 2025",Maluku,31,0.0,False,,0.0
"Mar 30, 2025",Maluku Utara,32,0.0,False,,0.0
"Mar 30, 2025",Papua,33,0.0,False,,0.0
"Mar 30, 2025",Papua Barat,34,0.0,False,,0.0
"Mar 31, 2025",Aceh,1,14000.0,True,15200.0,3700.0
"Mar 31, 2025",Sumatera Utara,2,13950.0,True,15200.0,3700.0
"Mar 31, 2025",Sumatera Barat,3,16250.0,True,15200.0,3700.0
"Mar 31, 2025",Riau,4,16050.0,True,15200.0,3700.0
"Mar 31, 2025",Kepulauan Riau,5,15100.0,True,15200.0,3700.0
"Mar 31, 2025",Jambi,6,15050.0,True,15200.0,3700.0
"Mar 31, 2025",Bengkulu,7,15300.0,True,15200.0,3700.0
"Mar 31, 2025",Sumatera Selatan,8,14950.0,True,15200.0,3700.0
"Mar 31, 2025",Kepulauan Bangka Belitung,9,15000.0,True,15200.0,3700.0
"Mar 31, 2025",Lampung,10,14750.0,True,15200.0,3700.0
"Mar 31, 2025",Banten,11,14850.0,True,15200.0,3700.0
"Mar 31, 2025",Jawa Barat,12,14600.0,True,15200.0,3700.0
"Mar 31, 2025",DKI Jakarta,13,15700.0,True,15200.0,3700.0
"Mar 31, 2025",Jawa Tengah,14,14600.0,True,15200.0,3700.0
"Mar 31, 2025",DI Yogyakarta,15,14300.0,True,15200.0,3700.0
"Mar 31, 2025",Jawa Timur,16,14250.0,True,15200.0,3700.0
"Mar 31, 2025",Bali,17,15350.0,True,15200.0,3700.0
"Mar 31, 2025",Nusa Tenggara Barat,18,13900.0,True,15200.0,3700.0
"Mar 31, 2025",Nusa Tenggara Timur,19,15400.0,True,15200.0,3700.0
"Mar 31, 2025",Kalimantan Barat,20,16550.0,True,15200.0,3700.0
"Mar 31, 2025",Kalimantan Selatan,21,17100.0,True,15200.0,3700.0
"Mar 31, 2025",Kalimantan Tengah,22,0.0,False,15200.0,3700.0
"Mar 31, 2025",Kalimantan Timur,23,15850.0,True,15200.0,3700.0
"Mar 31, 2025",Kalimantan Utara,24,16500.0,True,15200.0,3700.0
"Mar 31, 2025",Gorontalo,25,14750.0,True,15200.0,3700.0
"Mar 31, 2025",Sulawesi Selatan,26,13550.0,True,15200.0,3700.0
"Mar 31, 2025",Sulawesi Tenggara,27,15100.0,True,15200.0,3700.0
"Mar 31, 2025",Sulawesi Tengah,28,14550.0,True,15200.0,3700.0
"Mar 31, 2025",Sulawesi Utara,29,14150.0,True,15200.0,3700.0
"Mar 31, 2025",Sulawesi Barat,30,13500.0,True,15200.0,3700.0
"Mar 31, 2025",Maluku,31,16150.0,True,15200.0,3700.0
"Mar 31, 2025",Maluku Utara,32,0.0,False,15200.0,3700.0
"Mar 31, 2025",Papua,33,18150.0,True,15200.0,3700.0
"Mar 31, 2025",Papua Barat,34,16400.0,True,15200.0,3700.0
"Apr 1, 2025",Aceh,1,13750.0,True,15300.0,1150.0
"Apr 1, 2025",Sumatera Utara,2,13950.0,True,15300.0,1150.0
"Apr 1, 2025",Sumatera Barat,3,17100.0,True,15300.0,1150.0
"Apr 1, 2025",Riau,4,16050.0,True,15300.0,1150.0
"Apr 1, 2025",Kepulauan Riau,5,15100.0,True,15300.0,1150.0
"Apr 1, 2025",Jambi,6,15050.0,True,15300.0,1150.0
"Apr 1, 2025",Bengkulu,7,15300.0,True,15300.0,1150.0
"Apr 1, 2025",Sumatera Selatan,8,14950.0,True,15300.0,1150.0
"Apr 1, 2025",Kepulauan Bangka Belitung,9,15000.0,True,15300.0,1150.0
"Apr 1, 2025",Lampung,10,14750.0,True,15300.0,1150.0
"Apr 1, 2025",Banten,11,14850.0,True,15300.0,1150.0
"Apr 1, 2025",Jawa Barat,12,14600.0,True,15300.0,1150.0
"Apr 1, 2025",DKI Jakarta,13,15700.0,True,15300.0,1150.0
"Apr 1, 2025",Jawa Tengah,14,14750.0,True,15300.0,1150.0
"Apr 1, 2025",DI Yogyakarta,15,14300.0,True,15300.0,1150.0
"Apr 1, 2025",Jawa Timur,16,14250.0,True,15300.0,1150.0
"Apr 1, 2025",Bali,17,15350.0,True,15300.0,1150.0
"Apr 1, 2025",Nusa Tenggara Barat,18,13900.0,True,15300.0,1150.0
"Apr 1, 2025",Nusa Tenggara Timur,19,15400.0,True,15300.0,1150.0
"Apr 1, 2025",Kalimantan Barat,20,16550.0,True,15300.0,1150.0
"Apr 1, 2025",Kalimantan Selatan,21,17100.0,True,15300.0,1150.0
"Apr 1, 2025",Kalimantan Tengah,22,17650.0,True,15300.0,1150.0
"Apr 1, 2025",Kalimantan Timur,23,16000.0,True,15300.0,1150.0
"Apr 1, 2025",Kalimantan Utara,24,16550.0,True,15300.0,1150.0
"Apr 1, 2025",Gorontalo,25,14750.0,True,15300.0,1150.0
"Apr 1, 2025",Sulawesi Selatan,26,13550.0,True,15300.0,1150.0
"Apr 1, 2025",Sulawesi Tenggara,27,15100.0,True,15300.0,1150.0
"Apr 1, 2025",Sulawesi Tengah,28,14550.0,True,15300.0,1150.0
"Apr 1, 2025",Sulawesi Utara,29,14150.0,True,15300.0,1150.0
"Apr 1, 2025",Sulawesi Barat,30,13500.0,True,15300.0,1150.0
"Apr 1, 2025",Maluku,31,16150.0,True,15300.0,1150.0
"Apr 1, 2025",Maluku Utara,32,16700.0,True,15300.0,1150.0
"Apr 1, 2025",Papua,33,18100.0,True,15300.0,1150.0
"Apr 1, 2025",Papua Barat,34,16400.0,True,15300.0,1150.0
"Apr 2, 2025",Aceh,1,13750.0,True,15300.0,1150.0
"Apr 2, 2025",Sumatera Utara,2,13950.0,True,15300.0,1150.0
"Apr 2, 2025",Sumatera Barat,3,17100.0,True,15300.0,1150.0
"Apr 2, 2025",Riau,4,16050.0,True,15300.0,1150.0
"Apr 2, 2025",Kepulauan Riau,5,15100.0,True,15300.0,1150.0
"Apr 2, 2025",Jambi,6,15050.0,True,15300.0,1150.0
"Apr 2, 2025",Bengkulu,7,15300.0,True,15300.0,1150.0
"Apr 2, 2025",Sumatera Selatan,8,14950.0,True,15300.0,1150.0
"Apr 2, 2025",Kepulauan Bangka Belitung,9,15000.0,True,15300.0,1150.0
"Apr 2, 2025",Lampung,10,14750.0,True,15300.0,1150.0
"Apr 2, 2025",Banten,11,14850.0,True,15300.0,1150.0
"Apr 2, 2025",Jawa Barat,12,14600.0,True,15300.0,1150.0
"Apr 2, 2025",DKI Jakarta,13,15700.0,True,15300.0,1150.0
"Apr 2, 2025",Jawa Tengah,14,14750.0,True,15300.0,1150.0
"Apr 2, 2025",DI Yogyakarta,15,14300.0,True,15300.0,1150.0
"Apr 2, 2025",Jawa Timur,16,14250.0,True,15300.0,1150.0
"Apr 2, 2025",Bali,17,15350.0,True,15300.0,1150.0
"Apr 2, 2025",Nusa Tenggara Barat,18,13900.0,True,15300.0,1150.0
"Apr 2, 2025",Nusa Tenggara Timur,19,15400.0,True,15300.0,1150.0
"Apr 2, 2025",Kalimantan Barat,20,16550.0,True,15300.0,1150.0
"Apr 2, 2025",Kalimantan Selatan,21,17100.0,True,15300.0,1150.0
"Apr 2, 2025",Kalimantan Tengah,22,17650.0,True,15300.0,1150.0
"Apr 2, 2025",Kalimantan Timur,23,16000.0,True,15300.0,1150.0
"Apr 2, 2025",Kalimantan Utara,24,16550.0,True,15300.0,1150.0
"Apr 2, 2025",Gorontalo,25,14750.0,True,15300.0,1150.0
"Apr 2, 2025",Sulawesi Selatan,26,13550.0,True,15300.0,1150.0
"Apr 2, 2025",Sulawesi Tenggara,27,15100.0,True,15300.0,1150.0
"Apr 2, 2025",Sulawesi Tengah,28,14550.0,True,15300.0,1150.0
"Apr 2, 2025",Sulawesi Utara,29,14150.0,True,15300.0,1150.0
"Apr 2, 2025",Sulawesi Barat,30,13500.0,True,15300.0,1150.0
"Apr 2, 2025",Maluku,31,16150.0,True,15300.0,1150.0
"Apr 2, 2025",Maluku Utara,32,16700.0,True,15300.0,1150.0
"Apr 2, 2025",Papua,33,18100.0,True,15300.0,1150.0
"Apr 2, 2025",Papua Barat,34,16450.0,True,15300.0,1150.0
"Apr 3, 2025",Aceh,1,13750.0,True,15350.0,1200.0
"Apr 3, 2025",Sumatera Utara,2,13950.0,True,15350.0,1200.0
"Apr 3, 2025",Sumatera Barat,3,17100.0,True,15350.0,1200.0
"Apr 3, 2025",Riau,4,16050.0,True,15350.0,1200.0
"Apr 3, 2025",Kepulauan Riau,5,15100.0,True,15350.0,1200.0
"Apr 3, 2025",Jambi,6,15050.0,True,15350.0,1200.0
"Apr 3, 2025",Bengkulu,7,15300.0,True,15350.0,1200.0
"Apr 3, 2025",Sumatera Selatan,8,14950.0,True,15350.0,1200.0
"Apr 3, 2025",Kepulauan Bangka Belitung,9,15000.0,True,15350.0,1200.0
"Apr 3, 2025",Lampung,10,14750.0,True,15350.0,1200.0
"Apr 3, 2025",Banten,11,14850.0,True,15350.0,1200.0
"Apr 3, 2025",Jawa Barat,12,14600.0,True,15350.0,1200.0
"Apr 3, 2025",DKI Jakarta,13,15700.0,True,15350.0,1200.0
"Apr 3, 2025",Jawa Tengah,14,14750.0,True,15350.0,1200.0
"Apr 3, 2025",DI Yogyakarta,15,14300.0,True,15350.0,1200.0
"Apr 3, 2025",Jawa Timur,16,14250.0,True,15350.0,1200.0
"Apr 3, 2025",Bali,17,15350.0,True,15350.0,1200.0
"Apr 3, 2025",Nusa Tenggara Barat,18,13900.0,True,15350.0,1200.0
"Apr 3, 2025",Nusa Tenggara Timur,19,15400.0,True,15350.0,1200.0
"Apr 3, 2025",Kalimantan Barat,20,16550.0,True,15350.0,1200.0
"Apr 3, 2025",Kalimantan Selatan,21,17100.0,True,15350.0,1200.0
"Apr 3, 2025",Kalimantan Tengah,22,17650.0,True,15350.0,1200.0
"Apr 3, 2025",Kalimantan Timur,23,16000.0,True,15350.0,1200.0
"Apr 3, 2025",Kalimantan Utara,24,16900.0,True,15350.0,1200.0
"Apr 3, 2025",Gorontalo,25,14750.0,True,15350.0,1200.0
"Apr 3, 2025",Sulawesi Selatan,26,13550.0,True,15350.0,1200.0
"Apr 3, 2025",Sulawesi Tenggara,27,15100.0,True,15350.0,1200.0
"Apr 3, 2025",Sulawesi Tengah,28,14550.0,True,15350.0,1200.0
"Apr 3, 2025",Sulawesi Utara,29,14150.0,True,15350.0,1200.0
"Apr 3, 2025",Sulawesi Barat,30,13500.0,True,15350.0,1200.0
"Apr 3, 2025",Maluku,31,16150.0,True,15350.0,1200.0
"Apr 3, 2025",Maluku Utara,32,16700.0,True,15350.0,1200.0
"Apr 3, 2025",Papua,33,18100.0,True,15350.0,1200.0
"Apr 3, 2025",Papua Barat,34,16450.0,True,15350.0,1200.0
"Apr 4, 2025",Aceh,1,13750.0,True,15300.0,1150.0
"Apr 4, 2025",Sumatera Utara,2,13950.0,True,15300.0,1150.0
"Apr 4, 2025",Sumatera Barat,3,17100.0,True,15300.0,1150.0
"Apr 4, 2025",Riau,4,16050.0,True,15300.0,1150.0
"Apr 4, 2025",Kepulauan Riau,5,15100.0,True,15300.0,1150.0
"Apr 4, 2025",Jambi,6,15050.0,True,15300.0,1150.0
"Apr 4, 2025",Bengkulu,7,15300.0,True,15300.0,1150.0
"Apr 4, 2025",Sumatera Selatan,8,14950.0,True,15300.0,1150.0
"Apr 4, 2025",Kepulauan Bangka Belitung,9,15000.0,True,15300.0,1150.0
"Apr 4, 2025",Lampung,10,14750.0,True,15300.0,1150.0
"Apr 4, 2025",Banten,11,14850.0,True,15300.0,1150.0
"Apr 4, 2025",Jawa Barat,12,14600.0,True,15300.0,1150.0
"Apr 4, 2025",DKI Jakarta,13,15700.0,True,15300.0,1150.0
"Apr 4, 2025",Jawa Tengah,14,14750.0,True,15300.0,1150.0
"Apr 4, 2025",DI Yogyakarta,15,14300.0,True,15300.0,1150.0
"Apr 4, 2025",Jawa Timur,16,14250.0,True,15300.0,1150.0
"Apr 4, 2025",Bali,17,15350.0,True,15300.0,1150.0
"Apr 4, 2025",Nusa Tenggara Barat,18,13900.0,True,15300.0,1150.0
"Apr 4, 2025",Nusa Tenggara Timur,19,15400.0,True,15300.0,1150.0
"Apr 4, 2025",Kalimantan Barat,20,16550.0,True,15300.0,1150.0
"Apr 4, 2025",Kalimantan Selatan,21,17100.0,True,15300.0,1150.0
"Apr 4, 2025",Kalimantan Tengah,22,17650.0,True,15300.0,1150.0
"Apr 4, 2025",Kalimantan Timur,23,16000.0,True,15300.0,1150.0
"Apr 4, 2025",Kalimantan Utara,24,16550.0,True,15300.0,1150.0
"Apr 4, 2025",Gorontalo,25,14750.0,True,15300.0,1150.0
"Apr 4, 2025",Sulawesi Selatan,26,13550.0,True,15300.0,1150.0
"Apr 4, 2025",Sulawesi Tenggara,27,15100.0,True,15300.0,1150.0
"Apr 4, 2025",Sulawesi Tengah,28,14550.0,True,15300.0,1150.0
"Apr 4, 2025",Sulawesi Utara,29,14150.0,True,15300.0,1150.0
"Apr 4, 2025",Sulawesi Barat,30,13500.0,True,15300.0,1150.0
"Apr 4, 2025",Maluku,31,16150.0,True,15300.0,1150.0
"Apr 4, 2025",Maluku Utara,32,16700.0,True,15300.0,1150.0
"Apr 4, 2025",Papua,33,18100.0,True,15300.0,1150.0
"Apr 4, 2025",Papua Barat,34,16500.0,True,15300.0,1150.0
"Apr 5, 2025",Aceh,1,13750.0,True,15300.0,1150.0
"Apr 5, 2025",Sumatera Utara,2,13950.0,True,15300.0,1150.0
"Apr 5, 2025",Sumatera Barat,3,17100.0,True,15300.0,1150.0
"Apr 5, 2025",Riau,4,16050.0,True,15300.0,1150.0
"Apr 5, 2025",Kepulauan Riau,5,15100.0,True,15300.0,1150.0
"Apr 5, 2025",Jambi,6,15050.0,True,15300.0,1150.0
"Apr 5, 2025",Bengkulu,7,15300.0,True,15300.0,1150.0
"Apr 5, 2025",Sumatera Selatan,8,14950.0,True,15300.0,1150.0
"Apr 5, 2025",Kepulauan Bangka Belitung,9,15000.0,True,15300.0,1150.0
"Apr 5, 2025",Lampung,10,14750.0,True,15300.0,1150.0
"Apr 5, 2025",Banten,11,14850.0,True,15300.0,1150.0
"Apr 5, 2025",Jawa Barat,12,14600.0,True,15300.0,1150.0
"Apr 5, 2025",DKI Jakarta,13,15700.0,True,15300.0,1150.0
"Apr 5, 2025",Jawa Tengah,14,14750.0,True,15300.0,1150.0
"Apr 5, 2025",DI Yogyakarta,15,14300.0,True,15300.0,1150.0
"Apr 5, 2025",Jawa Timur,16,14250.0,True,15300.0,1150.0
"Apr 5, 2025",Bali,17,15350.0,True,15300.0,1150.0
"Apr 5, 2025",Nusa Tenggara Barat,18,13900.0,True,15300.0,1150.0
"Apr 5, 2025",Nusa Tenggara Timur,19,15400.0,True,15300.0,1150.0
"Apr 5, 2025",Kalimantan Barat,20,16550.0,True,15300.0,1150.0
"Apr 5, 2025",Kalimantan Selatan,21,17100.0,True,15300.0,1150.0
"Apr 5, 2025",Kalimantan Tengah,22,17650.0,True,15300.0,1150.0
"Apr 5, 2025",Kalimantan Timur,23,16000.0,True,15300.0,1150.0
"Apr 5, 2025",Kalimantan Utara,24,16550.0,True,15300.0,1150.0
"Apr 5, 2025",Gorontalo,25,14750.0,True,15300.0,1150.0
"Apr 5, 2025",Sulawesi Selatan,26,13550.0,True,15300.0,1150.0
"Apr 5, 2025",Sulawesi Tenggara,27,15100.0,True,15300.0,1150.0
"Apr 5, 2025",Sulawesi Tengah,28,14550.0,True,15300.0,1150.0
"Apr 5, 2025",Sulawesi Utara,29,14150.0,True,15300.0,1150.0
"Apr 5, 2025",Sulawesi Barat,30,13500.0,True,15300.0,1150.0
"Apr 5, 2025",Maluku,31,16150.0,True,15300.0,1150.0
"Apr 5, 2025",Maluku Utara,32,16700.0,True,15300.0,1150.0
"Apr 5, 2025",Papua,33,18100.0,True,15300.0,1150.0
"Apr 5, 2025",Papua Barat,34,16500.0,True,15300.0,1150.0
"Apr 6, 2025",Aceh,1,13750.0,True,15300.0,1150.0
"Apr 6, 2025",Sumatera Utara,2,13950.0,True,15300.0,1150.0
"Apr 6, 2025",Sumatera Barat,3,17100.0,True,15300.0,1150.0
"Apr 6, 2025",Riau,4,16050.0,True,15300.0,1150.0
"Apr 6, 2025",Kepulauan Riau,5,15100.0,True,15300.0,1150.0
"Apr 6, 2025",Jambi,6,15050.0,True,15300.0,1150.0
"Apr 6, 2025",Bengkulu,7,15300.0,True,15300.0,1150.0
"Apr 6, 2025",Sumatera Selatan,8,14950.0,True,15300.0,1150.0
"Apr 6, 2025",Kepulauan Bangka Belitung,9,15000.0,True,15300.0,1150.0
"Apr 6, 2025",Lampung,10,14750.0,True,15300.0,1150.0
"Apr 6, 2025",Banten,11,14850.0,True,15300.0,1150.0
"Apr 6, 2025",Jawa Barat,12,14600.0,True,15300.0,1150.0
"Apr 6, 2025",DKI Jakarta,13,15700.0,True,15300.0,1150.0
"Apr 6, 2025",Jawa Tengah,14,14750.0,True,15300.0,1150.0
"Apr 6, 2025",DI Yogyakarta,15,14300.0,True,15300.0,1150.0
"Apr 6, 2025",Jawa Timur,16,14250.0,True,15300.0,1150.0
"Apr 6, 2025",Bali,17,15350.0,True,15300.0,1150.0
"Apr 6, 2025",Nusa Tenggara Barat,18,13900.0,True,15300.0,1150.0
"Apr 6, 2025",Nusa Tenggara Timur,19,15400.0,True,15300.0,1150.0
"Apr 6, 2025",Kalimantan Barat,20,16550.0,True,15300.0,1150.0
"Apr 6, 2025",Kalimantan Selatan,21,17100.0,True,15300.0,1150.0
"Apr 6, 2025",Kalimantan Tengah,22,17650.0,True,15300.0,1150.0
"Apr 6, 2025",Kalimantan Timur,23,16000.0,True,15300.0,1150.0
"Apr 6, 2025",Kalimantan Utara,24,16550.0,True,15300.0,1150.0
"Apr 6, 2025",Gorontalo,25,14750.0,True,15300.0,1150.0
"Apr 6, 2025",Sulawesi Selatan,26,13550.0,True,15300.0,1150.0
"Apr 6, 2025",Sulawesi Tenggara,27,15100.0,True,15300.0,1150.0
"Apr 6, 2025",Sulawesi Tengah,28,14550.0,True,15300.0,1150.0
"Apr 6, 2025",Sulawesi Utara,29,14150.0,True,15300.0,1150.0
"Apr 6, 2025",Sulawesi Barat,30,13500.0,True,15300.0,1150.0
"Apr 6, 2025",Maluku,31,16150.0,True,15300.0,1150.0
"Apr 6, 2025",Maluku Utara,32,16700.0,True,15300.0,1150.0
"Apr 6, 2025",Papua,33,18100.0,True,15300.0,1150.0
"Apr 6, 2025",Papua Barat,34,16500.0,True,15300.0,1150.0
"Apr 7, 2025",Aceh,1,13750.0,True,15350.0,1150.0
"Apr 7, 2025",Sumatera Utara,2,13950.0,True,15350.0,1150.0
"Apr 7, 2025",Sumatera Barat,3,17100.0,True,15350.0,1150.0
"Apr 7, 2025",Riau,4,16050.0,True,15350.0,1150.0
"Apr 7, 2025",Kepulauan Riau,5,15100.0,True,15350.0,1150.0
"Apr 7, 2025",Jambi,6,15050.0,True,15350.0,1150.0
"Apr 7, 2025",Bengkulu,7,15300.0,True,15350.0,1150.0
"Apr 7, 2025",Sumatera Selatan,8,14950.0,True,15350.0,1150.0
"Apr 7, 2025",Kepulauan Bangka Belitung,9,15000.0,True,15350.0,1150.0
"Apr 7, 2025",Lampung,10,14750.0,True,15350.0,1150.0
"Apr 7, 2025",Banten,11,14850.0,True,15350.0,1150.0
"Apr 7, 2025",Jawa Barat,12,14600.0,True,15350.0,1150.0
"Apr 7, 2025",DKI Jakarta,13,15700.0,True,15350.0,1150.0
"Apr 7, 2025",Jawa Tengah,14,14750.0,True,15350.0,1150.0
"Apr 7, 2025",DI Yogyakarta,15,14300.0,True,15350.0,1150.0
"Apr 7, 2025",Jawa Timur,16,14250.0,True,15350.0,1150.0
"Apr 7, 2025",Bali,17,15350.0,True,15350.0,1150.0
"Apr 7, 2025",Nusa Tenggara Barat,18,13900.0,True,15350.0,1150.0
"Apr 7, 2025",Nusa Tenggara Timur,19,15400.0,True,15350.0,1150.0
"Apr 7, 2025",Kalimantan Barat,20,16550.0,True,15350.0,1150.0
"Apr 7, 2025",Kalimantan Selatan,21,17100.0,True,15350.0,1150.0
"Apr 7, 2025",Kalimantan Tengah,22,17650.0,True,15350.0,1150.0
"Apr 7, 2025",Kalimantan Timur,23,16050.0,True,15350.0,1150.0
"Apr 7, 2025",Kalimantan Utara,24,16550.0,True,15350.0,1150.0
"Apr 7, 2025",Gorontalo,25,14750.0,True,15350.0,1150.0
"Apr 7, 2025",Sulawesi Selatan,26,13550.0,True,15350.0,1150.0
"Apr 7, 2025",Sulawesi Tenggara,27,15100.0,True,15350.0,1150.0
"Apr 7, 2025",Sulawesi Tengah,28,14550.0,True,15350.0,1150.0
"Apr 7, 2025",Sulawesi Utara,29,14150.0,True,15350.0,1150.0
"Apr 7, 2025",Sulawesi Barat,30,13500.0,True,15350.0,1150.0
"Apr 7, 2025",Maluku,31,16150.0,True,15350.0,1150.0
"Apr 7, 2025",Maluku Utara,32,16700.0,True,15350.0,1150.0
"Apr 7, 2025",Papua,33,18100.0,True,15350.0,1150.0
"Apr 7, 2025",Papua Barat,34,16550.0,True,15350.0,1150.0
"Apr 8, 2025",Aceh,1,13800.0,True,15300.0,1200.0
"Apr 8, 2025",Sumatera Utara,2,13950.0,True,15300.0,1200.0
"Apr 8, 2025",Sumatera Barat,3,17050.0,True,15300.0,1200.0
"Apr 8, 2025",Riau,4,16050.0,True,15300.0,1200.0
"Apr 8, 2025",Kepulauan Riau,5,15100.0,True,15300.0,1200.0
"Apr 8, 2025",Jambi,6,15050.0,True,15300.0,1200.0
"Apr 8, 2025",Bengkulu,7,15300.0,True,15300.0,1200.0
"Apr 8, 2025",Sumatera Selatan,8,14950.0,True,15300.0,1200.0
"Apr 8, 2025",Kepulauan Bangka Belitung,9,15000.0,True,15300.0,1200.0
"Apr 8, 2025",Lampung,10,14750.0,True,15300.0,1200.0
"Apr 8, 2025",Banten,11,14850.0,True,15300.0,1200.0
"Apr 8, 2025",Jawa Barat,12,14600.0,True,15300.0,1200.0
"Apr 8, 2025",DKI Jakarta,13,15700.0,True,15300.0,1200.0
"Apr 8, 2025",Jawa Tengah,14,14750.0,True,15300.0,1200.0
"Apr 8, 2025",DI Yogyakarta,15,14300.0,True,15300.0,1200.0
"Apr 8, 2025",Jawa Timur,16,14200.0,True,15300.0,1200.0
"Apr 8, 2025",Bali,17,15350.0,True,15300.0,1200.0
"Apr 8, 2025",Nusa Tenggara Barat,18,13900.0,True,15300.0,1200.0
"Apr 8, 2025",Nusa Tenggara Timur,19,15400.0,True,15300.0,1200.0
"Apr 8, 2025",Kalimantan Barat,20,16550.0,True,15300.0,1200.0
"Apr 8, 2025",Kalimantan Selatan,21,17100.0,True,15300.0,1200.0
"Apr 8, 2025",Kalimantan Tengah,22,17650.0,True,15300.0,1200.0
"Apr 8, 2025",Kalimantan Timur,23,16000.0,True,15300.0,1200.0
"Apr 8, 2025",Kalimantan Utara,24,16550.0,True,15300.0,1200.0
"Apr 8, 2025",Gorontalo,25,14750.0,True,15300.0,1200.0
"Apr 8, 2025",Sulawesi Selatan,26,13550.0,True,15300.0,1200.0
"Apr 8, 2025",Sulawesi Tenggara,27,15100.0,True,15300.0,1200.0
"Apr 8, 2025",Sulawesi Tengah,28,14450.0,True,15300.0,1200.0
"Apr 8, 2025",Sulawesi Utara,29,14150.0,True,15300.0,1200.0
"Apr 8, 2025",Sulawesi Barat,30,13500.0,True,15300.0,1200.0
"Apr 8, 2025",Maluku,31,16150.0,True,15300.0,1200.0
"Apr 8, 2025",Maluku Utara,32,16700.0,True,15300.0,1200.0
"Apr 8, 2025",Papua,33,18150.0,True,15300.0,1200.0
"Apr 8, 2025",Papua Barat,34,16550.0,True,15300.0,1200.0
"Apr 9, 2025",Aceh,1,13800.0,True,15300.0,1150.0
"Apr 9, 2025",Sumatera Utara,2,13950.0,True,15300.0,1150.0
"Apr 9, 2025",Sumatera Barat,3,17050.0,True,15300.0,1150.0
"Apr 9, 2025",Riau,4,16050.0,True,15300.0,1150.0
"Apr 9, 2025",Kepulauan Riau,5,15100.0,True,15300.0,1150.0
"Apr 9, 2025",Jambi,6,15050.0,True,15300.0,1150.0
"Apr 9, 2025",Bengkulu,7,15300.0,True,15300.0,1150.0
"Apr 9, 2025",Sumatera Selatan,8,14950.0,True,15300.0,1150.0
"Apr 9, 2025",Kepulauan Bangka Belitung,9,15000.0,True,15300.0,1150.0
"Apr 9, 2025",Lampung,10,14750.0,True,15300.0,1150.0
"Apr 9, 2025",Banten,11,14850.0,True,15300.0,1150.0
"Apr 9, 2025",Jawa Barat,12,14600.0,True,15300.0,1150.0
"Apr 9, 2025",DKI Jakarta,13,15700.0,True,15300.0,1150.0
"Apr 9, 2025",Jawa Tengah,14,14750.0,True,15300.0,1150.0
"Apr 9, 2025",DI Yogyakarta,15,14300.0,True,15300.0,1150.0
"Apr 9, 2025",Jawa Timur,16,14200.0,True,15300.0,1150.0
"Apr 9, 2025",Bali,17,15350.0,True,15300.0,1150.0
"Apr 9, 2025",Nusa Tenggara Barat,18,13900.0,True,15300.0,1150.0
"Apr 9, 2025",Nusa Tenggara Timur,19,15400.0,True,15300.0,1150.0
"Apr 9, 2025",Kalimantan Barat,20,16550.0,True,15300.0,1150.0
"Apr 9, 2025",Kalimantan Selatan,21,17100.0,True,15300.0,1150.0
"Apr 9, 2025",Kalimantan Tengah,22,17600.0,True,15300.0,1150.0
"Apr 9, 2025",Kalimantan Timur,23,16000.0,True,15300.0,1150.0
"Apr 9, 2025",Kalimantan Utara,24,16550.0,True,15300.0,1150.0
"Apr 9, 2025",Gorontalo,25,14750.0,True,15300.0,1150.0
"Apr 9, 2025",Sulawesi Selatan,26,13550.0,True,15300.0,1150.0
"Apr 9, 2025",Sulawesi Tenggara,27,15150.0,True,15300.0,1150.0
"Apr 9, 2025",Sulawesi Tengah,28,14450.0,True,15300.0,1150.0
"Apr 9, 2025",Sulawesi Utara,29,14150.0,True,15300.0,1150.0
"Apr 9, 2025",Sulawesi Barat,30,13500.0,True,15300.0,1150.0
"Apr 9, 2025",Maluku,31,16150.0,True,15300.0,1150.0
"Apr 9, 2025",Maluku Utara,32,16700.0,True,15300.0,1150.0
"Apr 9, 2025",Papua,33,18150.0,True,15300.0,1150.0
"Apr 9, 2025",Papua Barat,34,16550.0,True,15300.0,1150.0
"Apr 10, 2025",Aceh,1,13800.0,True,15300.0,1150.0
"Apr 10, 2025",Sumatera Utara,2,13950.0,True,15300.0,1150.0
"Apr 10, 2025",Sumatera Barat,3,17050.0,True,15300.0,1150.0
"Apr 10, 2025",Riau,4,16050.0,True,15300.0,1150.0
"Apr 10, 2025",Kepulauan Riau,5,15100.0,True,15300.0,1150.0
"Apr 10, 2025",Jambi,6,15050.0,True,15300.0,1150.0
"Apr 10, 2025",Bengkulu,7,15300.0,True,15300.0,1150.0
"Apr 10, 2025",Sumatera Selatan,8,14950.0,True,15300.0,1150.0
"Apr 10, 2025",Kepulauan Bangka Belitung,9,15000.0,True,15300.0,1150.0
"Apr 10, 2025",Lampung,10,14750.0,True,15300.0,1150.0
"Apr 10, 2025",Banten,11,14850.0,True,15300.0,1150.0
"Apr 10, 2025",Jawa Barat,12,14600.0,True,15300.0,1150.0
"Apr 10, 2025",DKI Jakarta,13,15700.0,True,15300.0,1150.0
"Apr 10, 2025",Jawa Tengah,14,14750.0,True,15300.0,1150.0
"Apr 10, 2025",DI Yogyakarta,15,14300.0,True,15300.0,1150.0
"Apr 10, 2025",Jawa Timur,16,14200.0,True,15300.0,1150.0
"Apr 10, 2025",Bali,17,15350.0,True,15300.0,1150.0
"Apr 10, 2025",Nusa Tenggara Barat,18,13900.0,True,15300.0,1150.0
"Apr 10, 2025",Nusa Tenggara Timur,19,15400.0,True,15300.0,1150.0
"Apr 10, 2025",Kalimantan Barat,20,16250.0,True,15300.0,1150.0
"Apr 10, 2025",Kalimantan Selatan,21,17100.0,True,15300.0,1150.0
"Apr 10, 2025",Kalimantan Tengah,22,17600.0,True,15300.0,1150.0
"Apr 10, 2025",Kalimantan Timur,23,15900.0,True,15300.0,1150.0
"Apr 10, 2025",Kalimantan Utara,24,16550.0,True,15300.0,1150.0
"Apr 10, 2025",Gorontalo,25,14750.0,True,15300.0,1150.0
"Apr 10, 2025",Sulawesi Selatan,26,13550.0,True,15300.0,1150.0
"Apr 10, 2025",Sulawesi Tenggara,27,15150.0,True,15300.0,1150.0
"Apr 10, 2025",Sulawesi Tengah,28,14450.0,True,15300.0,1150.0
"Apr 10, 2025",Sulawesi Utara,29,14250.0,True,15300.0,1150.0
"Apr 10, 2025",Sulawesi Barat,30,13500.0,True,15300.0,1150.0
"Apr 10, 2025",Maluku,31,16150.0,True,15300.0,1150.0
"Apr 10, 2025",Maluku Utara,32,16700.0,True,15300.0,1150.0
"Apr 10, 2025",Papua,33,18150.0,True,15300.0,1150.0
"Apr 10, 2025",Papua Barat,34,16550.0,True,15300.0,1150.0
"Apr 11, 2025",Aceh,1,13800.0,True,15300.0,1150.0
"Apr 11, 2025",Sumatera Utara,2,13950.0,True,15300.0,1150.0
"Apr 11, 2025",Sumatera Barat,3,17050.0,True,15300.0,1150.0
"Apr 11, 2025",Riau,4,16050.0,True,15300.0,1150.0
"Apr 11, 2025",Kepulauan Riau,5,15100.0,True,15300.0,1150.0
"Apr 11, 2025",Jambi,6,15050.0,True,15300.0,1150.0
"Apr 11, 2025",Bengkulu,7,15300.0,True,15300.0,1150.0
"Apr 11, 2025",Sumatera Selatan,8,14950.0,True,15300.0,1150.0
"Apr 11, 2025",Kepulauan Bangka Belitung,9,15000.0,True,15300.0,1150.0
"Apr 11, 2025",Lampung,10,14750.0,True,15300.0,1150.0
"Apr 11, 2025",Banten,11,14850.0,True,15300.0,1150.0
"Apr 11, 2025",Jawa Barat,12,14600.0,True,15300.0,1150.0
"Apr 11, 2025",DKI Jakarta,13,15700.0,True,15300.0,1150.0
"Apr 11, 2025",Jawa Tengah,14,14750.0,True,15300.0,1150.0
"Apr 11, 2025",DI Yogyakarta,15,14300.0,True,15300.0,1150.0
"Apr 11, 2025",Jawa Timur,16,14200.0,True,15300.0,1150.0
"Apr 11, 2025",Bali,17,15350.0,True,15300.0,1150.0
"Apr 11, 2025",Nusa Tenggara Barat,18,13900.0,True,15300.0,1150.0
"Apr 11, 2025",Nusa Tenggara Timur,19,15400.0,True,15300.0,1150.0
"Apr 11, 2025",Kalimantan Barat,20,16250.0,True,15300.0,1150.0
"Apr 11, 2025",Kalimantan Selatan,21,17100.0,True,15300.0,1150.0
"Apr 11, 2025",Kalimantan Tengah,22,17600.0,True,15300.0,1150.0
"Apr 11, 2025",Kalimantan Timur,23,15950.0,True,15300.0,1150.0
"Apr 11, 2025",Kalimantan Utara,24,16600.0,True,15300.0,1150.0
"Apr 11, 2025",Gorontalo,25,14750.0,True,15300.0,1150.0
"Apr 11, 2025",Sulawesi Selatan,26,13550.0,True,15300.0,1150.0
"Apr 11, 2025",Sulawesi Tenggara,27,15150.0,True,15300.0,1150.0
"Apr 11, 2025",Sulawesi Tengah,28,14450.0,True,15300.0,1150.0
"Apr 11, 2025",Sulawesi Utara,29,14250.0,True,15300.0,1150.0
"Apr 11, 2025",Sulawesi Barat,30,13500.0,True,15300.0,1150.0
"Apr 11, 2025",Maluku,31,16150.0,True,15300.0,1150.0
"Apr 11, 2025",Maluku Utara,32,16700.0,True,15300.0,1150.0
"Apr 11, 2025",Papua,33,18150.0,True,15300.0,1150.0
"Apr 11, 2025",Papua Barat,34,16600.0,True,15300.0,1150.0
"Apr 12, 2025",Aceh,1,13800.0,True,15300.0,1150.0
"Apr 12, 2025",Sumatera Utara,2,13950.0,True,15300.0,1150.0
"Apr 12, 2025",Sumatera Barat,3,17050.0,True,15300.0,1150.0
"Apr 12, 2025",Riau,4,16050.0,True,15300.0,1150.0
"Apr 12, 2025",Kepulauan Riau,5,15100.0,True,15300.0,1150.0
"Apr 12, 2025",Jambi,6,15050.0,True,15300.0,1150.0
"Apr 12, 2025",Bengkulu,7,15300.0,True,15300.0,1150.0
"Apr 12, 2025",Sumatera Selatan,8,14950.0,True,15300.0,1150.0
"Apr 12, 2025",Kepulauan Bangka Belitung,9,15000.0,True,15300.0,1150.0
"Apr 12, 2025",Lampung,10,14750.0,True,15300.0,1150.0
"Apr 12, 2025",Banten,11,14850.0,True,15300.0,1150.0
"Apr 12, 2025",Jawa Barat,12,14600.0,True,15300.0,1150.0
"Apr 12, 2025",DKI Jakarta,13,15700.0,True,15300.0,1150.0
"Apr 12, 2025",Jawa Tengah,14,14750.0,True,15300.0,1150.0
"Apr 12, 2025",DI Yogyakarta,15,14300.0,True,15300.0,1150.0
"Apr 12, 2025",Jawa Timur,16,14200.0,True,15300.0,1150.0
"Apr 12, 2025",Bali,17,15350.0,True,15300.0,1150.0
"Apr 12, 2025",Nusa Tenggara Barat,18,13900.0,True,15300.0,1150.0
"Apr 12, 2025",Nusa Tenggara Timur,19,15400.0,True,15300.0,1150.0
"Apr 12, 2025",Kalimantan Barat,20,16250.0,True,15300.0,1150.0
"Apr 12, 2025",Kalimantan Selatan,21,17100.0,True,15300.0,1150.0
"Apr 12, 2025",Kalimantan Tengah,22,17600.0,True,15300.0,1150.0
"Apr 12, 2025",Kalimantan Timur,23,15950.0,True,15300.0,1150.0
"Apr 12, 2025",Kalimantan Utara,24,16600.0,True,15300.0,1150.0
"Apr 12, 2025",Gorontalo,25,14750.0,True,15300.0,1150.0
"Apr 12, 2025",Sulawesi Selatan,26,13550.0,True,15300.0,1150.0
"Apr 12, 2025",Sulawesi Tenggara,27,15150.0,True,15300.0,1150.0
"Apr 12, 2025",Sulawesi Tengah,28,14450.0,True,15300.0,1150.0
"Apr 12, 2025",Sulawesi Utara,29,14250.0,True,15300.0,1150.0
"Apr 12, 2025",Sulawesi Barat,30,13500.0,True,15300.0,1150.0
"Apr 12, 2025",Maluku,31,16150.0,True,15300.0,1150.0
"Apr 12, 2025",Maluku Utara,32,16700.0,True,15300.0,1150.0
"Apr 12, 2025",Papua,33,18150.0,True,15300.0,1150.0
"Apr 12, 2025",Papua Barat,34,16600.0,True,15300.0,1150.0
"Apr 13, 2025",Aceh,1,13800.0,True,15300.0,1150.0
"Apr 13, 2025",Sumatera Utara,2,13950.0,True,15300.0,1150.0
"Apr 13, 2025",Sumatera Barat,3,17050.0,True,15300.0,1150.0
"Apr 13, 2025",Riau,4,16050.0,True,15300.0,1150.0
"Apr 13, 2025",Kepulauan Riau,5,15100.0,True,15300.0,1150.0
"Apr 13, 2025",Jambi,6,15050.0,True,15300.0,1150.0
"Apr 13, 2025",Bengkulu,7,15300.0,True,15300.0,1150.0
"Apr 13, 2025",Sumatera Selatan,8,14950.0,True,15300.0,1150.0
"Apr 13, 2025",Kepulauan Bangka Belitung,9,15000.0,True,15300.0,1150.0
"Apr 13, 2025",Lampung,10,14750.0,True,15300.0,1150.0
"Apr 13, 2025",Banten,11,14850.0,True,15300.0,1150.0
"Apr 13, 2025",Jawa Barat,12,14600.0,True,15300.0,1150.0
"Apr 13, 2025",DKI Jakarta,13,15700.0,True,15300.0,1150.0
"Apr 13, 2025",Jawa Tengah,14,14750.0,True,15300.0,1150.0
"Apr 13, 2025",DI Yogyakarta,15,14300.0,True,15300.0,1150.0
"Apr 13, 2025",Jawa Timur,16,14200.0,True,15300.0,1150.0
"Apr 13, 2025",Bali,17,15350.0,True,15300.0,1150.0
"Apr 13, 2025",Nusa Tenggara Barat,18,13900.0,True,15300.0,1150.0
"Apr 13, 2025",Nusa Tenggara Timur,19,15400.0,True,15300.0,1150.0
"Apr 13, 2025",Kalimantan Barat,20,16250.0,True,15300.0,1150.0
"Apr 13, 2025",Kalimantan Selatan,21,17100.0,True,15300.0,1150.0
"Apr 13, 2025",Kalimantan Tengah,22,17600.0,True,15300.0,1150.0
"Apr 13, 2025",Kalimantan Timur,23,15950.0,True,15300.0,1150.0
"Apr 13, 2025",Kalimantan Utara,24,16600.0,True,15300.0,1150.0
"Apr 13, 2025",Gorontalo,25,14750.0,True,15300.0,1150.0
"Apr 13, 2025",Sulawesi Selatan,26,13550.0,True,15300.0,1150.0
"Apr 13, 2025",Sulawesi Tenggara,27,15150.0,True,15300.0,1150.0
"Apr 13, 2025",Sulawesi Tengah,28,14450.0,True,15300.0,1150.0
"Apr 13, 2025",Sulawesi Utara,29,14250.0,True,15300.0,1150.0
"Apr 13, 2025",Sulawesi Barat,30,13500.0,True,15300.0,1150.0
"Apr 13, 2025",Maluku,31,16150.0,True,15300.0,1150.0
"Apr 13, 2025",Maluku Utara,32,16700.0,True,15300.0,1150.0
"Apr 13, 2025",Papua,33,18150.0,True,15300.0,1150.0
"Apr 13, 2025",Papua Barat,34,16600.0,True,15300.0,1150.0
"Apr 14, 2025",Aceh,1,13800.0,True,15300.0,1150.0
"Apr 14, 2025",Sumatera Utara,2,13950.0,True,15300.0,1150.0
"Apr 14, 2025",Sumatera Barat,3,17050.0,True,15300.0,1150.0
"Apr 14, 2025",Riau,4,16050.0,True,15300.0,1150.0
"Apr 14, 2025",Kepulauan Riau,5,15100.0,True,15300.0,1150.0
"Apr 14, 2025",Jambi,6,15050.0,True,15300.0,1150.0
"Apr 14, 2025",Bengkulu,7,15300.0,True,15300.0,1150.0
"Apr 14, 2025",Sumatera Selatan,8,14950.0,True,15300.0,1150.0
"Apr 14, 2025",Kepulauan Bangka Belitung,9,15000.0,True,15300.0,1150.0
"Apr 14, 2025",Lampung,10,14750.0,True,15300.0,1150.0
"Apr 14, 2025",Banten,11,14850.0,True,15300.0,1150.0
"Apr 14, 2025",Jawa Barat,12,14600.0,True,15300.0,1150.0
"Apr 14, 2025",DKI Jakarta,13,15700.0,True,15300.0,1150.0
"Apr 14, 2025",Jawa Tengah,14,14750.0,True,15300.0,1150.0
"Apr 14, 2025",DI Yogyakarta,15,14300.0,True,15300.0,1150.0
"Apr 14, 2025",Jawa Timur,16,14200.0,True,15300.0,1150.0
"Apr 14, 2025",Bali,17,15350.0,True,15300.0,1150.0
"Apr 14, 2025",Nusa Tenggara Barat,18,13900.0,True,15300.0,1150.0
"Apr 14, 2025",Nusa Tenggara Timur,19,15400.0,True,15300.0,1150.0
"Apr 14, 2025",Kalimantan Barat,20,16250.0,True,15300.0,1150.0
"Apr 14, 2025",Kalimantan Selatan,21,17100.0,True,15300.0,1150.0
"Apr 14, 2025",Kalimantan Tengah,22,17600.0,True,15300.0,1150.0
"Apr 14, 2025",Kalimantan Timur,23,15950.0,True,15300.0,1150.0
"Apr 14, 2025",Kalimantan Utara,24,16550.0,True,15300.0,1150.0
"Apr 14, 2025",Gorontalo,25,14700.0,True,15300.0,1150.0
"Apr 14, 2025",Sulawesi Selatan,26,13550.0,True,15300.0,1150.0
"Apr 14, 2025",Sulawesi Tenggara,27,15150.0,True,15300.0,1150.0
"Apr 14, 2025",Sulawesi Tengah,28,14450.0,True,15300.0,1150.0
"Apr 14, 2025",Sulawesi Utara,29,14200.0,True,15300.0,1150.0
"Apr 14, 2025",Sulawesi Barat,30,13500.0,True,15300.0,1150.0
"Apr 14, 2025",Maluku,31,16150.0,True,15300.0,1150.0
"Apr 14, 2025",Maluku Utara,32,16700.0,True,15300.0,1150.0
"Apr 14, 2025",Papua,33,18200.0,True,15300.0,1150.0
"Apr 14, 2025",Papua Barat,34,16600.0,True,15300.0,1150.0
"Apr 15, 2025",Aceh,1,13800.0,True,15300.0,1150.0
"Apr 15, 2025",Sumatera Utara,2,13950.0,True,15300.0,1150.0
"Apr 15, 2025",Sumatera Barat,3,17050.0,True,15300.0,1150.0
"Apr 15, 2025",Riau,4,16050.0,True,15300.0,1150.0
"Apr 15, 2025",Kepulauan Riau,5,15100.0,True,15300.0,1150.0
"Apr 15, 2025",Jambi,6,15050.0,True,15300.0,1150.0
"Apr 15, 2025",Bengkulu,7,15300.0,True,15300.0,1150.0
"Apr 15, 2025",Sumatera Selatan,8,14950.0,True,15300.0,1150.0
"Apr 15, 2025",Kepulauan Bangka Belitung,9,15000.0,True,15300.0,1150.0
"Apr 15, 2025",Lampung,10,14750.0,True,15300.0,1150.0
"Apr 15, 2025",Banten,11,14550.0,True,15300.0,1150.0
"Apr 15, 2025",Jawa Barat,12,14600.0,True,15300.0,1150.0
"Apr 15, 2025",DKI Jakarta,13,15700.0,True,15300.0,1150.0
"Apr 15, 2025",Jawa Tengah,14,14750.0,True,15300.0,1150.0
"Apr 15, 2025",DI Yogyakarta,15,14300.0,True,15300.0,1150.0
"Apr 15, 2025",Jawa Timur,16,14200.0,True,15300.0,1150.0
"Apr 15, 2025",Bali,17,15350.0,True,15300.0,1150.0
"Apr 15, 2025",Nusa Tenggara Barat,18,13900.0,True,15300.0,1150.0
"Apr 15, 2025",Nusa Tenggara Timur,19,15400.0,True,15300.0,1150.0
"Apr 15, 2025",Kalimantan Barat,20,16250.0,True,15300.0,1150.0
"Apr 15, 2025",Kalimantan Selatan,21,17100.0,True,15300.0,1150.0
"Apr 15, 2025",Kalimantan Tengah,22,17600.0,True,15300.0,1150.0
"Apr 15, 2025",Kalimantan Timur,23,15950.0,True,15300.0,1150.0
"Apr 15, 2025",Kalimantan Utara,24,16550.0,True,15300.0,1150.0
"Apr 15, 2025",Gorontalo,25,14750.0,True,15300.0,1150.0
"Apr 15, 2025",Sulawesi Selatan,26,13550.0,True,15300.0,1150.0
"Apr 15, 2025",Sulawesi Tenggara,27,15150.0,True,15300.0,1150.0
"Apr 15, 2025",Sulawesi Tengah,28,14450.0,True,15300.0,1150.0
"Apr 15, 2025",Sulawesi Utara,29,14250.0,True,15300.0,1150.0
"Apr 15, 2025",Sulawesi Barat,30,13500.0,True,15300.0,1150.0
"Apr 15, 2025",Maluku,31,16200.0,True,15300.0,1150.0
"Apr 15, 2025",Maluku Utara,32,16700.0,True,15300.0,1150.0
"Apr 15, 2025",Papua,33,18150.0,True,15300.0,1150.0
"Apr 15, 2025",Papua Barat,34,16600.0,True,15300.0,1150.0
"Apr 16, 2025",Aceh,1,13800.0,True,15300.0,1150.0
"Apr 16, 2025",Sumatera Utara,2,14000.0,True,15300.0,1150.0
"Apr 16, 2025",Sumatera Barat,3,17050.0,True,15300.0,1150.0
"Apr 16, 2025",Riau,4,16050.0,True,15300.0,1150.0
"Apr 16, 2025",Kepulauan Riau,5,15100.0,True,15300.0,1150.0
"Apr 16, 2025",Jambi,6,15050.0,True,15300.0,1150.0
"Apr 16, 2025",Bengkulu,7,15300.0,True,15300.0,1150.0
"Apr 16, 2025",Sumatera Selatan,8,14950.0,True,15300.0,1150.0
"Apr 16, 2025",Kepulauan Bangka Belitung,9,15000.0,True,15300.0,1150.0
"Apr 16, 2025",Lampung,10,14750.0,True,15300.0,1150.0
"Apr 16, 2025",Banten,11,14500.0,True,15300.0,1150.0
"Apr 16, 2025",Jawa Barat,12,14600.0,True,15300.0,1150.0
"Apr 16, 2025",DKI Jakarta,13,15700.0,True,15300.0,1150.0
"Apr 16, 2025",Jawa Tengah,14,14750.0,True,15300.0,1150.0
"Apr 16, 2025",DI Yogyakarta,15,14300.0,True,15300.0,1150.0
"Apr 16, 2025",Jawa Timur,16,14250.0,True,15300.0,1150.0
"Apr 16, 2025",Bali,17,15350.0,True,15300.0,1150.0
"Apr 16, 2025",Nusa Tenggara Barat,18,13900.0,True,15300.0,1150.0
"Apr 16, 2025",Nusa Tenggara Timur,19,15400.0,True,15300.0,1150.0
"Apr 16, 2025",Kalimantan Barat,20,16250.0,True,15300.0,1150.0
"Apr 16, 2025",Kalimantan Selatan,21,17100.0,True,15300.0,1150.0
"Apr 16, 2025",Kalimantan Tengah,22,17600.0,True,15300.0,1150.0
"Apr 16, 2025",Kalimantan Timur,23,15950.0,True,15300.0,1150.0
"Apr 16, 2025",Kalimantan Utara,24,16550.0,True,15300.0,1150.0
"Apr 16, 2025",Gorontalo,25,14750.0,True,15300.0,1150.0
"Apr 16, 2025",Sulawesi Selatan,26,13550.0,True,15300.0,1150.0
"Apr 16, 2025",Sulawesi Tenggara,27,15150.0,True,15300.0,1150.0
"Apr 16, 2025",Sulawesi Tengah,28,14450.0,True,15300.0,1150.0
"Apr 16, 2025",Sulawesi Utara,29,14250.0,True,15300.0,1150.0
"Apr 16, 2025",Sulawesi Barat,30,13500.0,True,15300.0,1150.0
"Apr 16, 2025",Maluku,31,16200.0,True,15300.0,1150.0
"Apr 16, 2025",Maluku Utara,32,16700.0,True,15300.0,1150.0
"Apr 16, 2025",Papua,33,18200.0,True,15300.0,1150.0
"Apr 16, 2025",Papua Barat,34,16600.0,True,15300.0,1150.0
"Apr 17, 2025",Aceh,1,13800.0,True,15300.0,1200.0
"Apr 17, 2025",Sumatera Utara,2,14000.0,True,15300.0,1200.0
"Apr 17, 2025",Sumatera Barat,3,17050.0,True,15300.0,1200.0
"Apr 17, 2025",Riau,4,16050.0,True,15300.0,1200.0
"Apr 17, 2025",Kepulauan Riau,5,15100.0,True,15300.0,1200.0
"Apr 17, 2025",Jambi,6,15050.0,True,15300.0,1200.0
"Apr 17, 2025",Bengkulu,7,15300.0,True,15300.0,1200.0
"Apr 17, 2025",Sumatera Selatan,8,14950.0,True,15300.0,1200.0
"Apr 17, 2025",Kepulauan Bangka Belitung,9,15000.0,True,15300.0,1200.0
"Apr 17, 2025",Lampung,10,14750.0,True,15300.0,1200.0
"Apr 17, 2025",Banten,11,14500.0,True,15300.0,1200.0
"Apr 17, 2025",Jawa Barat,12,14600.0,True,15300.0,1200.0
"Apr 17, 2025",DKI Jakarta,13,15700.0,True,15300.0,1200.0
"Apr 17, 2025",Jawa Tengah,14,14750.0,True,15300.0,1200.0
"Apr 17, 2025",DI Yogyakarta,15,14300.0,True,15300.0,1200.0
"Apr 17, 2025",Jawa Timur,16,14200.0,True,15300.0,1200.0
"Apr 17, 2025",Bali,17,15350.0,True,15300.0,1200.0
"Apr 17, 2025",Nusa Tenggara Barat,18,13850.0,True,15300.0,1200.0
"Apr 17, 2025",Nusa Tenggara Timur,19,15400.0,True,15300.0,1200.0
"Apr 17, 2025",Kalimantan Barat,20,16250.0,True,15300.0,1200.0
"Apr 17, 2025",Kalimantan Selatan,21,17100.0,True,15300.0,1200.0
"Apr 17, 2025",Kalimantan Tengah,22,17600.0,True,15300.0,1200.0
"Apr 17, 2025",Kalimantan Timur,23,15950.0,True,15300.0,1200.0
"Apr 17, 2025",Kalimantan Utara,24,16550.0,True,15300.0,1200.0
"Apr 17, 2025",Gorontalo,25,14750.0,True,15300.0,1200.0
"Apr 17, 2025",Sulawesi Selatan,26,13550.0,True,15300.0,1200.0
"Apr 17, 2025",Sulawesi Tenggara,27,15150.0,True,15300.0,1200.0
"Apr 17, 2025",Sulawesi Tengah,28,14450.0,True,15300.0,1200.0
"Apr 17, 2025",Sulawesi Utara,29,14200.0,True,15300.0,1200.0
"Apr 17, 2025",Sulawesi Barat,30,13500.0,True,15300.0,1200.0
"Apr 17, 2025",Maluku,31,16200.0,True,15300.0,1200.0
"Apr 17, 2025",Maluku Utara,32,16700.0,True,15300.0,1200.0
"Apr 17, 2025",Papua,33,18200.0,True,15300.0,1200.0
"Apr 17, 2025",Papua Barat,34,16600.0,True,15300.0,1200.0
"Apr 18, 2025",Aceh,1,13800.0,True,15300.0,1150.0
"Apr 18, 2025",Sumatera Utara,2,14000.0,True,15300.0,1150.0
"Apr 18, 2025",Sumatera Barat,3,17000.0,True,15300.0,1150.0
"Apr 18, 2025",Riau,4,16050.0,True,15300.0,1150.0
"Apr 18, 2025",Kepulauan Riau,5,15150.0,True,15300.0,1150.0
"Apr 18, 2025",Jambi,6,15050.0,True,15300.0,1150.0
"Apr 18, 2025",Bengkulu,7,15300.0,True,15300.0,1150.0
"Apr 18, 2025",Sumatera Selatan,8,14950.0,True,15300.0,1150.0
"Apr 18, 2025",Kepulauan Bangka Belitung,9,15000.0,True,15300.0,1150.0
"Apr 18, 2025",Lampung,10,14750.0,True,15300.0,1150.0
"Apr 18, 2025",Banten,11,14500.0,True,15300.0,1150.0
"Apr 18, 2025",Jawa Barat,12,14600.0,True,15300.0,1150.0
"Apr 18, 2025",DKI Jakarta,13,15700.0,True,15300.0,1150.0
"Apr 18, 2025",Jawa Tengah,14,14750.0,True,15300.0,1150.0
"Apr 18, 2025",DI Yogyakarta,15,14300.0,True,15300.0,1150.0
"Apr 18, 2025",Jawa Timur,16,14200.0,True,15300.0,1150.0
"Apr 18, 2025",Bali,17,15350.0,True,15300.0,1150.0
"Apr 18, 2025",Nusa Tenggara Barat,18,13850.0,True,15300.0,1150.0
"Apr 18, 2025",Nusa Tenggara Timur,19,15400.0,True,15300.0,1150.0
"Apr 18, 2025",Kalimantan Barat,20,16250.0,True,15300.0,1150.0
"Apr 18, 2025",Kalimantan Selatan,21,17100.0,True,15300.0,1150.0
"Apr 18, 2025",Kalimantan Tengah,22,17600.0,True,15300.0,1150.0
"Apr 18, 2025",Kalimantan Timur,23,15950.0,True,15300.0,1150.0
"Apr 18, 2025",Kalimantan Utara,24,16550.0,True,15300.0,1150.0
"Apr 18, 2025",Gorontalo,25,14750.0,True,15300.0,1150.0
"Apr 18, 2025",Sulawesi Selatan,26,13550.0,True,15300.0,1150.0
"Apr 18, 2025",Sulawesi Tenggara,27,15150.0,True,15300.0,1150.0
"Apr 18, 2025",Sulawesi Tengah,28,14450.0,True,15300.0,1150.0
"Apr 18, 2025",Sulawesi Utara,29,14200.0,True,15300.0,1150.0
"Apr 18, 2025",Sulawesi Barat,30,13550.0,True,15300.0,1150.0
"Apr 18, 2025",Maluku,31,16200.0,True,15300.0,1150.0
"Apr 18, 2025",Maluku Utara,32,16700.0,True,15300.0,1150.0
"Apr 18, 2025",Papua,33,18200.0,True,15300.0,1150.0
"Apr 18, 2025",Papua Barat,34,16600.0,True,15300.0,1150.0
"Apr 19, 2025",Aceh,1,13800.0,True,15300.0,1150.0
"Apr 19, 2025",Sumatera Utara,2,14000.0,True,15300.0,1150.0
"Apr 19, 2025",Sumatera Barat,3,17000.0,True,15300.0,1150.0
"Apr 19, 2025",Riau,4,16050.0,True,15300.0,1150.0
"Apr 19, 2025",Kepulauan Riau,5,15150.0,True,15300.0,1150.0
"Apr 19, 2025",Jambi,6,15050.0,True,15300.0,1150.0
"Apr 19, 2025",Bengkulu,7,15300.0,True,15300.0,1150.0
"Apr 19, 2025",Sumatera Selatan,8,14950.0,True,15300.0,1150.0
"Apr 19, 2025",Kepulauan Bangka Belitung,9,15000.0,True,15300.0,1150.0
"Apr 19, 2025",Lampung,10,14750.0,True,15300.0,1150.0
"Apr 19, 2025",Banten,11,14500.0,True,15300.0,1150.0
"Apr 19, 2025",Jawa Barat,12,14600.0,True,15300.0,1150.0
"Apr 19, 2025",DKI Jakarta,13,15700.0,True,15300.0,1150.0
"Apr 19, 2025",Jawa Tengah,14,14750.0,True,15300.0,1150.0
"Apr 19, 2025",DI Yogyakarta,15,14300.0,True,15300.0,1150.0
"Apr 19, 2025",Jawa Timur,16,14200.0,True,15300.0,1150.0
"Apr 19, 2025",Bali,17,15350.0,True,15300.0,1150.0
"Apr 19, 2025",Nusa Tenggara Barat,18,13850.0,True,15300.0,1150.0
"Apr 19, 2025",Nusa Tenggara Timur,19,15400.0,True,15300.0,1150.0
"Apr 19, 2025",Kalimantan Barat,20,16250.0,True,15300.0,1150.0
"Apr 19, 2025",Kalimantan Selatan,21,17100.0,True,15300.0,1150.0
"Apr 19, 2025",Kalimantan Tengah,22,17600.0,True,15300.0,1150.0
"Apr 19, 2025",Kalimantan Timur,23,15950.0,True,15300.0,1150.0
"Apr 19, 2025",Kalimantan Utara,24,16550.0,True,15300.0,1150.0
"Apr 19, 2025",Gorontalo,25,14750.0,True,15300.0,1150.0
"Apr 19, 2025",Sulawesi Selatan,26,13550.0,True,15300.0,1150.0
"Apr 19, 2025",Sulawesi Tenggara,27,15150.0,True,15300.0,1150.0
"Apr 19, 2025",Sulawesi Tengah,28,14450.0,True,15300.0,1150.0
"Apr 19, 2025",Sulawesi Utara,29,14200.0,True,15300.0,1150.0
"Apr 19, 2025",Sulawesi Barat,30,13550.0,True,15300.0,1150.0
"Apr 19, 2025",Maluku,31,16200.0,True,15300.0,1150.0
"Apr 19, 2025",Maluku Utara,32,16700.0,True,15300.0,1150.0
"Apr 19, 2025",Papua,33,18200.0,True,15300.0,1150.0
"Apr 19, 2025",Papua Barat,34,16600.0,True,15300.0,1150.0
"Apr 20, 2025",Aceh,1,0.0,False,,0.0
"Apr 20, 2025",Sumatera Utara,2,0.0,False,,0.0
"Apr 20, 2025",Sumatera Barat,3,0.0,False,,0.0
"Apr 20, 2025",Riau,4,0.0,False,,0.0
"Apr 20, 2025",Kepulauan Riau,5,0.0,False,,0.0
"Apr 20, 2025",Jambi,6,0.0,False,,0.0
"Apr 20, 2025",Bengkulu,7,0.0,False,,0.0
"Apr 20, 2025",Sumatera Selatan,8,0.0,False,,0.0
"Apr 20, 2025",Kepulauan Bangka Belitung,9,0.0,False,,0.0
"Apr 20, 2025",Lampung,10,0.0,False,,0.0
"Apr 20, 2025",Banten,11,0.0,False,,0.0
"Apr 20, 2025",Jawa Barat,12,0.0,False,,0.0
"Apr 20, 2025",DKI Jakarta,13,0.0,False,,0.0
"Apr 20, 2025",Jawa Tengah,14,0.0,False,,0.0
"Apr 20, 2025",DI Yogyakarta,15,0.0,False,,0.0
"Apr 20, 2025",Jawa Timur,16,0.0,False,,0.0
"Apr 20, 2025",Bali,17,0.0,False,,0.0
"Apr 20, 2025",Nusa Tenggara Barat,18,0.0,False,,0.0
"Apr 20, 2025",Nusa Tenggara Timur,19,0.0,False,,0.0
"Apr 20, 2025",Kalimantan Barat,20,0.0,False,,0.0
"Apr 20, 2025",Kalimantan Selatan,21,0.0,False,,0.0
"Apr 20, 2025",Kalimantan Tengah,22,0.0,False,,0.0
"Apr 20, 2025",Kalimantan Timur,23,0.0,False,,0.0
"Apr 20, 2025",Kalimantan Utara,24,0.0,False,,0.0
"Apr 20, 2025",Gorontalo,25,0.0,False,,0.0
"Apr 20, 2025",Sulawesi Selatan,26,0.0,False,,0.0
"Apr 20, 2025",Sulawesi Tenggara,27,0.0,False,,0.0
"Apr 20, 2025",Sulawesi Tengah,28,0.0,False,,0.0
"Apr 20, 2025",Sulawesi Utara,29,0.0,False,,0.0
"Apr 20, 2025",Sulawesi Barat,30,0.0,False,,0.0
"Apr 20, 2025",Maluku,31,0.0,False,,0.0
"Apr 20, 2025",Maluku Utara,32,0.0,False,,0.0
"Apr 20, 2025",Papua,33,0.0,False,,0.0
"Apr 20, 2025",Papua Barat,34,0.0,False,,0.0
"Apr 21, 2025",Aceh,1,13800.0,True,15300.0,1150.0
"Apr 21, 2025",Sumatera Utara,2,14000.0,True,15300.0,1150.0
"Apr 21, 2025",Sumatera Barat,3,17000.0,True,15300.0,1150.0
"Apr 21, 2025",Riau,4,16050.0,True,15300.0,1150.0
"Apr 21, 2025",Kepulauan Riau,5,15100.0,True,15300.0,1150.0
"Apr 21, 2025",Jambi,6,15050.0,True,15300.0,1150.0
"Apr 21, 2025",Bengkulu,7,15300.0,True,15300.0,1150.0
"Apr 21, 2025",Sumatera Selatan,8,14950.0,True,15300.0,1150.0
"Apr 21, 2025",Kepulauan Bangka Belitung,9,15000.0,True,15300.0,1150.0
"Apr 21, 2025",Lampung,10,14750.0,True,15300.0,1150.0
"Apr 21, 2025",Banten,11,14500.0,True,15300.0,1150.0
"Apr 21, 2025",Jawa Barat,12,14600.0,True,15300.0,1150.0
"Apr 21, 2025",DKI Jakarta,13,15700.0,True,15300.0,1150.0
"Apr 21, 2025",Jawa Tengah,14,14750.0,True,15300.0,1150.0
"Apr 21, 2025",DI Yogyakarta,15,14300.0,True,15300.0,1150.0
"Apr 21, 2025",Jawa Timur,16,14200.0,True,15300.0,1150.0
"Apr 21, 2025",Bali,17,15350.0,True,15300.0,1150.0
"Apr 21, 2025",Nusa Tenggara Barat,18,13850.0,True,15300.0,1150.0
"Apr 21, 2025",Nusa Tenggara Timur,19,15400.0,True,15300.0,1150.0
"Apr 21, 2025",Kalimantan Barat,20,16250.0,True,15300.0,1150.0
"Apr 21, 2025",Kalimantan Selatan,21,17100.0,True,15300.0,1150.0
"Apr 21, 2025",Kalimantan Tengah,22,17550.0,True,15300.0,1150.0
"Apr 21, 2025",Kalimantan Timur,23,15950.0,True,15300.0,1150.0
"Apr 21, 2025",Kalimantan Utara,24,16550.0,True,15300.0,1150.0
"Apr 21, 2025",Gorontalo,25,14750.0,True,15300.0,1150.0
"Apr 21, 2025",Sulawesi Selatan,26,13550.0,True,15300.0,1150.0
"Apr 21, 2025",Sulawesi Tenggara,27,15150.0,True,15300.0,1150.0
"Apr 21, 2025",Sulawesi Tengah,28,14450.0,True,15300.0,1150.0
"Apr 21, 2025",Sulawesi Utara,29,14200.0,True,15300.0,1150.0
"Apr 21, 2025",Sulawesi Barat,30,13500.0,True,15300.0,1150.0
"Apr 21, 2025",Maluku,31,16200.0,True,15300.0,1150.0
"Apr 21, 2025",Maluku Utara,32,16700.0,True,15300.0,1150.0
"Apr 21, 2025",Papua,33,18200.0,True,15300.0,1150.0
"Apr 21, 2025",Papua Barat,34,16600.0,True,15300.0,1150.0
"Apr 22, 2025",Aceh,1,13800.0,True,15300.0,1150.0
"Apr 22, 2025",Sumatera Utara,2,14000.0,True,15300.0,1150.0
"Apr 22, 2025",Sumatera Barat,3,17000.0,True,15300.0,1150.0
"Apr 22, 2025",Riau,4,16050.0,True,15300.0,1150.0
"Apr 22, 2025",Kepulauan Riau,5,15100.0,True,15300.0,1150.0
"Apr 22, 2025",Jambi,6,15050.0,True,15300.0,1150.0
"Apr 22, 2025",Bengkulu,7,15300.0,True,15300.0,1150.0
"Apr 22, 2025",Sumatera Selatan,8,14950.0,True,15300.0,1150.0
"Apr 22, 2025",Kepulauan Bangka Belitung,9,15000.0,True,15300.0,1150.0
"Apr 22, 2025",Lampung,10,14700.0,True,15300.0,1150.0
"Apr 22, 2025",Banten,11,14500.0,True,15300.0,1150.0
"Apr 22, 2025",Jawa Barat,12,14600.0,True,15300.0,1150.0
"Apr 22, 2025",DKI Jakarta,13,15700.0,True,15300.0,1150.0
"Apr 22, 2025",Jawa Tengah,14,14750.0,True,15300.0,1150.0
"Apr 22, 2025",DI Yogyakarta,15,14300.0,True,15300.0,1150.0
"Apr 22, 2025",Jawa Timur,16,14200.0,True,15300.0,1150.0
"Apr 22, 2025",Bali,17,15350.0,True,15300.0,1150.0
"Apr 22, 2025",Nusa Tenggara Barat,18,13850.0,True,15300.0,1150.0
"Apr 22, 2025",Nusa Tenggara Timur,19,15400.0,True,15300.0,1150.0
"Apr 22, 2025",Kalimantan Barat,20,16250.0,True,15300.0,1150.0
"Apr 22, 2025",Kalimantan Selatan,21,17100.0,True,15300.0,1150.0
"Apr 22, 2025",Kalimantan Tengah,22,17550.0,True,15300.0,1150.0
"Apr 22, 2025",Kalimantan Timur,23,15950.0,True,15300.0,1150.0
"Apr 22, 2025",Kalimantan Utara,24,16550.0,True,15300.0,1150.0
"Apr 22, 2025",Gorontalo,25,14750.0,True,15300.0,1150.0
"Apr 22, 2025",Sulawesi Selatan,26,13550.0,True,15300.0,1150.0
"Apr 22, 2025",Sulawesi Tenggara,27,15150.0,True,15300.0,1150.0
"Apr 22, 2025",Sulawesi Tengah,28,14450.0,True,15300.0,1150.0
"Apr 22, 2025",Sulawesi Utara,29,14200.0,True,15300.0,1150.0
"Apr 22, 2025",Sulawesi Barat,30,13500.0,True,15300.0,1150.0
"Apr 22, 2025",Maluku,31,16200.0,True,15300.0,1150.0
"Apr 22, 2025",Maluku Utara,32,16700.0,True,15300.0,1150.0
"Apr 22, 2025",Papua,33,18200.0,True,15300.0,1150.0
"Apr 22, 2025",Papua Barat,34,16600.0,True,15300.0,1150.0
"Apr 23, 2025",Aceh,1,13800.0,True,15300.0,1150.0
"Apr 23, 2025",Sumatera Utara,2,14000.0,True,15300.0,1150.0
"Apr 23, 2025",Sumatera Barat,3,17000.0,True,15300.0,1150.0
"Apr 23, 2025",Riau,4,16050.0,True,15300.0,1150.0
"Apr 23, 2025",Kepulauan Riau,5,15100.0,True,15300.0,1150.0
"Apr 23, 2025",Jambi,6,15050.0,True,15300.0,1150.0
"Apr 23, 2025",Bengkulu,7,15300.0,True,15300.0,1150.0
"Apr 23, 2025",Sumatera Selatan,8,14950.0,True,15300.0,1150.0
"Apr 23, 2025",Kepulauan Bangka Belitung,9,15000.0,True,15300.0,1150.0
"Apr 23, 2025",Lampung,10,14700.0,True,15300.0,1150.0
"Apr 23, 2025",Banten,11,14500.0,True,15300.0,1150.0
"Apr 23, 2025",Jawa Barat,12,14600.0,True,15300.0,1150.0
"Apr 23, 2025",DKI Jakarta,13,15700.0,True,15300.0,1150.0
"Apr 23, 2025",Jawa Tengah,14,14700.0,True,15300.0,1150.0
"Apr 23, 2025",DI Yogyakarta,15,14300.0,True,15300.0,1150.0
"Apr 23, 2025",Jawa Timur,16,14200.0,True,15300.0,1150.0
"Apr 23, 2025",Bali,17,15350.0,True,15300.0,1150.0
"Apr 23, 2025",Nusa Tenggara Barat,18,13850.0,True,15300.0,1150.0
"Apr 23, 2025",Nusa Tenggara Timur,19,15400.0,True,15300.0,1150.0
"Apr 23, 2025",Kalimantan Barat,20,16250.0,True,15300.0,1150.0
"Apr 23, 2025",Kalimantan Selatan,21,17100.0,True,15300.0,1150.0
"Apr 23, 2025",Kalimantan Tengah,22,17550.0,True,15300.0,1150.0
"Apr 23, 2025",Kalimantan Timur,23,15950.0,True,15300.0,1150.0
"Apr 23, 2025",Kalimantan Utara,24,16550.0,True,15300.0,1150.0
"Apr 23, 2025",Gorontalo,25,14750.0,True,15300.0,1150.0
"Apr 23, 2025",Sulawesi Selatan,26,13550.0,True,15300.0,1150.0
"Apr 23, 2025",Sulawesi Tenggara,27,15150.0,True,15300.0,1150.0
"Apr 23, 2025",Sulawesi Tengah,28,14450.0,True,15300.0,1150.0
"Apr 23, 2025",Sulawesi Utara,29,14200.0,True,15300.0,1150.0
"Apr 23, 2025",Sulawesi Barat,30,13500.0,True,15300.0,1150.0
"Apr 23, 2025",Maluku,31,16200.0,True,15300.0,1150.0
"Apr 23, 2025",Maluku Utara,32,16700.0,True,15300.0,1150.0
"Apr 23, 2025",Papua,33,18200.0,True,15300.0,1150.0
"Apr 23, 2025",Papua Barat,34,16600.0,True,15300.0,1150.0
"Apr 24, 2025",Aceh,1,13800.0,True,15300.0,1150.0
"Apr 24, 2025",Sumatera Utara,2,14000.0,True,15300.0,1150.0
"Apr 24, 2025",Sumatera Barat,3,17000.0,True,15300.0,1150.0
"Apr 24, 2025",Riau,4,16100.0,True,15300.0,1150.0
"Apr 24, 2025",Kepulauan Riau,5,15100.0,True,15300.0,1150.0
"Apr 24, 2025",Jambi,6,15050.0,True,15300.0,1150.0
"Apr 24, 2025",Bengkulu,7,15300.0,True,15300.0,1150.0
"Apr 24, 2025",Sumatera Selatan,8,14950.0,True,15300.0,1150.0
"Apr 24, 2025",Kepulauan Bangka Belitung,9,15000.0,True,15300.0,1150.0
"Apr 24, 2025",Lampung,10,14700.0,True,15300.0,1150.0
"Apr 24, 2025",Banten,11,14500.0,True,15300.0,1150.0
"Apr 24, 2025",Jawa Barat,12,14600.0,True,15300.0,1150.0
"Apr 24, 2025",DKI Jakarta,13,15700.0,True,15300.0,1150.0
"Apr 24, 2025",Jawa Tengah,14,14700.0,True,15300.0,1150.0
"Apr 24, 2025",DI Yogyakarta,15,14300.0,True,15300.0,1150.0
"Apr 24, 2025",Jawa Timur,16,14200.0,True,15300.0,1150.0
"Apr 24, 2025",Bali,17,15350.0,True,15300.0,1150.0
"Apr 24, 2025",Nusa Tenggara Barat,18,13850.0,True,15300.0,1150.0
"Apr 24, 2025",Nusa Tenggara Timur,19,15400.0,True,15300.0,1150.0
"Apr 24, 2025",Kalimantan Barat,20,16250.0,True,15300.0,1150.0
"Apr 24, 2025",Kalimantan Selatan,21,17100.0,True,15300.0,1150.0
"Apr 24, 2025",Kalimantan Tengah,22,17550.0,True,15300.0,1150.0
"Apr 24, 2025",Kalimantan Timur,23,15950.0,True,15300.0,1150.0
"Apr 24, 2025",Kalimantan Utara,24,16550.0,True,15300.0,1150.0
"Apr 24, 2025",Gorontalo,25,14750.0,True,15300.0,1150.0
"Apr 24, 2025",Sulawesi Selatan,26,13550.0,True,15300.0,1150.0
"Apr 24, 2025",Sulawesi Tenggara,27,15150.0,True,15300.0,1150.0
"Apr 24, 2025",Sulawesi Tengah,28,14450.0,True,15300.0,1150.0
"Apr 24, 2025",Sulawesi Utara,29,14300.0,True,15300.0,1150.0
"Apr 24, 2025",Sulawesi Barat,30,13500.0,True,15300.0,1150.0
"Apr 24, 2025",Maluku,31,16200.0,True,15300.0,1150.0
"Apr 24, 2025",Maluku Utara,32,16700.0,True,15300.0,1150.0
"Apr 24, 2025",Papua,33,18200.0,True,15300.0,1150.0
"Apr 24, 2025",Papua Barat,34,16600.0,True,15300.0,1150.0
"Apr 25, 2025",Aceh,1,13800.0,True,15300.0,1150.0
"Apr 25, 2025",Sumatera Utara,2,14000.0,True,15300.0,1150.0
"Apr 25, 2025",Sumatera Barat,3,17000.0,True,15300.0,1150.0
"Apr 25, 2025",Riau,4,16050.0,True,15300.0,1150.0
"Apr 25, 2025",Kepulauan Riau,5,15100.0,True,15300.0,1150.0
"Apr 25, 2025",Jambi,6,15050.0,True,15300.0,1150.0
"Apr 25, 2025",Bengkulu,7,15300.0,True,15300.0,1150.0
"Apr 25, 2025",Sumatera Selatan,8,14950.0,True,15300.0,1150.0
"Apr 25, 2025",Kepulauan Bangka Belitung,9,15000.0,True,15300.0,1150.0
"Apr 25, 2025",Lampung,10,14700.0,True,15300.0,1150.0
"Apr 25, 2025",Banten,11,14500.0,True,15300.0,1150.0
"Apr 25, 2025",Jawa Barat,12,14600.0,True,15300.0,1150.0
"Apr 25, 2025",DKI Jakarta,13,15700.0,True,15300.0,1150.0
"Apr 25, 2025",Jawa Tengah,14,14700.0,True,15300.0,1150.0
"Apr 25, 2025",DI Yogyakarta,15,14300.0,True,15300.0,1150.0
"Apr 25, 2025",Jawa Timur,16,14200.0,True,15300.0,1150.0
"Apr 25, 2025",Bali,17,15350.0,True,15300.0,1150.0
"Apr 25, 2025",Nusa Tenggara Barat,18,13850.0,True,15300.0,1150.0
"Apr 25, 2025",Nusa Tenggara Timur,19,15400.0,True,15300.0,1150.0
"Apr 25, 2025",Kalimantan Barat,20,16250.0,True,15300.0,1150.0
"Apr 25, 2025",Kalimantan Selatan,21,17100.0,True,15300.0,1150.0
"Apr 25, 2025",Kalimantan Tengah,22,17550.0,True,15300.0,1150.0
"Apr 25, 2025",Kalimantan Timur,23,15950.0,True,15300.0,1150.0
"Apr 25, 2025",Kalimantan Utara,24,16550.0,True,15300.0,1150.0
"Apr 25, 2025",Gorontalo,25,14750.0,True,15300.0,1150.0
"Apr 25, 2025",Sulawesi Selatan,26,13550.0,True,15300.0,1150.0
"Apr 25, 2025",Sulawesi Tenggara,27,15150.0,True,15300.0,1150.0
"Apr 25, 2025",Sulawesi Tengah,28,14450.0,True,15300.0,1150.0
"Apr 25, 2025",Sulawesi Utara,29,14300.0,True,15300.0,1150.0
"Apr 25, 2025",Sulawesi Barat,30,13500.0,True,15300.0,1150.0
"Apr 25, 2025",Maluku,31,16200.0,True,15300.0,1150.0
"Apr 25, 2025",Maluku Utara,32,16700.0,True,15300.0,1150.0
"Apr 25, 2025",Papua,33,18200.0,True,15300.0,1150.0
"Apr 25, 2025",Papua Barat,34,16600.0,True,15300.0,1150.0
"Apr 26, 2025",Aceh,1,13800.0,True,15300.0,1150.0
"Apr 26, 2025",Sumatera Utara,2,14000.0,True,15300.0,1150.0
"Apr 26, 2025",Sumatera Barat,3,17000.0,True,15300.0,1150.0
"Apr 26, 2025",Riau,4,16050.0,True,15300.0,1150.0
"Apr 26, 2025",Kepulauan Riau,5,15100.0,True,15300.0,1150.0
"Apr 26, 2025",Jambi,6,15050.0,True,15300.0,1150.0
"Apr 26, 2025",Bengkulu,7,15300.0,True,15300.0,1150.0
"Apr 26, 2025",Sumatera Selatan,8,14950.0,True,15300.0,1150.0
"Apr 26, 2025",Kepulauan Bangka Belitung,9,15000.0,True,15300.0,1150.0
"Apr 26, 2025",Lampung,10,14700.0,True,15300.0,1150.0
"Apr 26, 2025",Banten,11,14500.0,True,15300.0,1150.0
"Apr 26, 2025",Jawa Barat,12,14600.0,True,15300.0,1150.0
"Apr 26, 2025",DKI Jakarta,13,15700.0,True,15300.0,1150.0
"Apr 26, 2025",Jawa Tengah,14,14700.0,True,15300.0,1150.0
"Apr 26, 2025",DI Yogyakarta,15,14300.0,True,15300.0,1150.0
"Apr 26, 2025",Jawa Timur,16,14200.0,True,15300.0,1150.0
"Apr 26, 2025",Bali,17,15350.0,True,15300.0,1150.0
"Apr 26, 2025",Nusa Tenggara Barat,18,13850.0,True,15300.0,1150.0
"Apr 26, 2025",Nusa Tenggara Timur,19,15400.0,True,15300.0,1150.0
"Apr 26, 2025",Kalimantan Barat,20,16250.0,True,15300.0,1150.0
"Apr 26, 2025",Kalimantan Selatan,21,17100.0,True,15300.0,1150.0
"Apr 26, 2025",Kalimantan Tengah,22,17550.0,True,15300.0,1150.0
"Apr 26, 2025",Kalimantan Timur,23,15950.0,True,15300.0,1150.0
"Apr 26, 2025",Kalimantan Utara,24,16550.0,True,15300.0,1150.0
"Apr 26, 2025",Gorontalo,25,14750.0,True,15300.0,1150.0
"Apr 26, 2025",Sulawesi Selatan,26,13550.0,True,15300.0,1150.0
"Apr 26, 2025",Sulawesi Tenggara,27,15150.0,True,15300.0,1150.0
"Apr 26, 2025",Sulawesi Tengah,28,14450.0,True,15300.0,1150.0
"Apr 26, 2025",Sulawesi Utara,29,14300.0,True,15300.0,1150.0
"Apr 26, 2025",Sulawesi Barat,30,13500.0,True,15300.0,1150.0
"Apr 26, 2025",Maluku,31,16200.0,True,15300.0,1150.0
"Apr 26, 2025",Maluku Utara,32,16700.0,True,15300.0,1150.0
"Apr 26, 2025",Papua,33,18200.0,True,15300.0,1150.0
"Apr 26, 2025",Papua Barat,34,16600.0,True,15300.0,1150.0
"Apr 27, 2025",Aceh,1,13800.0,True,15300.0,1150.0
"Apr 27, 2025",Sumatera Utara,2,14000.0,True,15300.0,1150.0
"Apr 27, 2025",Sumatera Barat,3,17000.0,True,15300.0,1150.0
"Apr 27, 2025",Riau,4,16050.0,True,15300.0,1150.0
"Apr 27, 2025",Kepulauan Riau,5,15100.0,True,15300.0,1150.0
"Apr 27, 2025",Jambi,6,15050.0,True,15300.0,1150.0
"Apr 27, 2025",Bengkulu,7,15300.0,True,15300.0,1150.0
"Apr 27, 2025",Sumatera Selatan,8,14950.0,True,15300.0,1150.0
"Apr 27, 2025",Kepulauan Bangka Belitung,9,15000.0,True,15300.0,1150.0
"Apr 27, 2025",Lampung,10,14700.0,True,15300.0,1150.0
"Apr 27, 2025",Banten,11,14500.0,True,15300.0,1150.0
"Apr 27, 2025",Jawa Barat,12,14600.0,True,15300.0,1150.0
"Apr 27, 2025",DKI Jakarta,13,15700.0,True,15300.0,1150.0
"Apr 27, 2025",Jawa Tengah,14,14700.0,True,15300.0,1150.0
"Apr 27, 2025",DI Yogyakarta,15,14300.0,True,15300.0,1150.0
"Apr 27, 2025",Jawa Timur,16,14200.0,True,15300.0,1150.0
"Apr 27, 2025",Bali,17,15350.0,True,15300.0,1150.0
"Apr 27, 2025",Nusa Tenggara Barat,18,13850.0,True,15300.0,1150.0
"Apr 27, 2025",Nusa Tenggara Timur,19,15400.0,True,15300.0,1150.0
"Apr 27, 2025",Kalimantan Barat,20,16250.0,True,15300.0,1150.0
"Apr 27, 2025",Kalimantan Selatan,21,17100.0,True,15300.0,1150.0
"Apr 27, 2025",Kalimantan Tengah,22,17550.0,True,15300.0,1150.0
"Apr 27, 2025",Kalimantan Timur,23,15950.0,True,15300.0,1150.0
"Apr 27, 2025",Kalimantan Utara,24,16550.0,True,15300.0,1150.0
"Apr 27, 2025",Gorontalo,25,14750.0,True,15300.0,1150.0
"Apr 27, 2025",Sulawesi Selatan,26,13550.0,True,15300.0,1150.0
"Apr 27, 2025",Sulawesi Tenggara,27,15150.0,True,15300.0,1150.0
"Apr 27, 2025",Sulawesi Tengah,28,14450.0,True,15300.0,1150.0
"Apr 27, 2025",Sulawesi Utara,29,14300.0,True,15300.0,1150.0
"Apr 27, 2025",Sulawesi Barat,30,13500.0,True,15300.0,1150.0
"Apr 27, 2025",Maluku,31,16200.0,True,15300.0,1150.0
"Apr 27, 2025",Maluku Utara,32,16700.0,True,15300.0,1150.0
"Apr 27, 2025",Papua,33,18200.0,True,15300.0,1150.0
"Apr 27, 2025",Papua Barat,34,16600.0,True,15300.0,1150.0
"Apr 28, 2025",Aceh,1,13850.0,True,15300.0,1150.0
"Apr 28, 2025",Sumatera Utara,2,14000.0,True,15300.0,1150.0
"Apr 28, 2025",Sumatera Barat,3,17000.0,True,15300.0,1150.0
"Apr 28, 2025",Riau,4,16050.0,True,15300.0,1150.0
"Apr 28, 2025",Kepulauan Riau,5,15100.0,True,15300.0,1150.0
"Apr 28, 2025",Jambi,6,15050.0,True,15300.0,1150.0
"Apr 28, 2025",Bengkulu,7,15300.0,True,15300.0,1150.0
"Apr 28, 2025",Sumatera Selatan,8,14950.0,True,15300.0,1150.0
"Apr 28, 2025",Kepulauan Bangka Belitung,9,15000.0,True,15300.0,1150.0
"Apr 28, 2025",Lampung,10,14650.0,True,15300.0,1150.0
"Apr 28, 2025",Banten,11,14500.0,True,15300.0,1150.0
"Apr 28, 2025",Jawa Barat,12,14600.0,True,15300.0,1150.0
"Apr 28, 2025",DKI Jakarta,13,15650.0,True,15300.0,1150.0
"Apr 28, 2025",Jawa Tengah,14,14700.0,True,15300.0,1150.0
"Apr 28, 2025",DI Yogyakarta,15,14300.0,True,15300.0,1150.0
"Apr 28, 2025",Jawa Timur,16,14250.0,True,15300.0,1150.0
"Apr 28, 2025",Bali,17,15350.0,True,15300.0,1150.0
"Apr 28, 2025",Nusa Tenggara Barat,18,13850.0,True,15300.0,1150.0
"Apr 28, 2025",Nusa Tenggara Timur,19,15400.0,True,15300.0,1150.0
"Apr 28, 2025",Kalimantan Barat,20,16250.0,True,15300.0,1150.0
"Apr 28, 2025",Kalimantan Selatan,21,17100.0,True,15300.0,1150.0
"Apr 28, 2025",Kalimantan Tengah,22,17550.0,True,15300.0,1150.0
"Apr 28, 2025",Kalimantan Timur,23,15900.0,True,15300.0,1150.0
"Apr 28, 2025",Kalimantan Utara,24,16500.0,True,15300.0,1150.0
"Apr 28, 2025",Gorontalo,25,14750.0,True,15300.0,1150.0
"Apr 28, 2025",Sulawesi Selatan,26,13550.0,True,15300.0,1150.0
"Apr 28, 2025",Sulawesi Tenggara,27,15150.0,True,15300.0,1150.0
"Apr 28, 2025",Sulawesi Tengah,28,14450.0,True,15300.0,1150.0
"Apr 28, 2025",Sulawesi Utara,29,14400.0,True,15300.0,1150.0
"Apr 28, 2025",Sulawesi Barat,30,13450.0,True,15300.0,1150.0
"Apr 28, 2025",Maluku,31,16200.0,True,15300.0,1150.0
"Apr 28, 2025",Maluku Utara,32,16700.0,True,15300.0,1150.0
"Apr 28, 2025",Papua,33,18200.0,True,15300.0,1150.0
"Apr 28, 2025",Papua Barat,34,16650.0,True,15300.0,1150.0
"Apr 29, 2025",Aceh,1,13850.0,True,15300.0,1150.0
"Apr 29, 2025",Sumatera Utara,2,14000.0,True,15300.0,1150.0
"Apr 29, 2025",Sumatera Barat,3,17000.0,True,15300.0,1150.0
"Apr 29, 2025",Riau,4,16050.0,True,15300.0,1150.0
"Apr 29, 2025",Kepulauan Riau,5,15100.0,True,15300.0,1150.0
"Apr 29, 2025",Jambi,6,15050.0,True,15300.0,1150.0
"Apr 29, 2025",Bengkulu,7,15300.0,True,15300.0,1150.0
"Apr 29, 2025",Sumatera Selatan,8,14950.0,True,15300.0,1150.0
"Apr 29, 2025",Kepulauan Bangka Belitung,9,15000.0,True,15300.0,1150.0
"Apr 29, 2025",Lampung,10,14650.0,True,15300.0,1150.0
"Apr 29, 2025",Banten,11,14500.0,True,15300.0,1150.0
"Apr 29, 2025",Jawa Barat,12,14600.0,True,15300.0,1150.0
"Apr 29, 2025",DKI Jakarta,13,15650.0,True,15300.0,1150.0
"Apr 29, 2025",Jawa Tengah,14,14700.0,True,15300.0,1150.0
"Apr 29, 2025",DI Yogyakarta,15,14300.0,True,15300.0,1150.0
"Apr 29, 2025",Jawa Timur,16,14200.0,True,15300.0,1150.0
"Apr 29, 2025",Bali,17,15300.0,True,15300.0,1150.0
"Apr 29, 2025",Nusa Tenggara Barat,18,13850.0,True,15300.0,1150.0
"Apr 29, 2025",Nusa Tenggara Timur,19,15450.0,True,15300.0,1150.0
"Apr 29, 2025",Kalimantan Barat,20,16250.0,True,15300.0,1150.0
"Apr 29, 2025",Kalimantan Selatan,21,17100.0,True,15300.0,1150.0
"Apr 29, 2025",Kalimantan Tengah,22,17550.0,True,15300.0,1150.0
"Apr 29, 2025",Kalimantan Timur,23,15900.0,True,15300.0,1150.0
"Apr 29, 2025",Kalimantan Utara,24,16550.0,True,15300.0,1150.0
"Apr 29, 2025",Gorontalo,25,14750.0,True,15300.0,1150.0
"Apr 29, 2025",Sulawesi Selatan,26,13550.0,True,15300.0,1150.0
"Apr 29, 2025",Sulawesi Tenggara,27,15150.0,True,15300.0,1150.0
"Apr 29, 2025",Sulawesi Tengah,28,14450.0,True,15300.0,1150.0
"Apr 29, 2025",Sulawesi Utara,29,14450.0,True,15300.0,1150.0
"Apr 29, 2025",Sulawesi Barat,30,13450.0,True,15300.0,1150.0
"Apr 29, 2025",Maluku,31,16200.0,True,15300.0,1150.0
"Apr 29, 2025",Maluku Utara,32,16700.0,True,15300.0,1150.0
"Apr 29, 2025",Papua,33,18200.0,True,15300.0,1150.0
"Apr 29, 2025",Papua Barat,34,16650.0,True,15300.0,1150.0
"Apr 30, 2025",Aceh,1,13850.0,True,15300.0,1150.0
"Apr 30, 2025",Sumatera Utara,2,14050.0,True,15300.0,1150.0
"Apr 30, 2025",Sumatera Barat,3,17000.0,True,15300.0,1150.0
"Apr 30, 2025",Riau,4,16050.0,True,15300.0,1150.0
"Apr 30, 2025",Kepulauan Riau,5,15100.0,True,15300.0,1150.0
"Apr 30, 2025",Jambi,6,15050.0,True,15300.0,1150.0
"Apr 30, 2025",Bengkulu,7,15300.0,True,15300.0,1150.0
"Apr 30, 2025",Sumatera Selatan,8,14950.0,True,15300.0,1150.0
"Apr 30, 2025",Kepulauan Bangka Belitung,9,15000.0,True,15300.0,1150.0
"Apr 30, 2025",Lampung,10,14550.0,True,15300.0,1150.0
"Apr 30, 2025",Banten,11,14500.0,True,15300.0,1150.0
"Apr 30, 2025",Jawa Barat,12,14600.0,True,15300.0,1150.0
"Apr 30, 2025",DKI Jakarta,13,15650.0,True,15300.0,1150.0
"Apr 30, 2025",Jawa Tengah,14,14700.0,True,15300.0,1150.0
"Apr 30, 2025",DI Yogyakarta,15,14300.0,True,15300.0,1150.0
"Apr 30, 2025",Jawa Timur,16,14200.0,True,15300.0,1150.0
"Apr 30, 2025",Bali,17,15300.0,True,15300.0,1150.0
"Apr 30, 2025",Nusa Tenggara Barat,18,13850.0,True,15300.0,1150.0
"Apr 30, 2025",Nusa Tenggara Timur,19,15450.0,True,15300.0,1150.0
"Apr 30, 2025",Kalimantan Barat,20,16250.0,True,15300.0,1150.0
"Apr 30, 2025",Kalimantan Selatan,21,17100.0,True,15300.0,1150.0
"Apr 30, 2025",Kalimantan Tengah,22,17500.0,True,15300.0,1150.0
"Apr 30, 2025",Kalimantan Timur,23,15900.0,True,15300.0,1150.0
"Apr 30, 2025",Kalimantan Utara,24,16600.0,True,15300.0,1150.0
"Apr 30, 2025",Gorontalo,25,14750.0,True,15300.0,1150.0
"Apr 30, 2025",Sulawesi Selatan,26,13550.0,True,15300.0,1150.0
"Apr 30, 2025",Sulawesi Tenggara,27,15150.0,True,15300.0,1150.0
"Apr 30, 2025",Sulawesi Tengah,28,14450.0,True,15300.0,1150.0
"Apr 30, 2025",Sulawesi Utara,29,14450.0,True,15300.0,1150.0
"Apr 30, 2025",Sulawesi Barat,30,13450.0,True,15300.0,1150.0
"Apr 30, 2025",Maluku,31,16200.0,True,15300.0,1150.0
"Apr 30, 2025",Maluku Utara,32,16700.0,True,15300.0,1150.0
"Apr 30, 2025",Papua,33,18050.0,True,15300.0,1150.0
"Apr 30, 2025",Papua Barat,34,16650.0,True,15300.0,1150.0
"May 1, 2025",Aceh,1,13850.0,True,15300.0,1150.0
"May 1, 2025",Sumatera Utara,2,14050.0,True,15300.0,1150.0
"May 1, 2025",Sumatera Barat,3,17000.0,True,15300.0,1150.0
"May 1, 2025",Riau,4,16050.0,True,15300.0,1150.0
"May 1, 2025",Kepulauan Riau,5,15150.0,True,15300.0,1150.0
"May 1, 2025",Jambi,6,15050.0,True,15300.0,1150.0
"May 1, 2025",Bengkulu,7,15300.0,True,15300.0,1150.0
"May 1, 2025",Sumatera Selatan,8,14950.0,True,15300.0,1150.0
"May 1, 2025",Kepulauan Bangka Belitung,9,15000.0,True,15300.0,1150.0
"May 1, 2025",Lampung,10,14550.0,True,15300.0,1150.0
"May 1, 2025",Banten,11,14500.0,True,15300.0,1150.0
"May 1, 2025",Jawa Barat,12,14600.0,True,15300.0,1150.0
"May 1, 2025",DKI Jakarta,13,15650.0,True,15300.0,1150.0
"May 1, 2025",Jawa Tengah,14,14700.0,True,15300.0,1150.0
"May 1, 2025",DI Yogyakarta,15,14300.0,True,15300.0,1150.0
"May 1, 2025",Jawa Timur,16,14200.0,True,15300.0,1150.0
"May 1, 2025",Bali,17,15300.0,True,15300.0,1150.0
"May 1, 2025",Nusa Tenggara Barat,18,13850.0,True,15300.0,1150.0
"May 1, 2025",Nusa Tenggara Timur,19,15450.0,True,15300.0,1150.0
"May 1, 2025",Kalimantan Barat,20,16250.0,True,15300.0,1150.0
"May 1, 2025",Kalimantan Selatan,21,17100.0,True,15300.0,1150.0
"May 1, 2025",Kalimantan Tengah,22,17500.0,True,15300.0,1150.0
"May 1, 2025",Kalimantan Timur,23,15900.0,True,15300.0,1150.0
"May 1, 2025",Kalimantan Utara,24,16600.0,True,15300.0,1150.0
"May 1, 2025",Gorontalo,25,14750.0,True,15300.0,1150.0
"May 1, 2025",Sulawesi Selatan,26,13550.0,True,15300.0,1150.0
"May 1, 2025",Sulawesi Tenggara,27,15150.0,True,15300.0,1150.0
"May 1, 2025",Sulawesi Tengah,28,14450.0,True,15300.0,1150.0
"May 1, 2025",Sulawesi Utara,29,14450.0,True,15300.0,1150.0
"May 1, 2025",Sulawesi Barat,30,13450.0,True,15300.0,1150.0
"May 1, 2025",Maluku,31,16200.0,True,15300.0,1150.0
"May 1, 2025",Maluku Utara,32,16700.0,True,15300.0,1150.0
"May 1, 2025",Papua,33,18200.0,True,15300.0,1150.0
"May 1, 2025",Papua Barat,34,16650.0,True,15300.0,1150.0
"May 2, 2025",Aceh,1,13850.0,True,15300.0,1150.0
"May 2, 2025",Sumatera Utara,2,14000.0,True,15300.0,1150.0
"May 2, 2025",Sumatera Barat,3,17000.0,True,15300.0,1150.0
"May 2, 2025",Riau,4,16050.0,True,15300.0,1150.0
"May 2, 2025",Kepulauan Riau,5,15100.0,True,15300.0,1150.0
"May 2, 2025",Jambi,6,15050.0,True,15300.0,1150.0
"May 2, 2025",Bengkulu,7,15300.0,True,15300.0,1150.0
"May 2, 2025",Sumatera Selatan,8,14950.0,True,15300.0,1150.0
"May 2, 2025",Kepulauan Bangka Belitung,9,15000.0,True,15300.0,1150.0
"May 2, 2025",Lampung,10,14550.0,True,15300.0,1150.0
"May 2, 2025",Banten,11,14500.0,True,15300.0,1150.0
"May 2, 2025",Jawa Barat,12,14600.0,True,15300.0,1150.0
"May 2, 2025",DKI Jakarta,13,15650.0,True,15300.0,1150.0
"May 2, 2025",Jawa Tengah,14,14700.0,True,15300.0,1150.0
"May 2, 2025",DI Yogyakarta,15,14300.0,True,15300.0,1150.0
"May 2, 2025",Jawa Timur,16,14200.0,True,15300.0,1150.0
"May 2, 2025",Bali,17,15300.0,True,15300.0,1150.0
"May 2, 2025",Nusa Tenggara Barat,18,13850.0,True,15300.0,1150.0
"May 2, 2025",Nusa Tenggara Timur,19,15200.0,True,15300.0,1150.0
"May 2, 2025",Kalimantan Barat,20,16250.0,True,15300.0,1150.0
"May 2, 2025",Kalimantan Selatan,21,17100.0,True,15300.0,1150.0
"May 2, 2025",Kalimantan Tengah,22,17500.0,True,15300.0,1150.0
"May 2, 2025",Kalimantan Timur,23,15850.0,True,15300.0,1150.0
"May 2, 2025",Kalimantan Utara,24,16600.0,True,15300.0,1150.0
"May 2, 2025",Gorontalo,25,14750.0,True,15300.0,1150.0
"May 2, 2025",Sulawesi Selatan,26,13550.0,True,15300.0,1150.0
"May 2, 2025",Sulawesi Tenggara,27,15150.0,True,15300.0,1150.0
"May 2, 2025",Sulawesi Tengah,28,14450.0,True,15300.0,1150.0
"May 2, 2025",Sulawesi Utara,29,14450.0,True,15300.0,1150.0
"May 2, 2025",Sulawesi Barat,30,13450.0,True,15300.0,1150.0
"May 2, 2025",Maluku,31,16200.0,True,15300.0,1150.0
"May 2, 2025",Maluku Utara,32,16700.0,True,15300.0,1150.0
"May 2, 2025",Papua,33,18200.0,True,15300.0,1150.0
"May 2, 2025",Papua Barat,34,16700.0,True,15300.0,1150.0
"May 3, 2025",Aceh,1,13850.0,True,15300.0,1150.0
"May 3, 2025",Sumatera Utara,2,14000.0,True,15300.0,1150.0
"May 3, 2025",Sumatera Barat,3,17000.0,True,15300.0,1150.0
"May 3, 2025",Riau,4,16050.0,True,15300.0,1150.0
"May 3, 2025",Kepulauan Riau,5,15100.0,True,15300.0,1150.0
"May 3, 2025",Jambi,6,15050.0,True,15300.0,1150.0
"May 3, 2025",Bengkulu,7,15300.0,True,15300.0,1150.0
"May 3, 2025",Sumatera Selatan,8,14950.0,True,15300.0,1150.0
"May 3, 2025",Kepulauan Bangka Belitung,9,15000.0,True,15300.0,1150.0
"May 3, 2025",Lampung,10,14550.0,True,15300.0,1150.0
"May 3, 2025",Banten,11,14500.0,True,15300.0,1150.0
"May 3, 2025",Jawa Barat,12,14600.0,True,15300.0,1150.0
"May 3, 2025",DKI Jakarta,13,15650.0,True,15300.0,1150.0
"May 3, 2025",Jawa Tengah,14,14700.0,True,15300.0,1150.0
"May 3, 2025",DI Yogyakarta,15,14300.0,True,15300.0,1150.0
"May 3, 2025",Jawa Timur,16,14200.0,True,15300.0,1150.0
"May 3, 2025",Bali,17,15300.0,True,15300.0,1150.0
"May 3, 2025",Nusa Tenggara Barat,18,13850.0,True,15300.0,1150.0
"May 3, 2025",Nusa Tenggara Timur,19,15200.0,True,15300.0,1150.0
"May 3, 2025",Kalimantan Barat,20,16250.0,True,15300.0,1150.0
"May 3, 2025",Kalimantan Selatan,21,17100.0,True,15300.0,1150.0
"May 3, 2025",Kalimantan Tengah,22,17500.0,True,15300.0,1150.0
"May 3, 2025",Kalimantan Timur,23,15850.0,True,15300.0,1150.0
"May 3, 2025",Kalimantan Utara,24,16600.0,True,15300.0,1150.0
"May 3, 2025",Gorontalo,25,14750.0,True,15300.0,1150.0
"May 3, 2025",Sulawesi Selatan,26,13550.0,True,15300.0,1150.0
"May 3, 2025",Sulawesi Tenggara,27,15150.0,True,15300.0,1150.0
"May 3, 2025",Sulawesi Tengah,28,14450.0,True,15300.0,1150.0
"May 3, 2025",Sulawesi Utara,29,14450.0,True,15300.0,1150.0
"May 3, 2025",Sulawesi Barat,30,13450.0,True,15300.0,1150.0
"May 3, 2025",Maluku,31,16200.0,True,15300.0,1150.0
"May 3, 2025",Maluku Utara,32,16700.0,True,15300.0,1150.0
"May 3, 2025",Papua,33,18200.0,True,15300.0,1150.0
"May 3, 2025",Papua Barat,34,16700.0,True,15300.0,1150.0
"May 4, 2025",Aceh,1,13850.0,True,15300.0,1150.0
"May 4, 2025",Sumatera Utara,2,14000.0,True,15300.0,1150.0
"May 4, 2025",Sumatera Barat,3,17000.0,True,15300.0,1150.0
"May 4, 2025",Riau,4,16050.0,True,15300.0,1150.0
"May 4, 2025",Kepulauan Riau,5,15100.0,True,15300.0,1150.0
"May 4, 2025",Jambi,6,15050.0,True,15300.0,1150.0
"May 4, 2025",Bengkulu,7,15300.0,True,15300.0,1150.0
"May 4, 2025",Sumatera Selatan,8,14950.0,True,15300.0,1150.0
"May 4, 2025",Kepulauan Bangka Belitung,9,15000.0,True,15300.0,1150.0
"May 4, 2025",Lampung,10,14550.0,True,15300.0,1150.0
"May 4, 2025",Banten,11,14500.0,True,15300.0,1150.0
"May 4, 2025",Jawa Barat,12,14600.0,True,15300.0,1150.0
"May 4, 2025",DKI Jakarta,13,15650.0,True,15300.0,1150.0
"May 4, 2025",Jawa Tengah,14,14700.0,True,15300.0,1150.0
"May 4, 2025",DI Yogyakarta,15,14300.0,True,15300.0,1150.0
"May 4, 2025",Jawa Timur,16,14200.0,True,15300.0,1150.0
"May 4, 2025",Bali,17,15300.0,True,15300.0,1150.0
"May 4, 2025",Nusa Tenggara Barat,18,13850.0,True,15300.0,1150.0
"May 4, 2025",Nusa Tenggara Timur,19,15200.0,True,15300.0,1150.0
"May 4, 2025",Kalimantan Barat,20,16250.0,True,15300.0,1150.0
"May 4, 2025",Kalimantan Selatan,21,17100.0,True,15300.0,1150.0
"May 4, 2025",Kalimantan Tengah,22,17500.0,True,15300.0,1150.0
"May 4, 2025",Kalimantan Timur,23,15850.0,True,15300.0,1150.0
"May 4, 2025",Kalimantan Utara,24,16600.0,True,15300.0,1150.0
"May 4, 2025",Gorontalo,25,14750.0,True,15300.0,1150.0
"May 4, 2025",Sulawesi Selatan,26,13550.0,True,15300.0,1150.0
"May 4, 2025",Sulawesi Tenggara,27,15150.0,True,15300.0,1150.0
"May 4, 2025",Sulawesi Tengah,28,14450.0,True,15300.0,1150.0
"May 4, 2025",Sulawesi Utara,29,14450.0,True,15300.0,1150.0
"May 4, 2025",Sulawesi Barat,30,13450.0,True,15300.0,1150.0
"May 4, 2025",Maluku,31,16200.0,True,15300.0,1150.0
"May 4, 2025",Maluku Utara,32,16700.0,True,15300.0,1150.0
"May 4, 2025",Papua,33,18200.0,True,15300.0,1150.0
"May 4, 2025",Papua Barat,34,16700.0,True,15300.0,1150.0
"May 5, 2025",Aceh,1,13900.0,True,15300.0,1150.0
"May 5, 2025",Sumatera Utara,2,14050.0,True,15300.0,1150.0
"May 5, 2025",Sumatera Barat,3,17000.0,True,15300.0,1150.0
"May 5, 2025",Riau,4,16050.0,True,15300.0,1150.0
"May 5, 2025",Kepulauan Riau,5,15100.0,True,15300.0,1150.0
"May 5, 2025",Jambi,6,15100.0,True,15300.0,1150.0
"May 5, 2025",Bengkulu,7,15300.0,True,15300.0,1150.0
"May 5, 2025",Sumatera Selatan,8,14950.0,True,15300.0,1150.0
"May 5, 2025",Kepulauan Bangka Belitung,9,15000.0,True,15300.0,1150.0
"May 5, 2025",Lampung,10,14550.0,True,15300.0,1150.0
"May 5, 2025",Banten,11,14500.0,True,15300.0,1150.0
"May 5, 2025",Jawa Barat,12,14600.0,True,15300.0,1150.0
"May 5, 2025",DKI Jakarta,13,15650.0,True,15300.0,1150.0
"May 5, 2025",Jawa Tengah,14,14700.0,True,15300.0,1150.0
"May 5, 2025",DI Yogyakarta,15,14300.0,True,15300.0,1150.0
"May 5, 2025",Jawa Timur,16,14200.0,True,15300.0,1150.0
"May 5, 2025",Bali,17,15300.0,True,15300.0,1150.0
"May 5, 2025",Nusa Tenggara Barat,18,13850.0,True,15300.0,1150.0
"May 5, 2025",Nusa Tenggara Timur,19,15350.0,True,15300.0,1150.0
"May 5, 2025",Kalimantan Barat,20,16250.0,True,15300.0,1150.0
"May 5, 2025",Kalimantan Selatan,21,17100.0,True,15300.0,1150.0
"May 5, 2025",Kalimantan Tengah,22,17500.0,True,15300.0,1150.0
"May 5, 2025",Kalimantan Timur,23,15850.0,True,15300.0,1150.0
"May 5, 2025",Kalimantan Utara,24,16600.0,True,15300.0,1150.0
"May 5, 2025",Gorontalo,25,14750.0,True,15300.0,1150.0
"May 5, 2025",Sulawesi Selatan,26,13550.0,True,15300.0,1150.0
"May 5, 2025",Sulawesi Tenggara,27,15150.0,True,15300.0,1150.0
"May 5, 2025",Sulawesi Tengah,28,14450.0,True,15300.0,1150.0
"May 5, 2025",Sulawesi Utara,29,14550.0,True,15300.0,1150.0
"May 5, 2025",Sulawesi Barat,30,13450.0,True,15300.0,1150.0
"May 5, 2025",Maluku,31,16200.0,True,15300.0,1150.0
"May 5, 2025",Maluku Utara,32,16700.0,True,15300.0,1150.0
"May 5, 2025",Papua,33,18300.0,True,15300.0,1150.0
"May 5, 2025",Papua Barat,34,16700.0,True,15300.0,1150.0
"May 6, 2025",Aceh,1,13900.0,True,15300.0,1150.0
"May 6, 2025",Sumatera Utara,2,14050.0,True,15300.0,1150.0
"May 6, 2025",Sumatera Barat,3,17000.0,True,15300.0,1150.0
"May 6, 2025",Riau,4,16050.0,True,15300.0,1150.0
"May 6, 2025",Kepulauan Riau,5,15100.0,True,15300.0,1150.0
"May 6, 2025",Jambi,6,15100.0,True,15300.0,1150.0
"May 6, 2025",Bengkulu,7,15300.0,True,15300.0,1150.0
"May 6, 2025",Sumatera Selatan,8,14950.0,True,15300.0,1150.0
"May 6, 2025",Kepulauan Bangka Belitung,9,15000.0,True,15300.0,1150.0
"May 6, 2025",Lampung,10,14550.0,True,15300.0,1150.0
"May 6, 2025",Banten,11,14500.0,True,15300.0,1150.0
"May 6, 2025",Jawa Barat,12,14600.0,True,15300.0,1150.0
"May 6, 2025",DKI Jakarta,13,15650.0,True,15300.0,1150.0
"May 6, 2025",Jawa Tengah,14,14700.0,True,15300.0,1150.0
"May 6, 2025",DI Yogyakarta,15,14300.0,True,15300.0,1150.0
"May 6, 2025",Jawa Timur,16,14200.0,True,15300.0,1150.0
"May 6, 2025",Bali,17,15350.0,True,15300.0,1150.0
"May 6, 2025",Nusa Tenggara Barat,18,13850.0,True,15300.0,1150.0
"May 6, 2025",Nusa Tenggara Timur,19,15500.0,True,15300.0,1150.0
"May 6, 2025",Kalimantan Barat,20,16250.0,True,15300.0,1150.0
"May 6, 2025",Kalimantan Selatan,21,17100.0,True,15300.0,1150.0
"May 6, 2025",Kalimantan Tengah,22,17500.0,True,15300.0,1150.0
"May 6, 2025",Kalimantan Timur,23,15850.0,True,15300.0,1150.0
"May 6, 2025",Kalimantan Utara,24,16600.0,True,15300.0,1150.0
"May 6, 2025",Gorontalo,25,14750.0,True,15300.0,1150.0
"May 6, 2025",Sulawesi Selatan,26,13550.0,True,15300.0,1150.0
"May 6, 2025",Sulawesi Tenggara,27,15150.0,True,15300.0,1150.0
"May 6, 2025",Sulawesi Tengah,28,14450.0,True,15300.0,1150.0
"May 6, 2025",Sulawesi Utara,29,14550.0,True,15300.0,1150.0
"May 6, 2025",Sulawesi Barat,30,13450.0,True,15300.0,1150.0
"May 6, 2025",Maluku,31,16200.0,True,15300.0,1150.0
"May 6, 2025",Maluku Utara,32,16700.0,True,15300.0,1150.0
"May 6, 2025",Papua,33,18250.0,True,15300.0,1150.0
"May 6, 2025",Papua Barat,34,16700.0,True,15300.0,1150.0
"May 7, 2025",Aceh,1,13900.0,True,15300.0,1150.0
"May 7, 2025",Sumatera Utara,2,14050.0,True,15300.0,1150.0
"May 7, 2025",Sumatera Barat,3,17000.0,True,15300.0,1150.0
"May 7, 2025",Riau,4,16050.0,True,15300.0,1150.0
"May 7, 2025",Kepulauan Riau,5,15100.0,True,15300.0,1150.0
"May 7, 2025",Jambi,6,15100.0,True,15300.0,1150.0
"May 7, 2025",Bengkulu,7,15300.0,True,15300.0,1150.0
"May 7, 2025",Sumatera Selatan,8,14950.0,True,15300.0,1150.0
"May 7, 2025",Kepulauan Bangka Belitung,9,15000.0,True,15300.0,1150.0
"May 7, 2025",Lampung,10,14550.0,True,15300.0,1150.0
"May 7, 2025",Banten,11,14500.0,True,15300.0,1150.0
"May 7, 2025",Jawa Barat,12,14600.0,True,15300.0,1150.0
"May 7, 2025",DKI Jakarta,13,15650.0,True,15300.0,1150.0
"May 7, 2025",Jawa Tengah,14,14700.0,True,15300.0,1150.0
"May 7, 2025",DI Yogyakarta,15,14300.0,True,15300.0,1150.0
"May 7, 2025",Jawa Timur,16,14200.0,True,15300.0,1150.0
"May 7, 2025",Bali,17,15350.0,True,15300.0,1150.0
"May 7, 2025",Nusa Tenggara Barat,18,13850.0,True,15300.0,1150.0
"May 7, 2025",Nusa Tenggara Timur,19,15350.0,True,15300.0,1150.0
"May 7, 2025",Kalimantan Barat,20,16300.0,True,15300.0,1150.0
"May 7, 2025",Kalimantan Selatan,21,17100.0,True,15300.0,1150.0
"May 7, 2025",Kalimantan Tengah,22,17500.0,True,15300.0,1150.0
"May 7, 2025",Kalimantan Timur,23,15850.0,True,15300.0,1150.0
"May 7, 2025",Kalimantan Utara,24,16600.0,True,15300.0,1150.0
"May 7, 2025",Gorontalo,25,14750.0,True,15300.0,1150.0
"May 7, 2025",Sulawesi Selatan,26,13550.0,True,15300.0,1150.0
"May 7, 2025",Sulawesi Tenggara,27,15150.0,True,15300.0,1150.0
"May 7, 2025",Sulawesi Tengah,28,14450.0,True,15300.0,1150.0
"May 7, 2025",Sulawesi Utara,29,14800.0,True,15300.0,1150.0
"May 7, 2025",Sulawesi Barat,30,13450.0,True,15300.0,1150.0
"May 7, 2025",Maluku,31,16200.0,True,15300.0,1150.0
"May 7, 2025",Maluku Utara,32,16700.0,True,15300.0,1150.0
"May 7, 2025",Papua,33,18250.0,True,15300.0,1150.0
"May 7, 2025",Papua Barat,34,16700.0,True,15300.0,1150.0
"May 8, 2025",Aceh,1,13900.0,True,15300.0,1150.0
"May 8, 2025",Sumatera Utara,2,14100.0,True,15300.0,1150.0
"May 8, 2025",Sumatera Barat,3,17000.0,True,15300.0,1150.0
"May 8, 2025",Riau,4,16050.0,True,15300.0,1150.0
"May 8, 2025",Kepulauan Riau,5,15100.0,True,15300.0,1150.0
"May 8, 2025",Jambi,6,15100.0,True,15300.0,1150.0
"May 8, 2025",Bengkulu,7,15300.0,True,15300.0,1150.0
"May 8, 2025",Sumatera Selatan,8,14950.0,True,15300.0,1150.0
"May 8, 2025",Kepulauan Bangka Belitung,9,15000.0,True,15300.0,1150.0
"May 8, 2025",Lampung,10,14500.0,True,15300.0,1150.0
"May 8, 2025",Banten,11,14500.0,True,15300.0,1150.0
"May 8, 2025",Jawa Barat,12,14600.0,True,15300.0,1150.0
"May 8, 2025",DKI Jakarta,13,15650.0,True,15300.0,1150.0
"May 8, 2025",Jawa Tengah,14,14700.0,True,15300.0,1150.0
"May 8, 2025",DI Yogyakarta,15,14300.0,True,15300.0,1150.0
"May 8, 2025",Jawa Timur,16,14200.0,True,15300.0,1150.0
"May 8, 2025",Bali,17,15350.0,True,15300.0,1150.0
"May 8, 2025",Nusa Tenggara Barat,18,13850.0,True,15300.0,1150.0
"May 8, 2025",Nusa Tenggara Timur,19,15300.0,True,15300.0,1150.0
"May 8, 2025",Kalimantan Barat,20,16300.0,True,15300.0,1150.0
"May 8, 2025",Kalimantan Selatan,21,17100.0,True,15300.0,1150.0
"May 8, 2025",Kalimantan Tengah,22,17500.0,True,15300.0,1150.0
"May 8, 2025",Kalimantan Timur,23,15850.0,True,15300.0,1150.0
"May 8, 2025",Kalimantan Utara,24,16600.0,True,15300.0,1150.0
"May 8, 2025",Gorontalo,25,14750.0,True,15300.0,1150.0
"May 8, 2025",Sulawesi Selatan,26,13550.0,True,15300.0,1150.0
"May 8, 2025",Sulawesi Tenggara,27,15150.0,True,15300.0,1150.0
"May 8, 2025",Sulawesi Tengah,28,14450.0,True,15300.0,1150.0
"May 8, 2025",Sulawesi Utara,29,14800.0,True,15300.0,1150.0
"May 8, 2025",Sulawesi Barat,30,13450.0,True,15300.0,1150.0
"May 8, 2025",Maluku,31,16200.0,True,15300.0,1150.0
"May 8, 2025",Maluku Utara,32,16700.0,True,15300.0,1150.0
"May 8, 2025",Papua,33,18250.0,True,15300.0,1150.0
"May 8, 2025",Papua Barat,34,16700.0,True,15300.0,1150.0
"May 9, 2025",Aceh,1,13900.0,True,15300.0,1150.0
"May 9, 2025",Sumatera Utara,2,14100.0,True,15300.0,1150.0
"May 9, 2025",Sumatera Barat,3,17000.0,True,15300.0,1150.0
"May 9, 2025",Riau,4,16050.0,True,15300.0,1150.0
"May 9, 2025",Kepulauan Riau,5,15100.0,True,15300.0,1150.0
"May 9, 2025",Jambi,6,15100.0,True,15300.0,1150.0
"May 9, 2025",Bengkulu,7,15300.0,True,15300.0,1150.0
"May 9, 2025",Sumatera Selatan,8,14950.0,True,15300.0,1150.0
"May 9, 2025",Kepulauan Bangka Belitung,9,15000.0,True,15300.0,1150.0
"May 9, 2025",Lampung,10,14500.0,True,15300.0,1150.0
"May 9, 2025",Banten,11,14500.0,True,15300.0,1150.0
"May 9, 2025",Jawa Barat,12,14600.0,True,15300.0,1150.0
"May 9, 2025",DKI Jakarta,13,15650.0,True,15300.0,1150.0
"May 9, 2025",Jawa Tengah,14,14700.0,True,15300.0,1150.0
"May 9, 2025",DI Yogyakarta,15,14300.0,True,15300.0,1150.0
"May 9, 2025",Jawa Timur,16,14200.0,True,15300.0,1150.0
"May 9, 2025",Bali,17,15350.0,True,15300.0,1150.0
"May 9, 2025",Nusa Tenggara Barat,18,13850.0,True,15300.0,1150.0
"May 9, 2025",Nusa Tenggara Timur,19,15300.0,True,15300.0,1150.0
"May 9, 2025",Kalimantan Barat,20,16300.0,True,15300.0,1150.0
"May 9, 2025",Kalimantan Selatan,21,17100.0,True,15300.0,1150.0
"May 9, 2025",Kalimantan Tengah,22,17500.0,True,15300.0,1150.0
"May 9, 2025",Kalimantan Timur,23,15850.0,True,15300.0,1150.0
"May 9, 2025",Kalimantan Utara,24,16600.0,True,15300.0,1150.0
"May 9, 2025",Gorontalo,25,14750.0,True,15300.0,1150.0
"May 9, 2025",Sulawesi Selatan,26,13550.0,True,15300.0,1150.0
"May 9, 2025",Sulawesi Tenggara,27,15150.0,True,15300.0,1150.0
"May 9, 2025",Sulawesi Tengah,28,14450.0,True,15300.0,1150.0
"May 9, 2025",Sulawesi Utara,29,14800.0,True,15300.0,1150.0
"May 9, 2025",Sulawesi Barat,30,13450.0,True,15300.0,1150.0
"May 9, 2025",Maluku,31,16200.0,True,15300.0,1150.0
"May 9, 2025",Maluku Utara,32,16700.0,True,15300.0,1150.0
"May 9, 2025",Papua,33,18250.0,True,15300.0,1150.0
"May 9, 2025",Papua Barat,34,16700.0,True,15300.0,1150.0
"May 10, 2025",Aceh,1,13900.0,True,15300.0,1150.0
"May 10, 2025",Sumatera Utara,2,14100.0,True,15300.0,1150.0
"May 10, 2025",Sumatera Barat,3,17000.0,True,15300.0,1150.0
"May 10, 2025",Riau,4,16050.0,True,15300.0,1150.0
"May 10, 2025",Kepulauan Riau,5,15100.0,True,15300.0,1150.0
"May 10, 2025",Jambi,6,15100.0,True,15300.0,1150.0
"May 10, 2025",Bengkulu,7,15300.0,True,15300.0,1150.0
"May 10, 2025",Sumatera Selatan,8,14950.0,True,15300.0,1150.0
"May 10, 2025",Kepulauan Bangka Belitung,9,15000.0,True,15300.0,1150.0
"May 10, 2025",Lampung,10,14500.0,True,15300.0,1150.0
"May 10, 2025",Banten,11,14500.0,True,15300.0,1150.0
"May 10, 2025",Jawa Barat,12,14600.0,True,15300.0,1150.0
"May 10, 2025",DKI Jakarta,13,15650.0,True,15300.0,1150.0
"May 10, 2025",Jawa Tengah,14,14700.0,True,15300.0,1150.0
"May 10, 2025",DI Yogyakarta,15,14300.0,True,15300.0,1150.0
"May 10, 2025",Jawa Timur,16,14200.0,True,15300.0,1150.0
"May 10, 2025",Bali,17,15350.0,True,15300.0,1150.0
"May 10, 2025",Nusa Tenggara Barat,18,13850.0,True,15300.0,1150.0
"May 10, 2025",Nusa Tenggara Timur,19,15300.0,True,15300.0,1150.0
"May 10, 2025",Kalimantan Barat,20,16300.0,True,15300.0,1150.0
"May 10, 2025",Kalimantan Selatan,21,17100.0,True,15300.0,1150.0
"May 10, 2025",Kalimantan Tengah,22,17500.0,True,15300.0,1150.0
"May 10, 2025",Kalimantan Timur,23,15850.0,True,15300.0,1150.0
"May 10, 2025",Kalimantan Utara,24,16600.0,True,15300.0,1150.0
"May 10, 2025",Gorontalo,25,14750.0,True,15300.0,1150.0
"May 10, 2025",Sulawesi Selatan,26,13550.0,True,15300.0,1150.0
"May 10, 2025",Sulawesi Tenggara,27,15150.0,True,15300.0,1150.0
"May 10, 2025",Sulawesi Tengah,28,14450.0,True,15300.0,1150.0
"May 10, 2025",Sulawesi Utara,29,14800.0,True,15300.0,1150.0
"May 10, 2025",Sulawesi Barat,30,13450.0,True,15300.0,1150.0
"May 10, 2025",Maluku,31,16200.0,True,15300.0,1150.0
"May 10, 2025",Maluku Utara,32,16700.0,True,15300.0,1150.0
"May 10, 2025",Papua,33,18250.0,True,15300.0,1150.0
"May 10, 2025",Papua Barat,34,16700.0,True,15300.0,1150.0
"May 11, 2025",Aceh,1,13900.0,True,15300.0,1150.0
"May 11, 2025",Sumatera Utara,2,14100.0,True,15300.0,1150.0
"May 11, 2025",Sumatera Barat,3,17000.0,True,15300.0,1150.0
"May 11, 2025",Riau,4,16050.0,True,15300.0,1150.0
"May 11, 2025",Kepulauan Riau,5,15100.0,True,15300.0,1150.0
"May 11, 2025",Jambi,6,15100.0,True,15300.0,1150.0
"May 11, 2025",Bengkulu,7,15300.0,True,15300.0,1150.0
"May 11, 2025",Sumatera Selatan,8,14950.0,True,15300.0,1150.0
"May 11, 2025",Kepulauan Bangka Belitung,9,15000.0,True,15300.0,1150.0
"May 11, 2025",Lampung,10,14500.0,True,15300.0,1150.0
"May 11, 2025",Banten,11,14500.0,True,15300.0,1150.0
"May 11, 2025",Jawa Barat,12,14600.0,True,15300.0,1150.0
"May 11, 2025",DKI Jakarta,13,15650.0,True,15300.0,1150.0
"May 11, 2025",Jawa Tengah,14,14700.0,True,15300.0,1150.0
"May 11, 2025",DI Yogyakarta,15,14300.0,True,15300.0,1150.0
"May 11, 2025",Jawa Timur,16,14200.0,True,15300.0,1150.0
"May 11, 2025",Bali,17,15350.0,True,15300.0,1150.0
"May 11, 2025",Nusa Tenggara Barat,18,13850.0,True,15300.0,1150.0
"May 11, 2025",Nusa Tenggara Timur,19,15300.0,True,15300.0,1150.0
"May 11, 2025",Kalimantan Barat,20,16300.0,True,15300.0,1150.0
"May 11, 2025",Kalimantan Selatan,21,17100.0,True,15300.0,1150.0
"May 11, 2025",Kalimantan Tengah,22,17500.0,True,15300.0,1150.0
"May 11, 2025",Kalimantan Timur,23,15850.0,True,15300.0,1150.0
"May 11, 2025",Kalimantan Utara,24,16600.0,True,15300.0,1150.0
"May 11, 2025",Gorontalo,25,14750.0,True,15300.0,1150.0
"May 11, 2025",Sulawesi Selatan,26,13550.0,True,15300.0,1150.0
"May 11, 2025",Sulawesi Tenggara,27,15150.0,True,15300.0,1150.0
"May 11, 2025",Sulawesi Tengah,28,14450.0,True,15300.0,1150.0
"May 11, 2025",Sulawesi Utara,29,14800.0,True,15300.0,1150.0
"May 11, 2025",Sulawesi Barat,30,13450.0,True,15300.0,1150.0
"May 11, 2025",Maluku,31,16200.0,True,15300.0,1150.0
"May 11, 2025",Maluku Utara,32,16700.0,True,15300.0,1150.0
"May 11, 2025",Papua,33,18250.0,True,15300.0,1150.0
"May 11, 2025",Papua Barat,34,16700.0,True,15300.0,1150.0
"May 12, 2025",Aceh,1,13950.0,True,15300.0,1150.0
"May 12, 2025",Sumatera Utara,2,14100.0,True,15300.0,1150.0
"May 12, 2025",Sumatera Barat,3,17000.0,True,15300.0,1150.0
"May 12, 2025",Riau,4,16050.0,True,15300.0,1150.0
"May 12, 2025",Kepulauan Riau,5,15150.0,True,15300.0,1150.0
"May 12, 2025",Jambi,6,15100.0,True,15300.0,1150.0
"May 12, 2025",Bengkulu,7,15300.0,True,15300.0,1150.0
"May 12, 2025",Sumatera Selatan,8,14950.0,True,15300.0,1150.0
"May 12, 2025",Kepulauan Bangka Belitung,9,15000.0,True,15300.0,1150.0
"May 12, 2025",Lampung,10,14500.0,True,15300.0,1150.0
"May 12, 2025",Banten,11,14500.0,True,15300.0,1150.0
"May 12, 2025",Jawa Barat,12,14600.0,True,15300.0,1150.0
"May 12, 2025",DKI Jakarta,13,15650.0,True,15300.0,1150.0
"May 12, 2025",Jawa Tengah,14,14700.0,True,15300.0,1150.0
"May 12, 2025",DI Yogyakarta,15,14300.0,True,15300.0,1150.0
"May 12, 2025",Jawa Timur,16,14200.0,True,15300.0,1150.0
"May 12, 2025",Bali,17,15350.0,True,15300.0,1150.0
"May 12, 2025",Nusa Tenggara Barat,18,13850.0,True,15300.0,1150.0
"May 12, 2025",Nusa Tenggara Timur,19,15300.0,True,15300.0,1150.0
"May 12, 2025",Kalimantan Barat,20,16300.0,True,15300.0,1150.0
"May 12, 2025",Kalimantan Selatan,21,17100.0,True,15300.0,1150.0
"May 12, 2025",Kalimantan Tengah,22,17500.0,True,15300.0,1150.0
"May 12, 2025",Kalimantan Timur,23,15850.0,True,15300.0,1150.0
"May 12, 2025",Kalimantan Utara,24,16600.0,True,15300.0,1150.0
"May 12, 2025",Gorontalo,25,14750.0,True,15300.0,1150.0
"May 12, 2025",Sulawesi Selatan,26,13550.0,True,15300.0,1150.0
"May 12, 2025",Sulawesi Tenggara,27,15150.0,True,15300.0,1150.0
"May 12, 2025",Sulawesi Tengah,28,14450.0,True,15300.0,1150.0
"May 12, 2025",Sulawesi Utara,29,14800.0,True,15300.0,1150.0
"May 12, 2025",Sulawesi Barat,30,13450.0,True,15300.0,1150.0
"May 12, 2025",Maluku,31,16200.0,True,15300.0,1150.0
"May 12, 2025",Maluku Utara,32,16700.0,True,15300.0,1150.0
"May 12, 2025",Papua,33,18250.0,True,15300.0,1150.0
"May 12, 2025",Papua Barat,34,16700.0,True,15300.0,1150.0
"May 13, 2025",Aceh,1,13900.0,True,15300.0,1150.0
"May 13, 2025",Sumatera Utara,2,14100.0,True,15300.0,1150.0
"May 13, 2025",Sumatera Barat,3,17000.0,True,15300.0,1150.0
"May 13, 2025",Riau,4,16050.0,True,15300.0,1150.0
"May 13, 2025",Kepulauan Riau,5,15150.0,True,15300.0,1150.0
"May 13, 2025",Jambi,6,15100.0,True,15300.0,1150.0
"May 13, 2025",Bengkulu,7,15300.0,True,15300.0,1150.0
"May 13, 2025",Sumatera Selatan,8,14950.0,True,15300.0,1150.0
"May 13, 2025",Kepulauan Bangka Belitung,9,15000.0,True,15300.0,1150.0
"May 13, 2025",Lampung,10,14500.0,True,15300.0,1150.0
"May 13, 2025",Banten,11,14500.0,True,15300.0,1150.0
"May 13, 2025",Jawa Barat,12,14600.0,True,15300.0,1150.0
"May 13, 2025",DKI Jakarta,13,15650.0,True,15300.0,1150.0
"May 13, 2025",Jawa Tengah,14,14650.0,True,15300.0,1150.0
"May 13, 2025",DI Yogyakarta,15,14300.0,True,15300.0,1150.0
"May 13, 2025",Jawa Timur,16,14200.0,True,15300.0,1150.0
"May 13, 2025",Bali,17,15400.0,True,15300.0,1150.0
"May 13, 2025",Nusa Tenggara Barat,18,13850.0,True,15300.0,1150.0
"May 13, 2025",Nusa Tenggara Timur,19,15300.0,True,15300.0,1150.0
"May 13, 2025",Kalimantan Barat,20,16300.0,True,15300.0,1150.0
"May 13, 2025",Kalimantan Selatan,21,17100.0,True,15300.0,1150.0
"May 13, 2025",Kalimantan Tengah,22,17500.0,True,15300.0,1150.0
"May 13, 2025",Kalimantan Timur,23,15850.0,True,15300.0,1150.0
"May 13, 2025",Kalimantan Utara,24,16600.0,True,15300.0,1150.0
"May 13, 2025",Gorontalo,25,14750.0,True,15300.0,1150.0
"May 13, 2025",Sulawesi Selatan,26,13550.0,True,15300.0,1150.0
"May 13, 2025",Sulawesi Tenggara,27,15150.0,True,15300.0,1150.0
"May 13, 2025",Sulawesi Tengah,28,14450.0,True,15300.0,1150.0
"May 13, 2025",Sulawesi Utara,29,14800.0,True,15300.0,1150.0
"May 13, 2025",Sulawesi Barat,30,13450.0,True,15300.0,1150.0
"May 13, 2025",Maluku,31,16200.0,True,15300.0,1150.0
"May 13, 2025",Maluku Utara,32,16700.0,True,15300.0,1150.0
"May 13, 2025",Papua,33,18250.0,True,15300.0,1150.0
"May 13, 2025",Papua Barat,34,16700.0,True,15300.0,1150.0
"May 14, 2025",Aceh,1,13950.0,True,15350.0,1150.0
"May 14, 2025",Sumatera Utara,2,14100.0,True,15350.0,1150.0
"May 14, 2025",Sumatera Barat,3,17000.0,True,15350.0,1150.0
"May 14, 2025",Riau,4,16050.0,True,15350.0,1150.0
"May 14, 2025",Kepulauan Riau,5,15100.0,True,15350.0,1150.0
"May 14, 2025",Jambi,6,15100.0,True,15350.0,1150.0
"May 14, 2025",Bengkulu,7,15300.0,True,15350.0,1150.0
"May 14, 2025",Sumatera Selatan,8,15000.0,True,15350.0,1150.0
"May 14, 2025",Kepulauan Bangka Belitung,9,15000.0,True,15350.0,1150.0
"May 14, 2025",Lampung,10,14450.0,True,15350.0,1150.0
"May 14, 2025",Banten,11,14500.0,True,15350.0,1150.0
"May 14, 2025",Jawa Barat,12,14600.0,True,15350.0,1150.0
"May 14, 2025",DKI Jakarta,13,15650.0,True,15350.0,1150.0
"May 14, 2025",Jawa Tengah,14,14700.0,True,15350.0,1150.0
"May 14, 2025",DI Yogyakarta,15,14300.0,True,15350.0,1150.0
"May 14, 2025",Jawa Timur,16,14200.0,True,15350.0,1150.0
"May 14, 2025",Bali,17,15400.0,True,15350.0,1150.0
"May 14, 2025",Nusa Tenggara Barat,18,13850.0,True,15350.0,1150.0
"May 14, 2025",Nusa Tenggara Timur,19,15300.0,True,15350.0,1150.0
"May 14, 2025",Kalimantan Barat,20,16300.0,True,15350.0,1150.0
"May 14, 2025",Kalimantan Selatan,21,17100.0,True,15350.0,1150.0
"May 14, 2025",Kalimantan Tengah,22,17500.0,True,15350.0,1150.0
"May 14, 2025",Kalimantan Timur,23,15850.0,True,15350.0,1150.0
"May 14, 2025",Kalimantan Utara,24,16600.0,True,15350.0,1150.0
"May 14, 2025",Gorontalo,25,14750.0,True,15350.0,1150.0
"May 14, 2025",Sulawesi Selatan,26,13550.0,True,15350.0,1150.0
"May 14, 2025",Sulawesi Tenggara,27,15150.0,True,15350.0,1150.0
"May 14, 2025",Sulawesi Tengah,28,14450.0,True,15350.0,1150.0
"May 14, 2025",Sulawesi Utara,29,14800.0,True,15350.0,1150.0
"May 14, 2025",Sulawesi Barat,30,13550.0,True,15350.0,1150.0
"May 14, 2025",Maluku,31,16200.0,True,15350.0,1150.0
"May 14, 2025",Maluku Utara,32,16700.0,True,15350.0,1150.0
"May 14, 2025",Papua,33,18450.0,True,15350.0,1150.0
"May 14, 2025",Papua Barat,34,16700.0,True,15350.0,1150.0
"May 15, 2025",Aceh,1,13950.0,True,15350.0,1150.0
"May 15, 2025",Sumatera Utara,2,14100.0,True,15350.0,1150.0
"May 15, 2025",Sumatera Barat,3,17000.0,True,15350.0,1150.0
"May 15, 2025",Riau,4,16050.0,True,15350.0,1150.0
"May 15, 2025",Kepulauan Riau,5,15100.0,True,15350.0,1150.0
"May 15, 2025",Jambi,6,15100.0,True,15350.0,1150.0
"May 15, 2025",Bengkulu,7,15300.0,True,15350.0,1150.0
"May 15, 2025",Sumatera Selatan,8,15000.0,True,15350.0,1150.0
"May 15, 2025",Kepulauan Bangka Belitung,9,15000.0,True,15350.0,1150.0
"May 15, 2025",Lampung,10,14450.0,True,15350.0,1150.0
"May 15, 2025",Banten,11,14500.0,True,15350.0,1150.0
"May 15, 2025",Jawa Barat,12,14600.0,True,15350.0,1150.0
"May 15, 2025",DKI Jakarta,13,15650.0,True,15350.0,1150.0
"May 15, 2025",Jawa Tengah,14,14750.0,True,15350.0,1150.0
"May 15, 2025",DI Yogyakarta,15,14300.0,True,15350.0,1150.0
"May 15, 2025",Jawa Timur,16,14200.0,True,15350.0,1150.0
"May 15, 2025",Bali,17,15400.0,True,15350.0,1150.0
"May 15, 2025",Nusa Tenggara Barat,18,13850.0,True,15350.0,1150.0
"May 15, 2025",Nusa Tenggara Timur,19,15300.0,True,15350.0,1150.0
"May 15, 2025",Kalimantan Barat,20,16300.0,True,15350.0,1150.0
"May 15, 2025",Kalimantan Selatan,21,17100.0,True,15350.0,1150.0
"May 15, 2025",Kalimantan Tengah,22,17500.0,True,15350.0,1150.0
"May 15, 2025",Kalimantan Timur,23,15850.0,True,15350.0,1150.0
"May 15, 2025",Kalimantan Utara,24,16600.0,True,15350.0,1150.0
"May 15, 2025",Gorontalo,25,14750.0,True,15350.0,1150.0
"May 15, 2025",Sulawesi Selatan,26,13550.0,True,15350.0,1150.0
"May 15, 2025",Sulawesi Tenggara,27,15150.0,True,15350.0,1150.0
"May 15, 2025",Sulawesi Tengah,28,14450.0,True,15350.0,1150.0
"May 15, 2025",Sulawesi Utara,29,14800.0,True,15350.0,1150.0
"May 15, 2025",Sulawesi Barat,30,13650.0,True,15350.0,1150.0
"May 15, 2025",Maluku,31,16200.0,True,15350.0,1150.0
"May 15, 2025",Maluku Utara,32,16700.0,True,15350.0,1150.0
"May 15, 2025",Papua,33,18450.0,True,15350.0,1150.0
"May 15, 2025",Papua Barat,34,16700.0,True,15350.0,1150.0
"May 16, 2025",Aceh,1,14000.0,True,15350.0,1150.0
"May 16, 2025",Sumatera Utara,2,14150.0,True,15350.0,1150.0
"May 16, 2025",Sumatera Barat,3,17000.0,True,15350.0,1150.0
"May 16, 2025",Riau,4,16050.0,True,15350.0,1150.0
"May 16, 2025",Kepulauan Riau,5,15100.0,True,15350.0,1150.0
"May 16, 2025",Jambi,6,15200.0,True,15350.0,1150.0
"May 16, 2025",Bengkulu,7,15300.0,True,15350.0,1150.0
"May 16, 2025",Sumatera Selatan,8,15050.0,True,15350.0,1150.0
"May 16, 2025",Kepulauan Bangka Belitung,9,15000.0,True,15350.0,1150.0
"May 16, 2025",Lampung,10,14450.0,True,15350.0,1150.0
"May 16, 2025",Banten,11,14500.0,True,15350.0,1150.0
"May 16, 2025",Jawa Barat,12,14600.0,True,15350.0,1150.0
"May 16, 2025",DKI Jakarta,13,15650.0,True,15350.0,1150.0
"May 16, 2025",Jawa Tengah,14,14700.0,True,15350.0,1150.0
"May 16, 2025",DI Yogyakarta,15,14300.0,True,15350.0,1150.0
"May 16, 2025",Jawa Timur,16,14250.0,True,15350.0,1150.0
"May 16, 2025",Bali,17,15400.0,True,15350.0,1150.0
"May 16, 2025",Nusa Tenggara Barat,18,13850.0,True,15350.0,1150.0
"May 16, 2025",Nusa Tenggara Timur,19,15300.0,True,15350.0,1150.0
"May 16, 2025",Kalimantan Barat,20,16300.0,True,15350.0,1150.0
"May 16, 2025",Kalimantan Selatan,21,17100.0,True,15350.0,1150.0
"May 16, 2025",Kalimantan Tengah,22,17500.0,True,15350.0,1150.0
"May 16, 2025",Kalimantan Timur,23,15850.0,True,15350.0,1150.0
"May 16, 2025",Kalimantan Utara,24,16600.0,True,15350.0,1150.0
"May 16, 2025",Gorontalo,25,14750.0,True,15350.0,1150.0
"May 16, 2025",Sulawesi Selatan,26,13550.0,True,15350.0,1150.0
"May 16, 2025",Sulawesi Tenggara,27,15250.0,True,15350.0,1150.0
"May 16, 2025",Sulawesi Tengah,28,14450.0,True,15350.0,1150.0
"May 16, 2025",Sulawesi Utara,29,14850.0,True,15350.0,1150.0
"May 16, 2025",Sulawesi Barat,30,13650.0,True,15350.0,1150.0
"May 16, 2025",Maluku,31,16200.0,True,15350.0,1150.0
"May 16, 2025",Maluku Utara,32,16700.0,True,15350.0,1150.0
"May 16, 2025",Papua,33,18450.0,True,15350.0,1150.0
"May 16, 2025",Papua Barat,34,16700.0,True,15350.0,1150.0
"May 17, 2025",Aceh,1,0.0,False,,0.0
"May 17, 2025",Sumatera Utara,2,0.0,False,,0.0
"May 17, 2025",Sumatera Barat,3,0.0,False,,0.0
"May 17, 2025",Riau,4,0.0,False,,0.0
"May 17, 2025",Kepulauan Riau,5,0.0,False,,0.0
"May 17, 2025",Jambi,6,0.0,False,,0.0
"May 17, 2025",Bengkulu,7,0.0,False,,0.0
"May 17, 2025",Sumatera Selatan,8,0.0,False,,0.0
"May 17, 2025",Kepulauan Bangka Belitung,9,0.0,False,,0.0
"May 17, 2025",Lampung,10,0.0,False,,0.0
"May 17, 2025",Banten,11,0.0,False,,0.0
"May 17, 2025",Jawa Barat,12,0.0,False,,0.0
"May 17, 2025",DKI Jakarta,13,0.0,False,,0.0
"May 17, 2025",Jawa Tengah,14,0.0,False,,0.0
"May 17, 2025",DI Yogyakarta,15,0.0,False,,0.0
"May 17, 2025",Jawa Timur,16,0.0,False,,0.0
"May 17, 2025",Bali,17,0.0,False,,0.0
"May 17, 2025",Nusa Tenggara Barat,18,0.0,False,,0.0
"May 17, 2025",Nusa Tenggara Timur,19,0.0,False,,0.0
"May 17, 2025",Kalimantan Barat,20,0.0,False,,0.0
"May 17, 2025",Kalimantan Selatan,21,0.0,False,,0.0
"May 17, 2025",Kalimantan Tengah,22,0.0,False,,0.0
"May 17, 2025",Kalimantan Timur,23,0.0,False,,0.0
"May 17, 2025",Kalimantan Utara,24,0.0,False,,0.0
"May 17, 2025",Gorontalo,25,0.0,False,,0.0
"May 17, 2025",Sulawesi Selatan,26,0.0,False,,0.0
"May 17, 2025",Sulawesi Tenggara,27,0.0,False,,0.0
"May 17, 2025",Sulawesi Tengah,28,0.0,False,,0.0
"May 17, 2025",Sulawesi Utara,29,0.0,False,,0.0
"May 17, 2025",Sulawesi Barat,30,0.0,False,,0.0
"May 17, 2025",Maluku,31,0.0,False,,0.0
"May 17, 2025",Maluku Utara,32,0.0,False,,0.0
"May 17, 2025",Papua,33,0.0,False,,0.0
"May 17, 2025",Papua Barat,34,0.0,False,,0.0
"May 18, 2025",Aceh,1,0.0,False,,0.0
"May 18, 2025",Sumatera Utara,2,0.0,False,,0.0
"May 18, 2025",Sumatera Barat,3,0.0,False,,0.0
"May 18, 2025",Riau,4,0.0,False,,0.0
"May 18, 2025",Kepulauan Riau,5,0.0,False,,0.0
"May 18, 2025",Jambi,6,0.0,False,,0.0
"May 18, 2025",Bengkulu,7,0.0,False,,0.0
"May 18, 2025",Sumatera Selatan,8,0.0,False,,0.0
"May 18, 2025",Kepulauan Bangka Belitung,9,0.0,False,,0.0
"May 18, 2025",Lampung,10,0.0,False,,0.0
"May 18, 2025",Banten,11,0.0,False,,0.0
"May 18, 2025",Jawa Barat,12,0.0,False,,0.0
"May 18, 2025",DKI Jakarta,13,0.0,False,,0.0
"May 18, 2025",Jawa Tengah,14,0.0,False,,0.0
"May 18, 2025",DI Yogyakarta,15,0.0,False,,0.0
"May 18, 2025",Jawa Timur,16,0.0,False,,0.0
"May 18, 2025",Bali,17,0.0,False,,0.0
"May 18, 2025",Nusa Tenggara Barat,18,0.0,False,,0.0
"May 18, 2025",Nusa Tenggara Timur,19,0.0,False,,0.0
"May 18, 2025",Kalimantan Barat,20,0.0,False,,0.0
"May 18, 2025",Kalimantan Selatan,21,0.0,False,,0.0
"May 18, 2025",Kalimantan Tengah,22,0.0,False,,0.0
"May 18, 2025",Kalimantan Timur,23,0.0,False,,0.0
"May 18, 2025",Kalimantan Utara,24,0.0,False,,0.0
"May 18, 2025",Gorontalo,25,0.0,False,,0.0
"May 18, 2025",Sulawesi Selatan,26,0.0,False,,0.0
"May 18, 2025",Sulawesi Tenggara,27,0.0,False,,0.0
"May 18, 2025",Sulawesi Tengah,28,0.0,False,,0.0
"May 18, 2025",Sulawesi Utara,29,0.0,False,,0.0
"May 18, 2025",Sulawesi Barat,30,0.0,False,,0.0
"May 18, 2025",Maluku,31,0.0,False,,0.0
"May 18, 2025",Maluku Utara,32,0.0,False,,0.0
"May 18, 2025",Papua,33,0.0,False,,0.0
"May 18, 2025",Papua Barat,34,0.0,False,,0.0
"May 19, 2025",Aceh,1,13950.0,True,15350.0,1150.0
"May 19, 2025",Sumatera Utara,2,14100.0,True,15350.0,1150.0
"May 19, 2025",Sumatera Barat,3,16950.0,True,15350.0,1150.0
"May 19, 2025",Riau,4,16100.0,True,15350.0,1150.0
"May 19, 2025",Kepulauan Riau,5,15100.0,True,15350.0,1150.0
"May 19, 2025",Jambi,6,15250.0,True,15350.0,1150.0
"May 19, 2025",Bengkulu,7,15300.0,True,15350.0,1150.0
"May 19, 2025",Sumatera Selatan,8,15050.0,True,15350.0,1150.0
"May 19, 2025",Kepulauan Bangka Belitung,9,15000.0,True,15350.0,1150.0
"May 19, 2025",Lampung,10,14450.0,True,15350.0,1150.0
"May 19, 2025",Banten,11,14500.0,True,15350.0,1150.0
"May 19, 2025",Jawa Barat,12,14600.0,True,15350.0,1150.0
"May 19, 2025",DKI Jakarta,13,15650.0,True,15350.0,1150.0
"May 19, 2025",Jawa Tengah,14,14750.0,True,15350.0,1150.0
"May 19, 2025",DI Yogyakarta,15,14300.0,True,15350.0,1150.0
"May 19, 2025",Jawa Timur,16,14250.0,True,15350.0,1150.0
"May 19, 2025",Bali,17,15450.0,True,15350.0,1150.0
"May 19, 2025",Nusa Tenggara Barat,18,13850.0,True,15350.0,1150.0
"May 19, 2025",Nusa Tenggara Timur,19,15250.0,True,15350.0,1150.0
"May 19, 2025",Kalimantan Barat,20,16300.0,True,15350.0,1150.0
"May 19, 2025",Kalimantan Selatan,21,17100.0,True,15350.0,1150.0
"May 19, 2025",Kalimantan Tengah,22,17500.0,True,15350.0,1150.0
"May 19, 2025",Kalimantan Timur,23,16000.0,True,15350.0,1150.0
"May 19, 2025",Kalimantan Utara,24,16600.0,True,15350.0,1150.0
"May 19, 2025",Gorontalo,25,14750.0,True,15350.0,1150.0
"May 19, 2025",Sulawesi Selatan,26,13550.0,True,15350.0,1150.0
"May 19, 2025",Sulawesi Tenggara,27,15250.0,True,15350.0,1150.0
"May 19, 2025",Sulawesi Tengah,28,14550.0,True,15350.0,1150.0
"May 19, 2025",Sulawesi Utara,29,14900.0,True,15350.0,1150.0
"May 19, 2025",Sulawesi Barat,30,13700.0,True,15350.0,1150.0
"May 19, 2025",Maluku,31,16200.0,True,15350.0,1150.0
"May 19, 2025",Maluku Utara,32,16700.0,True,15350.0,1150.0
"May 19, 2025",Papua,33,18450.0,True,15350.0,1150.0
"May 19, 2025",Papua Barat,34,16700.0,True,15350.0,1150.0
"May 20, 2025",Aceh,1,13950.0,True,15350.0,1150.0
"May 20, 2025",Sumatera Utara,2,14150.0,True,15350.0,1150.0
"May 20, 2025",Sumatera Barat,3,16950.0,True,15350.0,1150.0
"May 20, 2025",Riau,4,16100.0,True,15350.0,1150.0
"May 20, 2025",Kepulauan Riau,5,15100.0,True,15350.0,1150.0
"May 20, 2025",Jambi,6,15250.0,True,15350.0,1150.0
"May 20, 2025",Bengkulu,7,15300.0,True,15350.0,1150.0
"May 20, 2025",Sumatera Selatan,8,15100.0,True,15350.0,1150.0
"May 20, 2025",Kepulauan Bangka Belitung,9,15000.0,True,15350.0,1150.0
"May 20, 2025",Lampung,10,14400.0,True,15350.0,1150.0
"May 20, 2025",Banten,11,14600.0,True,15350.0,1150.0
"May 20, 2025",Jawa Barat,12,14600.0,True,15350.0,1150.0
"May 20, 2025",DKI Jakarta,13,15650.0,True,15350.0,1150.0
"May 20, 2025",Jawa Tengah,14,14750.0,True,15350.0,1150.0
"May 20, 2025",DI Yogyakarta,15,14300.0,True,15350.0,1150.0
"May 20, 2025",Jawa Timur,16,14250.0,True,15350.0,1150.0
"May 20, 2025",Bali,17,15450.0,True,15350.0,1150.0
"May 20, 2025",Nusa Tenggara Barat,18,13850.0,True,15350.0,1150.0
"May 20, 2025",Nusa Tenggara Timur,19,15250.0,True,15350.0,1150.0
"May 20, 2025",Kalimantan Barat,20,16300.0,True,15350.0,1150.0
"May 20, 2025",Kalimantan Selatan,21,17100.0,True,15350.0,1150.0
"May 20, 2025",Kalimantan Tengah,22,17500.0,True,15350.0,1150.0
"May 20, 2025",Kalimantan Timur,23,16000.0,True,15350.0,1150.0
"May 20, 2025",Kalimantan Utara,24,16600.0,True,15350.0,1150.0
"May 20, 2025",Gorontalo,25,14750.0,True,15350.0,1150.0
"May 20, 2025",Sulawesi Selatan,26,13550.0,True,15350.0,1150.0
"May 20, 2025",Sulawesi Tenggara,27,15250.0,True,15350.0,1150.0
"May 20, 2025",Sulawesi Tengah,28,14550.0,True,15350.0,1150.0
"May 20, 2025",Sulawesi Utara,29,14950.0,True,15350.0,1150.0
"May 20, 2025",Sulawesi Barat,30,13700.0,True,15350.0,1150.0
"May 20, 2025",Maluku,31,16450.0,True,15350.0,1150.0
"May 20, 2025",Maluku Utara,32,16700.0,True,15350.0,1150.0
"May 20, 2025",Papua,33,18450.0,True,15350.0,1150.0
"May 20, 2025",Papua Barat,34,16700.0,True,15350.0,1150.0
"May 21, 2025",Aceh,1,13950.0,True,15400.0,1150.0
"May 21, 2025",Sumatera Utara,2,14150.0,True,15400.0,1150.0
"May 21, 2025",Sumatera Barat,3,16950.0,True,15400.0,1150.0
"May 21, 2025",Riau,4,16100.0,True,15400.0,1150.0
"May 21, 2025",Kepulauan Riau,5,15100.0,True,15400.0,1150.0
"May 21, 2025",Jambi,6,15250.0,True,15400.0,1150.0
"May 21, 2025",Bengkulu,7,15300.0,True,15400.0,1150.0
"May 21, 2025",Sumatera Selatan,8,15100.0,True,15400.0,1150.0
"May 21, 2025",Kepulauan Bangka Belitung,9,15100.0,True,15400.0,1150.0
"May 21, 2025",Lampung,10,14400.0,True,15400.0,1150.0
"May 21, 2025",Banten,11,14600.0,True,15400.0,1150.0
"May 21, 2025",Jawa Barat,12,14600.0,True,15400.0,1150.0
"May 21, 2025",DKI Jakarta,13,15650.0,True,15400.0,1150.0
"May 21, 2025",Jawa Tengah,14,14750.0,True,15400.0,1150.0
"May 21, 2025",DI Yogyakarta,15,14300.0,True,15400.0,1150.0
"May 21, 2025",Jawa Timur,16,14300.0,True,15400.0,1150.0
"May 21, 2025",Bali,17,15450.0,True,15400.0,1150.0
"May 21, 2025",Nusa Tenggara Barat,18,13850.0,True,15400.0,1150.0
"May 21, 2025",Nusa Tenggara Timur,19,15250.0,True,15400.0,1150.0
"May 21, 2025",Kalimantan Barat,20,16300.0,True,15400.0,1150.0
"May 21, 2025",Kalimantan Selatan,21,17100.0,True,15400.0,1150.0
"May 21, 2025",Kalimantan Tengah,22,17500.0,True,15400.0,1150.0
"May 21, 2025",Kalimantan Timur,23,16000.0,True,15400.0,1150.0
"May 21, 2025",Kalimantan Utara,24,16600.0,True,15400.0,1150.0
"May 21, 2025",Gorontalo,25,14750.0,True,15400.0,1150.0
"May 21, 2025",Sulawesi Selatan,26,13550.0,True,15400.0,1150.0
"May 21, 2025",Sulawesi Tenggara,27,15300.0,True,15400.0,1150.0
"May 21, 2025",Sulawesi Tengah,28,14600.0,True,15400.0,1150.0
"May 21, 2025",Sulawesi Utara,29,14950.0,True,15400.0,1150.0
"May 21, 2025",Sulawesi Barat,30,13700.0,True,15400.0,1150.0
"May 21, 2025",Maluku,31,16450.0,True,15400.0,1150.0
"May 21, 2025",Maluku Utara,32,16700.0,True,15400.0,1150.0
"May 21, 2025",Papua,33,18450.0,True,15400.0,1150.0
"May 21, 2025",Papua Barat,34,16700.0,True,15400.0,1150.0
"May 22, 2025",Aceh,1,14000.0,True,15400.0,1150.0
"May 22, 2025",Sumatera Utara,2,14150.0,True,15400.0,1150.0
"May 22, 2025",Sumatera Barat,3,16950.0,True,15400.0,1150.0
"May 22, 2025",Riau,4,16100.0,True,15400.0,1150.0
"May 22, 2025",Kepulauan Riau,5,15100.0,True,15400.0,1150.0
"May 22, 2025",Jambi,6,15250.0,True,15400.0,1150.0
"May 22, 2025",Bengkulu,7,15300.0,True,15400.0,1150.0
"May 22, 2025",Sumatera Selatan,8,15150.0,True,15400.0,1150.0
"May 22, 2025",Kepulauan Bangka Belitung,9,15100.0,True,15400.0,1150.0
"May 22, 2025",Lampung,10,14400.0,True,15400.0,1150.0
"May 22, 2025",Banten,11,14600.0,True,15400.0,1150.0
"May 22, 2025",Jawa Barat,12,14600.0,True,15400.0,1150.0
"May 22, 2025",DKI Jakarta,13,15650.0,True,15400.0,1150.0
"May 22, 2025",Jawa Tengah,14,14800.0,True,15400.0,1150.0
"May 22, 2025",DI Yogyakarta,15,14300.0,True,15400.0,1150.0
"May 22, 2025",Jawa Timur,16,14300.0,True,15400.0,1150.0
"May 22, 2025",Bali,17,15450.0,True,15400.0,1150.0
"May 22, 2025",Nusa Tenggara Barat,18,13850.0,True,15400.0,1150.0
"May 22, 2025",Nusa Tenggara Timur,19,15250.0,True,15400.0,1150.0
"May 22, 2025",Kalimantan Barat,20,16300.0,True,15400.0,1150.0
"May 22, 2025",Kalimantan Selatan,21,17100.0,True,15400.0,1150.0
"May 22, 2025",Kalimantan Tengah,22,17500.0,True,15400.0,1150.0
"May 22, 2025",Kalimantan Timur,23,16000.0,True,15400.0,1150.0
"May 22, 2025",Kalimantan Utara,24,16600.0,True,15400.0,1150.0
"May 22, 2025",Gorontalo,25,14750.0,True,15400.0,1150.0
"May 22, 2025",Sulawesi Selatan,26,13550.0,True,15400.0,1150.0
"May 22, 2025",Sulawesi Tenggara,27,15450.0,True,15400.0,1150.0
"May 22, 2025",Sulawesi Tengah,28,14600.0,True,15400.0,1150.0
"May 22, 2025",Sulawesi Utara,29,15000.0,True,15400.0,1150.0
"May 22, 2025",Sulawesi Barat,30,13700.0,True,15400.0,1150.0
"May 22, 2025",Maluku,31,16450.0,True,15400.0,1150.0
"May 22, 2025",Maluku Utara,32,16700.0,True,15400.0,1150.0
"May 22, 2025",Papua,33,18450.0,True,15400.0,1150.0
"May 22, 2025",Papua Barat,34,16700.0,True,15400.0,1150.0
"May 23, 2025",Aceh,1,14000.0,True,15400.0,1150.0
"May 23, 2025",Sumatera Utara,2,14200.0,True,15400.0,1150.0
"May 23, 2025",Sumatera Barat,3,16950.0,True,15400.0,1150.0
"May 23, 2025",Riau,4,16100.0,True,15400.0,1150.0
"May 23, 2025",Kepulauan Riau,5,15100.0,True,15400.0,1150.0
"May 23, 2025",Jambi,6,15250.0,True,15400.0,1150.0
"May 23, 2025",Bengkulu,7,15300.0,True,15400.0,1150.0
"May 23, 2025",Sumatera Selatan,8,15200.0,True,15400.0,1150.0
"May 23, 2025",Kepulauan Bangka Belitung,9,15150.0,True,15400.0,1150.0
"May 23, 2025",Lampung,10,14400.0,True,15400.0,1150.0
"May 23, 2025",Banten,11,14600.0,True,15400.0,1150.0
"May 23, 2025",Jawa Barat,12,14600.0,True,15400.0,1150.0
"May 23, 2025",DKI Jakarta,13,15650.0,True,15400.0,1150.0
"May 23, 2025",Jawa Tengah,14,14800.0,True,15400.0,1150.0
"May 23, 2025",DI Yogyakarta,15,14300.0,True,15400.0,1150.0
"May 23, 2025",Jawa Timur,16,14300.0,True,15400.0,1150.0
"May 23, 2025",Bali,17,15450.0,True,15400.0,1150.0
"May 23, 2025",Nusa Tenggara Barat,18,13850.0,True,15400.0,1150.0
"May 23, 2025",Nusa Tenggara Timur,19,15250.0,True,15400.0,1150.0
"May 23, 2025",Kalimantan Barat,20,16300.0,True,15400.0,1150.0
"May 23, 2025",Kalimantan Selatan,21,17100.0,True,15400.0,1150.0
"May 23, 2025",Kalimantan Tengah,22,17500.0,True,15400.0,1150.0
"May 23, 2025",Kalimantan Timur,23,16000.0,True,15400.0,1150.0
"May 23, 2025",Kalimantan Utara,24,16600.0,True,15400.0,1150.0
"May 23, 2025",Gorontalo,25,14750.0,True,15400.0,1150.0
"May 23, 2025",Sulawesi Selatan,26,13550.0,True,15400.0,1150.0
"May 23, 2025",Sulawesi Tenggara,27,15450.0,True,15400.0,1150.0
"May 23, 2025",Sulawesi Tengah,28,14650.0,True,15400.0,1150.0
"May 23, 2025",Sulawesi Utara,29,15000.0,True,15400.0,1150.0
"May 23, 2025",Sulawesi Barat,30,13700.0,True,15400.0,1150.0
"May 23, 2025",Maluku,31,16450.0,True,15400.0,1150.0
"May 23, 2025",Maluku Utara,32,16700.0,True,15400.0,1150.0
"May 23, 2025",Papua,33,18450.0,True,15400.0,1150.0
"May 23, 2025",Papua Barat,34,16700.0,True,15400.0,1150.0
"May 24, 2025",Aceh,1,14000.0,True,15400.0,1150.0
"May 24, 2025",Sumatera Utara,2,14200.0,True,15400.0,1150.0
"May 24, 2025",Sumatera Barat,3,16950.0,True,15400.0,1150.0
"May 24, 2025",Riau,4,16100.0,True,15400.0,1150.0
"May 24, 2025",Kepulauan Riau,5,15100.0,True,15400.0,1150.0
"May 24, 2025",Jambi,6,15250.0,True,15400.0,1150.0
"May 24, 2025",Bengkulu,7,15300.0,True,15400.0,1150.0
"May 24, 2025",Sumatera Selatan,8,15200.0,True,15400.0,1150.0
"May 24, 2025",Kepulauan Bangka Belitung,9,15150.0,True,15400.0,1150.0
"May 24, 2025",Lampung,10,14400.0,True,15400.0,1150.0
"May 24, 2025",Banten,11,14600.0,True,15400.0,1150.0
"May 24, 2025",Jawa Barat,12,14600.0,True,15400.0,1150.0
"May 24, 2025",DKI Jakarta,13,15650.0,True,15400.0,1150.0
"May 24, 2025",Jawa Tengah,14,14800.0,True,15400.0,1150.0
"May 24, 2025",DI Yogyakarta,15,14300.0,True,15400.0,1150.0
"May 24, 2025",Jawa Timur,16,14300.0,True,15400.0,1150.0
"May 24, 2025",Bali,17,15450.0,True,15400.0,1150.0
"May 24, 2025",Nusa Tenggara Barat,18,13850.0,True,15400.0,1150.0
"May 24, 2025",Nusa Tenggara Timur,19,15250.0,True,15400.0,1150.0
"May 24, 2025",Kalimantan Barat,20,16300.0,True,15400.0,1150.0
"May 24, 2025",Kalimantan Selatan,21,17100.0,True,15400.0,1150.0
"May 24, 2025",Kalimantan Tengah,22,17500.0,True,15400.0,1150.0
"May 24, 2025",Kalimantan Timur,23,16000.0,True,15400.0,1150.0
"May 24, 2025",Kalimantan Utara,24,16600.0,True,15400.0,1150.0
"May 24, 2025",Gorontalo,25,14750.0,True,15400.0,1150.0
"May 24, 2025",Sulawesi Selatan,26,13550.0,True,15400.0,1150.0
"May 24, 2025",Sulawesi Tenggara,27,15450.0,True,15400.0,1150.0
"May 24, 2025",Sulawesi Tengah,28,14650.0,True,15400.0,1150.0
"May 24, 2025",Sulawesi Utara,29,15000.0,True,15400.0,1150.0
"May 24, 2025",Sulawesi Barat,30,13700.0,True,15400.0,1150.0
"May 24, 2025",Maluku,31,16450.0,True,15400.0,1150.0
"May 24, 2025",Maluku Utara,32,16700.0,True,15400.0,1150.0
"May 24, 2025",Papua,33,18450.0,True,15400.0,1150.0
"May 24, 2025",Papua Barat,34,16700.0,True,15400.0,1150.0
"May 25, 2025",Aceh,1,0.0,False,,0.0
"May 25, 2025",Sumatera Utara,2,0.0,False,,0.0
"May 25, 2025",Sumatera Barat,3,0.0,False,,0.0
"May 25, 2025",Riau,4,0.0,False,,0.0
"May 25, 2025",Kepulauan Riau,5,0.0,False,,0.0
"May 25, 2025",Jambi,6,0.0,False,,0.0
"May 25, 2025",Bengkulu,7,0.0,False,,0.0
"May 25, 2025",Sumatera Selatan,8,0.0,False,,0.0
"May 25, 2025",Kepulauan Bangka Belitung,9,0.0,False,,0.0
"May 25, 2025",Lampung,10,0.0,False,,0.0
"May 25, 2025",Banten,11,0.0,False,,0.0
"May 25, 2025",Jawa Barat,12,0.0,False,,0.0
"May 25, 2025",DKI Jakarta,13,0.0,False,,0.0
"May 25, 2025",Jawa Tengah,14,0.0,False,,0.0
"May 25, 2025",DI Yogyakarta,15,0.0,False,,0.0
"May 25, 2025",Jawa Timur,16,0.0,False,,0.0
"May 25, 2025",Bali,17,0.0,False,,0.0
"May 25, 2025",Nusa Tenggara Barat,18,0.0,False,,0.0
"May 25, 2025",Nusa Tenggara Timur,19,0.0,False,,0.0
"May 25, 2025",Kalimantan Barat,20,0.0,False,,0.0
"May 25, 2025",Kalimantan Selatan,21,0.0,False,,0.0
"May 25, 2025",Kalimantan Tengah,22,0.0,False,,0.0
"May 25, 2025",Kalimantan Timur,23,0.0,False,,0.0
"May 25, 2025",Kalimantan Utara,24,0.0,False,,0.0
"May 25, 2025",Gorontalo,25,0.0,False,,0.0
"May 25, 2025",Sulawesi Selatan,26,0.0,False,,0.0
"May 25, 2025",Sulawesi Tenggara,27,0.0,False,,0.0
"May 25, 2025",Sulawesi Tengah,28,0.0,False,,0.0
"May 25, 2025",Sulawesi Utara,29,0.0,False,,0.0
"May 25, 2025",Sulawesi Barat,30,0.0,False,,0.0
"May 25, 2025",Maluku,31,0.0,False,,0.0
"May 25, 2025",Maluku Utara,32,0.0,False,,0.0
"May 25, 2025",Papua,33,0.0,False,,0.0
"May 25, 2025",Papua Barat,34,0.0,False,,0.0
"May 26, 2025",Aceh,1,14050.0,True,15400.0,1150.0
"May 26, 2025",Sumatera Utara,2,14250.0,True,15400.0,1150.0
"May 26, 2025",Sumatera Barat,3,16950.0,True,15400.0,1150.0
"May 26, 2025",Riau,4,16100.0,True,15400.0,1150.0
"May 26, 2025",Kepulauan Riau,5,15100.0,True,15400.0,1150.0
"May 26, 2025",Jambi,6,15250.0,True,15400.0,1150.0
"May 26, 2025",Bengkulu,7,15300.0,True,15400.0,1150.0
"May 26, 2025",Sumatera Selatan,8,15150.0,True,15400.0,1150.0
"May 26, 2025",Kepulauan Bangka Belitung,9,15150.0,True,15400.0,1150.0
"May 26, 2025",Lampung,10,14500.0,True,15400.0,1150.0
"May 26, 2025",Banten,11,14600.0,True,15400.0,1150.0
"May 26, 2025",Jawa Barat,12,14600.0,True,15400.0,1150.0
"May 26, 2025",DKI Jakarta,13,15700.0,True,15400.0,1150.0
"May 26, 2025",Jawa Tengah,14,14800.0,True,15400.0,1150.0
"May 26, 2025",DI Yogyakarta,15,14300.0,True,15400.0,1150.0
"May 26, 2025",Jawa Timur,16,14350.0,True,15400.0,1150.0
"May 26, 2025",Bali,17,15450.0,True,15400.0,1150.0
"May 26, 2025",Nusa Tenggara Barat,18,13850.0,True,15400.0,1150.0
"May 26, 2025",Nusa Tenggara Timur,19,15250.0,True,15400.0,1150.0
"May 26, 2025",Kalimantan Barat,20,16300.0,True,15400.0,1150.0
"May 26, 2025",Kalimantan Selatan,21,17100.0,True,15400.0,1150.0
"May 26, 2025",Kalimantan Tengah,22,17500.0,True,15400.0,1150.0
"May 26, 2025",Kalimantan Timur,23,16000.0,True,15400.0,1150.0
"May 26, 2025",Kalimantan Utara,24,16600.0,True,15400.0,1150.0
"May 26, 2025",Gorontalo,25,14750.0,True,15400.0,1150.0
"May 26, 2025",Sulawesi Selatan,26,13600.0,True,15400.0,1150.0
"May 26, 2025",Sulawesi Tenggara,27,15450.0,True,15400.0,1150.0
"May 26, 2025",Sulawesi Tengah,28,14650.0,True,15400.0,1150.0
"May 26, 2025",Sulawesi Utara,29,15000.0,True,15400.0,1150.0
"May 26, 2025",Sulawesi Barat,30,13750.0,True,15400.0,1150.0
"May 26, 2025",Maluku,31,16650.0,True,15400.0,1150.0
"May 26, 2025",Maluku Utara,32,16700.0,True,15400.0,1150.0
"May 26, 2025",Papua,33,18450.0,True,15400.0,1150.0
"May 26, 2025",Papua Barat,34,16700.0,True,15400.0,1150.0
"May 27, 2025",Aceh,1,14050.0,True,15400.0,1150.0
"May 27, 2025",Sumatera Utara,2,14250.0,True,15400.0,1150.0
"May 27, 2025",Sumatera Barat,3,16950.0,True,15400.0,1150.0
"May 27, 2025",Riau,4,16100.0,True,15400.0,1150.0
"May 27, 2025",Kepulauan Riau,5,15100.0,True,15400.0,1150.0
"May 27, 2025",Jambi,6,15250.0,True,15400.0,1150.0
"May 27, 2025",Bengkulu,7,15350.0,True,15400.0,1150.0
"May 27, 2025",Sumatera Selatan,8,15100.0,True,15400.0,1150.0
"May 27, 2025",Kepulauan Bangka Belitung,9,15150.0,True,15400.0,1150.0
"May 27, 2025",Lampung,10,14500.0,True,15400.0,1150.0
"May 27, 2025",Banten,11,14600.0,True,15400.0,1150.0
"May 27, 2025",Jawa Barat,12,14600.0,True,15400.0,1150.0
"May 27, 2025",DKI Jakarta,13,15700.0,True,15400.0,1150.0
"May 27, 2025",Jawa Tengah,14,14800.0,True,15400.0,1150.0
"May 27, 2025",DI Yogyakarta,15,14300.0,True,15400.0,1150.0
"May 27, 2025",Jawa Timur,16,14350.0,True,15400.0,1150.0
"May 27, 2025",Bali,17,15450.0,True,15400.0,1150.0
"May 27, 2025",Nusa Tenggara Barat,18,13850.0,True,15400.0,1150.0
"May 27, 2025",Nusa Tenggara Timur,19,15250.0,True,15400.0,1150.0
"May 27, 2025",Kalimantan Barat,20,16300.0,True,15400.0,1150.0
"May 27, 2025",Kalimantan Selatan,21,17100.0,True,15400.0,1150.0
"May 27, 2025",Kalimantan Tengah,22,17500.0,True,15400.0,1150.0
"May 27, 2025",Kalimantan Timur,23,16000.0,True,15400.0,1150.0
"May 27, 2025",Kalimantan Utara,24,16600.0,True,15400.0,1150.0
"May 27, 2025",Gorontalo,25,14750.0,True,15400.0,1150.0
"May 27, 2025",Sulawesi Selatan,26,13600.0,True,15400.0,1150.0
"May 27, 2025",Sulawesi Tenggara,27,15500.0,True,15400.0,1150.0
"May 27, 2025",Sulawesi Tengah,28,14650.0,True,15400.0,1150.0
"May 27, 2025",Sulawesi Utara,29,15000.0,True,15400.0,1150.0
"May 27, 2025",Sulawesi Barat,30,13750.0,True,15400.0,1150.0
"May 27, 2025",Maluku,31,16800.0,True,15400.0,1150.0
"May 27, 2025",Maluku Utara,32,16700.0,True,15400.0,1150.0
"May 27, 2025",Papua,33,18450.0,True,15400.0,1150.0
"May 27, 2025",Papua Barat,34,16700.0,True,15400.0,1150.0
"May 28, 2025",Aceh,1,14050.0,True,15400.0,1150.0
"May 28, 2025",Sumatera Utara,2,14250.0,True,15400.0,1150.0
"May 28, 2025",Sumatera Barat,3,16950.0,True,15400.0,1150.0
"May 28, 2025",Riau,4,16100.0,True,15400.0,1150.0
"May 28, 2025",Kepulauan Riau,5,15100.0,True,15400.0,1150.0
"May 28, 2025",Jambi,6,15250.0,True,15400.0,1150.0
"May 28, 2025",Bengkulu,7,15350.0,True,15400.0,1150.0
"May 28, 2025",Sumatera Selatan,8,15200.0,True,15400.0,1150.0
"May 28, 2025",Kepulauan Bangka Belitung,9,15250.0,True,15400.0,1150.0
"May 28, 2025",Lampung,10,14500.0,True,15400.0,1150.0
"May 28, 2025",Banten,11,14600.0,True,15400.0,1150.0
"May 28, 2025",Jawa Barat,12,14600.0,True,15400.0,1150.0
"May 28, 2025",DKI Jakarta,13,15750.0,True,15400.0,1150.0
"May 28, 2025",Jawa Tengah,14,14800.0,True,15400.0,1150.0
"May 28, 2025",DI Yogyakarta,15,14300.0,True,15400.0,1150.0
"May 28, 2025",Jawa Timur,16,14350.0,True,15400.0,1150.0
"May 28, 2025",Bali,17,15450.0,True,15400.0,1150.0
"May 28, 2025",Nusa Tenggara Barat,18,13800.0,True,15400.0,1150.0
"May 28, 2025",Nusa Tenggara Timur,19,15250.0,True,15400.0,1150.0
"May 28, 2025",Kalimantan Barat,20,16300.0,True,15400.0,1150.0
"May 28, 2025",Kalimantan Selatan,21,17100.0,True,15400.0,1150.0
"May 28, 2025",Kalimantan Tengah,22,17500.0,True,15400.0,1150.0
"May 28, 2025",Kalimantan Timur,23,16000.0,True,15400.0,1150.0
"May 28, 2025",Kalimantan Utara,24,16600.0,True,15400.0,1150.0
"May 28, 2025",Gorontalo,25,14750.0,True,15400.0,1150.0
"May 28, 2025",Sulawesi Selatan,26,13600.0,True,15400.0,1150.0
"May 28, 2025",Sulawesi Tenggara,27,15500.0,True,15400.0,1150.0
"May 28, 2025",Sulawesi Tengah,28,14650.0,True,15400.0,1150.0
"May 28, 2025",Sulawesi Utara,29,15000.0,True,15400.0,1150.0
"May 28, 2025",Sulawesi Barat,30,13800.0,True,15400.0,1150.0
"May 28, 2025",Maluku,31,16650.0,True,15400.0,1150.0
"May 28, 2025",Maluku Utara,32,16700.0,True,15400.0,1150.0
"May 28, 2025",Papua,33,18450.0,True,15400.0,1150.0
"May 28, 2025",Papua Barat,34,16700.0,True,15400.0,1150.0
"May 29, 2025",Aceh,1,14050.0,True,15400.0,1150.0
"May 29, 2025",Sumatera Utara,2,14250.0,True,15400.0,1150.0
"May 29, 2025",Sumatera Barat,3,16950.0,True,15400.0,1150.0
"May 29, 2025",Riau,4,16100.0,True,15400.0,1150.0
"May 29, 2025",Kepulauan Riau,5,15150.0,True,15400.0,1150.0
"May 29, 2025",Jambi,6,15250.0,True,15400.0,1150.0
"May 29, 2025",Bengkulu,7,15350.0,True,15400.0,1150.0
"May 29, 2025",Sumatera Selatan,8,15200.0,True,15400.0,1150.0
"May 29, 2025",Kepulauan Bangka Belitung,9,15250.0,True,15400.0,1150.0
"May 29, 2025",Lampung,10,14500.0,True,15400.0,1150.0
"May 29, 2025",Banten,11,14600.0,True,15400.0,1150.0
"May 29, 2025",Jawa Barat,12,14600.0,True,15400.0,1150.0
"May 29, 2025",DKI Jakarta,13,15750.0,True,15400.0,1150.0
"May 29, 2025",Jawa Tengah,14,14800.0,True,15400.0,1150.0
"May 29, 2025",DI Yogyakarta,15,14300.0,True,15400.0,1150.0
"May 29, 2025",Jawa Timur,16,14350.0,True,15400.0,1150.0
"May 29, 2025",Bali,17,15450.0,True,15400.0,1150.0
"May 29, 2025",Nusa Tenggara Barat,18,13800.0,True,15400.0,1150.0
"May 29, 2025",Nusa Tenggara Timur,19,15250.0,True,15400.0,1150.0
"May 29, 2025",Kalimantan Barat,20,16300.0,True,15400.0,1150.0
"May 29, 2025",Kalimantan Selatan,21,17100.0,True,15400.0,1150.0
"May 29, 2025",Kalimantan Tengah,22,17500.0,True,15400.0,1150.0
"May 29, 2025",Kalimantan Timur,23,16000.0,True,15400.0,1150.0
"May 29, 2025",Kalimantan Utara,24,16600.0,True,15400.0,1150.0
"May 29, 2025",Gorontalo,25,14750.0,True,15400.0,1150.0
"May 29, 2025",Sulawesi Selatan,26,13600.0,True,15400.0,1150.0
"May 29, 2025",Sulawesi Tenggara,27,15500.0,True,15400.0,1150.0
"May 29, 2025",Sulawesi Tengah,28,14650.0,True,15400.0,1150.0
"May 29, 2025",Sulawesi Utara,29,15000.0,True,15400.0,1150.0
"May 29, 2025",Sulawesi Barat,30,13800.0,True,15400.0,1150.0
"May 29, 2025",Maluku,31,16650.0,True,15400.0,1150.0
"May 29, 2025",Maluku Utara,32,16700.0,True,15400.0,1150.0
"May 29, 2025",Papua,33,18450.0,True,15400.0,1150.0
"May 29, 2025",Papua Barat,34,16700.0,True,15400.0,1150.0
"May 30, 2025",Aceh,1,14050.0,True,15400.0,1150.0
"May 30, 2025",Sumatera Utara,2,14250.0,True,15400.0,1150.0
"May 30, 2025",Sumatera Barat,3,16950.0,True,15400.0,1150.0
"May 30, 2025",Riau,4,16100.0,True,15400.0,1150.0
"May 30, 2025",Kepulauan Riau,5,14850.0,True,15400.0,1150.0
"May 30, 2025",Jambi,6,15250.0,True,15400.0,1150.0
"May 30, 2025",Bengkulu,7,15350.0,True,15400.0,1150.0
"May 30, 2025",Sumatera Selatan,8,15200.0,True,15400.0,1150.0
"May 30, 2025",Kepulauan Bangka Belitung,9,15250.0,True,15400.0,1150.0
"May 30, 2025",Lampung,10,14500.0,True,15400.0,1150.0
"May 30, 2025",Banten,11,14600.0,True,15400.0,1150.0
"May 30, 2025",Jawa Barat,12,14600.0,True,15400.0,1150.0
"May 30, 2025",DKI Jakarta,13,15750.0,True,15400.0,1150.0
"May 30, 2025",Jawa Tengah,14,14800.0,True,15400.0,1150.0
"May 30, 2025",DI Yogyakarta,15,14300.0,True,15400.0,1150.0
"May 30, 2025",Jawa Timur,16,14350.0,True,15400.0,1150.0
"May 30, 2025",Bali,17,15450.0,True,15400.0,1150.0
"May 30, 2025",Nusa Tenggara Barat,18,13800.0,True,15400.0,1150.0
"May 30, 2025",Nusa Tenggara Timur,19,15250.0,True,15400.0,1150.0
"May 30, 2025",Kalimantan Barat,20,16300.0,True,15400.0,1150.0
"May 30, 2025",Kalimantan Selatan,21,17150.0,True,15400.0,1150.0
"May 30, 2025",Kalimantan Tengah,22,17500.0,True,15400.0,1150.0
"May 30, 2025",Kalimantan Timur,23,16000.0,True,15400.0,1150.0
"May 30, 2025",Kalimantan Utara,24,16600.0,True,15400.0,1150.0
"May 30, 2025",Gorontalo,25,14750.0,True,15400.0,1150.0
"May 30, 2025",Sulawesi Selatan,26,13600.0,True,15400.0,1150.0
"May 30, 2025",Sulawesi Tenggara,27,15500.0,True,15400.0,1150.0
"May 30, 2025",Sulawesi Tengah,28,14650.0,True,15400.0,1150.0
"May 30, 2025",Sulawesi Utara,29,15000.0,True,15400.0,1150.0
"May 30, 2025",Sulawesi Barat,30,13800.0,True,15400.0,1150.0
"May 30, 2025",Maluku,31,16650.0,True,15400.0,1150.0
"May 30, 2025",Maluku Utara,32,16700.0,True,15400.0,1150.0
"May 30, 2025",Papua,33,18450.0,True,15400.0,1150.0
"May 30, 2025",Papua Barat,34,16750.0,True,15400.0,1150.0
"May 31, 2025",Aceh,1,14050.0,True,15400.0,1150.0
"May 31, 2025",Sumatera Utara,2,14250.0,True,15400.0,1150.0
"May 31, 2025",Sumatera Barat,3,16950.0,True,15400.0,1150.0
"May 31, 2025",Riau,4,16100.0,True,15400.0,1150.0
"May 31, 2025",Kepulauan Riau,5,14850.0,True,15400.0,1150.0
"May 31, 2025",Jambi,6,15250.0,True,15400.0,1150.0
"May 31, 2025",Bengkulu,7,15350.0,True,15400.0,1150.0
"May 31, 2025",Sumatera Selatan,8,15200.0,True,15400.0,1150.0
"May 31, 2025",Kepulauan Bangka Belitung,9,15250.0,True,15400.0,1150.0
"May 31, 2025",Lampung,10,14500.0,True,15400.0,1150.0
"May 31, 2025",Banten,11,14600.0,True,15400.0,1150.0
"May 31, 2025",Jawa Barat,12,14600.0,True,15400.0,1150.0
"May 31, 2025",DKI Jakarta,13,15750.0,True,15400.0,1150.0
"May 31, 2025",Jawa Tengah,14,14800.0,True,15400.0,1150.0
"May 31, 2025",DI Yogyakarta,15,14300.0,True,15400.0,1150.0
"May 31, 2025",Jawa Timur,16,14350.0,True,15400.0,1150.0
"May 31, 2025",Bali,17,15450.0,True,15400.0,1150.0
"May 31, 2025",Nusa Tenggara Barat,18,13800.0,True,15400.0,1150.0
"May 31, 2025",Nusa Tenggara Timur,19,15250.0,True,15400.0,1150.0
"May 31, 2025",Kalimantan Barat,20,16300.0,True,15400.0,1150.0
"May 31, 2025",Kalimantan Selatan,21,17150.0,True,15400.0,1150.0
"May 31, 2025",Kalimantan Tengah,22,17500.0,True,15400.0,1150.0
"May 31, 2025",Kalimantan Timur,23,16000.0,True,15400.0,1150.0
"May 31, 2025",Kalimantan Utara,24,16600.0,True,15400.0,1150.0
"May 31, 2025",Gorontalo,25,14750.0,True,15400.0,1150.0
"May 31, 2025",Sulawesi Selatan,26,13600.0,True,15400.0,1150.0
"May 31, 2025",Sulawesi Tenggara,27,15500.0,True,15400.0,1150.0
"May 31, 2025",Sulawesi Tengah,28,14650.0,True,15400.0,1150.0
"May 31, 2025",Sulawesi Utara,29,15000.0,True,15400.0,1150.0
"May 31, 2025",Sulawesi Barat,30,13800.0,True,15400.0,1150.0
"May 31, 2025",Maluku,31,16650.0,True,15400.0,1150.0
"May 31, 2025",Maluku Utara,32,16700.0,True,15400.0,1150.0
"May 31, 2025",Papua,33,18450.0,True,15400.0,1150.0
"May 31, 2025",Papua Barat,34,16750.0,True,15400.0,1150.0
"Jun 1, 2025",Aceh,1,14050.0,True,15400.0,1150.0
"Jun 1, 2025",Sumatera Utara,2,14250.0,True,15400.0,1150.0
"Jun 1, 2025",Sumatera Barat,3,16950.0,True,15400.0,1150.0
"Jun 1, 2025",Riau,4,16100.0,True,15400.0,1150.0
"Jun 1, 2025",Kepulauan Riau,5,14850.0,True,15400.0,1150.0
"Jun 1, 2025",Jambi,6,15250.0,True,15400.0,1150.0
"Jun 1, 2025",Bengkulu,7,15350.0,True,15400.0,1150.0
"Jun 1, 2025",Sumatera Selatan,8,15200.0,True,15400.0,1150.0
"Jun 1, 2025",Kepulauan Bangka Belitung,9,15250.0,True,15400.0,1150.0
"Jun 1, 2025",Lampung,10,14500.0,True,15400.0,1150.0
"Jun 1, 2025",Banten,11,14600.0,True,15400.0,1150.0
"Jun 1, 2025",Jawa Barat,12,14600.0,True,15400.0,1150.0
"Jun 1, 2025",DKI Jakarta,13,15750.0,True,15400.0,1150.0
"Jun 1, 2025",Jawa Tengah,14,14800.0,True,15400.0,1150.0
"Jun 1, 2025",DI Yogyakarta,15,14300.0,True,15400.0,1150.0
"Jun 1, 2025",Jawa Timur,16,14350.0,True,15400.0,1150.0
"Jun 1, 2025",Bali,17,15450.0,True,15400.0,1150.0
"Jun 1, 2025",Nusa Tenggara Barat,18,13800.0,True,15400.0,1150.0
"Jun 1, 2025",Nusa Tenggara Timur,19,15250.0,True,15400.0,1150.0
"Jun 1, 2025",Kalimantan Barat,20,16300.0,True,15400.0,1150.0
"Jun 1, 2025",Kalimantan Selatan,21,17150.0,True,15400.0,1150.0
"Jun 1, 2025",Kalimantan Tengah,22,17500.0,True,15400.0,1150.0
"Jun 1, 2025",Kalimantan Timur,23,16000.0,True,15400.0,1150.0
"Jun 1, 2025",Kalimantan Utara,24,16600.0,True,15400.0,1150.0
"Jun 1, 2025",Gorontalo,25,14750.0,True,15400.0,1150.0
"Jun 1, 2025",Sulawesi Selatan,26,13600.0,True,15400.0,1150.0
"Jun 1, 2025",Sulawesi Tenggara,27,15500.0,True,15400.0,1150.0
"Jun 1, 2025",Sulawesi Tengah,28,14650.0,True,15400.0,1150.0
"Jun 1, 2025",Sulawesi Utara,29,15000.0,True,15400.0,1150.0
"Jun 1, 2025",Sulawesi Barat,30,13800.0,True,15400.0,1150.0
"Jun 1, 2025",Maluku,31,16650.0,True,15400.0,1150.0
"Jun 1, 2025",Maluku Utara,32,16700.0,True,15400.0,1150.0
"Jun 1, 2025",Papua,33,18450.0,True,15400.0,1150.0
"Jun 1, 2025",Papua Barat,34,16750.0,True,15400.0,1150.0
"Jun 2, 2025",Aceh,1,14050.0,True,15450.0,1150.0
"Jun 2, 2025",Sumatera Utara,2,14250.0,True,15450.0,1150.0
"Jun 2, 2025",Sumatera Barat,3,16900.0,True,15450.0,1150.0
"Jun 2, 2025",Riau,4,16100.0,True,15450.0,1150.0
"Jun 2, 2025",Kepulauan Riau,5,15100.0,True,15450.0,1150.0
"Jun 2, 2025",Jambi,6,15250.0,True,15450.0,1150.0
"Jun 2, 2025",Bengkulu,7,15350.0,True,15450.0,1150.0
"Jun 2, 2025",Sumatera Selatan,8,15200.0,True,15450.0,1150.0
"Jun 2, 2025",Kepulauan Bangka Belitung,9,15250.0,True,15450.0,1150.0
"Jun 2, 2025",Lampung,10,14500.0,True,15450.0,1150.0
"Jun 2, 2025",Banten,11,14600.0,True,15450.0,1150.0
"Jun 2, 2025",Jawa Barat,12,14650.0,True,15450.0,1150.0
"Jun 2, 2025",DKI Jakarta,13,15800.0,True,15450.0,1150.0
"Jun 2, 2025",Jawa Tengah,14,14800.0,True,15450.0,1150.0
"Jun 2, 2025",DI Yogyakarta,15,14300.0,True,15450.0,1150.0
"Jun 2, 2025",Jawa Timur,16,14450.0,True,15450.0,1150.0
"Jun 2, 2025",Bali,17,15450.0,True,15450.0,1150.0
"Jun 2, 2025",Nusa Tenggara Barat,18,13800.0,True,15450.0,1150.0
"Jun 2, 2025",Nusa Tenggara Timur,19,15300.0,True,15450.0,1150.0
"Jun 2, 2025",Kalimantan Barat,20,16300.0,True,15450.0,1150.0
"Jun 2, 2025",Kalimantan Selatan,21,17150.0,True,15450.0,1150.0
"Jun 2, 2025",Kalimantan Tengah,22,17500.0,True,15450.0,1150.0
"Jun 2, 2025",Kalimantan Timur,23,16050.0,True,15450.0,1150.0
"Jun 2, 2025",Kalimantan Utara,24,16600.0,True,15450.0,1150.0
"Jun 2, 2025",Gorontalo,25,15050.0,True,15450.0,1150.0
"Jun 2, 2025",Sulawesi Selatan,26,13600.0,True,15450.0,1150.0
"Jun 2, 2025",Sulawesi Tenggara,27,15600.0,True,15450.0,1150.0
"Jun 2, 2025",Sulawesi Tengah,28,14650.0,True,15450.0,1150.0
"Jun 2, 2025",Sulawesi Utara,29,15000.0,True,15450.0,1150.0
"Jun 2, 2025",Sulawesi Barat,30,13800.0,True,15450.0,1150.0
"Jun 2, 2025",Maluku,31,16650.0,True,15450.0,1150.0
"Jun 2, 2025",Maluku Utara,32,16700.0,True,15450.0,1150.0
"Jun 2, 2025",Papua,33,18500.0,True,15450.0,1150.0
"Jun 2, 2025",Papua Barat,34,16750.0,True,15450.0,1150.0
"Jun 3, 2025",Aceh,1,14050.0,True,15450.0,1150.0
"Jun 3, 2025",Sumatera Utara,2,14250.0,True,15450.0,1150.0
"Jun 3, 2025",Sumatera Barat,3,16900.0,True,15450.0,1150.0
"Jun 3, 2025",Riau,4,16100.0,True,15450.0,1150.0
"Jun 3, 2025",Kepulauan Riau,5,15100.0,True,15450.0,1150.0
"Jun 3, 2025",Jambi,6,15250.0,True,15450.0,1150.0
"Jun 3, 2025",Bengkulu,7,15350.0,True,15450.0,1150.0
"Jun 3, 2025",Sumatera Selatan,8,15200.0,True,15450.0,1150.0
"Jun 3, 2025",Kepulauan Bangka Belitung,9,15250.0,True,15450.0,1150.0
"Jun 3, 2025",Lampung,10,14500.0,True,15450.0,1150.0
"Jun 3, 2025",Banten,11,14600.0,True,15450.0,1150.0
"Jun 3, 2025",Jawa Barat,12,14650.0,True,15450.0,1150.0
"Jun 3, 2025",DKI Jakarta,13,15800.0,True,15450.0,1150.0
"Jun 3, 2025",Jawa Tengah,14,14850.0,True,15450.0,1150.0
"Jun 3, 2025",DI Yogyakarta,15,14300.0,True,15450.0,1150.0
"Jun 3, 2025",Jawa Timur,16,14450.0,True,15450.0,1150.0
"Jun 3, 2025",Bali,17,15450.0,True,15450.0,1150.0
"Jun 3, 2025",Nusa Tenggara Barat,18,13800.0,True,15450.0,1150.0
"Jun 3, 2025",Nusa Tenggara Timur,19,15300.0,True,15450.0,1150.0
"Jun 3, 2025",Kalimantan Barat,20,16350.0,True,15450.0,1150.0
"Jun 3, 2025",Kalimantan Selatan,21,17150.0,True,15450.0,1150.0
"Jun 3, 2025",Kalimantan Tengah,22,17500.0,True,15450.0,1150.0
"Jun 3, 2025",Kalimantan Timur,23,16050.0,True,15450.0,1150.0
"Jun 3, 2025",Kalimantan Utara,24,16600.0,True,15450.0,1150.0
"Jun 3, 2025",Gorontalo,25,15200.0,True,15450.0,1150.0
"Jun 3, 2025",Sulawesi Selatan,26,13600.0,True,15450.0,1150.0
"Jun 3, 2025",Sulawesi Tenggara,27,15600.0,True,15450.0,1150.0
"Jun 3, 2025",Sulawesi Tengah,28,14700.0,True,15450.0,1150.0
"Jun 3, 2025",Sulawesi Utara,29,15000.0,True,15450.0,1150.0
"Jun 3, 2025",Sulawesi Barat,30,13800.0,True,15450.0,1150.0
"Jun 3, 2025",Maluku,31,16650.0,True,15450.0,1150.0
"Jun 3, 2025",Maluku Utara,32,16700.0,True,15450.0,1150.0
"Jun 3, 2025",Papua,33,18500.0,True,15450.0,1150.0
"Jun 3, 2025",Papua Barat,34,16750.0,True,15450.0,1150.0
"Jun 4, 2025",Aceh,1,14100.0,True,15450.0,1150.0
"Jun 4, 2025",Sumatera Utara,2,14250.0,True,15450.0,1150.0
"Jun 4, 2025",Sumatera Barat,3,16900.0,True,15450.0,1150.0
"Jun 4, 2025",Riau,4,16250.0,True,15450.0,1150.0
"Jun 4, 2025",Kepulauan Riau,5,15100.0,True,15450.0,1150.0
"Jun 4, 2025",Jambi,6,15250.0,True,15450.0,1150.0
"Jun 4, 2025",Bengkulu,7,15350.0,True,15450.0,1150.0
"Jun 4, 2025",Sumatera Selatan,8,15200.0,True,15450.0,1150.0
"Jun 4, 2025",Kepulauan Bangka Belitung,9,15250.0,True,15450.0,1150.0
"Jun 4, 2025",Lampung,10,14500.0,True,15450.0,1150.0
"Jun 4, 2025",Banten,11,14600.0,True,15450.0,1150.0
"Jun 4, 2025",Jawa Barat,12,14650.0,True,15450.0,1150.0
"Jun 4, 2025",DKI Jakarta,13,15800.0,True,15450.0,1150.0
"Jun 4, 2025",Jawa Tengah,14,14850.0,True,15450.0,1150.0
"Jun 4, 2025",DI Yogyakarta,15,14300.0,True,15450.0,1150.0
"Jun 4, 2025",Jawa Timur,16,14500.0,True,15450.0,1150.0
"Jun 4, 2025",Bali,17,15450.0,True,15450.0,1150.0
"Jun 4, 2025",Nusa Tenggara Barat,18,13800.0,True,15450.0,1150.0
"Jun 4, 2025",Nusa Tenggara Timur,19,15300.0,True,15450.0,1150.0
"Jun 4, 2025",Kalimantan Barat,20,16350.0,True,15450.0,1150.0
"Jun 4, 2025",Kalimantan Selatan,21,17150.0,True,15450.0,1150.0
"Jun 4, 2025",Kalimantan Tengah,22,17500.0,True,15450.0,1150.0
"Jun 4, 2025",Kalimantan Timur,23,16050.0,True,15450.0,1150.0
"Jun 4, 2025",Kalimantan Utara,24,16600.0,True,15450.0,1150.0
"Jun 4, 2025",Gorontalo,25,15200.0,True,15450.0,1150.0
"Jun 4, 2025",Sulawesi Selatan,26,13650.0,True,15450.0,1150.0
"Jun 4, 2025",Sulawesi Tenggara,27,15600.0,True,15450.0,1150.0
"Jun 4, 2025",Sulawesi Tengah,28,14700.0,True,15450.0,1150.0
"Jun 4, 2025",Sulawesi Utara,29,15000.0,True,15450.0,1150.0
"Jun 4, 2025",Sulawesi Barat,30,13850.0,True,15450.0,1150.0
"Jun 4, 2025",Maluku,31,16650.0,True,15450.0,1150.0
"Jun 4, 2025",Maluku Utara,32,16700.0,True,15450.0,1150.0
"Jun 4, 2025",Papua,33,18500.0,True,15450.0,1150.0
"Jun 4, 2025",Papua Barat,34,16750.0,True,15450.0,1150.0
"Jun 5, 2025",Aceh,1,14100.0,True,15450.0,1150.0
"Jun 5, 2025",Sumatera Utara,2,14250.0,True,15450.0,1150.0
"Jun 5, 2025",Sumatera Barat,3,16900.0,True,15450.0,1150.0
"Jun 5, 2025",Riau,4,16250.0,True,15450.0,1150.0
"Jun 5, 2025",Kepulauan Riau,5,15100.0,True,15450.0,1150.0
"Jun 5, 2025",Jambi,6,15250.0,True,15450.0,1150.0
"Jun 5, 2025",Bengkulu,7,15350.0,True,15450.0,1150.0
"Jun 5, 2025",Sumatera Selatan,8,15150.0,True,15450.0,1150.0
"Jun 5, 2025",Kepulauan Bangka Belitung,9,15250.0,True,15450.0,1150.0
"Jun 5, 2025",Lampung,10,14500.0,True,15450.0,1150.0
"Jun 5, 2025",Banten,11,14600.0,True,15450.0,1150.0
"Jun 5, 2025",Jawa Barat,12,14650.0,True,15450.0,1150.0
"Jun 5, 2025",DKI Jakarta,13,15800.0,True,15450.0,1150.0
"Jun 5, 2025",Jawa Tengah,14,14850.0,True,15450.0,1150.0
"Jun 5, 2025",DI Yogyakarta,15,14300.0,True,15450.0,1150.0
"Jun 5, 2025",Jawa Timur,16,14500.0,True,15450.0,1150.0
"Jun 5, 2025",Bali,17,15450.0,True,15450.0,1150.0
"Jun 5, 2025",Nusa Tenggara Barat,18,13800.0,True,15450.0,1150.0
"Jun 5, 2025",Nusa Tenggara Timur,19,15300.0,True,15450.0,1150.0
"Jun 5, 2025",Kalimantan Barat,20,16350.0,True,15450.0,1150.0
"Jun 5, 2025",Kalimantan Selatan,21,17150.0,True,15450.0,1150.0
"Jun 5, 2025",Kalimantan Tengah,22,17500.0,True,15450.0,1150.0
"Jun 5, 2025",Kalimantan Timur,23,16050.0,True,15450.0,1150.0
"Jun 5, 2025",Kalimantan Utara,24,16600.0,True,15450.0,1150.0
"Jun 5, 2025",Gorontalo,25,15200.0,True,15450.0,1150.0
"Jun 5, 2025",Sulawesi Selatan,26,13650.0,True,15450.0,1150.0
"Jun 5, 2025",Sulawesi Tenggara,27,15650.0,True,15450.0,1150.0
"Jun 5, 2025",Sulawesi Tengah,28,14700.0,True,15450.0,1150.0
"Jun 5, 2025",Sulawesi Utara,29,15000.0,True,15450.0,1150.0
"Jun 5, 2025",Sulawesi Barat,30,13850.0,True,15450.0,1150.0
"Jun 5, 2025",Maluku,31,16650.0,True,15450.0,1150.0
"Jun 5, 2025",Maluku Utara,32,16700.0,True,15450.0,1150.0
"Jun 5, 2025",Papua,33,18450.0,True,15450.0,1150.0
"Jun 5, 2025",Papua Barat,34,16750.0,True,15450.0,1150.0
"Jun 6, 2025",Aceh,1,14100.0,True,15450.0,1150.0
"Jun 6, 2025",Sumatera Utara,2,14250.0,True,15450.0,1150.0
"Jun 6, 2025",Sumatera Barat,3,16900.0,True,15450.0,1150.0
"Jun 6, 2025",Riau,4,16250.0,True,15450.0,1150.0
"Jun 6, 2025",Kepulauan Riau,5,15150.0,True,15450.0,1150.0
"Jun 6, 2025",Jambi,6,15250.0,True,15450.0,1150.0
"Jun 6, 2025",Bengkulu,7,15350.0,True,15450.0,1150.0
"Jun 6, 2025",Sumatera Selatan,8,15150.0,True,15450.0,1150.0
"Jun 6, 2025",Kepulauan Bangka Belitung,9,15250.0,True,15450.0,1150.0
"Jun 6, 2025",Lampung,10,14500.0,True,15450.0,1150.0
"Jun 6, 2025",Banten,11,14600.0,True,15450.0,1150.0
"Jun 6, 2025",Jawa Barat,12,14650.0,True,15450.0,1150.0
"Jun 6, 2025",DKI Jakarta,13,15800.0,True,15450.0,1150.0
"Jun 6, 2025",Jawa Tengah,14,14850.0,True,15450.0,1150.0
"Jun 6, 2025",DI Yogyakarta,15,14300.0,True,15450.0,1150.0
"Jun 6, 2025",Jawa Timur,16,14500.0,True,15450.0,1150.0
"Jun 6, 2025",Bali,17,15450.0,True,15450.0,1150.0
"Jun 6, 2025",Nusa Tenggara Barat,18,13800.0,True,15450.0,1150.0
"Jun 6, 2025",Nusa Tenggara Timur,19,15300.0,True,15450.0,1150.0
"Jun 6, 2025",Kalimantan Barat,20,16350.0,True,15450.0,1150.0
"Jun 6, 2025",Kalimantan Selatan,21,17150.0,True,15450.0,1150.0
"Jun 6, 2025",Kalimantan Tengah,22,17500.0,True,15450.0,1150.0
"Jun 6, 2025",Kalimantan Timur,23,16050.0,True,15450.0,1150.0
"Jun 6, 2025",Kalimantan Utara,24,16600.0,True,15450.0,1150.0
"Jun 6, 2025",Gorontalo,25,15200.0,True,15450.0,1150.0
"Jun 6, 2025",Sulawesi Selatan,26,13650.0,True,15450.0,1150.0
"Jun 6, 2025",Sulawesi Tenggara,27,15650.0,True,15450.0,1150.0
"Jun 6, 2025",Sulawesi Tengah,28,14700.0,True,15450.0,1150.0
"Jun 6, 2025",Sulawesi Utara,29,15000.0,True,15450.0,1150.0
"Jun 6, 2025",Sulawesi Barat,30,13850.0,True,15450.0,1150.0
"Jun 6, 2025",Maluku,31,16650.0,True,15450.0,1150.0
"Jun 6, 2025",Maluku Utara,32,16700.0,True,15450.0,1150.0
"Jun 6, 2025",Papua,33,18450.0,True,15450.0,1150.0
"Jun 6, 2025",Papua Barat,34,16750.0,True,15450.0,1150.0
"Jun 7, 2025",Aceh,1,14100.0,True,15450.0,1150.0
"Jun 7, 2025",Sumatera Utara,2,14250.0,True,15450.0,1150.0
"Jun 7, 2025",Sumatera Barat,3,16900.0,True,15450.0,1150.0
"Jun 7, 2025",Riau,4,16250.0,True,15450.0,1150.0
"Jun 7, 2025",Kepulauan Riau,5,15150.0,True,15450.0,1150.0
"Jun 7, 2025",Jambi,6,15250.0,True,15450.0,1150.0
"Jun 7, 2025",Bengkulu,7,15350.0,True,15450.0,1150.0
"Jun 7, 2025",Sumatera Selatan,8,15150.0,True,15450.0,1150.0
"Jun 7, 2025",Kepulauan Bangka Belitung,9,15250.0,True,15450.0,1150.0
"Jun 7, 2025",Lampung,10,14500.0,True,15450.0,1150.0
"Jun 7, 2025",Banten,11,14600.0,True,15450.0,1150.0
"Jun 7, 2025",Jawa Barat,12,14650.0,True,15450.0,1150.0
"Jun 7, 2025",DKI Jakarta,13,15800.0,True,15450.0,1150.0
"Jun 7, 2025",Jawa Tengah,14,14850.0,True,15450.0,1150.0
"Jun 7, 2025",DI Yogyakarta,15,14300.0,True,15450.0,1150.0
"Jun 7, 2025",Jawa Timur,16,14500.0,True,15450.0,1150.0
"Jun 7, 2025",Bali,17,15450.0,True,15450.0,1150.0
"Jun 7, 2025",Nusa Tenggara Barat,18,13800.0,True,15450.0,1150.0
"Jun 7, 2025",Nusa Tenggara Timur,19,15300.0,True,15450.0,1150.0
"Jun 7, 2025",Kalimantan Barat,20,16350.0,True,15450.0,1150.0
"Jun 7, 2025",Kalimantan Selatan,21,17150.0,True,15450.0,1150.0
"Jun 7, 2025",Kalimantan Tengah,22,17500.0,True,15450.0,1150.0
"Jun 7, 2025",Kalimantan Timur,23,16050.0,True,15450.0,1150.0
"Jun 7, 2025",Kalimantan Utara,24,16600.0,True,15450.0,1150.0
"Jun 7, 2025",Gorontalo,25,15200.0,True,15450.0,1150.0
"Jun 7, 2025",Sulawesi Selatan,26,13650.0,True,15450.0,1150.0
"Jun 7, 2025",Sulawesi Tenggara,27,15650.0,True,15450.0,1150.0
"Jun 7, 2025",Sulawesi Tengah,28,14700.0,True,15450.0,1150.0
"Jun 7, 2025",Sulawesi Utara,29,15000.0,True,15450.0,1150.0
"Jun 7, 2025",Sulawesi Barat,30,13850.0,True,15450.0,1150.0
"Jun 7, 2025",Maluku,31,16650.0,True,15450.0,1150.0
"Jun 7, 2025",Maluku Utara,32,16700.0,True,15450.0,1150.0
"Jun 7, 2025",Papua,33,18450.0,True,15450.0,1150.0
"Jun 7, 2025",Papua Barat,34,16750.0,True,15450.0,1150.0
"Jun 8, 2025",Aceh,1,14100.0,True,15450.0,1150.0
"Jun 8, 2025",Sumatera Utara,2,14250.0,True,15450.0,1150.0
"Jun 8, 2025",Sumatera Barat,3,16900.0,True,15450.0,1150.0
"Jun 8, 2025",Riau,4,16250.0,True,15450.0,1150.0
"Jun 8, 2025",Kepulauan Riau,5,15150.0,True,15450.0,1150.0
"Jun 8, 2025",Jambi,6,15250.0,True,15450.0,1150.0
"Jun 8, 2025",Bengkulu,7,15350.0,True,15450.0,1150.0
"Jun 8, 2025",Sumatera Selatan,8,15150.0,True,15450.0,1150.0
"Jun 8, 2025",Kepulauan Bangka Belitung,9,15250.0,True,15450.0,1150.0
"Jun 8, 2025",Lampung,10,14500.0,True,15450.0,1150.0
"Jun 8, 2025",Banten,11,14600.0,True,15450.0,1150.0
"Jun 8, 2025",Jawa Barat,12,14650.0,True,15450.0,1150.0
"Jun 8, 2025",DKI Jakarta,13,15800.0,True,15450.0,1150.0
"Jun 8, 2025",Jawa Tengah,14,14850.0,True,15450.0,1150.0
"Jun 8, 2025",DI Yogyakarta,15,14300.0,True,15450.0,1150.0
"Jun 8, 2025",Jawa Timur,16,14500.0,True,15450.0,1150.0
"Jun 8, 2025",Bali,17,15450.0,True,15450.0,1150.0
"Jun 8, 2025",Nusa Tenggara Barat,18,13800.0,True,15450.0,1150.0
"Jun 8, 2025",Nusa Tenggara Timur,19,15300.0,True,15450.0,1150.0
"Jun 8, 2025",Kalimantan Barat,20,16350.0,True,15450.0,1150.0
"Jun 8, 2025",Kalimantan Selatan,21,17150.0,True,15450.0,1150.0
"Jun 8, 2025",Kalimantan Tengah,22,17500.0,True,15450.0,1150.0
"Jun 8, 2025",Kalimantan Timur,23,16050.0,True,15450.0,1150.0
"Jun 8, 2025",Kalimantan Utara,24,16600.0,True,15450.0,1150.0
"Jun 8, 2025",Gorontalo,25,15200.0,True,15450.0,1150.0
"Jun 8, 2025",Sulawesi Selatan,26,13650.0,True,15450.0,1150.0
"Jun 8, 2025",Sulawesi Tenggara,27,15650.0,True,15450.0,1150.0
"Jun 8, 2025",Sulawesi Tengah,28,14700.0,True,15450.0,1150.0
"Jun 8, 2025",Sulawesi Utara,29,15000.0,True,15450.0,1150.0
"Jun 8, 2025",Sulawesi Barat,30,13850.0,True,15450.0,1150.0
"Jun 8, 2025",Maluku,31,16650.0,True,15450.0,1150.0
"Jun 8, 2025",Maluku Utara,32,16700.0,True,15450.0,1150.0
"Jun 8, 2025",Papua,33,18450.0,True,15450.0,1150.0
"Jun 8, 2025",Papua Barat,34,16750.0,True,15450.0,1150.0
"Jun 9, 2025",Aceh,1,14100.0,True,15450.0,1150.0
"Jun 9, 2025",Sumatera Utara,2,14250.0,True,15450.0,1150.0
"Jun 9, 2025",Sumatera Barat,3,16900.0,True,15450.0,1150.0
"Jun 9, 2025",Riau,4,16250.0,True,15450.0,1150.0
"Jun 9, 2025",Kepulauan Riau,5,15150.0,True,15450.0,1150.0
"Jun 9, 2025",Jambi,6,15250.0,True,15450.0,1150.0
"Jun 9, 2025",Bengkulu,7,15350.0,True,15450.0,1150.0
"Jun 9, 2025",Sumatera Selatan,8,15150.0,True,15450.0,1150.0
"Jun 9, 2025",Kepulauan Bangka Belitung,9,15250.0,True,15450.0,1150.0
"Jun 9, 2025",Lampung,10,14500.0,True,15450.0,1150.0
"Jun 9, 2025",Banten,11,14600.0,True,15450.0,1150.0
"Jun 9, 2025",Jawa Barat,12,14650.0,True,15450.0,1150.0
"Jun 9, 2025",DKI Jakarta,13,15800.0,True,15450.0,1150.0
"Jun 9, 2025",Jawa Tengah,14,14850.0,True,15450.0,1150.0
"Jun 9, 2025",DI Yogyakarta,15,14300.0,True,15450.0,1150.0
"Jun 9, 2025",Jawa Timur,16,14500.0,True,15450.0,1150.0
"Jun 9, 2025",Bali,17,15450.0,True,15450.0,1150.0
"Jun 9, 2025",Nusa Tenggara Barat,18,13800.0,True,15450.0,1150.0
"Jun 9, 2025",Nusa Tenggara Timur,19,15300.0,True,15450.0,1150.0
"Jun 9, 2025",Kalimantan Barat,20,16350.0,True,15450.0,1150.0
"Jun 9, 2025",Kalimantan Selatan,21,17150.0,True,15450.0,1150.0
"Jun 9, 2025",Kalimantan Tengah,22,17500.0,True,15450.0,1150.0
"Jun 9, 2025",Kalimantan Timur,23,16050.0,True,15450.0,1150.0
"Jun 9, 2025",Kalimantan Utara,24,16600.0,True,15450.0,1150.0
"Jun 9, 2025",Gorontalo,25,15200.0,True,15450.0,1150.0
"Jun 9, 2025",Sulawesi Selatan,26,13650.0,True,15450.0,1150.0
"Jun 9, 2025",Sulawesi Tenggara,27,15650.0,True,15450.0,1150.0
"Jun 9, 2025",Sulawesi Tengah,28,14700.0,True,15450.0,1150.0
"Jun 9, 2025",Sulawesi Utara,29,15000.0,True,15450.0,1150.0
"Jun 9, 2025",Sulawesi Barat,30,13850.0,True,15450.0,1150.0
"Jun 9, 2025",Maluku,31,16650.0,True,15450.0,1150.0
"Jun 9, 2025",Maluku Utara,32,16700.0,True,15450.0,1150.0
"Jun 9, 2025",Papua,33,18450.0,True,15450.0,1150.0
"Jun 9, 2025",Papua Barat,34,16750.0,True,15450.0,1150.0
"Jun 10, 2025",Aceh,1,14150.0,True,15500.0,1150.0
"Jun 10, 2025",Sumatera Utara,2,14250.0,True,15500.0,1150.0
"Jun 10, 2025",Sumatera Barat,3,16900.0,True,15500.0,1150.0
"Jun 10, 2025",Riau,4,16300.0,True,15500.0,1150.0
"Jun 10, 2025",Kepulauan Riau,5,15100.0,True,15500.0,1150.0
"Jun 10, 2025",Jambi,6,15250.0,True,15500.0,1150.0
"Jun 10, 2025",Bengkulu,7,15350.0,True,15500.0,1150.0
"Jun 10, 2025",Sumatera Selatan,8,15200.0,True,15500.0,1150.0
"Jun 10, 2025",Kepulauan Bangka Belitung,9,15250.0,True,15500.0,1150.0
"Jun 10, 2025",Lampung,10,14500.0,True,15500.0,1150.0
"Jun 10, 2025",Banten,11,14600.0,True,15500.0,1150.0
"Jun 10, 2025",Jawa Barat,12,14650.0,True,15500.0,1150.0
"Jun 10, 2025",DKI Jakarta,13,15900.0,True,15500.0,1150.0
"Jun 10, 2025",Jawa Tengah,14,14850.0,True,15500.0,1150.0
"Jun 10, 2025",DI Yogyakarta,15,14300.0,True,15500.0,1150.0
"Jun 10, 2025",Jawa Timur,16,14500.0,True,15500.0,1150.0
"Jun 10, 2025",Bali,17,15450.0,True,15500.0,1150.0
"Jun 10, 2025",Nusa Tenggara Barat,18,13800.0,True,15500.0,1150.0
"Jun 10, 2025",Nusa Tenggara Timur,19,15300.0,True,15500.0,1150.0
"Jun 10, 2025",Kalimantan Barat,20,16350.0,True,15500.0,1150.0
"Jun 10, 2025",Kalimantan Selatan,21,17150.0,True,15500.0,1150.0
"Jun 10, 2025",Kalimantan Tengah,22,17500.0,True,15500.0,1150.0
"Jun 10, 2025",Kalimantan Timur,23,16050.0,True,15500.0,1150.0
"Jun 10, 2025",Kalimantan Utara,24,16850.0,True,15500.0,1150.0
"Jun 10, 2025",Gorontalo,25,15150.0,True,15500.0,1150.0
"Jun 10, 2025",Sulawesi Selatan,26,13650.0,True,15500.0,1150.0
"Jun 10, 2025",Sulawesi Tenggara,27,15650.0,True,15500.0,1150.0
"Jun 10, 2025",Sulawesi Tengah,28,14900.0,True,15500.0,1150.0
"Jun 10, 2025",Sulawesi Utara,29,15150.0,True,15500.0,1150.0
"Jun 10, 2025",Sulawesi Barat,30,13900.0,True,15500.0,1150.0
"Jun 10, 2025",Maluku,31,16700.0,True,15500.0,1150.0
"Jun 10, 2025",Maluku Utara,32,16700.0,True,15500.0,1150.0
"Jun 10, 2025",Papua,33,18450.0,True,15500.0,1150.0
"Jun 10, 2025",Papua Barat,34,16800.0,True,15500.0,1150.0
"Jun 11, 2025",Aceh,1,14150.0,True,15500.0,1150.0
"Jun 11, 2025",Sumatera Utara,2,14250.0,True,15500.0,1150.0
"Jun 11, 2025",Sumatera Barat,3,16900.0,True,15500.0,1150.0
"Jun 11, 2025",Riau,4,16300.0,True,15500.0,1150.0
"Jun 11, 2025",Kepulauan Riau,5,15100.0,True,15500.0,1150.0
"Jun 11, 2025",Jambi,6,15250.0,True,15500.0,1150.0
"Jun 11, 2025",Bengkulu,7,15400.0,True,15500.0,1150.0
"Jun 11, 2025",Sumatera Selatan,8,15200.0,True,15500.0,1150.0
"Jun 11, 2025",Kepulauan Bangka Belitung,9,15250.0,True,15500.0,1150.0
"Jun 11, 2025",Lampung,10,14500.0,True,15500.0,1150.0
"Jun 11, 2025",Banten,11,14600.0,True,15500.0,1150.0
"Jun 11, 2025",Jawa Barat,12,14650.0,True,15500.0,1150.0
"Jun 11, 2025",DKI Jakarta,13,15950.0,True,15500.0,1150.0
"Jun 11, 2025",Jawa Tengah,14,14850.0,True,15500.0,1150.0
"Jun 11, 2025",DI Yogyakarta,15,14300.0,True,15500.0,1150.0
"Jun 11, 2025",Jawa Timur,16,14500.0,True,15500.0,1150.0
"Jun 11, 2025",Bali,17,15450.0,True,15500.0,1150.0
"Jun 11, 2025",Nusa Tenggara Barat,18,13800.0,True,15500.0,1150.0
"Jun 11, 2025",Nusa Tenggara Timur,19,15300.0,True,15500.0,1150.0
"Jun 11, 2025",Kalimantan Barat,20,16350.0,True,15500.0,1150.0
"Jun 11, 2025",Kalimantan Selatan,21,17150.0,True,15500.0,1150.0
"Jun 11, 2025",Kalimantan Tengah,22,17500.0,True,15500.0,1150.0
"Jun 11, 2025",Kalimantan Timur,23,16150.0,True,15500.0,1150.0
"Jun 11, 2025",Kalimantan Utara,24,16650.0,True,15500.0,1150.0
"Jun 11, 2025",Gorontalo,25,15400.0,True,15500.0,1150.0
"Jun 11, 2025",Sulawesi Selatan,26,13650.0,True,15500.0,1150.0
"Jun 11, 2025",Sulawesi Tenggara,27,15650.0,True,15500.0,1150.0
"Jun 11, 2025",Sulawesi Tengah,28,14950.0,True,15500.0,1150.0
"Jun 11, 2025",Sulawesi Utara,29,15150.0,True,15500.0,1150.0
"Jun 11, 2025",Sulawesi Barat,30,13900.0,True,15500.0,1150.0
"Jun 11, 2025",Maluku,31,16700.0,True,15500.0,1150.0
"Jun 11, 2025",Maluku Utara,32,16700.0,True,15500.0,1150.0
"Jun 11, 2025",Papua,33,18500.0,True,15500.0,1150.0
"Jun 11, 2025",Papua Barat,34,16800.0,True,15500.0,1150.0
"Jun 12, 2025",Aceh,1,14150.0,True,15500.0,1150.0
"Jun 12, 2025",Sumatera Utara,2,14250.0,True,15500.0,1150.0
"Jun 12, 2025",Sumatera Barat,3,16900.0,True,15500.0,1150.0
"Jun 12, 2025",Riau,4,16300.0,True,15500.0,1150.0
"Jun 12, 2025",Kepulauan Riau,5,15100.0,True,15500.0,1150.0
"Jun 12, 2025",Jambi,6,15250.0,True,15500.0,1150.0
"Jun 12, 2025",Bengkulu,7,15400.0,True,15500.0,1150.0
"Jun 12, 2025",Sumatera Selatan,8,15200.0,True,15500.0,1150.0
"Jun 12, 2025",Kepulauan Bangka Belitung,9,15250.0,True,15500.0,1150.0
"Jun 12, 2025",Lampung,10,14550.0,True,15500.0,1150.0
"Jun 12, 2025",Banten,11,14600.0,True,15500.0,1150.0
"Jun 12, 2025",Jawa Barat,12,14650.0,True,15500.0,1150.0
"Jun 12, 2025",DKI Jakarta,13,15950.0,True,15500.0,1150.0
"Jun 12, 2025",Jawa Tengah,14,14900.0,True,15500.0,1150.0
"Jun 12, 2025",DI Yogyakarta,15,14300.0,True,15500.0,1150.0
"Jun 12, 2025",Jawa Timur,16,14500.0,True,15500.0,1150.0
"Jun 12, 2025",Bali,17,15450.0,True,15500.0,1150.0
"Jun 12, 2025",Nusa Tenggara Barat,18,13800.0,True,15500.0,1150.0
"Jun 12, 2025",Nusa Tenggara Timur,19,15300.0,True,15500.0,1150.0
"Jun 12, 2025",Kalimantan Barat,20,16350.0,True,15500.0,1150.0
"Jun 12, 2025",Kalimantan Selatan,21,17150.0,True,15500.0,1150.0
"Jun 12, 2025",Kalimantan Tengah,22,17500.0,True,15500.0,1150.0
"Jun 12, 2025",Kalimantan Timur,23,16150.0,True,15500.0,1150.0
"Jun 12, 2025",Kalimantan Utara,24,16650.0,True,15500.0,1150.0
"Jun 12, 2025",Gorontalo,25,15400.0,True,15500.0,1150.0
"Jun 12, 2025",Sulawesi Selatan,26,13650.0,True,15500.0,1150.0
"Jun 12, 2025",Sulawesi Tenggara,27,15650.0,True,15500.0,1150.0
"Jun 12, 2025",Sulawesi Tengah,28,15150.0,True,15500.0,1150.0
"Jun 12, 2025",Sulawesi Utara,29,15200.0,True,15500.0,1150.0
"Jun 12, 2025",Sulawesi Barat,30,13900.0,True,15500.0,1150.0
"Jun 12, 2025",Maluku,31,16700.0,True,15500.0,1150.0
"Jun 12, 2025",Maluku Utara,32,16700.0,True,15500.0,1150.0
"Jun 12, 2025",Papua,33,18500.0,True,15500.0,1150.0
"Jun 12, 2025",Papua Barat,34,16800.0,True,15500.0,1150.0
"Jun 13, 2025",Aceh,1,14200.0,True,15500.0,1150.0
"Jun 13, 2025",Sumatera Utara,2,14250.0,True,15500.0,1150.0
"Jun 13, 2025",Sumatera Barat,3,16900.0,True,15500.0,1150.0
"Jun 13, 2025",Riau,4,16300.0,True,15500.0,1150.0
"Jun 13, 2025",Kepulauan Riau,5,15100.0,True,15500.0,1150.0
"Jun 13, 2025",Jambi,6,15250.0,True,15500.0,1150.0
"Jun 13, 2025",Bengkulu,7,15450.0,True,15500.0,1150.0
"Jun 13, 2025",Sumatera Selatan,8,15200.0,True,15500.0,1150.0
"Jun 13, 2025",Kepulauan Bangka Belitung,9,15250.0,True,15500.0,1150.0
"Jun 13, 2025",Lampung,10,14550.0,True,15500.0,1150.0
"Jun 13, 2025",Banten,11,14600.0,True,15500.0,1150.0
"Jun 13, 2025",Jawa Barat,12,14650.0,True,15500.0,1150.0
"Jun 13, 2025",DKI Jakarta,13,15950.0,True,15500.0,1150.0
"Jun 13, 2025",Jawa Tengah,14,14900.0,True,15500.0,1150.0
"Jun 13, 2025",DI Yogyakarta,15,14300.0,True,15500.0,1150.0
"Jun 13, 2025",Jawa Timur,16,14500.0,True,15500.0,1150.0
"Jun 13, 2025",Bali,17,15450.0,True,15500.0,1150.0
"Jun 13, 2025",Nusa Tenggara Barat,18,13800.0,True,15500.0,1150.0
"Jun 13, 2025",Nusa Tenggara Timur,19,15300.0,True,15500.0,1150.0
"Jun 13, 2025",Kalimantan Barat,20,16350.0,True,15500.0,1150.0
"Jun 13, 2025",Kalimantan Selatan,21,17150.0,True,15500.0,1150.0
"Jun 13, 2025",Kalimantan Tengah,22,17500.0,True,15500.0,1150.0
"Jun 13, 2025",Kalimantan Timur,23,16100.0,True,15500.0,1150.0
"Jun 13, 2025",Kalimantan Utara,24,16650.0,True,15500.0,1150.0
"Jun 13, 2025",Gorontalo,25,15400.0,True,15500.0,1150.0
"Jun 13, 2025",Sulawesi Selatan,26,13650.0,True,15500.0,1150.0
"Jun 13, 2025",Sulawesi Tenggara,27,15700.0,True,15500.0,1150.0
"Jun 13, 2025",Sulawesi Tengah,28,15150.0,True,15500.0,1150.0
"Jun 13, 2025",Sulawesi Utara,29,15250.0,True,15500.0,1150.0
"Jun 13, 2025",Sulawesi Barat,30,13900.0,True,15500.0,1150.0
"Jun 13, 2025",Maluku,31,16700.0,True,15500.0,1150.0
"Jun 13, 2025",Maluku Utara,32,16700.0,True,15500.0,1150.0
"Jun 13, 2025",Papua,33,18500.0,True,15500.0,1150.0
"Jun 13, 2025",Papua Barat,34,16750.0,True,15500.0,1150.0
"Jun 14, 2025",Aceh,1,14200.0,True,15500.0,1150.0
"Jun 14, 2025",Sumatera Utara,2,14250.0,True,15500.0,1150.0
"Jun 14, 2025",Sumatera Barat,3,16900.0,True,15500.0,1150.0
"Jun 14, 2025",Riau,4,16300.0,True,15500.0,1150.0
"Jun 14, 2025",Kepulauan Riau,5,15100.0,True,15500.0,1150.0
"Jun 14, 2025",Jambi,6,15250.0,True,15500.0,1150.0
"Jun 14, 2025",Bengkulu,7,15450.0,True,15500.0,1150.0
"Jun 14, 2025",Sumatera Selatan,8,15200.0,True,15500.0,1150.0
"Jun 14, 2025",Kepulauan Bangka Belitung,9,15250.0,True,15500.0,1150.0
"Jun 14, 2025",Lampung,10,14550.0,True,15500.0,1150.0
"Jun 14, 2025",Banten,11,14600.0,True,15500.0,1150.0
"Jun 14, 2025",Jawa Barat,12,14650.0,True,15500.0,1150.0
"Jun 14, 2025",DKI Jakarta,13,15950.0,True,15500.0,1150.0
"Jun 14, 2025",Jawa Tengah,14,14900.0,True,15500.0,1150.0
"Jun 14, 2025",DI Yogyakarta,15,14300.0,True,15500.0,1150.0
"Jun 14, 2025",Jawa Timur,16,14500.0,True,15500.0,1150.0
"Jun 14, 2025",Bali,17,15450.0,True,15500.0,1150.0
"Jun 14, 2025",Nusa Tenggara Barat,18,13800.0,True,15500.0,1150.0
"Jun 14, 2025",Nusa Tenggara Timur,19,15300.0,True,15500.0,1150.0
"Jun 14, 2025",Kalimantan Barat,20,16350.0,True,15500.0,1150.0
"Jun 14, 2025",Kalimantan Selatan,21,17150.0,True,15500.0,1150.0
"Jun 14, 2025",Kalimantan Tengah,22,17500.0,True,15500.0,1150.0
"Jun 14, 2025",Kalimantan Timur,23,16100.0,True,15500.0,1150.0
"Jun 14, 2025",Kalimantan Utara,24,16650.0,True,15500.0,1150.0
"Jun 14, 2025",Gorontalo,25,15400.0,True,15500.0,1150.0
"Jun 14, 2025",Sulawesi Selatan,26,13650.0,True,15500.0,1150.0
"Jun 14, 2025",Sulawesi Tenggara,27,15700.0,True,15500.0,1150.0
"Jun 14, 2025",Sulawesi Tengah,28,15150.0,True,15500.0,1150.0
"Jun 14, 2025",Sulawesi Utara,29,15250.0,True,15500.0,1150.0
"Jun 14, 2025",Sulawesi Barat,30,13900.0,True,15500.0,1150.0
"Jun 14, 2025",Maluku,31,16700.0,True,15500.0,1150.0
"Jun 14, 2025",Maluku Utara,32,16700.0,True,15500.0,1150.0
"Jun 14, 2025",Papua,33,18500.0,True,15500.0,1150.0
"Jun 14, 2025",Papua Barat,34,16750.0,True,15500.0,1150.0
"Jun 15, 2025",Aceh,1,14200.0,True,15500.0,1150.0
"Jun 15, 2025",Sumatera Utara,2,14250.0,True,15500.0,1150.0
"Jun 15, 2025",Sumatera Barat,3,16900.0,True,15500.0,1150.0
"Jun 15, 2025",Riau,4,16300.0,True,15500.0,1150.0
"Jun 15, 2025",Kepulauan Riau,5,15100.0,True,15500.0,1150.0
"Jun 15, 2025",Jambi,6,15250.0,True,15500.0,1150.0
"Jun 15, 2025",Bengkulu,7,15450.0,True,15500.0,1150.0
"Jun 15, 2025",Sumatera Selatan,8,15200.0,True,15500.0,1150.0
"Jun 15, 2025",Kepulauan Bangka Belitung,9,15250.0,True,15500.0,1150.0
"Jun 15, 2025",Lampung,10,14550.0,True,15500.0,1150.0
"Jun 15, 2025",Banten,11,14600.0,True,15500.0,1150.0
"Jun 15, 2025",Jawa Barat,12,14650.0,True,15500.0,1150.0
"Jun 15, 2025",DKI Jakarta,13,15950.0,True,15500.0,1150.0
"Jun 15, 2025",Jawa Tengah,14,14900.0,True,15500.0,1150.0
"Jun 15, 2025",DI Yogyakarta,15,14300.0,True,15500.0,1150.0
"Jun 15, 2025",Jawa Timur,16,14500.0,True,15500.0,1150.0
"Jun 15, 2025",Bali,17,15450.0,True,15500.0,1150.0
"Jun 15, 2025",Nusa Tenggara Barat,18,13800.0,True,15500.0,1150.0
"Jun 15, 2025",Nusa Tenggara Timur,19,15300.0,True,15500.0,1150.0
"Jun 15, 2025",Kalimantan Barat,20,16350.0,True,15500.0,1150.0
"Jun 15, 2025",Kalimantan Selatan,21,17150.0,True,15500.0,1150.0
"Jun 15, 2025",Kalimantan Tengah,22,17500.0,True,15500.0,1150.0
"Jun 15, 2025",Kalimantan Timur,23,16100.0,True,15500.0,1150.0
"Jun 15, 2025",Kalimantan Utara,24,16650.0,True,15500.0,1150.0
"Jun 15, 2025",Gorontalo,25,15400.0,True,15500.0,1150.0
"Jun 15, 2025",Sulawesi Selatan,26,13650.0,True,15500.0,1150.0
"Jun 15, 2025",Sulawesi Tenggara,27,15700.0,True,15500.0,1150.0
"Jun 15, 2025",Sulawesi Tengah,28,15150.0,True,15500.0,1150.0
"Jun 15, 2025",Sulawesi Utara,29,15250.0,True,15500.0,1150.0
"Jun 15, 2025",Sulawesi Barat,30,13900.0,True,15500.0,1150.0
"Jun 15, 2025",Maluku,31,16700.0,True,15500.0,1150.0
"Jun 15, 2025",Maluku Utara,32,16700.0,True,15500.0,1150.0
"Jun 15, 2025",Papua,33,18500.0,True,15500.0,1150.0
"Jun 15, 2025",Papua Barat,34,16750.0,True,15500.0,1150.0
"Jun 16, 2025",Aceh,1,14250.0,True,15550.0,1100.0
"Jun 16, 2025",Sumatera Utara,2,14300.0,True,15550.0,1100.0
"Jun 16, 2025",Sumatera Barat,3,16900.0,True,15550.0,1100.0
"Jun 16, 2025",Riau,4,16300.0,True,15550.0,1100.0
"Jun 16, 2025",Kepulauan Riau,5,15100.0,True,15550.0,1100.0
"Jun 16, 2025",Jambi,6,15250.0,True,15550.0,1100.0
"Jun 16, 2025",Bengkulu,7,15450.0,True,15550.0,1100.0
"Jun 16, 2025",Sumatera Selatan,8,15200.0,True,15550.0,1100.0
"Jun 16, 2025",Kepulauan Bangka Belitung,9,15250.0,True,15550.0,1100.0
"Jun 16, 2025",Lampung,10,14600.0,True,15550.0,1100.0
"Jun 16, 2025",Banten,11,14800.0,True,15550.0,1100.0
"Jun 16, 2025",Jawa Barat,12,14650.0,True,15550.0,1100.0
"Jun 16, 2025",DKI Jakarta,13,15950.0,True,15550.0,1100.0
"Jun 16, 2025",Jawa Tengah,14,14900.0,True,15550.0,1100.0
"Jun 16, 2025",DI Yogyakarta,15,14300.0,True,15550.0,1100.0
"Jun 16, 2025",Jawa Timur,16,14550.0,True,15550.0,1100.0
"Jun 16, 2025",Bali,17,15500.0,True,15550.0,1100.0
"Jun 16, 2025",Nusa Tenggara Barat,18,13850.0,True,15550.0,1100.0
"Jun 16, 2025",Nusa Tenggara Timur,19,15300.0,True,15550.0,1100.0
"Jun 16, 2025",Kalimantan Barat,20,16350.0,True,15550.0,1100.0
"Jun 16, 2025",Kalimantan Selatan,21,17200.0,True,15550.0,1100.0
"Jun 16, 2025",Kalimantan Tengah,22,17500.0,True,15550.0,1100.0
"Jun 16, 2025",Kalimantan Timur,23,16100.0,True,15550.0,1100.0
"Jun 16, 2025",Kalimantan Utara,24,16650.0,True,15550.0,1100.0
"Jun 16, 2025",Gorontalo,25,15450.0,True,15550.0,1100.0
"Jun 16, 2025",Sulawesi Selatan,26,13650.0,True,15550.0,1100.0
"Jun 16, 2025",Sulawesi Tenggara,27,15750.0,True,15550.0,1100.0
"Jun 16, 2025",Sulawesi Tengah,28,15150.0,True,15550.0,1100.0
"Jun 16, 2025",Sulawesi Utara,29,15300.0,True,15550.0,1100.0
"Jun 16, 2025",Sulawesi Barat,30,14050.0,True,15550.0,1100.0
"Jun 16, 2025",Maluku,31,16700.0,True,15550.0,1100.0
"Jun 16, 2025",Maluku Utara,32,16700.0,True,15550.0,1100.0
"Jun 16, 2025",Papua,33,18500.0,True,15550.0,1100.0
"Jun 16, 2025",Papua Barat,34,16750.0,True,15550.0,1100.0
"Jun 17, 2025",Aceh,1,14250.0,True,15550.0,1100.0
"Jun 17, 2025",Sumatera Utara,2,14300.0,True,15550.0,1100.0
"Jun 17, 2025",Sumatera Barat,3,16850.0,True,15550.0,1100.0
"Jun 17, 2025",Riau,4,16300.0,True,15550.0,1100.0
"Jun 17, 2025",Kepulauan Riau,5,15100.0,True,15550.0,1100.0
"Jun 17, 2025",Jambi,6,15250.0,True,15550.0,1100.0
"Jun 17, 2025",Bengkulu,7,15450.0,True,15550.0,1100.0
"Jun 17, 2025",Sumatera Selatan,8,15200.0,True,15550.0,1100.0
"Jun 17, 2025",Kepulauan Bangka Belitung,9,15250.0,True,15550.0,1100.0
"Jun 17, 2025",Lampung,10,14600.0,True,15550.0,1100.0
"Jun 17, 2025",Banten,11,14800.0,True,15550.0,1100.0
"Jun 17, 2025",Jawa Barat,12,14700.0,True,15550.0,1100.0
"Jun 17, 2025",DKI Jakarta,13,15950.0,True,15550.0,1100.0
"Jun 17, 2025",Jawa Tengah,14,14900.0,True,15550.0,1100.0
"Jun 17, 2025",DI Yogyakarta,15,14300.0,True,15550.0,1100.0
"Jun 17, 2025",Jawa Timur,16,14550.0,True,15550.0,1100.0
"Jun 17, 2025",Bali,17,15550.0,True,15550.0,1100.0
"Jun 17, 2025",Nusa Tenggara Barat,18,13900.0,True,15550.0,1100.0
"Jun 17, 2025",Nusa Tenggara Timur,19,15300.0,True,15550.0,1100.0
"Jun 17, 2025",Kalimantan Barat,20,16350.0,True,15550.0,1100.0
"Jun 17, 2025",Kalimantan Selatan,21,17200.0,True,15550.0,1100.0
"Jun 17, 2025",Kalimantan Tengah,22,17500.0,True,15550.0,1100.0
"Jun 17, 2025",Kalimantan Timur,23,16150.0,True,15550.0,1100.0
"Jun 17, 2025",Kalimantan Utara,24,16650.0,True,15550.0,1100.0
"Jun 17, 2025",Gorontalo,25,15550.0,True,15550.0,1100.0
"Jun 17, 2025",Sulawesi Selatan,26,13650.0,True,15550.0,1100.0
"Jun 17, 2025",Sulawesi Tenggara,27,15750.0,True,15550.0,1100.0
"Jun 17, 2025",Sulawesi Tengah,28,15200.0,True,15550.0,1100.0
"Jun 17, 2025",Sulawesi Utara,29,15350.0,True,15550.0,1100.0
"Jun 17, 2025",Sulawesi Barat,30,14050.0,True,15550.0,1100.0
"Jun 17, 2025",Maluku,31,16850.0,True,15550.0,1100.0
"Jun 17, 2025",Maluku Utara,32,16700.0,True,15550.0,1100.0
"Jun 17, 2025",Papua,33,18500.0,True,15550.0,1100.0
"Jun 17, 2025",Papua Barat,34,16750.0,True,15550.0,1100.0
"Jun 18, 2025",Aceh,1,14250.0,True,15550.0,1100.0
"Jun 18, 2025",Sumatera Utara,2,14300.0,True,15550.0,1100.0
"Jun 18, 2025",Sumatera Barat,3,16850.0,True,15550.0,1100.0
"Jun 18, 2025",Riau,4,16300.0,True,15550.0,1100.0
"Jun 18, 2025",Kepulauan Riau,5,15100.0,True,15550.0,1100.0
"Jun 18, 2025",Jambi,6,15300.0,True,15550.0,1100.0
"Jun 18, 2025",Bengkulu,7,15450.0,True,15550.0,1100.0
"Jun 18, 2025",Sumatera Selatan,8,15200.0,True,15550.0,1100.0
"Jun 18, 2025",Kepulauan Bangka Belitung,9,15250.0,True,15550.0,1100.0
"Jun 18, 2025",Lampung,10,14650.0,True,15550.0,1100.0
"Jun 18, 2025",Banten,11,14800.0,True,15550.0,1100.0
"Jun 18, 2025",Jawa Barat,12,14700.0,True,15550.0,1100.0
"Jun 18, 2025",DKI Jakarta,13,15950.0,True,15550.0,1100.0
"Jun 18, 2025",Jawa Tengah,14,14900.0,True,15550.0,1100.0
"Jun 18, 2025",DI Yogyakarta,15,14300.0,True,15550.0,1100.0
"Jun 18, 2025",Jawa Timur,16,14550.0,True,15550.0,1100.0
"Jun 18, 2025",Bali,17,15550.0,True,15550.0,1100.0
"Jun 18, 2025",Nusa Tenggara Barat,18,13900.0,True,15550.0,1100.0
"Jun 18, 2025",Nusa Tenggara Timur,19,15250.0,True,15550.0,1100.0
"Jun 18, 2025",Kalimantan Barat,20,16400.0,True,15550.0,1100.0
"Jun 18, 2025",Kalimantan Selatan,21,17200.0,True,15550.0,1100.0
"Jun 18, 2025",Kalimantan Tengah,22,17500.0,True,15550.0,1100.0
"Jun 18, 2025",Kalimantan Timur,23,16150.0,True,15550.0,1100.0
"Jun 18, 2025",Kalimantan Utara,24,16650.0,True,15550.0,1100.0
"Jun 18, 2025",Gorontalo,25,15550.0,True,15550.0,1100.0
"Jun 18, 2025",Sulawesi Selatan,26,13650.0,True,15550.0,1100.0
"Jun 18, 2025",Sulawesi Tenggara,27,15750.0,True,15550.0,1100.0
"Jun 18, 2025",Sulawesi Tengah,28,15200.0,True,15550.0,1100.0
"Jun 18, 2025",Sulawesi Utara,29,15350.0,True,15550.0,1100.0
"Jun 18, 2025",Sulawesi Barat,30,14050.0,True,15550.0,1100.0
"Jun 18, 2025",Maluku,31,16850.0,True,15550.0,1100.0
"Jun 18, 2025",Maluku Utara,32,16700.0,True,15550.0,1100.0
"Jun 18, 2025",Papua,33,18500.0,True,15550.0,1100.0
"Jun 18, 2025",Papua Barat,34,16750.0,True,15550.0,1100.0
"Jun 19, 2025",Aceh,1,14250.0,True,15550.0,1100.0
"Jun 19, 2025",Sumatera Utara,2,14300.0,True,15550.0,1100.0
"Jun 19, 2025",Sumatera Barat,3,16850.0,True,15550.0,1100.0
"Jun 19, 2025",Riau,4,16300.0,True,15550.0,1100.0
"Jun 19, 2025",Kepulauan Riau,5,15100.0,True,15550.0,1100.0
"Jun 19, 2025",Jambi,6,15300.0,True,15550.0,1100.0
"Jun 19, 2025",Bengkulu,7,15450.0,True,15550.0,1100.0
"Jun 19, 2025",Sumatera Selatan,8,15200.0,True,15550.0,1100.0
"Jun 19, 2025",Kepulauan Bangka Belitung,9,15250.0,True,15550.0,1100.0
"Jun 19, 2025",Lampung,10,14600.0,True,15550.0,1100.0
"Jun 19, 2025",Banten,11,14800.0,True,15550.0,1100.0
"Jun 19, 2025",Jawa Barat,12,14700.0,True,15550.0,1100.0
"Jun 19, 2025",DKI Jakarta,13,15950.0,True,15550.0,1100.0
"Jun 19, 2025",Jawa Tengah,14,14900.0,True,15550.0,1100.0
"Jun 19, 2025",DI Yogyakarta,15,14300.0,True,15550.0,1100.0
"Jun 19, 2025",Jawa Timur,16,14550.0,True,15550.0,1100.0
"Jun 19, 2025",Bali,17,15550.0,True,15550.0,1100.0
"Jun 19, 2025",Nusa Tenggara Barat,18,13900.0,True,15550.0,1100.0
"Jun 19, 2025",Nusa Tenggara Timur,19,15250.0,True,15550.0,1100.0
"Jun 19, 2025",Kalimantan Barat,20,16400.0,True,15550.0,1100.0
"Jun 19, 2025",Kalimantan Selatan,21,17200.0,True,15550.0,1100.0
"Jun 19, 2025",Kalimantan Tengah,22,17500.0,True,15550.0,1100.0
"Jun 19, 2025",Kalimantan Timur,23,16150.0,True,15550.0,1100.0
"Jun 19, 2025",Kalimantan Utara,24,16650.0,True,15550.0,1100.0
"Jun 19, 2025",Gorontalo,25,15650.0,True,15550.0,1100.0
"Jun 19, 2025",Sulawesi Selatan,26,13650.0,True,15550.0,1100.0
"Jun 19, 2025",Sulawesi Tenggara,27,15750.0,True,15550.0,1100.0
"Jun 19, 2025",Sulawesi Tengah,28,15200.0,True,15550.0,1100.0
"Jun 19, 2025",Sulawesi Utara,29,15400.0,True,15550.0,1100.0
"Jun 19, 2025",Sulawesi Barat,30,14100.0,True,15550.0,1100.0
"Jun 19, 2025",Maluku,31,16850.0,True,15550.0,1100.0
"Jun 19, 2025",Maluku Utara,32,16700.0,True,15550.0,1100.0
"Jun 19, 2025",Papua,33,18500.0,True,15550.0,1100.0
"Jun 19, 2025",Papua Barat,34,16750.0,True,15550.0,1100.0
"Jun 20, 2025",Aceh,1,14250.0,True,15600.0,1100.0
"Jun 20, 2025",Sumatera Utara,2,14350.0,True,15600.0,1100.0
"Jun 20, 2025",Sumatera Barat,3,16850.0,True,15600.0,1100.0
"Jun 20, 2025",Riau,4,16300.0,True,15600.0,1100.0
"Jun 20, 2025",Kepulauan Riau,5,15100.0,True,15600.0,1100.0
"Jun 20, 2025",Jambi,6,15400.0,True,15600.0,1100.0
"Jun 20, 2025",Bengkulu,7,15450.0,True,15600.0,1100.0
"Jun 20, 2025",Sumatera Selatan,8,15250.0,True,15600.0,1100.0
"Jun 20, 2025",Kepulauan Bangka Belitung,9,15250.0,True,15600.0,1100.0
"Jun 20, 2025",Lampung,10,14600.0,True,15600.0,1100.0
"Jun 20, 2025",Banten,11,14800.0,True,15600.0,1100.0
"Jun 20, 2025",Jawa Barat,12,14700.0,True,15600.0,1100.0
"Jun 20, 2025",DKI Jakarta,13,15950.0,True,15600.0,1100.0
"Jun 20, 2025",Jawa Tengah,14,14900.0,True,15600.0,1100.0
"Jun 20, 2025",DI Yogyakarta,15,14300.0,True,15600.0,1100.0
"Jun 20, 2025",Jawa Timur,16,14550.0,True,15600.0,1100.0
"Jun 20, 2025",Bali,17,15550.0,True,15600.0,1100.0
"Jun 20, 2025",Nusa Tenggara Barat,18,13950.0,True,15600.0,1100.0
"Jun 20, 2025",Nusa Tenggara Timur,19,15250.0,True,15600.0,1100.0
"Jun 20, 2025",Kalimantan Barat,20,16400.0,True,15600.0,1100.0
"Jun 20, 2025",Kalimantan Selatan,21,17200.0,True,15600.0,1100.0
"Jun 20, 2025",Kalimantan Tengah,22,17500.0,True,15600.0,1100.0
"Jun 20, 2025",Kalimantan Timur,23,16300.0,True,15600.0,1100.0
"Jun 20, 2025",Kalimantan Utara,24,16650.0,True,15600.0,1100.0
"Jun 20, 2025",Gorontalo,25,15600.0,True,15600.0,1100.0
"Jun 20, 2025",Sulawesi Selatan,26,13650.0,True,15600.0,1100.0
"Jun 20, 2025",Sulawesi Tenggara,27,15800.0,True,15600.0,1100.0
"Jun 20, 2025",Sulawesi Tengah,28,15200.0,True,15600.0,1100.0
"Jun 20, 2025",Sulawesi Utara,29,15650.0,True,15600.0,1100.0
"Jun 20, 2025",Sulawesi Barat,30,14100.0,True,15600.0,1100.0
"Jun 20, 2025",Maluku,31,16850.0,True,15600.0,1100.0
"Jun 20, 2025",Maluku Utara,32,16700.0,True,15600.0,1100.0
"Jun 20, 2025",Papua,33,18500.0,True,15600.0,1100.0
"Jun 20, 2025",Papua Barat,34,16750.0,True,15600.0,1100.0
"Jun 21, 2025",Aceh,1,14250.0,True,15600.0,1100.0
"Jun 21, 2025",Sumatera Utara,2,14350.0,True,15600.0,1100.0
"Jun 21, 2025",Sumatera Barat,3,16850.0,True,15600.0,1100.0
"Jun 21, 2025",Riau,4,16300.0,True,15600.0,1100.0
"Jun 21, 2025",Kepulauan Riau,5,15100.0,True,15600.0,1100.0
"Jun 21, 2025",Jambi,6,15400.0,True,15600.0,1100.0
"Jun 21, 2025",Bengkulu,7,15450.0,True,15600.0,1100.0
"Jun 21, 2025",Sumatera Selatan,8,15250.0,True,15600.0,1100.0
"Jun 21, 2025",Kepulauan Bangka Belitung,9,15250.0,True,15600.0,1100.0
"Jun 21, 2025",Lampung,10,14600.0,True,15600.0,1100.0
"Jun 21, 2025",Banten,11,14800.0,True,15600.0,1100.0
"Jun 21, 2025",Jawa Barat,12,14700.0,True,15600.0,1100.0
"Jun 21, 2025",DKI Jakarta,13,15950.0,True,15600.0,1100.0
"Jun 21, 2025",Jawa Tengah,14,14900.0,True,15600.0,1100.0
"Jun 21, 2025",DI Yogyakarta,15,14300.0,True,15600.0,1100.0
"Jun 21, 2025",Jawa Timur,16,14550.0,True,15600.0,1100.0
"Jun 21, 2025",Bali,17,15550.0,True,15600.0,1100.0
"Jun 21, 2025",Nusa Tenggara Barat,18,13950.0,True,15600.0,1100.0
"Jun 21, 2025",Nusa Tenggara Timur,19,15250.0,True,15600.0,1100.0
"Jun 21, 2025",Kalimantan Barat,20,16400.0,True,15600.0,1100.0
"Jun 21, 2025",Kalimantan Selatan,21,17200.0,True,15600.0,1100.0
"Jun 21, 2025",Kalimantan Tengah,22,17500.0,True,15600.0,1100.0
"Jun 21, 2025",Kalimantan Timur,23,16300.0,True,15600.0,1100.0
"Jun 21, 2025",Kalimantan Utara,24,16650.0,True,15600.0,1100.0
"Jun 21, 2025",Gorontalo,25,15600.0,True,15600.0,1100.0
"Jun 21, 2025",Sulawesi Selatan,26,13650.0,True,15600.0,1100.0
"Jun 21, 2025",Sulawesi Tenggara,27,15800.0,True,15600.0,1100.0
"Jun 21, 2025",Sulawesi Tengah,28,15200.0,True,15600.0,1100.0
"Jun 21, 2025",Sulawesi Utara,29,15650.0,True,15600.0,1100.0
"Jun 21, 2025",Sulawesi Barat,30,14100.0,True,15600.0,1100.0
"Jun 21, 2025",Maluku,31,16850.0,True,15600.0,1100.0
"Jun 21, 2025",Maluku Utara,32,16700.0,True,15600.0,1100.0
"Jun 21, 2025",Papua,33,18500.0,True,15600.0,1100.0
"Jun 21, 2025",Papua Barat,34,16750.0,True,15600.0,1100.0
"Jun 22, 2025",Aceh,1,14250.0,True,15600.0,1100.0
"Jun 22, 2025",Sumatera Utara,2,14350.0,True,15600.0,1100.0
"Jun 22, 2025",Sumatera Barat,3,16850.0,True,15600.0,1100.0
"Jun 22, 2025",Riau,4,16300.0,True,15600.0,1100.0
"Jun 22, 2025",Kepulauan Riau,5,15100.0,True,15600.0,1100.0
"Jun 22, 2025",Jambi,6,15400.0,True,15600.0,1100.0
"Jun 22, 2025",Bengkulu,7,15450.0,True,15600.0,1100.0
"Jun 22, 2025",Sumatera Selatan,8,15250.0,True,15600.0,1100.0
"Jun 22, 2025",Kepulauan Bangka Belitung,9,15250.0,True,15600.0,1100.0
"Jun 22, 2025",Lampung,10,14600.0,True,15600.0,1100.0
"Jun 22, 2025",Banten,11,14800.0,True,15600.0,1100.0
"Jun 22, 2025",Jawa Barat,12,14700.0,True,15600.0,1100.0
"Jun 22, 2025",DKI Jakarta,13,15950.0,True,15600.0,1100.0
"Jun 22, 2025",Jawa Tengah,14,14900.0,True,15600.0,1100.0
"Jun 22, 2025",DI Yogyakarta,15,14300.0,True,15600.0,1100.0
"Jun 22, 2025",Jawa Timur,16,14550.0,True,15600.0,1100.0
"Jun 22, 2025",Bali,17,15550.0,True,15600.0,1100.0
"Jun 22, 2025",Nusa Tenggara Barat,18,13950.0,True,15600.0,1100.0
"Jun 22, 2025",Nusa Tenggara Timur,19,15250.0,True,15600.0,1100.0
"Jun 22, 2025",Kalimantan Barat,20,16400.0,True,15600.0,1100.0
"Jun 22, 2025",Kalimantan Selatan,21,17200.0,True,15600.0,1100.0
"Jun 22, 2025",Kalimantan Tengah,22,17500.0,True,15600.0,1100.0
"Jun 22, 2025",Kalimantan Timur,23,16300.0,True,15600.0,1100.0
"Jun 22, 2025",Kalimantan Utara,24,16650.0,True,15600.0,1100.0
"Jun 22, 2025",Gorontalo,25,15600.0,True,15600.0,1100.0
"Jun 22, 2025",Sulawesi Selatan,26,13650.0,True,15600.0,1100.0
"Jun 22, 2025",Sulawesi Tenggara,27,15800.0,True,15600.0,1100.0
"Jun 22, 2025",Sulawesi Tengah,28,15200.0,True,15600.0,1100.0
"Jun 22, 2025",Sulawesi Utara,29,15650.0,True,15600.0,1100.0
"Jun 22, 2025",Sulawesi Barat,30,14100.0,True,15600.0,1100.0
"Jun 22, 2025",Maluku,31,16850.0,True,15600.0,1100.0
"Jun 22, 2025",Maluku Utara,32,16700.0,True,15600.0,1100.0
"Jun 22, 2025",Papua,33,18500.0,True,15600.0,1100.0
"Jun 22, 2025",Papua Barat,34,16750.0,True,15600.0,1100.0
"Jun 23, 2025",Aceh,1,14300.0,True,15600.0,1100.0
"Jun 23, 2025",Sumatera Utara,2,14350.0,True,15600.0,1100.0
"Jun 23, 2025",Sumatera Barat,3,16850.0,True,15600.0,1100.0
"Jun 23, 2025",Riau,4,16300.0,True,15600.0,1100.0
"Jun 23, 2025",Kepulauan Riau,5,15100.0,True,15600.0,1100.0
"Jun 23, 2025",Jambi,6,15400.0,True,15600.0,1100.0
"Jun 23, 2025",Bengkulu,7,15450.0,True,15600.0,1100.0
"Jun 23, 2025",Sumatera Selatan,8,15200.0,True,15600.0,1100.0
"Jun 23, 2025",Kepulauan Bangka Belitung,9,15250.0,True,15600.0,1100.0
"Jun 23, 2025",Lampung,10,14600.0,True,15600.0,1100.0
"Jun 23, 2025",Banten,11,14800.0,True,15600.0,1100.0
"Jun 23, 2025",Jawa Barat,12,14750.0,True,15600.0,1100.0
"Jun 23, 2025",DKI Jakarta,13,16100.0,True,15600.0,1100.0
"Jun 23, 2025",Jawa Tengah,14,14900.0,True,15600.0,1100.0
"Jun 23, 2025",DI Yogyakarta,15,14300.0,True,15600.0,1100.0
"Jun 23, 2025",Jawa Timur,16,14550.0,True,15600.0,1100.0
"Jun 23, 2025",Bali,17,15550.0,True,15600.0,1100.0
"Jun 23, 2025",Nusa Tenggara Barat,18,13950.0,True,15600.0,1100.0
"Jun 23, 2025",Nusa Tenggara Timur,19,15250.0,True,15600.0,1100.0
"Jun 23, 2025",Kalimantan Barat,20,16400.0,True,15600.0,1100.0
"Jun 23, 2025",Kalimantan Selatan,21,17200.0,True,15600.0,1100.0
"Jun 23, 2025",Kalimantan Tengah,22,17500.0,True,15600.0,1100.0
"Jun 23, 2025",Kalimantan Timur,23,16350.0,True,15600.0,1100.0
"Jun 23, 2025",Kalimantan Utara,24,16650.0,True,15600.0,1100.0
"Jun 23, 2025",Gorontalo,25,15500.0,True,15600.0,1100.0
"Jun 23, 2025",Sulawesi Selatan,26,13700.0,True,15600.0,1100.0
"Jun 23, 2025",Sulawesi Tenggara,27,15800.0,True,15600.0,1100.0
"Jun 23, 2025",Sulawesi Tengah,28,15200.0,True,15600.0,1100.0
"Jun 23, 2025",Sulawesi Utara,29,15950.0,True,15600.0,1100.0
"Jun 23, 2025",Sulawesi Barat,30,14150.0,True,15600.0,1100.0
"Jun 23, 2025",Maluku,31,16900.0,True,15600.0,1100.0
"Jun 23, 2025",Maluku Utara,32,16700.0,True,15600.0,1100.0
"Jun 23, 2025",Papua,33,18450.0,True,15600.0,1100.0
"Jun 23, 2025",Papua Barat,34,16750.0,True,15600.0,1100.0
"Jun 24, 2025",Aceh,1,14300.0,True,15600.0,1100.0
"Jun 24, 2025",Sumatera Utara,2,14350.0,True,15600.0,1100.0
"Jun 24, 2025",Sumatera Barat,3,16850.0,True,15600.0,1100.0
"Jun 24, 2025",Riau,4,16300.0,True,15600.0,1100.0
"Jun 24, 2025",Kepulauan Riau,5,15100.0,True,15600.0,1100.0
"Jun 24, 2025",Jambi,6,15400.0,True,15600.0,1100.0
"Jun 24, 2025",Bengkulu,7,15450.0,True,15600.0,1100.0
"Jun 24, 2025",Sumatera Selatan,8,15200.0,True,15600.0,1100.0
"Jun 24, 2025",Kepulauan Bangka Belitung,9,15250.0,True,15600.0,1100.0
"Jun 24, 2025",Lampung,10,14600.0,True,15600.0,1100.0
"Jun 24, 2025",Banten,11,14950.0,True,15600.0,1100.0
"Jun 24, 2025",Jawa Barat,12,14750.0,True,15600.0,1100.0
"Jun 24, 2025",DKI Jakarta,13,16100.0,True,15600.0,1100.0
"Jun 24, 2025",Jawa Tengah,14,14900.0,True,15600.0,1100.0
"Jun 24, 2025",DI Yogyakarta,15,14300.0,True,15600.0,1100.0
"Jun 24, 2025",Jawa Timur,16,14550.0,True,15600.0,1100.0
"Jun 24, 2025",Bali,17,15550.0,True,15600.0,1100.0
"Jun 24, 2025",Nusa Tenggara Barat,18,13950.0,True,15600.0,1100.0
"Jun 24, 2025",Nusa Tenggara Timur,19,15250.0,True,15600.0,1100.0
"Jun 24, 2025",Kalimantan Barat,20,16400.0,True,15600.0,1100.0
"Jun 24, 2025",Kalimantan Selatan,21,17200.0,True,15600.0,1100.0
"Jun 24, 2025",Kalimantan Tengah,22,17500.0,True,15600.0,1100.0
"Jun 24, 2025",Kalimantan Timur,23,16350.0,True,15600.0,1100.0
"Jun 24, 2025",Kalimantan Utara,24,16650.0,True,15600.0,1100.0
"Jun 24, 2025",Gorontalo,25,15500.0,True,15600.0,1100.0
"Jun 24, 2025",Sulawesi Selatan,26,13700.0,True,15600.0,1100.0
"Jun 24, 2025",Sulawesi Tenggara,27,15800.0,True,15600.0,1100.0
"Jun 24, 2025",Sulawesi Tengah,28,15200.0,True,15600.0,1100.0
"Jun 24, 2025",Sulawesi Utara,29,16000.0,True,15600.0,1100.0
"Jun 24, 2025",Sulawesi Barat,30,14150.0,True,15600.0,1100.0
"Jun 24, 2025",Maluku,31,16900.0,True,15600.0,1100.0
"Jun 24, 2025",Maluku Utara,32,16700.0,True,15600.0,1100.0
"Jun 24, 2025",Papua,33,18450.0,True,15600.0,1100.0
"Jun 24, 2025",Papua Barat,34,16750.0,True,15600.0,1100.0
"Jun 25, 2025",Aceh,1,14300.0,True,15600.0,1100.0
"Jun 25, 2025",Sumatera Utara,2,14400.0,True,15600.0,1100.0
"Jun 25, 2025",Sumatera Barat,3,16850.0,True,15600.0,1100.0
"Jun 25, 2025",Riau,4,16300.0,True,15600.0,1100.0
"Jun 25, 2025",Kepulauan Riau,5,15100.0,True,15600.0,1100.0
"Jun 25, 2025",Jambi,6,15400.0,True,15600.0,1100.0
"Jun 25, 2025",Bengkulu,7,15450.0,True,15600.0,1100.0
"Jun 25, 2025",Sumatera Selatan,8,15200.0,True,15600.0,1100.0
"Jun 25, 2025",Kepulauan Bangka Belitung,9,15250.0,True,15600.0,1100.0
"Jun 25, 2025",Lampung,10,14650.0,True,15600.0,1100.0
"Jun 25, 2025",Banten,11,15200.0,True,15600.0,1100.0
"Jun 25, 2025",Jawa Barat,12,14750.0,True,15600.0,1100.0
"Jun 25, 2025",DKI Jakarta,13,16100.0,True,15600.0,1100.0
"Jun 25, 2025",Jawa Tengah,14,14950.0,True,15600.0,1100.0
"Jun 25, 2025",DI Yogyakarta,15,14300.0,True,15600.0,1100.0
"Jun 25, 2025",Jawa Timur,16,14550.0,True,15600.0,1100.0
"Jun 25, 2025",Bali,17,15550.0,True,15600.0,1100.0
"Jun 25, 2025",Nusa Tenggara Barat,18,13950.0,True,15600.0,1100.0
"Jun 25, 2025",Nusa Tenggara Timur,19,15250.0,True,15600.0,1100.0
"Jun 25, 2025",Kalimantan Barat,20,16400.0,True,15600.0,1100.0
"Jun 25, 2025",Kalimantan Selatan,21,17200.0,True,15600.0,1100.0
"Jun 25, 2025",Kalimantan Tengah,22,17500.0,True,15600.0,1100.0
"Jun 25, 2025",Kalimantan Timur,23,16350.0,True,15600.0,1100.0
"Jun 25, 2025",Kalimantan Utara,24,16650.0,True,15600.0,1100.0
"Jun 25, 2025",Gorontalo,25,15600.0,True,15600.0,1100.0
"Jun 25, 2025",Sulawesi Selatan,26,13700.0,True,15600.0,1100.0
"Jun 25, 2025",Sulawesi Tenggara,27,15800.0,True,15600.0,1100.0
"Jun 25, 2025",Sulawesi Tengah,28,15200.0,True,15600.0,1100.0
"Jun 25, 2025",Sulawesi Utara,29,16000.0,True,15600.0,1100.0
"Jun 25, 2025",Sulawesi Barat,30,14150.0,True,15600.0,1100.0
"Jun 25, 2025",Maluku,31,16900.0,True,15600.0,1100.0
"Jun 25, 2025",Maluku Utara,32,16700.0,True,15600.0,1100.0
"Jun 25, 2025",Papua,33,18450.0,True,15600.0,1100.0
"Jun 25, 2025",Papua Barat,34,16850.0,True,15600.0,1100.0
"Jun 26, 2025",Aceh,1,14400.0,True,15650.0,1100.0
"Jun 26, 2025",Sumatera Utara,2,14400.0,True,15650.0,1100.0
"Jun 26, 2025",Sumatera Barat,3,16850.0,True,15650.0,1100.0
"Jun 26, 2025",Riau,4,16350.0,True,15650.0,1100.0
"Jun 26, 2025",Kepulauan Riau,5,15100.0,True,15650.0,1100.0
"Jun 26, 2025",Jambi,6,15400.0,True,15650.0,1100.0
"Jun 26, 2025",Bengkulu,7,15500.0,True,15650.0,1100.0
"Jun 26, 2025",Sumatera Selatan,8,15200.0,True,15650.0,1100.0
"Jun 26, 2025",Kepulauan Bangka Belitung,9,15250.0,True,15650.0,1100.0
"Jun 26, 2025",Lampung,10,14650.0,True,15650.0,1100.0
"Jun 26, 2025",Banten,11,15200.0,True,15650.0,1100.0
"Jun 26, 2025",Jawa Barat,12,14750.0,True,15650.0,1100.0
"Jun 26, 2025",DKI Jakarta,13,16100.0,True,15650.0,1100.0
"Jun 26, 2025",Jawa Tengah,14,14900.0,True,15650.0,1100.0
"Jun 26, 2025",DI Yogyakarta,15,14450.0,True,15650.0,1100.0
"Jun 26, 2025",Jawa Timur,16,14550.0,True,15650.0,1100.0
"Jun 26, 2025",Bali,17,15550.0,True,15650.0,1100.0
"Jun 26, 2025",Nusa Tenggara Barat,18,13950.0,True,15650.0,1100.0
"Jun 26, 2025",Nusa Tenggara Timur,19,15250.0,True,15650.0,1100.0
"Jun 26, 2025",Kalimantan Barat,20,16400.0,True,15650.0,1100.0
"Jun 26, 2025",Kalimantan Selatan,21,17200.0,True,15650.0,1100.0
"Jun 26, 2025",Kalimantan Tengah,22,17500.0,True,15650.0,1100.0
"Jun 26, 2025",Kalimantan Timur,23,16350.0,True,15650.0,1100.0
"Jun 26, 2025",Kalimantan Utara,24,16650.0,True,15650.0,1100.0
"Jun 26, 2025",Gorontalo,25,15600.0,True,15650.0,1100.0
"Jun 26, 2025",Sulawesi Selatan,26,13700.0,True,15650.0,1100.0
"Jun 26, 2025",Sulawesi Tenggara,27,15800.0,True,15650.0,1100.0
"Jun 26, 2025",Sulawesi Tengah,28,15200.0,True,15650.0,1100.0
"Jun 26, 2025",Sulawesi Utara,29,16050.0,True,15650.0,1100.0
"Jun 26, 2025",Sulawesi Barat,30,14250.0,True,15650.0,1100.0
"Jun 26, 2025",Maluku,31,16950.0,True,15650.0,1100.0
"Jun 26, 2025",Maluku Utara,32,16700.0,True,15650.0,1100.0
"Jun 26, 2025",Papua,33,18450.0,True,15650.0,1100.0
"Jun 26, 2025",Papua Barat,34,16850.0,True,15650.0,1100.0
"Jun 27, 2025",Aceh,1,14400.0,True,15650.0,1100.0
"Jun 27, 2025",Sumatera Utara,2,14400.0,True,15650.0,1100.0
"Jun 27, 2025",Sumatera Barat,3,16850.0,True,15650.0,1100.0
"Jun 27, 2025",Riau,4,16350.0,True,15650.0,1100.0
"Jun 27, 2025",Kepulauan Riau,5,15150.0,True,15650.0,1100.0
"Jun 27, 2025",Jambi,6,15400.0,True,15650.0,1100.0
"Jun 27, 2025",Bengkulu,7,15500.0,True,15650.0,1100.0
"Jun 27, 2025",Sumatera Selatan,8,15200.0,True,15650.0,1100.0
"Jun 27, 2025",Kepulauan Bangka Belitung,9,15250.0,True,15650.0,1100.0
"Jun 27, 2025",Lampung,10,14650.0,True,15650.0,1100.0
"Jun 27, 2025",Banten,11,15200.0,True,15650.0,1100.0
"Jun 27, 2025",Jawa Barat,12,14750.0,True,15650.0,1100.0
"Jun 27, 2025",DKI Jakarta,13,16100.0,True,15650.0,1100.0
"Jun 27, 2025",Jawa Tengah,14,14900.0,True,15650.0,1100.0
"Jun 27, 2025",DI Yogyakarta,15,14450.0,True,15650.0,1100.0
"Jun 27, 2025",Jawa Timur,16,14550.0,True,15650.0,1100.0
"Jun 27, 2025",Bali,17,15550.0,True,15650.0,1100.0
"Jun 27, 2025",Nusa Tenggara Barat,18,13950.0,True,15650.0,1100.0
"Jun 27, 2025",Nusa Tenggara Timur,19,15250.0,True,15650.0,1100.0
"Jun 27, 2025",Kalimantan Barat,20,16400.0,True,15650.0,1100.0
"Jun 27, 2025",Kalimantan Selatan,21,17200.0,True,15650.0,1100.0
"Jun 27, 2025",Kalimantan Tengah,22,17500.0,True,15650.0,1100.0
"Jun 27, 2025",Kalimantan Timur,23,16350.0,True,15650.0,1100.0
"Jun 27, 2025",Kalimantan Utara,24,16650.0,True,15650.0,1100.0
"Jun 27, 2025",Gorontalo,25,15600.0,True,15650.0,1100.0
"Jun 27, 2025",Sulawesi Selatan,26,13700.0,True,15650.0,1100.0
"Jun 27, 2025",Sulawesi Tenggara,27,15800.0,True,15650.0,1100.0
"Jun 27, 2025",Sulawesi Tengah,28,15200.0,True,15650.0,1100.0
"Jun 27, 2025",Sulawesi Utara,29,16050.0,True,15650.0,1100.0
"Jun 27, 2025",Sulawesi Barat,30,14250.0,True,15650.0,1100.0
"Jun 27, 2025",Maluku,31,16950.0,True,15650.0,1100.0
"Jun 27, 2025",Maluku Utara,32,16700.0,True,15650.0,1100.0
"Jun 27, 2025",Papua,33,18450.0,True,15650.0,1100.0
"Jun 27, 2025",Papua Barat,34,16850.0,True,15650.0,1100.0
"Jun 28, 2025",Aceh,1,14400.0,True,15650.0,1100.0
"Jun 28, 2025",Sumatera Utara,2,14400.0,True,15650.0,1100.0
"Jun 28, 2025",Sumatera Barat,3,16850.0,True,15650.0,1100.0
"Jun 28, 2025",Riau,4,16350.0,True,15650.0,1100.0
"Jun 28, 2025",Kepulauan Riau,5,15150.0,True,15650.0,1100.0
"Jun 28, 2025",Jambi,6,15400.0,True,15650.0,1100.0
"Jun 28, 2025",Bengkulu,7,15500.0,True,15650.0,1100.0
"Jun 28, 2025",Sumatera Selatan,8,15200.0,True,15650.0,1100.0
"Jun 28, 2025",Kepulauan Bangka Belitung,9,15250.0,True,15650.0,1100.0
"Jun 28, 2025",Lampung,10,14650.0,True,15650.0,1100.0
"Jun 28, 2025",Banten,11,15200.0,True,15650.0,1100.0
"Jun 28, 2025",Jawa Barat,12,14750.0,True,15650.0,1100.0
"Jun 28, 2025",DKI Jakarta,13,16100.0,True,15650.0,1100.0
"Jun 28, 2025",Jawa Tengah,14,14900.0,True,15650.0,1100.0
"Jun 28, 2025",DI Yogyakarta,15,14450.0,True,15650.0,1100.0
"Jun 28, 2025",Jawa Timur,16,14550.0,True,15650.0,1100.0
"Jun 28, 2025",Bali,17,15550.0,True,15650.0,1100.0
"Jun 28, 2025",Nusa Tenggara Barat,18,13950.0,True,15650.0,1100.0
"Jun 28, 2025",Nusa Tenggara Timur,19,15250.0,True,15650.0,1100.0
"Jun 28, 2025",Kalimantan Barat,20,16400.0,True,15650.0,1100.0
"Jun 28, 2025",Kalimantan Selatan,21,17200.0,True,15650.0,1100.0
"Jun 28, 2025",Kalimantan Tengah,22,17500.0,True,15650.0,1100.0
"Jun 28, 2025",Kalimantan Timur,23,16350.0,True,15650.0,1100.0
"Jun 28, 2025",Kalimantan Utara,24,16650.0,True,15650.0,1100.0
"Jun 28, 2025",Gorontalo,25,15600.0,True,15650.0,1100.0
"Jun 28, 2025",Sulawesi Selatan,26,13700.0,True,15650.0,1100.0
"Jun 28, 2025",Sulawesi Tenggara,27,15800.0,True,15650.0,1100.0
"Jun 28, 2025",Sulawesi Tengah,28,15200.0,True,15650.0,1100.0
"Jun 28, 2025",Sulawesi Utara,29,16050.0,True,15650.0,1100.0
"Jun 28, 2025",Sulawesi Barat,30,14250.0,True,15650.0,1100.0
"Jun 28, 2025",Maluku,31,16950.0,True,15650.0,1100.0
"Jun 28, 2025",Maluku Utara,32,16700.0,True,15650.0,1100.0
"Jun 28, 2025",Papua,33,18450.0,True,15650.0,1100.0
"Jun 28, 2025",Papua Barat,34,16850.0,True,15650.0,1100.0
"Jun 29, 2025",Aceh,1,14400.0,True,15650.0,1100.0
"Jun 29, 2025",Sumatera Utara,2,14400.0,True,15650.0,1100.0
"Jun 29, 2025",Sumatera Barat,3,16850.0,True,15650.0,1100.0
"Jun 29, 2025",Riau,4,16350.0,True,15650.0,1100.0
"Jun 29, 2025",Kepulauan Riau,5,15150.0,True,15650.0,1100.0
"Jun 29, 2025",Jambi,6,15400.0,True,15650.0,1100.0
"Jun 29, 2025",Bengkulu,7,15500.0,True,15650.0,1100.0
"Jun 29, 2025",Sumatera Selatan,8,15200.0,True,15650.0,1100.0
"Jun 29, 2025",Kepulauan Bangka Belitung,9,15250.0,True,15650.0,1100.0
"Jun 29, 2025",Lampung,10,14650.0,True,15650.0,1100.0
"Jun 29, 2025",Banten,11,15200.0,True,15650.0,1100.0
"Jun 29, 2025",Jawa Barat,12,14750.0,True,15650.0,1100.0
"Jun 29, 2025",DKI Jakarta,13,16100.0,True,15650.0,1100.0
"Jun 29, 2025",Jawa Tengah,14,14900.0,True,15650.0,1100.0
"Jun 29, 2025",DI Yogyakarta,15,14450.0,True,15650.0,1100.0
"Jun 29, 2025",Jawa Timur,16,14550.0,True,15650.0,1100.0
"Jun 29, 2025",Bali,17,15550.0,True,15650.0,1100.0
"Jun 29, 2025",Nusa Tenggara Barat,18,13950.0,True,15650.0,1100.0
"Jun 29, 2025",Nusa Tenggara Timur,19,15250.0,True,15650.0,1100.0
"Jun 29, 2025",Kalimantan Barat,20,16400.0,True,15650.0,1100.0
"Jun 29, 2025",Kalimantan Selatan,21,17200.0,True,15650.0,1100.0
"Jun 29, 2025",Kalimantan Tengah,22,17500.0,True,15650.0,1100.0
"Jun 29, 2025",Kalimantan Timur,23,16350.0,True,15650.0,1100.0
"Jun 29, 2025",Kalimantan Utara,24,16650.0,True,15650.0,1100.0
"Jun 29, 2025",Gorontalo,25,15600.0,True,15650.0,1100.0
"Jun 29, 2025",Sulawesi Selatan,26,13700.0,True,15650.0,1100.0
"Jun 29, 2025",Sulawesi Tenggara,27,15800.0,True,15650.0,1100.0
"Jun 29, 2025",Sulawesi Tengah,28,15200.0,True,15650.0,1100.0
"Jun 29, 2025",Sulawesi Utara,29,16050.0,True,15650.0,1100.0
"Jun 29, 2025",Sulawesi Barat,30,14250.0,True,15650.0,1100.0
"Jun 29, 2025",Maluku,31,16950.0,True,15650.0,1100.0
"Jun 29, 2025",Maluku Utara,32,16700.0,True,15650.0,1100.0
"Jun 29, 2025",Papua,33,18450.0,True,15650.0,1100.0
"Jun 29, 2025",Papua Barat,34,16850.0,True,15650.0,1100.0
"Jun 30, 2025",Aceh,1,14400.0,True,15650.0,1100.0
"Jun 30, 2025",Sumatera Utara,2,14400.0,True,15650.0,1100.0
"Jun 30, 2025",Sumatera Barat,3,16900.0,True,15650.0,1100.0
"Jun 30, 2025",Riau,4,16350.0,True,15650.0,1100.0
"Jun 30, 2025",Kepulauan Riau,5,15100.0,True,15650.0,1100.0
"Jun 30, 2025",Jambi,6,15400.0,True,15650.0,1100.0
"Jun 30, 2025",Bengkulu,7,15500.0,True,15650.0,1100.0
"Jun 30, 2025",Sumatera Selatan,8,15200.0,True,15650.0,1100.0
"Jun 30, 2025",Kepulauan Bangka Belitung,9,15250.0,True,15650.0,1100.0
"Jun 30, 2025",Lampung,10,14700.0,True,15650.0,1100.0
"Jun 30, 2025",Banten,11,15200.0,True,15650.0,1100.0
"Jun 30, 2025",Jawa Barat,12,14750.0,True,15650.0,1100.0
"Jun 30, 2025",DKI Jakarta,13,16100.0,True,15650.0,1100.0
"Jun 30, 2025",Jawa Tengah,14,14950.0,True,15650.0,1100.0
"Jun 30, 2025",DI Yogyakarta,15,14450.0,True,15650.0,1100.0
"Jun 30, 2025",Jawa Timur,16,14550.0,True,15650.0,1100.0
"Jun 30, 2025",Bali,17,15600.0,True,15650.0,1100.0
"Jun 30, 2025",Nusa Tenggara Barat,18,13950.0,True,15650.0,1100.0
"Jun 30, 2025",Nusa Tenggara Timur,19,15250.0,True,15650.0,1100.0
"Jun 30, 2025",Kalimantan Barat,20,16400.0,True,15650.0,1100.0
"Jun 30, 2025",Kalimantan Selatan,21,17200.0,True,15650.0,1100.0
"Jun 30, 2025",Kalimantan Tengah,22,17500.0,True,15650.0,1100.0
"Jun 30, 2025",Kalimantan Timur,23,16400.0,True,15650.0,1100.0
"Jun 30, 2025",Kalimantan Utara,24,16750.0,True,15650.0,1100.0
"Jun 30, 2025",Gorontalo,25,15800.0,True,15650.0,1100.0
"Jun 30, 2025",Sulawesi Selatan,26,13700.0,True,15650.0,1100.0
"Jun 30, 2025",Sulawesi Tenggara,27,15900.0,True,15650.0,1100.0
"Jun 30, 2025",Sulawesi Tengah,28,15250.0,True,15650.0,1100.0
"Jun 30, 2025",Sulawesi Utara,29,16300.0,True,15650.0,1100.0
"Jun 30, 2025",Sulawesi Barat,30,14700.0,True,15650.0,1100.0
"Jun 30, 2025",Maluku,31,16950.0,True,15650.0,1100.0
"Jun 30, 2025",Maluku Utara,32,16700.0,True,15650.0,1100.0
"Jun 30, 2025",Papua,33,18450.0,True,15650.0,1100.0
"Jun 30, 2025",Papua Barat,34,16850.0,True,15650.0,1100.0
"Jul 1, 2025",Aceh,1,14500.0,True,15700.0,1100.0
"Jul 1, 2025",Sumatera Utara,2,14400.0,True,15700.0,1100.0
"Jul 1, 2025",Sumatera Barat,3,16900.0,True,15700.0,1100.0
"Jul 1, 2025",Riau,4,16350.0,True,15700.0,1100.0
"Jul 1, 2025",Kepulauan Riau,5,15100.0,True,15700.0,1100.0
"Jul 1, 2025",Jambi,6,15400.0,True,15700.0,1100.0
"Jul 1, 2025",Bengkulu,7,15500.0,True,15700.0,1100.0
"Jul 1, 2025",Sumatera Selatan,8,15200.0,True,15700.0,1100.0
"Jul 1, 2025",Kepulauan Bangka Belitung,9,15250.0,True,15700.0,1100.0
"Jul 1, 2025",Lampung,10,14650.0,True,15700.0,1100.0
"Jul 1, 2025",Banten,11,15200.0,True,15700.0,1100.0
"Jul 1, 2025",Jawa Barat,12,14750.0,True,15700.0,1100.0
"Jul 1, 2025",DKI Jakarta,13,16100.0,True,15700.0,1100.0
"Jul 1, 2025",Jawa Tengah,14,14900.0,True,15700.0,1100.0
"Jul 1, 2025",DI Yogyakarta,15,14450.0,True,15700.0,1100.0
"Jul 1, 2025",Jawa Timur,16,14550.0,True,15700.0,1100.0
"Jul 1, 2025",Bali,17,15600.0,True,15700.0,1100.0
"Jul 1, 2025",Nusa Tenggara Barat,18,13950.0,True,15700.0,1100.0
"Jul 1, 2025",Nusa Tenggara Timur,19,15250.0,True,15700.0,1100.0
"Jul 1, 2025",Kalimantan Barat,20,16400.0,True,15700.0,1100.0
"Jul 1, 2025",Kalimantan Selatan,21,17200.0,True,15700.0,1100.0
"Jul 1, 2025",Kalimantan Tengah,22,17500.0,True,15700.0,1100.0
"Jul 1, 2025",Kalimantan Timur,23,16400.0,True,15700.0,1100.0
"Jul 1, 2025",Kalimantan Utara,24,16750.0,True,15700.0,1100.0
"Jul 1, 2025",Gorontalo,25,15800.0,True,15700.0,1100.0
"Jul 1, 2025",Sulawesi Selatan,26,13700.0,True,15700.0,1100.0
"Jul 1, 2025",Sulawesi Tenggara,27,15950.0,True,15700.0,1100.0
"Jul 1, 2025",Sulawesi Tengah,28,15250.0,True,15700.0,1100.0
"Jul 1, 2025",Sulawesi Utara,29,16300.0,True,15700.0,1100.0
"Jul 1, 2025",Sulawesi Barat,30,14750.0,True,15700.0,1100.0
"Jul 1, 2025",Maluku,31,16950.0,True,15700.0,1100.0
"Jul 1, 2025",Maluku Utara,32,16700.0,True,15700.0,1100.0
"Jul 1, 2025",Papua,33,18450.0,True,15700.0,1100.0
"Jul 1, 2025",Papua Barat,34,16850.0,True,15700.0,1100.0
"Jul 2, 2025",Aceh,1,14500.0,True,15700.0,1100.0
"Jul 2, 2025",Sumatera Utara,2,14400.0,True,15700.0,1100.0
"Jul 2, 2025",Sumatera Barat,3,16900.0,True,15700.0,1100.0
"Jul 2, 2025",Riau,4,16300.0,True,15700.0,1100.0
"Jul 2, 2025",Kepulauan Riau,5,15100.0,True,15700.0,1100.0
"Jul 2, 2025",Jambi,6,15400.0,True,15700.0,1100.0
"Jul 2, 2025",Bengkulu,7,15500.0,True,15700.0,1100.0
"Jul 2, 2025",Sumatera Selatan,8,15200.0,True,15700.0,1100.0
"Jul 2, 2025",Kepulauan Bangka Belitung,9,15250.0,True,15700.0,1100.0
"Jul 2, 2025",Lampung,10,14650.0,True,15700.0,1100.0
"Jul 2, 2025",Banten,11,15200.0,True,15700.0,1100.0
"Jul 2, 2025",Jawa Barat,12,14750.0,True,15700.0,1100.0
"Jul 2, 2025",DKI Jakarta,13,16100.0,True,15700.0,1100.0
"Jul 2, 2025",Jawa Tengah,14,14900.0,True,15700.0,1100.0
"Jul 2, 2025",DI Yogyakarta,15,14450.0,True,15700.0,1100.0
"Jul 2, 2025",Jawa Timur,16,14550.0,True,15700.0,1100.0
"Jul 2, 2025",Bali,17,15600.0,True,15700.0,1100.0
"Jul 2, 2025",Nusa Tenggara Barat,18,13950.0,True,15700.0,1100.0
"Jul 2, 2025",Nusa Tenggara Timur,19,15250.0,True,15700.0,1100.0
"Jul 2, 2025",Kalimantan Barat,20,16400.0,True,15700.0,1100.0
"Jul 2, 2025",Kalimantan Selatan,21,17200.0,True,15700.0,1100.0
"Jul 2, 2025",Kalimantan Tengah,22,17500.0,True,15700.0,1100.0
"Jul 2, 2025",Kalimantan Timur,23,16400.0,True,15700.0,1100.0
"Jul 2, 2025",Kalimantan Utara,24,16850.0,True,15700.0,1100.0
"Jul 2, 2025",Gorontalo,25,15800.0,True,15700.0,1100.0
"Jul 2, 2025",Sulawesi Selatan,26,13700.0,True,15700.0,1100.0
"Jul 2, 2025",Sulawesi Tenggara,27,16000.0,True,15700.0,1100.0
"Jul 2, 2025",Sulawesi Tengah,28,15500.0,True,15700.0,1100.0
"Jul 2, 2025",Sulawesi Utara,29,16300.0,True,15700.0,1100.0
"Jul 2, 2025",Sulawesi Barat,30,14750.0,True,15700.0,1100.0
"Jul 2, 2025",Maluku,31,16950.0,True,15700.0,1100.0
"Jul 2, 2025",Maluku Utara,32,16700.0,True,15700.0,1100.0
"Jul 2, 2025",Papua,33,18450.0,True,15700.0,1100.0
"Jul 2, 2025",Papua Barat,34,16850.0,True,15700.0,1100.0
"Jul 3, 2025",Aceh,1,14500.0,True,15700.0,1100.0
"Jul 3, 2025",Sumatera Utara,2,14400.0,True,15700.0,1100.0
"Jul 3, 2025",Sumatera Barat,3,16900.0,True,15700.0,1100.0
"Jul 3, 2025",Riau,4,16300.0,True,15700.0,1100.0
"Jul 3, 2025",Kepulauan Riau,5,15100.0,True,15700.0,1100.0
"Jul 3, 2025",Jambi,6,15400.0,True,15700.0,1100.0
"Jul 3, 2025",Bengkulu,7,15500.0,True,15700.0,1100.0
"Jul 3, 2025",Sumatera Selatan,8,15200.0,True,15700.0,1100.0
"Jul 3, 2025",Kepulauan Bangka Belitung,9,15250.0,True,15700.0,1100.0
"Jul 3, 2025",Lampung,10,14650.0,True,15700.0,1100.0
"Jul 3, 2025",Banten,11,15300.0,True,15700.0,1100.0
"Jul 3, 2025",Jawa Barat,12,14750.0,True,15700.0,1100.0
"Jul 3, 2025",DKI Jakarta,13,16100.0,True,15700.0,1100.0
"Jul 3, 2025",Jawa Tengah,14,14950.0,True,15700.0,1100.0
"Jul 3, 2025",DI Yogyakarta,15,14450.0,True,15700.0,1100.0
"Jul 3, 2025",Jawa Timur,16,14600.0,True,15700.0,1100.0
"Jul 3, 2025",Bali,17,15600.0,True,15700.0,1100.0
"Jul 3, 2025",Nusa Tenggara Barat,18,13950.0,True,15700.0,1100.0
"Jul 3, 2025",Nusa Tenggara Timur,19,15250.0,True,15700.0,1100.0
"Jul 3, 2025",Kalimantan Barat,20,16400.0,True,15700.0,1100.0
"Jul 3, 2025",Kalimantan Selatan,21,17250.0,True,15700.0,1100.0
"Jul 3, 2025",Kalimantan Tengah,22,17500.0,True,15700.0,1100.0
"Jul 3, 2025",Kalimantan Timur,23,16400.0,True,15700.0,1100.0
"Jul 3, 2025",Kalimantan Utara,24,16850.0,True,15700.0,1100.0
"Jul 3, 2025",Gorontalo,25,16000.0,True,15700.0,1100.0
"Jul 3, 2025",Sulawesi Selatan,26,13700.0,True,15700.0,1100.0
"Jul 3, 2025",Sulawesi Tenggara,27,16100.0,True,15700.0,1100.0
"Jul 3, 2025",Sulawesi Tengah,28,15550.0,True,15700.0,1100.0
"Jul 3, 2025",Sulawesi Utara,29,16350.0,True,15700.0,1100.0
"Jul 3, 2025",Sulawesi Barat,30,14750.0,True,15700.0,1100.0
"Jul 3, 2025",Maluku,31,17000.0,True,15700.0,1100.0
"Jul 3, 2025",Maluku Utara,32,16700.0,True,15700.0,1100.0
"Jul 3, 2025",Papua,33,18400.0,True,15700.0,1100.0
"Jul 3, 2025",Papua Barat,34,16850.0,True,15700.0,1100.0
"Jul 4, 2025",Aceh,1,14550.0,True,15700.0,1100.0
"Jul 4, 2025",Sumatera Utara,2,14400.0,True,15700.0,1100.0
"Jul 4, 2025",Sumatera Barat,3,16900.0,True,15700.0,1100.0
"Jul 4, 2025",Riau,4,16300.0,True,15700.0,1100.0
"Jul 4, 2025",Kepulauan Riau,5,15100.0,True,15700.0,1100.0
"Jul 4, 2025",Jambi,6,15400.0,True,15700.0,1100.0
"Jul 4, 2025",Bengkulu,7,15500.0,True,15700.0,1100.0
"Jul 4, 2025",Sumatera Selatan,8,15150.0,True,15700.0,1100.0
"Jul 4, 2025",Kepulauan Bangka Belitung,9,15250.0,True,15700.0,1100.0
"Jul 4, 2025",Lampung,10,14650.0,True,15700.0,1100.0
"Jul 4, 2025",Banten,11,15300.0,True,15700.0,1100.0
"Jul 4, 2025",Jawa Barat,12,14750.0,True,15700.0,1100.0
"Jul 4, 2025",DKI Jakarta,13,16100.0,True,15700.0,1100.0
"Jul 4, 2025",Jawa Tengah,14,14950.0,True,15700.0,1100.0
"Jul 4, 2025",DI Yogyakarta,15,14450.0,True,15700.0,1100.0
"Jul 4, 2025",Jawa Timur,16,14600.0,True,15700.0,1100.0
"Jul 4, 2025",Bali,17,15600.0,True,15700.0,1100.0
"Jul 4, 2025",Nusa Tenggara Barat,18,13950.0,True,15700.0,1100.0
"Jul 4, 2025",Nusa Tenggara Timur,19,15250.0,True,15700.0,1100.0
"Jul 4, 2025",Kalimantan Barat,20,16400.0,True,15700.0,1100.0
"Jul 4, 2025",Kalimantan Selatan,21,17250.0,True,15700.0,1100.0
"Jul 4, 2025",Kalimantan Tengah,22,17500.0,True,15700.0,1100.0
"Jul 4, 2025",Kalimantan Timur,23,16400.0,True,15700.0,1100.0
"Jul 4, 2025",Kalimantan Utara,24,16850.0,True,15700.0,1100.0
"Jul 4, 2025",Gorontalo,25,16000.0,True,15700.0,1100.0
"Jul 4, 2025",Sulawesi Selatan,26,13700.0,True,15700.0,1100.0
"Jul 4, 2025",Sulawesi Tenggara,27,16150.0,True,15700.0,1100.0
"Jul 4, 2025",Sulawesi Tengah,28,15550.0,True,15700.0,1100.0
"Jul 4, 2025",Sulawesi Utara,29,16350.0,True,15700.0,1100.0
"Jul 4, 2025",Sulawesi Barat,30,14750.0,True,15700.0,1100.0
"Jul 4, 2025",Maluku,31,17000.0,True,15700.0,1100.0
"Jul 4, 2025",Maluku Utara,32,16700.0,True,15700.0,1100.0
"Jul 4, 2025",Papua,33,18400.0,True,15700.0,1100.0
"Jul 4, 2025",Papua Barat,34,16850.0,True,15700.0,1100.0
"Jul 5, 2025",Aceh,1,14550.0,True,15700.0,1100.0
"Jul 5, 2025",Sumatera Utara,2,14400.0,True,15700.0,1100.0
"Jul 5, 2025",Sumatera Barat,3,16900.0,True,15700.0,1100.0
"Jul 5, 2025",Riau,4,16300.0,True,15700.0,1100.0
"Jul 5, 2025",Kepulauan Riau,5,15100.0,True,15700.0,1100.0
"Jul 5, 2025",Jambi,6,15400.0,True,15700.0,1100.0
"Jul 5, 2025",Bengkulu,7,15500.0,True,15700.0,1100.0
"Jul 5, 2025",Sumatera Selatan,8,15150.0,True,15700.0,1100.0
"Jul 5, 2025",Kepulauan Bangka Belitung,9,15250.0,True,15700.0,1100.0
"Jul 5, 2025",Lampung,10,14650.0,True,15700.0,1100.0
"Jul 5, 2025",Banten,11,15300.0,True,15700.0,1100.0
"Jul 5, 2025",Jawa Barat,12,14750.0,True,15700.0,1100.0
"Jul 5, 2025",DKI Jakarta,13,16100.0,True,15700.0,1100.0
"Jul 5, 2025",Jawa Tengah,14,14950.0,True,15700.0,1100.0
"Jul 5, 2025",DI Yogyakarta,15,14450.0,True,15700.0,1100.0
"Jul 5, 2025",Jawa Timur,16,14600.0,True,15700.0,1100.0
"Jul 5, 2025",Bali,17,15600.0,True,15700.0,1100.0
"Jul 5, 2025",Nusa Tenggara Barat,18,13950.0,True,15700.0,1100.0
"Jul 5, 2025",Nusa Tenggara Timur,19,15250.0,True,15700.0,1100.0
"Jul 5, 2025",Kalimantan Barat,20,16400.0,True,15700.0,1100.0
"Jul 5, 2025",Kalimantan Selatan,21,17250.0,True,15700.0,1100.0
"Jul 5, 2025",Kalimantan Tengah,22,17500.0,True,15700.0,1100.0
"Jul 5, 2025",Kalimantan Timur,23,16400.0,True,15700.0,1100.0
"Jul 5, 2025",Kalimantan Utara,24,16850.0,True,15700.0,1100.0
"Jul 5, 2025",Gorontalo,25,16000.0,True,15700.0,1100.0
"Jul 5, 2025",Sulawesi Selatan,26,13700.0,True,15700.0,1100.0
"Jul 5, 2025",Sulawesi Tenggara,27,16150.0,True,15700.0,1100.0
"Jul 5, 2025",Sulawesi Tengah,28,15550.0,True,15700.0,1100.0
"Jul 5, 2025",Sulawesi Utara,29,16350.0,True,15700.0,1100.0
"Jul 5, 2025",Sulawesi Barat,30,14750.0,True,15700.0,1100.0
"Jul 5, 2025",Maluku,31,17000.0,True,15700.0,1100.0
"Jul 5, 2025",Maluku Utara,32,16700.0,True,15700.0,1100.0
"Jul 5, 2025",Papua,33,18400.0,True,15700.0,1100.0
"Jul 5, 2025",Papua Barat,34,16850.0,True,15700.0,1100.0
"Jul 6, 2025",Aceh,1,14550.0,True,15700.0,1100.0
"Jul 6, 2025",Sumatera Utara,2,14400.0,True,15700.0,1100.0
"Jul 6, 2025",Sumatera Barat,3,16900.0,True,15700.0,1100.0
"Jul 6, 2025",Riau,4,16300.0,True,15700.0,1100.0
"Jul 6, 2025",Kepulauan Riau,5,15100.0,True,15700.0,1100.0
"Jul 6, 2025",Jambi,6,15400.0,True,15700.0,1100.0
"Jul 6, 2025",Bengkulu,7,15500.0,True,15700.0,1100.0
"Jul 6, 2025",Sumatera Selatan,8,15150.0,True,15700.0,1100.0
"Jul 6, 2025",Kepulauan Bangka Belitung,9,15250.0,True,15700.0,1100.0
"Jul 6, 2025",Lampung,10,14650.0,True,15700.0,1100.0
"Jul 6, 2025",Banten,11,15300.0,True,15700.0,1100.0
"Jul 6, 2025",Jawa Barat,12,14750.0,True,15700.0,1100.0
"Jul 6, 2025",DKI Jakarta,13,16100.0,True,15700.0,1100.0
"Jul 6, 2025",Jawa Tengah,14,14950.0,True,15700.0,1100.0
"Jul 6, 2025",DI Yogyakarta,15,14450.0,True,15700.0,1100.0
"Jul 6, 2025",Jawa Timur,16,14600.0,True,15700.0,1100.0
"Jul 6, 2025",Bali,17,15600.0,True,15700.0,1100.0
"Jul 6, 2025",Nusa Tenggara Barat,18,13950.0,True,15700.0,1100.0
"Jul 6, 2025",Nusa Tenggara Timur,19,15250.0,True,15700.0,1100.0
"Jul 6, 2025",Kalimantan Barat,20,16400.0,True,15700.0,1100.0
"Jul 6, 2025",Kalimantan Selatan,21,17250.0,True,15700.0,1100.0
"Jul 6, 2025",Kalimantan Tengah,22,17500.0,True,15700.0,1100.0
"Jul 6, 2025",Kalimantan Timur,23,16400.0,True,15700.0,1100.0
"Jul 6, 2025",Kalimantan Utara,24,16850.0,True,15700.0,1100.0
"Jul 6, 2025",Gorontalo,25,16000.0,True,15700.0,1100.0
"Jul 6, 2025",Sulawesi Selatan,26,13700.0,True,15700.0,1100.0
"Jul 6, 2025",Sulawesi Tenggara,27,16150.0,True,15700.0,1100.0
"Jul 6, 2025",Sulawesi Tengah,28,15550.0,True,15700.0,1100.0
"Jul 6, 2025",Sulawesi Utara,29,16350.0,True,15700.0,1100.0
"Jul 6, 2025",Sulawesi Barat,30,14750.0,True,15700.0,1100.0
"Jul 6, 2025",Maluku,31,17000.0,True,15700.0,1100.0
"Jul 6, 2025",Maluku Utara,32,16700.0,True,15700.0,1100.0
"Jul 6, 2025",Papua,33,18400.0,True,15700.0,1100.0
"Jul 6, 2025",Papua Barat,34,16850.0,True,15700.0,1100.0
"Jul 7, 2025",Aceh,1,14550.0,True,15750.0,1050.0
"Jul 7, 2025",Sumatera Utara,2,14500.0,True,15750.0,1050.0
"Jul 7, 2025",Sumatera Barat,3,16850.0,True,15750.0,1050.0
"Jul 7, 2025",Riau,4,16300.0,True,15750.0,1050.0
"Jul 7, 2025",Kepulauan Riau,5,15150.0,True,15750.0,1050.0
"Jul 7, 2025",Jambi,6,15400.0,True,15750.0,1050.0
"Jul 7, 2025",Bengkulu,7,15500.0,True,15750.0,1050.0
"Jul 7, 2025",Sumatera Selatan,8,15200.0,True,15750.0,1050.0
"Jul 7, 2025",Kepulauan Bangka Belitung,9,15250.0,True,15750.0,1050.0
"Jul 7, 2025",Lampung,10,14650.0,True,15750.0,1050.0
"Jul 7, 2025",Banten,11,15300.0,True,15750.0,1050.0
"Jul 7, 2025",Jawa Barat,12,14800.0,True,15750.0,1050.0
"Jul 7, 2025",DKI Jakarta,13,16100.0,True,15750.0,1050.0
"Jul 7, 2025",Jawa Tengah,14,14950.0,True,15750.0,1050.0
"Jul 7, 2025",DI Yogyakarta,15,14450.0,True,15750.0,1050.0
"Jul 7, 2025",Jawa Timur,16,14600.0,True,15750.0,1050.0
"Jul 7, 2025",Bali,17,15600.0,True,15750.0,1050.0
"Jul 7, 2025",Nusa Tenggara Barat,18,13950.0,True,15750.0,1050.0
"Jul 7, 2025",Nusa Tenggara Timur,19,15250.0,True,15750.0,1050.0
"Jul 7, 2025",Kalimantan Barat,20,16400.0,True,15750.0,1050.0
"Jul 7, 2025",Kalimantan Selatan,21,17250.0,True,15750.0,1050.0
"Jul 7, 2025",Kalimantan Tengah,22,17500.0,True,15750.0,1050.0
"Jul 7, 2025",Kalimantan Timur,23,16400.0,True,15750.0,1050.0
"Jul 7, 2025",Kalimantan Utara,24,16950.0,True,15750.0,1050.0
"Jul 7, 2025",Gorontalo,25,16050.0,True,15750.0,1050.0
"Jul 7, 2025",Sulawesi Selatan,26,13850.0,True,15750.0,1050.0
"Jul 7, 2025",Sulawesi Tenggara,27,16150.0,True,15750.0,1050.0
"Jul 7, 2025",Sulawesi Tengah,28,15750.0,True,15750.0,1050.0
"Jul 7, 2025",Sulawesi Utara,29,16350.0,True,15750.0,1050.0
"Jul 7, 2025",Sulawesi Barat,30,14950.0,True,15750.0,1050.0
"Jul 7, 2025",Maluku,31,17100.0,True,15750.0,1050.0
"Jul 7, 2025",Maluku Utara,32,16700.0,True,15750.0,1050.0
"Jul 7, 2025",Papua,33,18450.0,True,15750.0,1050.0
"Jul 7, 2025",Papua Barat,34,16850.0,True,15750.0,1050.0
"Jul 8, 2025",Aceh,1,14550.0,True,15750.0,1050.0
"Jul 8, 2025",Sumatera Utara,2,14500.0,True,15750.0,1050.0
"Jul 8, 2025",Sumatera Barat,3,16850.0,True,15750.0,1050.0
"Jul 8, 2025",Riau,4,16300.0,True,15750.0,1050.0
"Jul 8, 2025",Kepulauan Riau,5,15150.0,True,15750.0,1050.0
"Jul 8, 2025",Jambi,6,15400.0,True,15750.0,1050.0
"Jul 8, 2025",Bengkulu,7,15600.0,True,15750.0,1050.0
"Jul 8, 2025",Sumatera Selatan,8,15200.0,True,15750.0,1050.0
"Jul 8, 2025",Kepulauan Bangka Belitung,9,15250.0,True,15750.0,1050.0
"Jul 8, 2025",Lampung,10,14650.0,True,15750.0,1050.0
"Jul 8, 2025",Banten,11,15300.0,True,15750.0,1050.0
"Jul 8, 2025",Jawa Barat,12,14800.0,True,15750.0,1050.0
"Jul 8, 2025",DKI Jakarta,13,16100.0,True,15750.0,1050.0
"Jul 8, 2025",Jawa Tengah,14,14950.0,True,15750.0,1050.0
"Jul 8, 2025",DI Yogyakarta,15,14450.0,True,15750.0,1050.0
"Jul 8, 2025",Jawa Timur,16,14600.0,True,15750.0,1050.0
"Jul 8, 2025",Bali,17,15600.0,True,15750.0,1050.0
"Jul 8, 2025",Nusa Tenggara Barat,18,13950.0,True,15750.0,1050.0
"Jul 8, 2025",Nusa Tenggara Timur,19,15300.0,True,15750.0,1050.0
"Jul 8, 2025",Kalimantan Barat,20,16400.0,True,15750.0,1050.0
"Jul 8, 2025",Kalimantan Selatan,21,17250.0,True,15750.0,1050.0
"Jul 8, 2025",Kalimantan Tengah,22,17500.0,True,15750.0,1050.0
"Jul 8, 2025",Kalimantan Timur,23,16450.0,True,15750.0,1050.0
"Jul 8, 2025",Kalimantan Utara,24,16950.0,True,15750.0,1050.0
"Jul 8, 2025",Gorontalo,25,16100.0,True,15750.0,1050.0
"Jul 8, 2025",Sulawesi Selatan,26,13950.0,True,15750.0,1050.0
"Jul 8, 2025",Sulawesi Tenggara,27,16200.0,True,15750.0,1050.0
"Jul 8, 2025",Sulawesi Tengah,28,15800.0,True,15750.0,1050.0
"Jul 8, 2025",Sulawesi Utara,29,16350.0,True,15750.0,1050.0
"Jul 8, 2025",Sulawesi Barat,30,14950.0,True,15750.0,1050.0
"Jul 8, 2025",Maluku,31,17100.0,True,15750.0,1050.0
"Jul 8, 2025",Maluku Utara,32,16700.0,True,15750.0,1050.0
"Jul 8, 2025",Papua,33,18450.0,True,15750.0,1050.0
"Jul 8, 2025",Papua Barat,34,16850.0,True,15750.0,1050.0
"Jul 9, 2025",Aceh,1,14550.0,True,15750.0,1050.0
"Jul 9, 2025",Sumatera Utara,2,14550.0,True,15750.0,1050.0
"Jul 9, 2025",Sumatera Barat,3,16850.0,True,15750.0,1050.0
"Jul 9, 2025",Riau,4,16300.0,True,15750.0,1050.0
"Jul 9, 2025",Kepulauan Riau,5,15150.0,True,15750.0,1050.0
"Jul 9, 2025",Jambi,6,15400.0,True,15750.0,1050.0
"Jul 9, 2025",Bengkulu,7,15600.0,True,15750.0,1050.0
"Jul 9, 2025",Sumatera Selatan,8,15200.0,True,15750.0,1050.0
"Jul 9, 2025",Kepulauan Bangka Belitung,9,15250.0,True,15750.0,1050.0
"Jul 9, 2025",Lampung,10,14650.0,True,15750.0,1050.0
"Jul 9, 2025",Banten,11,15700.0,True,15750.0,1050.0
"Jul 9, 2025",Jawa Barat,12,14800.0,True,15750.0,1050.0
"Jul 9, 2025",DKI Jakarta,13,16100.0,True,15750.0,1050.0
"Jul 9, 2025",Jawa Tengah,14,14950.0,True,15750.0,1050.0
"Jul 9, 2025",DI Yogyakarta,15,14450.0,True,15750.0,1050.0
"Jul 9, 2025",Jawa Timur,16,14600.0,True,15750.0,1050.0
"Jul 9, 2025",Bali,17,15600.0,True,15750.0,1050.0
"Jul 9, 2025",Nusa Tenggara Barat,18,13950.0,True,15750.0,1050.0
"Jul 9, 2025",Nusa Tenggara Timur,19,15300.0,True,15750.0,1050.0
"Jul 9, 2025",Kalimantan Barat,20,16400.0,True,15750.0,1050.0
"Jul 9, 2025",Kalimantan Selatan,21,17250.0,True,15750.0,1050.0
"Jul 9, 2025",Kalimantan Tengah,22,17500.0,True,15750.0,1050.0
"Jul 9, 2025",Kalimantan Timur,23,16450.0,True,15750.0,1050.0
"Jul 9, 2025",Kalimantan Utara,24,16950.0,True,15750.0,1050.0
"Jul 9, 2025",Gorontalo,25,16000.0,True,15750.0,1050.0
"Jul 9, 2025",Sulawesi Selatan,26,13950.0,True,15750.0,1050.0
"Jul 9, 2025",Sulawesi Tenggara,27,16350.0,True,15750.0,1050.0
"Jul 9, 2025",Sulawesi Tengah,28,15800.0,True,15750.0,1050.0
"Jul 9, 2025",Sulawesi Utara,29,16400.0,True,15750.0,1050.0
"Jul 9, 2025",Sulawesi Barat,30,14950.0,True,15750.0,1050.0
"Jul 9, 2025",Maluku,31,17100.0,True,15750.0,1050.0
"Jul 9, 2025",Maluku Utara,32,16700.0,True,15750.0,1050.0
"Jul 9, 2025",Papua,33,18450.0,True,15750.0,1050.0
"Jul 9, 2025",Papua Barat,34,16850.0,True,15750.0,1050.0
"Jul 10, 2025",Aceh,1,14650.0,True,15800.0,1050.0
"Jul 10, 2025",Sumatera Utara,2,14550.0,True,15800.0,1050.0
"Jul 10, 2025",Sumatera Barat,3,16850.0,True,15800.0,1050.0
"Jul 10, 2025",Riau,4,16300.0,True,15800.0,1050.0
"Jul 10, 2025",Kepulauan Riau,5,15150.0,True,15800.0,1050.0
"Jul 10, 2025",Jambi,6,15400.0,True,15800.0,1050.0
"Jul 10, 2025",Bengkulu,7,15600.0,True,15800.0,1050.0
"Jul 10, 2025",Sumatera Selatan,8,15200.0,True,15800.0,1050.0
"Jul 10, 2025",Kepulauan Bangka Belitung,9,15250.0,True,15800.0,1050.0
"Jul 10, 2025",Lampung,10,14700.0,True,15800.0,1050.0
"Jul 10, 2025",Banten,11,15700.0,True,15800.0,1050.0
"Jul 10, 2025",Jawa Barat,12,14800.0,True,15800.0,1050.0
"Jul 10, 2025",DKI Jakarta,13,16100.0,True,15800.0,1050.0
"Jul 10, 2025",Jawa Tengah,14,14950.0,True,15800.0,1050.0
"Jul 10, 2025",DI Yogyakarta,15,14450.0,True,15800.0,1050.0
"Jul 10, 2025",Jawa Timur,16,14600.0,True,15800.0,1050.0
"Jul 10, 2025",Bali,17,15600.0,True,15800.0,1050.0
"Jul 10, 2025",Nusa Tenggara Barat,18,13950.0,True,15800.0,1050.0
"Jul 10, 2025",Nusa Tenggara Timur,19,15300.0,True,15800.0,1050.0
"Jul 10, 2025",Kalimantan Barat,20,16400.0,True,15800.0,1050.0
"Jul 10, 2025",Kalimantan Selatan,21,17250.0,True,15800.0,1050.0
"Jul 10, 2025",Kalimantan Tengah,22,17500.0,True,15800.0,1050.0
"Jul 10, 2025",Kalimantan Timur,23,16450.0,True,15800.0,1050.0
"Jul 10, 2025",Kalimantan Utara,24,16950.0,True,15800.0,1050.0
"Jul 10, 2025",Gorontalo,25,16000.0,True,15800.0,1050.0
"Jul 10, 2025",Sulawesi Selatan,26,13950.0,True,15800.0,1050.0
"Jul 10, 2025",Sulawesi Tenggara,27,16400.0,True,15800.0,1050.0
"Jul 10, 2025",Sulawesi Tengah,28,16000.0,True,15800.0,1050.0
"Jul 10, 2025",Sulawesi Utara,29,16400.0,True,15800.0,1050.0
"Jul 10, 2025",Sulawesi Barat,30,14950.0,True,15800.0,1050.0
"Jul 10, 2025",Maluku,31,17100.0,True,15800.0,1050.0
"Jul 10, 2025",Maluku Utara,32,16700.0,True,15800.0,1050.0
"Jul 10, 2025",Papua,33,18450.0,True,15800.0,1050.0
"Jul 10, 2025",Papua Barat,34,16900.0,True,15800.0,1050.0
"Jul 11, 2025",Aceh,1,14650.0,True,15800.0,1050.0
"Jul 11, 2025",Sumatera Utara,2,14600.0,True,15800.0,1050.0
"Jul 11, 2025",Sumatera Barat,3,16850.0,True,15800.0,1050.0
"Jul 11, 2025",Riau,4,16300.0,True,15800.0,1050.0
"Jul 11, 2025",Kepulauan Riau,5,15150.0,True,15800.0,1050.0
"Jul 11, 2025",Jambi,6,15400.0,True,15800.0,1050.0
"Jul 11, 2025",Bengkulu,7,15600.0,True,15800.0,1050.0
"Jul 11, 2025",Sumatera Selatan,8,15200.0,True,15800.0,1050.0
"Jul 11, 2025",Kepulauan Bangka Belitung,9,15250.0,True,15800.0,1050.0
"Jul 11, 2025",Lampung,10,14700.0,True,15800.0,1050.0
"Jul 11, 2025",Banten,11,15700.0,True,15800.0,1050.0
"Jul 11, 2025",Jawa Barat,12,14800.0,True,15800.0,1050.0
"Jul 11, 2025",DKI Jakarta,13,16100.0,True,15800.0,1050.0
"Jul 11, 2025",Jawa Tengah,14,14950.0,True,15800.0,1050.0
"Jul 11, 2025",DI Yogyakarta,15,14450.0,True,15800.0,1050.0
"Jul 11, 2025",Jawa Timur,16,14600.0,True,15800.0,1050.0
"Jul 11, 2025",Bali,17,15600.0,True,15800.0,1050.0
"Jul 11, 2025",Nusa Tenggara Barat,18,13950.0,True,15800.0,1050.0
"Jul 11, 2025",Nusa Tenggara Timur,19,15300.0,True,15800.0,1050.0
"Jul 11, 2025",Kalimantan Barat,20,16400.0,True,15800.0,1050.0
"Jul 11, 2025",Kalimantan Selatan,21,17250.0,True,15800.0,1050.0
"Jul 11, 2025",Kalimantan Tengah,22,17500.0,True,15800.0,1050.0
"Jul 11, 2025",Kalimantan Timur,23,16400.0,True,15800.0,1050.0
"Jul 11, 2025",Kalimantan Utara,24,16950.0,True,15800.0,1050.0
"Jul 11, 2025",Gorontalo,25,16050.0,True,15800.0,1050.0
"Jul 11, 2025",Sulawesi Selatan,26,14000.0,True,15800.0,1050.0
"Jul 11, 2025",Sulawesi Tenggara,27,16400.0,True,15800.0,1050.0
"Jul 11, 2025",Sulawesi Tengah,28,16050.0,True,15800.0,1050.0
"Jul 11, 2025",Sulawesi Utara,29,16400.0,True,15800.0,1050.0
"Jul 11, 2025",Sulawesi Barat,30,14950.0,True,15800.0,1050.0
"Jul 11, 2025",Maluku,31,17150.0,True,15800.0,1050.0
"Jul 11, 2025",Maluku Utara,32,16700.0,True,15800.0,1050.0
"Jul 11, 2025",Papua,33,18450.0,True,15800.0,1050.0
"Jul 11, 2025",Papua Barat,34,16900.0,True,15800.0,1050.0
"Jul 12, 2025",Aceh,1,14650.0,True,15800.0,1050.0
"Jul 12, 2025",Sumatera Utara,2,14600.0,True,15800.0,1050.0
"Jul 12, 2025",Sumatera Barat,3,16850.0,True,15800.0,1050.0
"Jul 12, 2025",Riau,4,16300.0,True,15800.0,1050.0
"Jul 12, 2025",Kepulauan Riau,5,15150.0,True,15800.0,1050.0
"Jul 12, 2025",Jambi,6,15400.0,True,15800.0,1050.0
"Jul 12, 2025",Bengkulu,7,15600.0,True,15800.0,1050.0
"Jul 12, 2025",Sumatera Selatan,8,15200.0,True,15800.0,1050.0
"Jul 12, 2025",Kepulauan Bangka Belitung,9,15250.0,True,15800.0,1050.0
"Jul 12, 2025",Lampung,10,14700.0,True,15800.0,1050.0
"Jul 12, 2025",Banten,11,15700.0,True,15800.0,1050.0
"Jul 12, 2025",Jawa Barat,12,14800.0,True,15800.0,1050.0
"Jul 12, 2025",DKI Jakarta,13,16100.0,True,15800.0,1050.0
"Jul 12, 2025",Jawa Tengah,14,14950.0,True,15800.0,1050.0
"Jul 12, 2025",DI Yogyakarta,15,14450.0,True,15800.0,1050.0
"Jul 12, 2025",Jawa Timur,16,14600.0,True,15800.0,1050.0
"Jul 12, 2025",Bali,17,15600.0,True,15800.0,1050.0
"Jul 12, 2025",Nusa Tenggara Barat,18,13950.0,True,15800.0,1050.0
"Jul 12, 2025",Nusa Tenggara Timur,19,15300.0,True,15800.0,1050.0
"Jul 12, 2025",Kalimantan Barat,20,16400.0,True,15800.0,1050.0
"Jul 12, 2025",Kalimantan Selatan,21,17250.0,True,15800.0,1050.0
"Jul 12, 2025",Kalimantan Tengah,22,17500.0,True,15800.0,1050.0
"Jul 12, 2025",Kalimantan Timur,23,16400.0,True,15800.0,1050.0
"Jul 12, 2025",Kalimantan Utara,24,16950.0,True,15800.0,1050.0
"Jul 12, 2025",Gorontalo,25,16050.0,True,15800.0,1050.0
"Jul 12, 2025",Sulawesi Selatan,26,14000.0,True,15800.0,1050.0
"Jul 12, 2025",Sulawesi Tenggara,27,16400.0,True,15800.0,1050.0
"Jul 12, 2025",Sulawesi Tengah,28,16050.0,True,15800.0,1050.0
"Jul 12, 2025",Sulawesi Utara,29,16400.0,True,15800.0,1050.0
"Jul 12, 2025",Sulawesi Barat,30,14950.0,True,15800.0,1050.0
"Jul 12, 2025",Maluku,31,17150.0,True,15800.0,1050.0
"Jul 12, 2025",Maluku Utara,32,16700.0,True,15800.0,1050.0
"Jul 12, 2025",Papua,33,18450.0,True,15800.0,1050.0
"Jul 12, 2025",Papua Barat,34,16900.0,True,15800.0,1050.0
"Jul 13, 2025",Aceh,1,14650.0,True,15800.0,1050.0
"Jul 13, 2025",Sumatera Utara,2,14600.0,True,15800.0,1050.0
"Jul 13, 2025",Sumatera Barat,3,16850.0,True,15800.0,1050.0
"Jul 13, 2025",Riau,4,16300.0,True,15800.0,1050.0
"Jul 13, 2025",Kepulauan Riau,5,15150.0,True,15800.0,1050.0
"Jul 13, 2025",Jambi,6,15400.0,True,15800.0,1050.0
"Jul 13, 2025",Bengkulu,7,15600.0,True,15800.0,1050.0
"Jul 13, 2025",Sumatera Selatan,8,15200.0,True,15800.0,1050.0
"Jul 13, 2025",Kepulauan Bangka Belitung,9,15250.0,True,15800.0,1050.0
"Jul 13, 2025",Lampung,10,14700.0,True,15800.0,1050.0
"Jul 13, 2025",Banten,11,15700.0,True,15800.0,1050.0
"Jul 13, 2025",Jawa Barat,12,14800.0,True,15800.0,1050.0
"Jul 13, 2025",DKI Jakarta,13,16100.0,True,15800.0,1050.0
"Jul 13, 2025",Jawa Tengah,14,14950.0,True,15800.0,1050.0
"Jul 13, 2025",DI Yogyakarta,15,14450.0,True,15800.0,1050.0
"Jul 13, 2025",Jawa Timur,16,14600.0,True,15800.0,1050.0
"Jul 13, 2025",Bali,17,15600.0,True,15800.0,1050.0
"Jul 13, 2025",Nusa Tenggara Barat,18,13950.0,True,15800.0,1050.0
"Jul 13, 2025",Nusa Tenggara Timur,19,15300.0,True,15800.0,1050.0
"Jul 13, 2025",Kalimantan Barat,20,16400.0,True,15800.0,1050.0
"Jul 13, 2025",Kalimantan Selatan,21,17250.0,True,15800.0,1050.0
"Jul 13, 2025",Kalimantan Tengah,22,17500.0,True,15800.0,1050.0
"Jul 13, 2025",Kalimantan Timur,23,16400.0,True,15800.0,1050.0
"Jul 13, 2025",Kalimantan Utara,24,16950.0,True,15800.0,1050.0
"Jul 13, 2025",Gorontalo,25,16050.0,True,15800.0,1050.0
"Jul 13, 2025",Sulawesi Selatan,26,14000.0,True,15800.0,1050.0
"Jul 13, 2025",Sulawesi Tenggara,27,16400.0,True,15800.0,1050.0
"Jul 13, 2025",Sulawesi Tengah,28,16050.0,True,15800.0,1050.0
"Jul 13, 2025",Sulawesi Utara,29,16400.0,True,15800.0,1050.0
"Jul 13, 2025",Sulawesi Barat,30,14950.0,True,15800.0,1050.0
"Jul 13, 2025",Maluku,31,17150.0,True,15800.0,1050.0
"Jul 13, 2025",Maluku Utara,32,16700.0,True,15800.0,1050.0
"Jul 13, 2025",Papua,33,18450.0,True,15800.0,1050.0
"Jul 13, 2025",Papua Barat,34,16900.0,True,15800.0,1050.0
"Jul 14, 2025",Aceh,1,14650.0,True,15800.0,1050.0
"Jul 14, 2025",Sumatera Utara,2,14650.0,True,15800.0,1050.0
"Jul 14, 2025",Sumatera Barat,3,16850.0,True,15800.0,1050.0
"Jul 14, 2025",Riau,4,16300.0,True,15800.0,1050.0
"Jul 14, 2025",Kepulauan Riau,5,15150.0,True,15800.0,1050.0
"Jul 14, 2025",Jambi,6,15400.0,True,15800.0,1050.0
"Jul 14, 2025",Bengkulu,7,15600.0,True,15800.0,1050.0
"Jul 14, 2025",Sumatera Selatan,8,15250.0,True,15800.0,1050.0
"Jul 14, 2025",Kepulauan Bangka Belitung,9,15350.0,True,15800.0,1050.0
"Jul 14, 2025",Lampung,10,14700.0,True,15800.0,1050.0
"Jul 14, 2025",Banten,11,15700.0,True,15800.0,1050.0
"Jul 14, 2025",Jawa Barat,12,14800.0,True,15800.0,1050.0
"Jul 14, 2025",DKI Jakarta,13,16200.0,True,15800.0,1050.0
"Jul 14, 2025",Jawa Tengah,14,14950.0,True,15800.0,1050.0
"Jul 14, 2025",DI Yogyakarta,15,14450.0,True,15800.0,1050.0
"Jul 14, 2025",Jawa Timur,16,14650.0,True,15800.0,1050.0
"Jul 14, 2025",Bali,17,15600.0,True,15800.0,1050.0
"Jul 14, 2025",Nusa Tenggara Barat,18,13950.0,True,15800.0,1050.0
"Jul 14, 2025",Nusa Tenggara Timur,19,15300.0,True,15800.0,1050.0
"Jul 14, 2025",Kalimantan Barat,20,16400.0,True,15800.0,1050.0
"Jul 14, 2025",Kalimantan Selatan,21,17250.0,True,15800.0,1050.0
"Jul 14, 2025",Kalimantan Tengah,22,17500.0,True,15800.0,1050.0
"Jul 14, 2025",Kalimantan Timur,23,16400.0,True,15800.0,1050.0
"Jul 14, 2025",Kalimantan Utara,24,16950.0,True,15800.0,1050.0
"Jul 14, 2025",Gorontalo,25,16100.0,True,15800.0,1050.0
"Jul 14, 2025",Sulawesi Selatan,26,14100.0,True,15800.0,1050.0
"Jul 14, 2025",Sulawesi Tenggara,27,16500.0,True,15800.0,1050.0
"Jul 14, 2025",Sulawesi Tengah,28,16050.0,True,15800.0,1050.0
"Jul 14, 2025",Sulawesi Utara,29,16450.0,True,15800.0,1050.0
"Jul 14, 2025",Sulawesi Barat,30,14950.0,True,15800.0,1050.0
"Jul 14, 2025",Maluku,31,17150.0,True,15800.0,1050.0
"Jul 14, 2025",Maluku Utara,32,16700.0,True,15800.0,1050.0
"Jul 14, 2025",Papua,33,18450.0,True,15800.0,1050.0
"Jul 14, 2025",Papua Barat,34,16950.0,True,15800.0,1050.0
"Jul 15, 2025",Aceh,1,14750.0,True,15800.0,1050.0
"Jul 15, 2025",Sumatera Utara,2,14650.0,True,15800.0,1050.0
"Jul 15, 2025",Sumatera Barat,3,16850.0,True,15800.0,1050.0
"Jul 15, 2025",Riau,4,16300.0,True,15800.0,1050.0
"Jul 15, 2025",Kepulauan Riau,5,15150.0,True,15800.0,1050.0
"Jul 15, 2025",Jambi,6,15400.0,True,15800.0,1050.0
"Jul 15, 2025",Bengkulu,7,15600.0,True,15800.0,1050.0
"Jul 15, 2025",Sumatera Selatan,8,15200.0,True,15800.0,1050.0
"Jul 15, 2025",Kepulauan Bangka Belitung,9,15350.0,True,15800.0,1050.0
"Jul 15, 2025",Lampung,10,14750.0,True,15800.0,1050.0
"Jul 15, 2025",Banten,11,15700.0,True,15800.0,1050.0
"Jul 15, 2025",Jawa Barat,12,14800.0,True,15800.0,1050.0
"Jul 15, 2025",DKI Jakarta,13,16200.0,True,15800.0,1050.0
"Jul 15, 2025",Jawa Tengah,14,14950.0,True,15800.0,1050.0
"Jul 15, 2025",DI Yogyakarta,15,14450.0,True,15800.0,1050.0
"Jul 15, 2025",Jawa Timur,16,14650.0,True,15800.0,1050.0
"Jul 15, 2025",Bali,17,15600.0,True,15800.0,1050.0
"Jul 15, 2025",Nusa Tenggara Barat,18,14000.0,True,15800.0,1050.0
"Jul 15, 2025",Nusa Tenggara Timur,19,15300.0,True,15800.0,1050.0
"Jul 15, 2025",Kalimantan Barat,20,16400.0,True,15800.0,1050.0
"Jul 15, 2025",Kalimantan Selatan,21,17350.0,True,15800.0,1050.0
"Jul 15, 2025",Kalimantan Tengah,22,17500.0,True,15800.0,1050.0
"Jul 15, 2025",Kalimantan Timur,23,16400.0,True,15800.0,1050.0
"Jul 15, 2025",Kalimantan Utara,24,16950.0,True,15800.0,1050.0
"Jul 15, 2025",Gorontalo,25,16100.0,True,15800.0,1050.0
"Jul 15, 2025",Sulawesi Selatan,26,14100.0,True,15800.0,1050.0
"Jul 15, 2025",Sulawesi Tenggara,27,16550.0,True,15800.0,1050.0
"Jul 15, 2025",Sulawesi Tengah,28,16050.0,True,15800.0,1050.0
"Jul 15, 2025",Sulawesi Utara,29,16500.0,True,15800.0,1050.0
"Jul 15, 2025",Sulawesi Barat,30,14950.0,True,15800.0,1050.0
"Jul 15, 2025",Maluku,31,17150.0,True,15800.0,1050.0
"Jul 15, 2025",Maluku Utara,32,16700.0,True,15800.0,1050.0
"Jul 15, 2025",Papua,33,18400.0,True,15800.0,1050.0
"Jul 15, 2025",Papua Barat,34,16950.0,True,15800.0,1050.0
"Jul 16, 2025",Aceh,1,14950.0,True,15850.0,1050.0
"Jul 16, 2025",Sumatera Utara,2,14700.0,True,15850.0,1050.0
"Jul 16, 2025",Sumatera Barat,3,16850.0,True,15850.0,1050.0
"Jul 16, 2025",Riau,4,16300.0,True,15850.0,1050.0
"Jul 16, 2025",Kepulauan Riau,5,15150.0,True,15850.0,1050.0
"Jul 16, 2025",Jambi,6,15400.0,True,15850.0,1050.0
"Jul 16, 2025",Bengkulu,7,15600.0,True,15850.0,1050.0
"Jul 16, 2025",Sumatera Selatan,8,15200.0,True,15850.0,1050.0
"Jul 16, 2025",Kepulauan Bangka Belitung,9,15400.0,True,15850.0,1050.0
"Jul 16, 2025",Lampung,10,14750.0,True,15850.0,1050.0
"Jul 16, 2025",Banten,11,15700.0,True,15850.0,1050.0
"Jul 16, 2025",Jawa Barat,12,14800.0,True,15850.0,1050.0
"Jul 16, 2025",DKI Jakarta,13,16200.0,True,15850.0,1050.0
"Jul 16, 2025",Jawa Tengah,14,14950.0,True,15850.0,1050.0
"Jul 16, 2025",DI Yogyakarta,15,14450.0,True,15850.0,1050.0
"Jul 16, 2025",Jawa Timur,16,14650.0,True,15850.0,1050.0
"Jul 16, 2025",Bali,17,15600.0,True,15850.0,1050.0
"Jul 16, 2025",Nusa Tenggara Barat,18,14050.0,True,15850.0,1050.0
"Jul 16, 2025",Nusa Tenggara Timur,19,15300.0,True,15850.0,1050.0
"Jul 16, 2025",Kalimantan Barat,20,16400.0,True,15850.0,1050.0
"Jul 16, 2025",Kalimantan Selatan,21,17350.0,True,15850.0,1050.0
"Jul 16, 2025",Kalimantan Tengah,22,17500.0,True,15850.0,1050.0
"Jul 16, 2025",Kalimantan Timur,23,16400.0,True,15850.0,1050.0
"Jul 16, 2025",Kalimantan Utara,24,16950.0,True,15850.0,1050.0
"Jul 16, 2025",Gorontalo,25,16100.0,True,15850.0,1050.0
"Jul 16, 2025",Sulawesi Selatan,26,14100.0,True,15850.0,1050.0
"Jul 16, 2025",Sulawesi Tenggara,27,16550.0,True,15850.0,1050.0
"Jul 16, 2025",Sulawesi Tengah,28,16150.0,True,15850.0,1050.0
"Jul 16, 2025",Sulawesi Utara,29,16500.0,True,15850.0,1050.0
"Jul 16, 2025",Sulawesi Barat,30,14950.0,True,15850.0,1050.0
"Jul 16, 2025",Maluku,31,17200.0,True,15850.0,1050.0
"Jul 16, 2025",Maluku Utara,32,16700.0,True,15850.0,1050.0
"Jul 16, 2025",Papua,33,18400.0,True,15850.0,1050.0
"Jul 16, 2025",Papua Barat,34,16950.0,True,15850.0,1050.0
"Jul 17, 2025",Aceh,1,15000.0,True,15850.0,1050.0
"Jul 17, 2025",Sumatera Utara,2,14750.0,True,15850.0,1050.0
"Jul 17, 2025",Sumatera Barat,3,16850.0,True,15850.0,1050.0
"Jul 17, 2025",Riau,4,16300.0,True,15850.0,1050.0
"Jul 17, 2025",Kepulauan Riau,5,15150.0,True,15850.0,1050.0
"Jul 17, 2025",Jambi,6,15400.0,True,15850.0,1050.0
"Jul 17, 2025",Bengkulu,7,15600.0,True,15850.0,1050.0
"Jul 17, 2025",Sumatera Selatan,8,15250.0,True,15850.0,1050.0
"Jul 17, 2025",Kepulauan Bangka Belitung,9,15400.0,True,15850.0,1050.0
"Jul 17, 2025",Lampung,10,14750.0,True,15850.0,1050.0
"Jul 17, 2025",Banten,11,15700.0,True,15850.0,1050.0
"Jul 17, 2025",Jawa Barat,12,14800.0,True,15850.0,1050.0
"Jul 17, 2025",DKI Jakarta,13,16200.0,True,15850.0,1050.0
"Jul 17, 2025",Jawa Tengah,14,14950.0,True,15850.0,1050.0
"Jul 17, 2025",DI Yogyakarta,15,14450.0,True,15850.0,1050.0
"Jul 17, 2025",Jawa Timur,16,14650.0,True,15850.0,1050.0
"Jul 17, 2025",Bali,17,15600.0,True,15850.0,1050.0
"Jul 17, 2025",Nusa Tenggara Barat,18,14050.0,True,15850.0,1050.0
"Jul 17, 2025",Nusa Tenggara Timur,19,15300.0,True,15850.0,1050.0
"Jul 17, 2025",Kalimantan Barat,20,16400.0,True,15850.0,1050.0
"Jul 17, 2025",Kalimantan Selatan,21,17350.0,True,15850.0,1050.0
"Jul 17, 2025",Kalimantan Tengah,22,17500.0,True,15850.0,1050.0
"Jul 17, 2025",Kalimantan Timur,23,16400.0,True,15850.0,1050.0
"Jul 17, 2025",Kalimantan Utara,24,16950.0,True,15850.0,1050.0
"Jul 17, 2025",Gorontalo,25,16200.0,True,15850.0,1050.0
"Jul 17, 2025",Sulawesi Selatan,26,14100.0,True,15850.0,1050.0
"Jul 17, 2025",Sulawesi Tenggara,27,16500.0,True,15850.0,1050.0
"Jul 17, 2025",Sulawesi Tengah,28,16200.0,True,15850.0,1050.0
"Jul 17, 2025",Sulawesi Utara,29,16500.0,True,15850.0,1050.0
"Jul 17, 2025",Sulawesi Barat,30,15150.0,True,15850.0,1050.0
"Jul 17, 2025",Maluku,31,17000.0,True,15850.0,1050.0
"Jul 17, 2025",Maluku Utara,32,16700.0,True,15850.0,1050.0
"Jul 17, 2025",Papua,33,18400.0,True,15850.0,1050.0
"Jul 17, 2025",Papua Barat,34,16950.0,True,15850.0,1050.0
"Jul 18, 2025",Aceh,1,15000.0,True,15800.0,1050.0
"Jul 18, 2025",Sumatera Utara,2,14750.0,True,15800.0,1050.0
"Jul 18, 2025",Sumatera Barat,3,16850.0,True,15800.0,1050.0
"Jul 18, 2025",Riau,4,16300.0,True,15800.0,1050.0
"Jul 18, 2025",Kepulauan Riau,5,15150.0,True,15800.0,1050.0
"Jul 18, 2025",Jambi,6,15400.0,True,15800.0,1050.0
"Jul 18, 2025",Bengkulu,7,15600.0,True,15800.0,1050.0
"Jul 18, 2025",Sumatera Selatan,8,15150.0,True,15800.0,1050.0
"Jul 18, 2025",Kepulauan Bangka Belitung,9,15400.0,True,15800.0,1050.0
"Jul 18, 2025",Lampung,10,14750.0,True,15800.0,1050.0
"Jul 18, 2025",Banten,11,15700.0,True,15800.0,1050.0
"Jul 18, 2025",Jawa Barat,12,14800.0,True,15800.0,1050.0
"Jul 18, 2025",DKI Jakarta,13,16200.0,True,15800.0,1050.0
"Jul 18, 2025",Jawa Tengah,14,14950.0,True,15800.0,1050.0
"Jul 18, 2025",DI Yogyakarta,15,14450.0,True,15800.0,1050.0
"Jul 18, 2025",Jawa Timur,16,14650.0,True,15800.0,1050.0
"Jul 18, 2025",Bali,17,15600.0,True,15800.0,1050.0
"Jul 18, 2025",Nusa Tenggara Barat,18,14050.0,True,15800.0,1050.0
"Jul 18, 2025",Nusa Tenggara Timur,19,15300.0,True,15800.0,1050.0
"Jul 18, 2025",Kalimantan Barat,20,16400.0,True,15800.0,1050.0
"Jul 18, 2025",Kalimantan Selatan,21,17350.0,True,15800.0,1050.0
"Jul 18, 2025",Kalimantan Tengah,22,17500.0,True,15800.0,1050.0
"Jul 18, 2025",Kalimantan Timur,23,16400.0,True,15800.0,1050.0
"Jul 18, 2025",Kalimantan Utara,24,16950.0,True,15800.0,1050.0
"Jul 18, 2025",Gorontalo,25,16350.0,True,15800.0,1050.0
"Jul 18, 2025",Sulawesi Selatan,26,14100.0,True,15800.0,1050.0
"Jul 18, 2025",Sulawesi Tenggara,27,16500.0,True,15800.0,1050.0
"Jul 18, 2025",Sulawesi Tengah,28,16200.0,True,15800.0,1050.0
"Jul 18, 2025",Sulawesi Utara,29,15950.0,True,15800.0,1050.0
"Jul 18, 2025",Sulawesi Barat,30,15150.0,True,15800.0,1050.0
"Jul 18, 2025",Maluku,31,17000.0,True,15800.0,1050.0
"Jul 18, 2025",Maluku Utara,32,16700.0,True,15800.0,1050.0
"Jul 18, 2025",Papua,33,18400.0,True,15800.0,1050.0
"Jul 18, 2025",Papua Barat,34,16950.0,True,15800.0,1050.0
"Jul 19, 2025",Aceh,1,15000.0,True,15800.0,1050.0
"Jul 19, 2025",Sumatera Utara,2,14750.0,True,15800.0,1050.0
"Jul 19, 2025",Sumatera Barat,3,16850.0,True,15800.0,1050.0
"Jul 19, 2025",Riau,4,16300.0,True,15800.0,1050.0
"Jul 19, 2025",Kepulauan Riau,5,15150.0,True,15800.0,1050.0
"Jul 19, 2025",Jambi,6,15400.0,True,15800.0,1050.0
"Jul 19, 2025",Bengkulu,7,15600.0,True,15800.0,1050.0
"Jul 19, 2025",Sumatera Selatan,8,15150.0,True,15800.0,1050.0
"Jul 19, 2025",Kepulauan Bangka Belitung,9,15400.0,True,15800.0,1050.0
"Jul 19, 2025",Lampung,10,14750.0,True,15800.0,1050.0
"Jul 19, 2025",Banten,11,15700.0,True,15800.0,1050.0
"Jul 19, 2025",Jawa Barat,12,14800.0,True,15800.0,1050.0
"Jul 19, 2025",DKI Jakarta,13,16200.0,True,15800.0,1050.0
"Jul 19, 2025",Jawa Tengah,14,14950.0,True,15800.0,1050.0
"Jul 19, 2025",DI Yogyakarta,15,14450.0,True,15800.0,1050.0
"Jul 19, 2025",Jawa Timur,16,14650.0,True,15800.0,1050.0
"Jul 19, 2025",Bali,17,15600.0,True,15800.0,1050.0
"Jul 19, 2025",Nusa Tenggara Barat,18,14050.0,True,15800.0,1050.0
"Jul 19, 2025",Nusa Tenggara Timur,19,15300.0,True,15800.0,1050.0
"Jul 19, 2025",Kalimantan Barat,20,16400.0,True,15800.0,1050.0
"Jul 19, 2025",Kalimantan Selatan,21,17350.0,True,15800.0,1050.0
"Jul 19, 2025",Kalimantan Tengah,22,17500.0,True,15800.0,1050.0
"Jul 19, 2025",Kalimantan Timur,23,16400.0,True,15800.0,1050.0
"Jul 19, 2025",Kalimantan Utara,24,16950.0,True,15800.0,1050.0
"Jul 19, 2025",Gorontalo,25,16350.0,True,15800.0,1050.0
"Jul 19, 2025",Sulawesi Selatan,26,14100.0,True,15800.0,1050.0
"Jul 19, 2025",Sulawesi Tenggara,27,16500.0,True,15800.0,1050.0
"Jul 19, 2025",Sulawesi Tengah,28,16200.0,True,15800.0,1050.0
"Jul 19, 2025",Sulawesi Utara,29,15950.0,True,15800.0,1050.0
"Jul 19, 2025",Sulawesi Barat,30,15150.0,True,15800.0,1050.0
"Jul 19, 2025",Maluku,31,17000.0,True,15800.0,1050.0
"Jul 19, 2025",Maluku Utara,32,16700.0,True,15800.0,1050.0
"Jul 19, 2025",Papua,33,18400.0,True,15800.0,1050.0
"Jul 19, 2025",Papua Barat,34,16950.0,True,15800.0,1050.0
"Jul 20, 2025",Aceh,1,15000.0,True,15800.0,1050.0
"Jul 20, 2025",Sumatera Utara,2,14750.0,True,15800.0,1050.0
"Jul 20, 2025",Sumatera Barat,3,16850.0,True,15800.0,1050.0
"Jul 20, 2025",Riau,4,16300.0,True,15800.0,1050.0
"Jul 20, 2025",Kepulauan Riau,5,15150.0,True,15800.0,1050.0
"Jul 20, 2025",Jambi,6,15400.0,True,15800.0,1050.0
"Jul 20, 2025",Bengkulu,7,15600.0,True,15800.0,1050.0
"Jul 20, 2025",Sumatera Selatan,8,15150.0,True,15800.0,1050.0
"Jul 20, 2025",Kepulauan Bangka Belitung,9,15400.0,True,15800.0,1050.0
"Jul 20, 2025",Lampung,10,14750.0,True,15800.0,1050.0
"Jul 20, 2025",Banten,11,15700.0,True,15800.0,1050.0
"Jul 20, 2025",Jawa Barat,12,14800.0,True,15800.0,1050.0
"Jul 20, 2025",DKI Jakarta,13,16200.0,True,15800.0,1050.0
"Jul 20, 2025",Jawa Tengah,14,14950.0,True,15800.0,1050.0
"Jul 20, 2025",DI Yogyakarta,15,14450.0,True,15800.0,1050.0
"Jul 20, 2025",Jawa Timur,16,14650.0,True,15800.0,1050.0
"Jul 20, 2025",Bali,17,15600.0,True,15800.0,1050.0
"Jul 20, 2025",Nusa Tenggara Barat,18,14050.0,True,15800.0,1050.0
"Jul 20, 2025",Nusa Tenggara Timur,19,15300.0,True,15800.0,1050.0
"Jul 20, 2025",Kalimantan Barat,20,16400.0,True,15800.0,1050.0
"Jul 20, 2025",Kalimantan Selatan,21,17350.0,True,15800.0,1050.0
"Jul 20, 2025",Kalimantan Tengah,22,17500.0,True,15800.0,1050.0
"Jul 20, 2025",Kalimantan Timur,23,16400.0,True,15800.0,1050.0
"Jul 20, 2025",Kalimantan Utara,24,16950.0,True,15800.0,1050.0
"Jul 20, 2025",Gorontalo,25,16350.0,True,15800.0,1050.0
"Jul 20, 2025",Sulawesi Selatan,26,14100.0,True,15800.0,1050.0
"Jul 20, 2025",Sulawesi Tenggara,27,16500.0,True,15800.0,1050.0
"Jul 20, 2025",Sulawesi Tengah,28,16200.0,True,15800.0,1050.0
"Jul 20, 2025",Sulawesi Utara,29,15950.0,True,15800.0,1050.0
"Jul 20, 2025",Sulawesi Barat,30,15150.0,True,15800.0,1050.0
"Jul 20, 2025",Maluku,31,17000.0,True,15800.0,1050.0
"Jul 20, 2025",Maluku Utara,32,16700.0,True,15800.0,1050.0
"Jul 20, 2025",Papua,33,18400.0,True,15800.0,1050.0
"Jul 20, 2025",Papua Barat,34,16950.0,True,15800.0,1050.0
"Jul 21, 2025",Aceh,1,15150.0,True,15900.0,1050.0
"Jul 21, 2025",Sumatera Utara,2,14850.0,True,15900.0,1050.0
"Jul 21, 2025",Sumatera Barat,3,16900.0,True,15900.0,1050.0
"Jul 21, 2025",Riau,4,16300.0,True,15900.0,1050.0
"Jul 21, 2025",Kepulauan Riau,5,15200.0,True,15900.0,1050.0
"Jul 21, 2025",Jambi,6,15400.0,True,15900.0,1050.0
"Jul 21, 2025",Bengkulu,7,15350.0,True,15900.0,1050.0
"Jul 21, 2025",Sumatera Selatan,8,15200.0,True,15900.0,1050.0
"Jul 21, 2025",Kepulauan Bangka Belitung,9,15400.0,True,15900.0,1050.0
"Jul 21, 2025",Lampung,10,14750.0,True,15900.0,1050.0
"Jul 21, 2025",Banten,11,15700.0,True,15900.0,1050.0
"Jul 21, 2025",Jawa Barat,12,14800.0,True,15900.0,1050.0
"Jul 21, 2025",DKI Jakarta,13,16200.0,True,15900.0,1050.0
"Jul 21, 2025",Jawa Tengah,14,14950.0,True,15900.0,1050.0
"Jul 21, 2025",DI Yogyakarta,15,14450.0,True,15900.0,1050.0
"Jul 21, 2025",Jawa Timur,16,14650.0,True,15900.0,1050.0
"Jul 21, 2025",Bali,17,15600.0,True,15900.0,1050.0
"Jul 21, 2025",Nusa Tenggara Barat,18,14050.0,True,15900.0,1050.0
"Jul 21, 2025",Nusa Tenggara Timur,19,15300.0,True,15900.0,1050.0
"Jul 21, 2025",Kalimantan Barat,20,16400.0,True,15900.0,1050.0
"Jul 21, 2025",Kalimantan Selatan,21,17350.0,True,15900.0,1050.0
"Jul 21, 2025",Kalimantan Tengah,22,17500.0,True,15900.0,1050.0
"Jul 21, 2025",Kalimantan Timur,23,16400.0,True,15900.0,1050.0
"Jul 21, 2025",Kalimantan Utara,24,17050.0,True,15900.0,1050.0
"Jul 21, 2025",Gorontalo,25,16450.0,True,15900.0,1050.0
"Jul 21, 2025",Sulawesi Selatan,26,14500.0,True,15900.0,1050.0
"Jul 21, 2025",Sulawesi Tenggara,27,16500.0,True,15900.0,1050.0
"Jul 21, 2025",Sulawesi Tengah,28,16850.0,True,15900.0,1050.0
"Jul 21, 2025",Sulawesi Utara,29,16500.0,True,15900.0,1050.0
"Jul 21, 2025",Sulawesi Barat,30,15150.0,True,15900.0,1050.0
"Jul 21, 2025",Maluku,31,17000.0,True,15900.0,1050.0
"Jul 21, 2025",Maluku Utara,32,16700.0,True,15900.0,1050.0
"Jul 21, 2025",Papua,33,18650.0,True,15900.0,1050.0
"Jul 21, 2025",Papua Barat,34,16950.0,True,15900.0,1050.0
"Jul 22, 2025",Aceh,1,15150.0,True,15900.0,1050.0
"Jul 22, 2025",Sumatera Utara,2,14900.0,True,15900.0,1050.0
"Jul 22, 2025",Sumatera Barat,3,16900.0,True,15900.0,1050.0
"Jul 22, 2025",Riau,4,16300.0,True,15900.0,1050.0
"Jul 22, 2025",Kepulauan Riau,5,15200.0,True,15900.0,1050.0
"Jul 22, 2025",Jambi,6,15400.0,True,15900.0,1050.0
"Jul 22, 2025",Bengkulu,7,15600.0,True,15900.0,1050.0
"Jul 22, 2025",Sumatera Selatan,8,15200.0,True,15900.0,1050.0
"Jul 22, 2025",Kepulauan Bangka Belitung,9,15400.0,True,15900.0,1050.0
"Jul 22, 2025",Lampung,10,14750.0,True,15900.0,1050.0
"Jul 22, 2025",Banten,11,15700.0,True,15900.0,1050.0
"Jul 22, 2025",Jawa Barat,12,14800.0,True,15900.0,1050.0
"Jul 22, 2025",DKI Jakarta,13,16200.0,True,15900.0,1050.0
"Jul 22, 2025",Jawa Tengah,14,14950.0,True,15900.0,1050.0
"Jul 22, 2025",DI Yogyakarta,15,14450.0,True,15900.0,1050.0
"Jul 22, 2025",Jawa Timur,16,14650.0,True,15900.0,1050.0
"Jul 22, 2025",Bali,17,15600.0,True,15900.0,1050.0
"Jul 22, 2025",Nusa Tenggara Barat,18,14000.0,True,15900.0,1050.0
"Jul 22, 2025",Nusa Tenggara Timur,19,15300.0,True,15900.0,1050.0
"Jul 22, 2025",Kalimantan Barat,20,16400.0,True,15900.0,1050.0
"Jul 22, 2025",Kalimantan Selatan,21,17350.0,True,15900.0,1050.0
"Jul 22, 2025",Kalimantan Tengah,22,17500.0,True,15900.0,1050.0
"Jul 22, 2025",Kalimantan Timur,23,16400.0,True,15900.0,1050.0
"Jul 22, 2025",Kalimantan Utara,24,17050.0,True,15900.0,1050.0
"Jul 22, 2025",Gorontalo,25,16650.0,True,15900.0,1050.0
"Jul 22, 2025",Sulawesi Selatan,26,14500.0,True,15900.0,1050.0
"Jul 22, 2025",Sulawesi Tenggara,27,16550.0,True,15900.0,1050.0
"Jul 22, 2025",Sulawesi Tengah,28,16850.0,True,15900.0,1050.0
"Jul 22, 2025",Sulawesi Utara,29,16600.0,True,15900.0,1050.0
"Jul 22, 2025",Sulawesi Barat,30,15150.0,True,15900.0,1050.0
"Jul 22, 2025",Maluku,31,17000.0,True,15900.0,1050.0
"Jul 22, 2025",Maluku Utara,32,16700.0,True,15900.0,1050.0
"Jul 22, 2025",Papua,33,18650.0,True,15900.0,1050.0
"Jul 22, 2025",Papua Barat,34,16950.0,True,15900.0,1050.0
"Jul 23, 2025",Aceh,1,15150.0,True,15900.0,1050.0
"Jul 23, 2025",Sumatera Utara,2,14900.0,True,15900.0,1050.0
"Jul 23, 2025",Sumatera Barat,3,16900.0,True,15900.0,1050.0
"Jul 23, 2025",Riau,4,16300.0,True,15900.0,1050.0
"Jul 23, 2025",Kepulauan Riau,5,15200.0,True,15900.0,1050.0
"Jul 23, 2025",Jambi,6,15400.0,True,15900.0,1050.0
"Jul 23, 2025",Bengkulu,7,15600.0,True,15900.0,1050.0
"Jul 23, 2025",Sumatera Selatan,8,15450.0,True,15900.0,1050.0
"Jul 23, 2025",Kepulauan Bangka Belitung,9,15400.0,True,15900.0,1050.0
"Jul 23, 2025",Lampung,10,14800.0,True,15900.0,1050.0
"Jul 23, 2025",Banten,11,15700.0,True,15900.0,1050.0
"Jul 23, 2025",Jawa Barat,12,14800.0,True,15900.0,1050.0
"Jul 23, 2025",DKI Jakarta,13,16200.0,True,15900.0,1050.0
"Jul 23, 2025",Jawa Tengah,14,14950.0,True,15900.0,1050.0
"Jul 23, 2025",DI Yogyakarta,15,14450.0,True,15900.0,1050.0
"Jul 23, 2025",Jawa Timur,16,14650.0,True,15900.0,1050.0
"Jul 23, 2025",Bali,17,15600.0,True,15900.0,1050.0
"Jul 23, 2025",Nusa Tenggara Barat,18,14100.0,True,15900.0,1050.0
"Jul 23, 2025",Nusa Tenggara Timur,19,15300.0,True,15900.0,1050.0
"Jul 23, 2025",Kalimantan Barat,20,16400.0,True,15900.0,1050.0
"Jul 23, 2025",Kalimantan Selatan,21,17350.0,True,15900.0,1050.0
"Jul 23, 2025",Kalimantan Tengah,22,17550.0,True,15900.0,1050.0
"Jul 23, 2025",Kalimantan Timur,23,16450.0,True,15900.0,1050.0
"Jul 23, 2025",Kalimantan Utara,24,17050.0,True,15900.0,1050.0
"Jul 23, 2025",Gorontalo,25,16650.0,True,15900.0,1050.0
"Jul 23, 2025",Sulawesi Selatan,26,14500.0,True,15900.0,1050.0
"Jul 23, 2025",Sulawesi Tenggara,27,16550.0,True,15900.0,1050.0
"Jul 23, 2025",Sulawesi Tengah,28,16850.0,True,15900.0,1050.0
"Jul 23, 2025",Sulawesi Utara,29,16650.0,True,15900.0,1050.0
"Jul 23, 2025",Sulawesi Barat,30,15150.0,True,15900.0,1050.0
"Jul 23, 2025",Maluku,31,17000.0,True,15900.0,1050.0
"Jul 23, 2025",Maluku Utara,32,16700.0,True,15900.0,1050.0
"Jul 23, 2025",Papua,33,18650.0,True,15900.0,1050.0
"Jul 23, 2025",Papua Barat,34,17000.0,True,15900.0,1050.0
"Jul 24, 2025",Aceh,1,15200.0,True,15900.0,1050.0
"Jul 24, 2025",Sumatera Utara,2,14900.0,True,15900.0,1050.0
"Jul 24, 2025",Sumatera Barat,3,16900.0,True,15900.0,1050.0
"Jul 24, 2025",Riau,4,16300.0,True,15900.0,1050.0
"Jul 24, 2025",Kepulauan Riau,5,15200.0,True,15900.0,1050.0
"Jul 24, 2025",Jambi,6,15400.0,True,15900.0,1050.0
"Jul 24, 2025",Bengkulu,7,15600.0,True,15900.0,1050.0
"Jul 24, 2025",Sumatera Selatan,8,15450.0,True,15900.0,1050.0
"Jul 24, 2025",Kepulauan Bangka Belitung,9,15400.0,True,15900.0,1050.0
"Jul 24, 2025",Lampung,10,14800.0,True,15900.0,1050.0
"Jul 24, 2025",Banten,11,15700.0,True,15900.0,1050.0
"Jul 24, 2025",Jawa Barat,12,14800.0,True,15900.0,1050.0
"Jul 24, 2025",DKI Jakarta,13,16200.0,True,15900.0,1050.0
"Jul 24, 2025",Jawa Tengah,14,14950.0,True,15900.0,1050.0
"Jul 24, 2025",DI Yogyakarta,15,14450.0,True,15900.0,1050.0
"Jul 24, 2025",Jawa Timur,16,14650.0,True,15900.0,1050.0
"Jul 24, 2025",Bali,17,15600.0,True,15900.0,1050.0
"Jul 24, 2025",Nusa Tenggara Barat,18,14100.0,True,15900.0,1050.0
"Jul 24, 2025",Nusa Tenggara Timur,19,15300.0,True,15900.0,1050.0
"Jul 24, 2025",Kalimantan Barat,20,16400.0,True,15900.0,1050.0
"Jul 24, 2025",Kalimantan Selatan,21,17350.0,True,15900.0,1050.0
"Jul 24, 2025",Kalimantan Tengah,22,17550.0,True,15900.0,1050.0
"Jul 24, 2025",Kalimantan Timur,23,16450.0,True,15900.0,1050.0
"Jul 24, 2025",Kalimantan Utara,24,17050.0,True,15900.0,1050.0
"Jul 24, 2025",Gorontalo,25,16650.0,True,15900.0,1050.0
"Jul 24, 2025",Sulawesi Selatan,26,14450.0,True,15900.0,1050.0
"Jul 24, 2025",Sulawesi Tenggara,27,16500.0,True,15900.0,1050.0
"Jul 24, 2025",Sulawesi Tengah,28,16850.0,True,15900.0,1050.0
"Jul 24, 2025",Sulawesi Utara,29,16650.0,True,15900.0,1050.0
"Jul 24, 2025",Sulawesi Barat,30,15150.0,True,15900.0,1050.0
"Jul 24, 2025",Maluku,31,17000.0,True,15900.0,1050.0
"Jul 24, 2025",Maluku Utara,32,16700.0,True,15900.0,1050.0
"Jul 24, 2025",Papua,33,18650.0,True,15900.0,1050.0
"Jul 24, 2025",Papua Barat,34,17000.0,True,15900.0,1050.0
"Jul 25, 2025",Aceh,1,15200.0,True,15900.0,1050.0
"Jul 25, 2025",Sumatera Utara,2,14900.0,True,15900.0,1050.0
"Jul 25, 2025",Sumatera Barat,3,16900.0,True,15900.0,1050.0
"Jul 25, 2025",Riau,4,16300.0,True,15900.0,1050.0
"Jul 25, 2025",Kepulauan Riau,5,15200.0,True,15900.0,1050.0
"Jul 25, 2025",Jambi,6,15400.0,True,15900.0,1050.0
"Jul 25, 2025",Bengkulu,7,15600.0,True,15900.0,1050.0
"Jul 25, 2025",Sumatera Selatan,8,15450.0,True,15900.0,1050.0
"Jul 25, 2025",Kepulauan Bangka Belitung,9,15400.0,True,15900.0,1050.0
"Jul 25, 2025",Lampung,10,14800.0,True,15900.0,1050.0
"Jul 25, 2025",Banten,11,15700.0,True,15900.0,1050.0
"Jul 25, 2025",Jawa Barat,12,14800.0,True,15900.0,1050.0
"Jul 25, 2025",DKI Jakarta,13,16200.0,True,15900.0,1050.0
"Jul 25, 2025",Jawa Tengah,14,14950.0,True,15900.0,1050.0
"Jul 25, 2025",DI Yogyakarta,15,14450.0,True,15900.0,1050.0
"Jul 25, 2025",Jawa Timur,16,14650.0,True,15900.0,1050.0
"Jul 25, 2025",Bali,17,15600.0,True,15900.0,1050.0
"Jul 25, 2025",Nusa Tenggara Barat,18,14000.0,True,15900.0,1050.0
"Jul 25, 2025",Nusa Tenggara Timur,19,15300.0,True,15900.0,1050.0
"Jul 25, 2025",Kalimantan Barat,20,16400.0,True,15900.0,1050.0
"Jul 25, 2025",Kalimantan Selatan,21,17350.0,True,15900.0,1050.0
"Jul 25, 2025",Kalimantan Tengah,22,17550.0,True,15900.0,1050.0
"Jul 25, 2025",Kalimantan Timur,23,16500.0,True,15900.0,1050.0
"Jul 25, 2025",Kalimantan Utara,24,17050.0,True,15900.0,1050.0
"Jul 25, 2025",Gorontalo,25,16700.0,True,15900.0,1050.0
"Jul 25, 2025",Sulawesi Selatan,26,14450.0,True,15900.0,1050.0
"Jul 25, 2025",Sulawesi Tenggara,27,16500.0,True,15900.0,1050.0
"Jul 25, 2025",Sulawesi Tengah,28,16850.0,True,15900.0,1050.0
"Jul 25, 2025",Sulawesi Utara,29,16650.0,True,15900.0,1050.0
"Jul 25, 2025",Sulawesi Barat,30,15150.0,True,15900.0,1050.0
"Jul 25, 2025",Maluku,31,17000.0,True,15900.0,1050.0
"Jul 25, 2025",Maluku Utara,32,16700.0,True,15900.0,1050.0
"Jul 25, 2025",Papua,33,18650.0,True,15900.0,1050.0
"Jul 25, 2025",Papua Barat,34,17000.0,True,15900.0,1050.0
"Jul 26, 2025",Aceh,1,15200.0,True,15900.0,1050.0
"Jul 26, 2025",Sumatera Utara,2,14900.0,True,15900.0,1050.0
"Jul 26, 2025",Sumatera Barat,3,16900.0,True,15900.0,1050.0
"Jul 26, 2025",Riau,4,16300.0,True,15900.0,1050.0
"Jul 26, 2025",Kepulauan Riau,5,15200.0,True,15900.0,1050.0
"Jul 26, 2025",Jambi,6,15400.0,True,15900.0,1050.0
"Jul 26, 2025",Bengkulu,7,15600.0,True,15900.0,1050.0
"Jul 26, 2025",Sumatera Selatan,8,15450.0,True,15900.0,1050.0
"Jul 26, 2025",Kepulauan Bangka Belitung,9,15400.0,True,15900.0,1050.0
"Jul 26, 2025",Lampung,10,14800.0,True,15900.0,1050.0
"Jul 26, 2025",Banten,11,15700.0,True,15900.0,1050.0
"Jul 26, 2025",Jawa Barat,12,14800.0,True,15900.0,1050.0
"Jul 26, 2025",DKI Jakarta,13,16200.0,True,15900.0,1050.0
"Jul 26, 2025",Jawa Tengah,14,14950.0,True,15900.0,1050.0
"Jul 26, 2025",DI Yogyakarta,15,14450.0,True,15900.0,1050.0
"Jul 26, 2025",Jawa Timur,16,14650.0,True,15900.0,1050.0
"Jul 26, 2025",Bali,17,15600.0,True,15900.0,1050.0
"Jul 26, 2025",Nusa Tenggara Barat,18,14000.0,True,15900.0,1050.0
"Jul 26, 2025",Nusa Tenggara Timur,19,15300.0,True,15900.0,1050.0
"Jul 26, 2025",Kalimantan Barat,20,16400.0,True,15900.0,1050.0
"Jul 26, 2025",Kalimantan Selatan,21,17350.0,True,15900.0,1050.0
"Jul 26, 2025",Kalimantan Tengah,22,17550.0,True,15900.0,1050.0
"Jul 26, 2025",Kalimantan Timur,23,16500.0,True,15900.0,1050.0
"Jul 26, 2025",Kalimantan Utara,24,17050.0,True,15900.0,1050.0
"Jul 26, 2025",Gorontalo,25,16700.0,True,15900.0,1050.0
"Jul 26, 2025",Sulawesi Selatan,26,14450.0,True,15900.0,1050.0
"Jul 26, 2025",Sulawesi Tenggara,27,16500.0,True,15900.0,1050.0
"Jul 26, 2025",Sulawesi Tengah,28,16850.0,True,15900.0,1050.0
"Jul 26, 2025",Sulawesi Utara,29,16650.0,True,15900.0,1050.0
"Jul 26, 2025",Sulawesi Barat,30,15150.0,True,15900.0,1050.0
"Jul 26, 2025",Maluku,31,17000.0,True,15900.0,1050.0
"Jul 26, 2025",Maluku Utara,32,16700.0,True,15900.0,1050.0
"Jul 26, 2025",Papua,33,18650.0,True,15900.0,1050.0
"Jul 26, 2025",Papua Barat,34,17000.0,True,15900.0,1050.0
"Jul 27, 2025",Aceh,1,15200.0,True,15900.0,1050.0
"Jul 27, 2025",Sumatera Utara,2,14900.0,True,15900.0,1050.0
"Jul 27, 2025",Sumatera Barat,3,16900.0,True,15900.0,1050.0
"Jul 27, 2025",Riau,4,16300.0,True,15900.0,1050.0
"Jul 27, 2025",Kepulauan Riau,5,15200.0,True,15900.0,1050.0
"Jul 27, 2025",Jambi,6,15400.0,True,15900.0,1050.0
"Jul 27, 2025",Bengkulu,7,15600.0,True,15900.0,1050.0
"Jul 27, 2025",Sumatera Selatan,8,15450.0,True,15900.0,1050.0
"Jul 27, 2025",Kepulauan Bangka Belitung,9,15400.0,True,15900.0,1050.0
"Jul 27, 2025",Lampung,10,14800.0,True,15900.0,1050.0
"Jul 27, 2025",Banten,11,15700.0,True,15900.0,1050.0
"Jul 27, 2025",Jawa Barat,12,14800.0,True,15900.0,1050.0
"Jul 27, 2025",DKI Jakarta,13,16200.0,True,15900.0,1050.0
"Jul 27, 2025",Jawa Tengah,14,14950.0,True,15900.0,1050.0
"Jul 27, 2025",DI Yogyakarta,15,14450.0,True,15900.0,1050.0
"Jul 27, 2025",Jawa Timur,16,14650.0,True,15900.0,1050.0
"Jul 27, 2025",Bali,17,15600.0,True,15900.0,1050.0
"Jul 27, 2025",Nusa Tenggara Barat,18,14000.0,True,15900.0,1050.0
"Jul 27, 2025",Nusa Tenggara Timur,19,15300.0,True,15900.0,1050.0
"Jul 27, 2025",Kalimantan Barat,20,16400.0,True,15900.0,1050.0
"Jul 27, 2025",Kalimantan Selatan,21,17350.0,True,15900.0,1050.0
"Jul 27, 2025",Kalimantan Tengah,22,17550.0,True,15900.0,1050.0
"Jul 27, 2025",Kalimantan Timur,23,16500.0,True,15900.0,1050.0
"Jul 27, 2025",Kalimantan Utara,24,17050.0,True,15900.0,1050.0
"Jul 27, 2025",Gorontalo,25,16700.0,True,15900.0,1050.0
"Jul 27, 2025",Sulawesi Selatan,26,14450.0,True,15900.0,1050.0
"Jul 27, 2025",Sulawesi Tenggara,27,16500.0,True,15900.0,1050.0
"Jul 27, 2025",Sulawesi Tengah,28,16850.0,True,15900.0,1050.0
"Jul 27, 2025",Sulawesi Utara,29,16650.0,True,15900.0,1050.0
"Jul 27, 2025",Sulawesi Barat,30,15150.0,True,15900.0,1050.0
"Jul 27, 2025",Maluku,31,17000.0,True,15900.0,1050.0
"Jul 27, 2025",Maluku Utara,32,16700.0,True,15900.0,1050.0
"Jul 27, 2025",Papua,33,18650.0,True,15900.0,1050.0
"Jul 27, 2025",Papua Barat,34,17000.0,True,15900.0,1050.0
"Jul 28, 2025",Aceh,1,15250.0,True,15950.0,1050.0
"Jul 28, 2025",Sumatera Utara,2,14950.0,True,15950.0,1050.0
"Jul 28, 2025",Sumatera Barat,3,17000.0,True,15950.0,1050.0
"Jul 28, 2025",Riau,4,16300.0,True,15950.0,1050.0
"Jul 28, 2025",Kepulauan Riau,5,15200.0,True,15950.0,1050.0
"Jul 28, 2025",Jambi,6,15400.0,True,15950.0,1050.0
"Jul 28, 2025",Bengkulu,7,15600.0,True,15950.0,1050.0
"Jul 28, 2025",Sumatera Selatan,8,15500.0,True,15950.0,1050.0
"Jul 28, 2025",Kepulauan Bangka Belitung,9,15400.0,True,15950.0,1050.0
"Jul 28, 2025",Lampung,10,14800.0,True,15950.0,1050.0
"Jul 28, 2025",Banten,11,15700.0,True,15950.0,1050.0
"Jul 28, 2025",Jawa Barat,12,14800.0,True,15950.0,1050.0
"Jul 28, 2025",DKI Jakarta,13,16200.0,True,15950.0,1050.0
"Jul 28, 2025",Jawa Tengah,14,15000.0,True,15950.0,1050.0
"Jul 28, 2025",DI Yogyakarta,15,14450.0,True,15950.0,1050.0
"Jul 28, 2025",Jawa Timur,16,14650.0,True,15950.0,1050.0
"Jul 28, 2025",Bali,17,15600.0,True,15950.0,1050.0
"Jul 28, 2025",Nusa Tenggara Barat,18,14000.0,True,15950.0,1050.0
"Jul 28, 2025",Nusa Tenggara Timur,19,15300.0,True,15950.0,1050.0
"Jul 28, 2025",Kalimantan Barat,20,16400.0,True,15950.0,1050.0
"Jul 28, 2025",Kalimantan Selatan,21,17300.0,True,15950.0,1050.0
"Jul 28, 2025",Kalimantan Tengah,22,17550.0,True,15950.0,1050.0
"Jul 28, 2025",Kalimantan Timur,23,16450.0,True,15950.0,1050.0
"Jul 28, 2025",Kalimantan Utara,24,17050.0,True,15950.0,1050.0
"Jul 28, 2025",Gorontalo,25,16900.0,True,15950.0,1050.0
"Jul 28, 2025",Sulawesi Selatan,26,14450.0,True,15950.0,1050.0
"Jul 28, 2025",Sulawesi Tenggara,27,16500.0,True,15950.0,1050.0
"Jul 28, 2025",Sulawesi Tengah,28,16850.0,True,15950.0,1050.0
"Jul 28, 2025",Sulawesi Utara,29,16600.0,True,15950.0,1050.0
"Jul 28, 2025",Sulawesi Barat,30,15150.0,True,15950.0,1050.0
"Jul 28, 2025",Maluku,31,17000.0,True,15950.0,1050.0
"Jul 28, 2025",Maluku Utara,32,16700.0,True,15950.0,1050.0
"Jul 28, 2025",Papua,33,18650.0,True,15950.0,1050.0
"Jul 28, 2025",Papua Barat,34,17000.0,True,15950.0,1050.0
"Jul 29, 2025",Aceh,1,15250.0,True,15950.0,1050.0
"Jul 29, 2025",Sumatera Utara,2,14950.0,True,15950.0,1050.0
"Jul 29, 2025",Sumatera Barat,3,17000.0,True,15950.0,1050.0
"Jul 29, 2025",Riau,4,16300.0,True,15950.0,1050.0
"Jul 29, 2025",Kepulauan Riau,5,15200.0,True,15950.0,1050.0
"Jul 29, 2025",Jambi,6,15400.0,True,15950.0,1050.0
"Jul 29, 2025",Bengkulu,7,15650.0,True,15950.0,1050.0
"Jul 29, 2025",Sumatera Selatan,8,15500.0,True,15950.0,1050.0
"Jul 29, 2025",Kepulauan Bangka Belitung,9,15400.0,True,15950.0,1050.0
"Jul 29, 2025",Lampung,10,14800.0,True,15950.0,1050.0
"Jul 29, 2025",Banten,11,15700.0,True,15950.0,1050.0
"Jul 29, 2025",Jawa Barat,12,14800.0,True,15950.0,1050.0
"Jul 29, 2025",DKI Jakarta,13,16200.0,True,15950.0,1050.0
"Jul 29, 2025",Jawa Tengah,14,15000.0,True,15950.0,1050.0
"Jul 29, 2025",DI Yogyakarta,15,14450.0,True,15950.0,1050.0
"Jul 29, 2025",Jawa Timur,16,14700.0,True,15950.0,1050.0
"Jul 29, 2025",Bali,17,15600.0,True,15950.0,1050.0
"Jul 29, 2025",Nusa Tenggara Barat,18,14000.0,True,15950.0,1050.0
"Jul 29, 2025",Nusa Tenggara Timur,19,15300.0,True,15950.0,1050.0
"Jul 29, 2025",Kalimantan Barat,20,16400.0,True,15950.0,1050.0
"Jul 29, 2025",Kalimantan Selatan,21,17300.0,True,15950.0,1050.0
"Jul 29, 2025",Kalimantan Tengah,22,17550.0,True,15950.0,1050.0
"Jul 29, 2025",Kalimantan Timur,23,16450.0,True,15950.0,1050.0
"Jul 29, 2025",Kalimantan Utara,24,17050.0,True,15950.0,1050.0
"Jul 29, 2025",Gorontalo,25,16900.0,True,15950.0,1050.0
"Jul 29, 2025",Sulawesi Selatan,26,14450.0,True,15950.0,1050.0
"Jul 29, 2025",Sulawesi Tenggara,27,16500.0,True,15950.0,1050.0
"Jul 29, 2025",Sulawesi Tengah,28,16850.0,True,15950.0,1050.0
"Jul 29, 2025",Sulawesi Utara,29,16600.0,True,15950.0,1050.0
"Jul 29, 2025",Sulawesi Barat,30,15150.0,True,15950.0,1050.0
"Jul 29, 2025",Maluku,31,16850.0,True,15950.0,1050.0
"Jul 29, 2025",Maluku Utara,32,16700.0,True,15950.0,1050.0
"Jul 29, 2025",Papua,33,18800.0,True,15950.0,1050.0
"Jul 29, 2025",Papua Barat,34,17000.0,True,15950.0,1050.0
"Jul 30, 2025",Aceh,1,15250.0,True,15950.0,1050.0
"Jul 30, 2025",Sumatera Utara,2,14950.0,True,15950.0,1050.0
"Jul 30, 2025",Sumatera Barat,3,17000.0,True,15950.0,1050.0
"Jul 30, 2025",Riau,4,16300.0,True,15950.0,1050.0
"Jul 30, 2025",Kepulauan Riau,5,15200.0,True,15950.0,1050.0
"Jul 30, 2025",Jambi,6,15400.0,True,15950.0,1050.0
"Jul 30, 2025",Bengkulu,7,15650.0,True,15950.0,1050.0
"Jul 30, 2025",Sumatera Selatan,8,15500.0,True,15950.0,1050.0
"Jul 30, 2025",Kepulauan Bangka Belitung,9,15400.0,True,15950.0,1050.0
"Jul 30, 2025",Lampung,10,14800.0,True,15950.0,1050.0
"Jul 30, 2025",Banten,11,15700.0,True,15950.0,1050.0
"Jul 30, 2025",Jawa Barat,12,14800.0,True,15950.0,1050.0
"Jul 30, 2025",DKI Jakarta,13,16200.0,True,15950.0,1050.0
"Jul 30, 2025",Jawa Tengah,14,15000.0,True,15950.0,1050.0
"Jul 30, 2025",DI Yogyakarta,15,14450.0,True,15950.0,1050.0
"Jul 30, 2025",Jawa Timur,16,14700.0,True,15950.0,1050.0
"Jul 30, 2025",Bali,17,15600.0,True,15950.0,1050.0
"Jul 30, 2025",Nusa Tenggara Barat,18,14000.0,True,15950.0,1050.0
"Jul 30, 2025",Nusa Tenggara Timur,19,15300.0,True,15950.0,1050.0
"Jul 30, 2025",Kalimantan Barat,20,16400.0,True,15950.0,1050.0
"Jul 30, 2025",Kalimantan Selatan,21,17300.0,True,15950.0,1050.0
"Jul 30, 2025",Kalimantan Tengah,22,17550.0,True,15950.0,1050.0
"Jul 30, 2025",Kalimantan Timur,23,16450.0,True,15950.0,1050.0
"Jul 30, 2025",Kalimantan Utara,24,17050.0,True,15950.0,1050.0
"Jul 30, 2025",Gorontalo,25,16800.0,True,15950.0,1050.0
"Jul 30, 2025",Sulawesi Selatan,26,14450.0,True,15950.0,1050.0
"Jul 30, 2025",Sulawesi Tenggara,27,16500.0,True,15950.0,1050.0
"Jul 30, 2025",Sulawesi Tengah,28,16800.0,True,15950.0,1050.0
"Jul 30, 2025",Sulawesi Utara,29,16600.0,True,15950.0,1050.0
"Jul 30, 2025",Sulawesi Barat,30,15150.0,True,15950.0,1050.0
"Jul 30, 2025",Maluku,31,16850.0,True,15950.0,1050.0
"Jul 30, 2025",Maluku Utara,32,16700.0,True,15950.0,1050.0
"Jul 30, 2025",Papua,33,18800.0,True,15950.0,1050.0
"Jul 30, 2025",Papua Barat,34,17000.0,True,15950.0,1050.0
"Jul 31, 2025",Aceh,1,15350.0,True,15950.0,1050.0
"Jul 31, 2025",Sumatera Utara,2,14950.0,True,15950.0,1050.0
"Jul 31, 2025",Sumatera Barat,3,17000.0,True,15950.0,1050.0
"Jul 31, 2025",Riau,4,16300.0,True,15950.0,1050.0
"Jul 31, 2025",Kepulauan Riau,5,15200.0,True,15950.0,1050.0
"Jul 31, 2025",Jambi,6,15400.0,True,15950.0,1050.0
"Jul 31, 2025",Bengkulu,7,15650.0,True,15950.0,1050.0
"Jul 31, 2025",Sumatera Selatan,8,15500.0,True,15950.0,1050.0
"Jul 31, 2025",Kepulauan Bangka Belitung,9,15400.0,True,15950.0,1050.0
"Jul 31, 2025",Lampung,10,14800.0,True,15950.0,1050.0
"Jul 31, 2025",Banten,11,15700.0,True,15950.0,1050.0
"Jul 31, 2025",Jawa Barat,12,14800.0,True,15950.0,1050.0
"Jul 31, 2025",DKI Jakarta,13,16200.0,True,15950.0,1050.0
"Jul 31, 2025",Jawa Tengah,14,15000.0,True,15950.0,1050.0
"Jul 31, 2025",DI Yogyakarta,15,14450.0,True,15950.0,1050.0
"Jul 31, 2025",Jawa Timur,16,14700.0,True,15950.0,1050.0
"Jul 31, 2025",Bali,17,15600.0,True,15950.0,1050.0
"Jul 31, 2025",Nusa Tenggara Barat,18,14000.0,True,15950.0,1050.0
"Jul 31, 2025",Nusa Tenggara Timur,19,15300.0,True,15950.0,1050.0
"Jul 31, 2025",Kalimantan Barat,20,16400.0,True,15950.0,1050.0
"Jul 31, 2025",Kalimantan Selatan,21,17300.0,True,15950.0,1050.0
"Jul 31, 2025",Kalimantan Tengah,22,17550.0,True,15950.0,1050.0
"Jul 31, 2025",Kalimantan Timur,23,16450.0,True,15950.0,1050.0
"Jul 31, 2025",Kalimantan Utara,24,17050.0,True,15950.0,1050.0
"Jul 31, 2025",Gorontalo,25,16800.0,True,15950.0,1050.0
"Jul 31, 2025",Sulawesi Selatan,26,14450.0,True,15950.0,1050.0
"Jul 31, 2025",Sulawesi Tenggara,27,16450.0,True,15950.0,1050.0
"Jul 31, 2025",Sulawesi Tengah,28,16800.0,True,15950.0,1050.0
"Jul 31, 2025",Sulawesi Utara,29,16600.0,True,15950.0,1050.0
"Jul 31, 2025",Sulawesi Barat,30,15150.0,True,15950.0,1050.0
"Jul 31, 2025",Maluku,31,16900.0,True,15950.0,1050.0
"Jul 31, 2025",Maluku Utara,32,16700.0,True,15950.0,1050.0
"Jul 31, 2025",Papua,33,18800.0,True,15950.0,1050.0
"Jul 31, 2025",Papua Barat,34,17000.0,True,15950.0,1050.0
"Aug 1, 2025",Aceh,1,15550.0,True,15950.0,1050.0
"Aug 1, 2025",Sumatera Utara,2,15000.0,True,15950.0,1050.0
"Aug 1, 2025",Sumatera Barat,3,17050.0,True,15950.0,1050.0
"Aug 1, 2025",Riau,4,16300.0,True,15950.0,1050.0
"Aug 1, 2025",Kepulauan Riau,5,15200.0,True,15950.0,1050.0
"Aug 1, 2025",Jambi,6,15400.0,True,15950.0,1050.0
"Aug 1, 2025",Bengkulu,7,15650.0,True,15950.0,1050.0
"Aug 1, 2025",Sumatera Selatan,8,15500.0,True,15950.0,1050.0
"Aug 1, 2025",Kepulauan Bangka Belitung,9,15400.0,True,15950.0,1050.0
"Aug 1, 2025",Lampung,10,14750.0,True,15950.0,1050.0
"Aug 1, 2025",Banten,11,15700.0,True,15950.0,1050.0
"Aug 1, 2025",Jawa Barat,12,14800.0,True,15950.0,1050.0
"Aug 1, 2025",DKI Jakarta,13,16200.0,True,15950.0,1050.0
"Aug 1, 2025",Jawa Tengah,14,14950.0,True,15950.0,1050.0
"Aug 1, 2025",DI Yogyakarta,15,14450.0,True,15950.0,1050.0
"Aug 1, 2025",Jawa Timur,16,14700.0,True,15950.0,1050.0
"Aug 1, 2025",Bali,17,15600.0,True,15950.0,1050.0
"Aug 1, 2025",Nusa Tenggara Barat,18,14000.0,True,15950.0,1050.0
"Aug 1, 2025",Nusa Tenggara Timur,19,15300.0,True,15950.0,1050.0
"Aug 1, 2025",Kalimantan Barat,20,16400.0,True,15950.0,1050.0
"Aug 1, 2025",Kalimantan Selatan,21,17300.0,True,15950.0,1050.0
"Aug 1, 2025",Kalimantan Tengah,22,17550.0,True,15950.0,1050.0
"Aug 1, 2025",Kalimantan Timur,23,16450.0,True,15950.0,1050.0
"Aug 1, 2025",Kalimantan Utara,24,17050.0,True,15950.0,1050.0
"Aug 1, 2025",Gorontalo,25,16800.0,True,15950.0,1050.0
"Aug 1, 2025",Sulawesi Selatan,26,14450.0,True,15950.0,1050.0
"Aug 1, 2025",Sulawesi Tenggara,27,16450.0,True,15950.0,1050.0
"Aug 1, 2025",Sulawesi Tengah,28,16800.0,True,15950.0,1050.0
"Aug 1, 2025",Sulawesi Utara,29,16600.0,True,15950.0,1050.0
"Aug 1, 2025",Sulawesi Barat,30,15150.0,True,15950.0,1050.0
"Aug 1, 2025",Maluku,31,16900.0,True,15950.0,1050.0
"Aug 1, 2025",Maluku Utara,32,16700.0,True,15950.0,1050.0
"Aug 1, 2025",Papua,33,18800.0,True,15950.0,1050.0
"Aug 1, 2025",Papua Barat,34,17000.0,True,15950.0,1050.0
"Aug 2, 2025",Aceh,1,15550.0,True,15950.0,1050.0
"Aug 2, 2025",Sumatera Utara,2,15000.0,True,15950.0,1050.0
"Aug 2, 2025",Sumatera Barat,3,17050.0,True,15950.0,1050.0
"Aug 2, 2025",Riau,4,16300.0,True,15950.0,1050.0
"Aug 2, 2025",Kepulauan Riau,5,15200.0,True,15950.0,1050.0
"Aug 2, 2025",Jambi,6,15400.0,True,15950.0,1050.0
"Aug 2, 2025",Bengkulu,7,15650.0,True,15950.0,1050.0
"Aug 2, 2025",Sumatera Selatan,8,15500.0,True,15950.0,1050.0
"Aug 2, 2025",Kepulauan Bangka Belitung,9,15400.0,True,15950.0,1050.0
"Aug 2, 2025",Lampung,10,14750.0,True,15950.0,1050.0
"Aug 2, 2025",Banten,11,15700.0,True,15950.0,1050.0
"Aug 2, 2025",Jawa Barat,12,14800.0,True,15950.0,1050.0
"Aug 2, 2025",DKI Jakarta,13,16200.0,True,15950.0,1050.0
"Aug 2, 2025",Jawa Tengah,14,14950.0,True,15950.0,1050.0
"Aug 2, 2025",DI Yogyakarta,15,14450.0,True,15950.0,1050.0
"Aug 2, 2025",Jawa Timur,16,14700.0,True,15950.0,1050.0
"Aug 2, 2025",Bali,17,15600.0,True,15950.0,1050.0
"Aug 2, 2025",Nusa Tenggara Barat,18,14000.0,True,15950.0,1050.0
"Aug 2, 2025",Nusa Tenggara Timur,19,15300.0,True,15950.0,1050.0
"Aug 2, 2025",Kalimantan Barat,20,16400.0,True,15950.0,1050.0
"Aug 2, 2025",Kalimantan Selatan,21,17300.0,True,15950.0,1050.0
"Aug 2, 2025",Kalimantan Tengah,22,17550.0,True,15950.0,1050.0
"Aug 2, 2025",Kalimantan Timur,23,16450.0,True,15950.0,1050.0
"Aug 2, 2025",Kalimantan Utara,24,17050.0,True,15950.0,1050.0
"Aug 2, 2025",Gorontalo,25,16800.0,True,15950.0,1050.0
"Aug 2, 2025",Sulawesi Selatan,26,14450.0,True,15950.0,1050.0
"Aug 2, 2025",Sulawesi Tenggara,27,16450.0,True,15950.0,1050.0
"Aug 2, 2025",Sulawesi Tengah,28,16800.0,True,15950.0,1050.0
"Aug 2, 2025",Sulawesi Utara,29,16600.0,True,15950.0,1050.0
"Aug 2, 2025",Sulawesi Barat,30,15150.0,True,15950.0,1050.0
"Aug 2, 2025",Maluku,31,16900.0,True,15950.0,1050.0
"Aug 2, 2025",Maluku Utara,32,16700.0,True,15950.0,1050.0
"Aug 2, 2025",Papua,33,18800.0,True,15950.0,1050.0
"Aug 2, 2025",Papua Barat,34,17000.0,True,15950.0,1050.0
"Aug 3, 2025",Aceh,1,15550.0,True,15950.0,1050.0
"Aug 3, 2025",Sumatera Utara,2,15000.0,True,15950.0,1050.0
"Aug 3, 2025",Sumatera Barat,3,17050.0,True,15950.0,1050.0
"Aug 3, 2025",Riau,4,16300.0,True,15950.0,1050.0
"Aug 3, 2025",Kepulauan Riau,5,15200.0,True,15950.0,1050.0
"Aug 3, 2025",Jambi,6,15400.0,True,15950.0,1050.0
"Aug 3, 2025",Bengkulu,7,15650.0,True,15950.0,1050.0
"Aug 3, 2025",Sumatera Selatan,8,15500.0,True,15950.0,1050.0
"Aug 3, 2025",Kepulauan Bangka Belitung,9,15400.0,True,15950.0,1050.0
"Aug 3, 2025",Lampung,10,14750.0,True,15950.0,1050.0
"Aug 3, 2025",Banten,11,15700.0,True,15950.0,1050.0
"Aug 3, 2025",Jawa Barat,12,14800.0,True,15950.0,1050.0
"Aug 3, 2025",DKI Jakarta,13,16200.0,True,15950.0,1050.0
"Aug 3, 2025",Jawa Tengah,14,14950.0,True,15950.0,1050.0
"Aug 3, 2025",DI Yogyakarta,15,14450.0,True,15950.0,1050.0
"Aug 3, 2025",Jawa Timur,16,14700.0,True,15950.0,1050.0
"Aug 3, 2025",Bali,17,15600.0,True,15950.0,1050.0
"Aug 3, 2025",Nusa Tenggara Barat,18,14000.0,True,15950.0,1050.0
"Aug 3, 2025",Nusa Tenggara Timur,19,15300.0,True,15950.0,1050.0
"Aug 3, 2025",Kalimantan Barat,20,16400.0,True,15950.0,1050.0
"Aug 3, 2025",Kalimantan Selatan,21,17300.0,True,15950.0,1050.0
"Aug 3, 2025",Kalimantan Tengah,22,17550.0,True,15950.0,1050.0
"Aug 3, 2025",Kalimantan Timur,23,16450.0,True,15950.0,1050.0
"Aug 3, 2025",Kalimantan Utara,24,17050.0,True,15950.0,1050.0
"Aug 3, 2025",Gorontalo,25,16800.0,True,15950.0,1050.0
"Aug 3, 2025",Sulawesi Selatan,26,14450.0,True,15950.0,1050.0
"Aug 3, 2025",Sulawesi Tenggara,27,16450.0,True,15950.0,1050.0
"Aug 3, 2025",Sulawesi Tengah,28,16800.0,True,15950.0,1050.0
"Aug 3, 2025",Sulawesi Utara,29,16600.0,True,15950.0,1050.0
"Aug 3, 2025",Sulawesi Barat,30,15150.0,True,15950.0,1050.0
"Aug 3, 2025",Maluku,31,16900.0,True,15950.0,1050.0
"Aug 3, 2025",Maluku Utara,32,16700.0,True,15950.0,1050.0
"Aug 3, 2025",Papua,33,18800.0,True,15950.0,1050.0
"Aug 3, 2025",Papua Barat,34,17000.0,True,15950.0,1050.0
"Aug 4, 2025",Aceh,1,15550.0,True,15950.0,1050.0
"Aug 4, 2025",Sumatera Utara,2,15000.0,True,15950.0,1050.0
"Aug 4, 2025",Sumatera Barat,3,17050.0,True,15950.0,1050.0
"Aug 4, 2025",Riau,4,16300.0,True,15950.0,1050.0
"Aug 4, 2025",Kepulauan Riau,5,15200.0,True,15950.0,1050.0
"Aug 4, 2025",Jambi,6,15400.0,True,15950.0,1050.0
"Aug 4, 2025",Bengkulu,7,15650.0,True,15950.0,1050.0
"Aug 4, 2025",Sumatera Selatan,8,15500.0,True,15950.0,1050.0
"Aug 4, 2025",Kepulauan Bangka Belitung,9,15400.0,True,15950.0,1050.0
"Aug 4, 2025",Lampung,10,14750.0,True,15950.0,1050.0
"Aug 4, 2025",Banten,11,15700.0,True,15950.0,1050.0
"Aug 4, 2025",Jawa Barat,12,14800.0,True,15950.0,1050.0
"Aug 4, 2025",DKI Jakarta,13,16200.0,True,15950.0,1050.0
"Aug 4, 2025",Jawa Tengah,14,14950.0,True,15950.0,1050.0
"Aug 4, 2025",DI Yogyakarta,15,14450.0,True,15950.0,1050.0
"Aug 4, 2025",Jawa Timur,16,14700.0,True,15950.0,1050.0
"Aug 4, 2025",Bali,17,15600.0,True,15950.0,1050.0
"Aug 4, 2025",Nusa Tenggara Barat,18,14000.0,True,15950.0,1050.0
"Aug 4, 2025",Nusa Tenggara Timur,19,15300.0,True,15950.0,1050.0
"Aug 4, 2025",Kalimantan Barat,20,16400.0,True,15950.0,1050.0
"Aug 4, 2025",Kalimantan Selatan,21,17300.0,True,15950.0,1050.0
"Aug 4, 2025",Kalimantan Tengah,22,17550.0,True,15950.0,1050.0
"Aug 4, 2025",Kalimantan Timur,23,16450.0,True,15950.0,1050.0
"Aug 4, 2025",Kalimantan Utara,24,16950.0,True,15950.0,1050.0
"Aug 4, 2025",Gorontalo,25,16700.0,True,15950.0,1050.0
"Aug 4, 2025",Sulawesi Selatan,26,14450.0,True,15950.0,1050.0
"Aug 4, 2025",Sulawesi Tenggara,27,16450.0,True,15950.0,1050.0
"Aug 4, 2025",Sulawesi Tengah,28,16800.0,True,15950.0,1050.0
"Aug 4, 2025",Sulawesi Utara,29,16600.0,True,15950.0,1050.0
"Aug 4, 2025",Sulawesi Barat,30,15100.0,True,15950.0,1050.0
"Aug 4, 2025",Maluku,31,16900.0,True,15950.0,1050.0
"Aug 4, 2025",Maluku Utara,32,16700.0,True,15950.0,1050.0
"Aug 4, 2025",Papua,33,18800.0,True,15950.0,1050.0
"Aug 4, 2025",Papua Barat,34,17000.0,True,15950.0,1050.0
"Aug 5, 2025",Aceh,1,15600.0,True,15950.0,1050.0
"Aug 5, 2025",Sumatera Utara,2,15000.0,True,15950.0,1050.0
"Aug 5, 2025",Sumatera Barat,3,17050.0,True,15950.0,1050.0
"Aug 5, 2025",Riau,4,16300.0,True,15950.0,1050.0
"Aug 5, 2025",Kepulauan Riau,5,15200.0,True,15950.0,1050.0
"Aug 5, 2025",Jambi,6,15400.0,True,15950.0,1050.0
"Aug 5, 2025",Bengkulu,7,15650.0,True,15950.0,1050.0
"Aug 5, 2025",Sumatera Selatan,8,15500.0,True,15950.0,1050.0
"Aug 5, 2025",Kepulauan Bangka Belitung,9,15400.0,True,15950.0,1050.0
"Aug 5, 2025",Lampung,10,14750.0,True,15950.0,1050.0
"Aug 5, 2025",Banten,11,15700.0,True,15950.0,1050.0
"Aug 5, 2025",Jawa Barat,12,14800.0,True,15950.0,1050.0
"Aug 5, 2025",DKI Jakarta,13,16200.0,True,15950.0,1050.0
"Aug 5, 2025",Jawa Tengah,14,14950.0,True,15950.0,1050.0
"Aug 5, 2025",DI Yogyakarta,15,14450.0,True,15950.0,1050.0
"Aug 5, 2025",Jawa Timur,16,14700.0,True,15950.0,1050.0
"Aug 5, 2025",Bali,17,15550.0,True,15950.0,1050.0
"Aug 5, 2025",Nusa Tenggara Barat,18,14000.0,True,15950.0,1050.0
"Aug 5, 2025",Nusa Tenggara Timur,19,15300.0,True,15950.0,1050.0
"Aug 5, 2025",Kalimantan Barat,20,16400.0,True,15950.0,1050.0
"Aug 5, 2025",Kalimantan Selatan,21,17300.0,True,15950.0,1050.0
"Aug 5, 2025",Kalimantan Tengah,22,17550.0,True,15950.0,1050.0
"Aug 5, 2025",Kalimantan Timur,23,16450.0,True,15950.0,1050.0
"Aug 5, 2025",Kalimantan Utara,24,16950.0,True,15950.0,1050.0
"Aug 5, 2025",Gorontalo,25,16750.0,True,15950.0,1050.0
"Aug 5, 2025",Sulawesi Selatan,26,14450.0,True,15950.0,1050.0
"Aug 5, 2025",Sulawesi Tenggara,27,16450.0,True,15950.0,1050.0
"Aug 5, 2025",Sulawesi Tengah,28,16800.0,True,15950.0,1050.0
"Aug 5, 2025",Sulawesi Utara,29,16600.0,True,15950.0,1050.0
"Aug 5, 2025",Sulawesi Barat,30,15100.0,True,15950.0,1050.0
"Aug 5, 2025",Maluku,31,16850.0,True,15950.0,1050.0
"Aug 5, 2025",Maluku Utara,32,16700.0,True,15950.0,1050.0
"Aug 5, 2025",Papua,33,18800.0,True,15950.0,1050.0
"Aug 5, 2025",Papua Barat,34,17000.0,True,15950.0,1050.0
"Aug 6, 2025",Aceh,1,15600.0,True,15950.0,1050.0
"Aug 6, 2025",Sumatera Utara,2,15000.0,True,15950.0,1050.0
"Aug 6, 2025",Sumatera Barat,3,17050.0,True,15950.0,1050.0
"Aug 6, 2025",Riau,4,16300.0,True,15950.0,1050.0
"Aug 6, 2025",Kepulauan Riau,5,15200.0,True,15950.0,1050.0
"Aug 6, 2025",Jambi,6,15400.0,True,15950.0,1050.0
"Aug 6, 2025",Bengkulu,7,15650.0,True,15950.0,1050.0
"Aug 6, 2025",Sumatera Selatan,8,15500.0,True,15950.0,1050.0
"Aug 6, 2025",Kepulauan Bangka Belitung,9,15400.0,True,15950.0,1050.0
"Aug 6, 2025",Lampung,10,14750.0,True,15950.0,1050.0
"Aug 6, 2025",Banten,11,15700.0,True,15950.0,1050.0
"Aug 6, 2025",Jawa Barat,12,14800.0,True,15950.0,1050.0
"Aug 6, 2025",DKI Jakarta,13,16200.0,True,15950.0,1050.0
"Aug 6, 2025",Jawa Tengah,14,14950.0,True,15950.0,1050.0
"Aug 6, 2025",DI Yogyakarta,15,14450.0,True,15950.0,1050.0
"Aug 6, 2025",Jawa Timur,16,14700.0,True,15950.0,1050.0
"Aug 6, 2025",Bali,17,15550.0,True,15950.0,1050.0
"Aug 6, 2025",Nusa Tenggara Barat,18,14000.0,True,15950.0,1050.0
"Aug 6, 2025",Nusa Tenggara Timur,19,15300.0,True,15950.0,1050.0
"Aug 6, 2025",Kalimantan Barat,20,16400.0,True,15950.0,1050.0
"Aug 6, 2025",Kalimantan Selatan,21,17350.0,True,15950.0,1050.0
"Aug 6, 2025",Kalimantan Tengah,22,17550.0,True,15950.0,1050.0
"Aug 6, 2025",Kalimantan Timur,23,16450.0,True,15950.0,1050.0
"Aug 6, 2025",Kalimantan Utara,24,16950.0,True,15950.0,1050.0
"Aug 6, 2025",Gorontalo,25,16850.0,True,15950.0,1050.0
"Aug 6, 2025",Sulawesi Selatan,26,14450.0,True,15950.0,1050.0
"Aug 6, 2025",Sulawesi Tenggara,27,16450.0,True,15950.0,1050.0
"Aug 6, 2025",Sulawesi Tengah,28,16800.0,True,15950.0,1050.0
"Aug 6, 2025",Sulawesi Utara,29,16600.0,True,15950.0,1050.0
"Aug 6, 2025",Sulawesi Barat,30,15100.0,True,15950.0,1050.0
"Aug 6, 2025",Maluku,31,16850.0,True,15950.0,1050.0
"Aug 6, 2025",Maluku Utara,32,16700.0,True,15950.0,1050.0
"Aug 6, 2025",Papua,33,18800.0,True,15950.0,1050.0
"Aug 6, 2025",Papua Barat,34,17000.0,True,15950.0,1050.0
"Aug 7, 2025",Aceh,1,15600.0,True,15950.0,1050.0
"Aug 7, 2025",Sumatera Utara,2,15000.0,True,15950.0,1050.0
"Aug 7, 2025",Sumatera Barat,3,17050.0,True,15950.0,1050.0
"Aug 7, 2025",Riau,4,16300.0,True,15950.0,1050.0
"Aug 7, 2025",Kepulauan Riau,5,15200.0,True,15950.0,1050.0
"Aug 7, 2025",Jambi,6,15400.0,True,15950.0,1050.0
"Aug 7, 2025",Bengkulu,7,15650.0,True,15950.0,1050.0
"Aug 7, 2025",Sumatera Selatan,8,15500.0,True,15950.0,1050.0
"Aug 7, 2025",Kepulauan Bangka Belitung,9,15400.0,True,15950.0,1050.0
"Aug 7, 2025",Lampung,10,14800.0,True,15950.0,1050.0
"Aug 7, 2025",Banten,11,15700.0,True,15950.0,1050.0
"Aug 7, 2025",Jawa Barat,12,14800.0,True,15950.0,1050.0
"Aug 7, 2025",DKI Jakarta,13,16200.0,True,15950.0,1050.0
"Aug 7, 2025",Jawa Tengah,14,14950.0,True,15950.0,1050.0
"Aug 7, 2025",DI Yogyakarta,15,14450.0,True,15950.0,1050.0
"Aug 7, 2025",Jawa Timur,16,14750.0,True,15950.0,1050.0
"Aug 7, 2025",Bali,17,15550.0,True,15950.0,1050.0
"Aug 7, 2025",Nusa Tenggara Barat,18,13950.0,True,15950.0,1050.0
"Aug 7, 2025",Nusa Tenggara Timur,19,15400.0,True,15950.0,1050.0
"Aug 7, 2025",Kalimantan Barat,20,16400.0,True,15950.0,1050.0
"Aug 7, 2025",Kalimantan Selatan,21,17350.0,True,15950.0,1050.0
"Aug 7, 2025",Kalimantan Tengah,22,17550.0,True,15950.0,1050.0
"Aug 7, 2025",Kalimantan Timur,23,16450.0,True,15950.0,1050.0
"Aug 7, 2025",Kalimantan Utara,24,17100.0,True,15950.0,1050.0
"Aug 7, 2025",Gorontalo,25,16850.0,True,15950.0,1050.0
"Aug 7, 2025",Sulawesi Selatan,26,14450.0,True,15950.0,1050.0
"Aug 7, 2025",Sulawesi Tenggara,27,16450.0,True,15950.0,1050.0
"Aug 7, 2025",Sulawesi Tengah,28,16800.0,True,15950.0,1050.0
"Aug 7, 2025",Sulawesi Utara,29,16600.0,True,15950.0,1050.0
"Aug 7, 2025",Sulawesi Barat,30,15100.0,True,15950.0,1050.0
"Aug 7, 2025",Maluku,31,16850.0,True,15950.0,1050.0
"Aug 7, 2025",Maluku Utara,32,16700.0,True,15950.0,1050.0
"Aug 7, 2025",Papua,33,18800.0,True,15950.0,1050.0
"Aug 7, 2025",Papua Barat,34,16950.0,True,15950.0,1050.0
"Aug 8, 2025",Aceh,1,15600.0,True,15950.0,1050.0
"Aug 8, 2025",Sumatera Utara,2,15000.0,True,15950.0,1050.0
"Aug 8, 2025",Sumatera Barat,3,17150.0,True,15950.0,1050.0
"Aug 8, 2025",Riau,4,16300.0,True,15950.0,1050.0
"Aug 8, 2025",Kepulauan Riau,5,15200.0,True,15950.0,1050.0
"Aug 8, 2025",Jambi,6,15400.0,True,15950.0,1050.0
"Aug 8, 2025",Bengkulu,7,15600.0,True,15950.0,1050.0
"Aug 8, 2025",Sumatera Selatan,8,15500.0,True,15950.0,1050.0
"Aug 8, 2025",Kepulauan Bangka Belitung,9,15400.0,True,15950.0,1050.0
"Aug 8, 2025",Lampung,10,14800.0,True,15950.0,1050.0
"Aug 8, 2025",Banten,11,15700.0,True,15950.0,1050.0
"Aug 8, 2025",Jawa Barat,12,14800.0,True,15950.0,1050.0
"Aug 8, 2025",DKI Jakarta,13,16200.0,True,15950.0,1050.0
"Aug 8, 2025",Jawa Tengah,14,15000.0,True,15950.0,1050.0
"Aug 8, 2025",DI Yogyakarta,15,14450.0,True,15950.0,1050.0
"Aug 8, 2025",Jawa Timur,16,14750.0,True,15950.0,1050.0
"Aug 8, 2025",Bali,17,15550.0,True,15950.0,1050.0
"Aug 8, 2025",Nusa Tenggara Barat,18,13950.0,True,15950.0,1050.0
"Aug 8, 2025",Nusa Tenggara Timur,19,15400.0,True,15950.0,1050.0
"Aug 8, 2025",Kalimantan Barat,20,16400.0,True,15950.0,1050.0
"Aug 8, 2025",Kalimantan Selatan,21,17350.0,True,15950.0,1050.0
"Aug 8, 2025",Kalimantan Tengah,22,17500.0,True,15950.0,1050.0
"Aug 8, 2025",Kalimantan Timur,23,16450.0,True,15950.0,1050.0
"Aug 8, 2025",Kalimantan Utara,24,17100.0,True,15950.0,1050.0
"Aug 8, 2025",Gorontalo,25,16850.0,True,15950.0,1050.0
"Aug 8, 2025",Sulawesi Selatan,26,14450.0,True,15950.0,1050.0
"Aug 8, 2025",Sulawesi Tenggara,27,16600.0,True,15950.0,1050.0
"Aug 8, 2025",Sulawesi Tengah,28,16800.0,True,15950.0,1050.0
"Aug 8, 2025",Sulawesi Utara,29,16600.0,True,15950.0,1050.0
"Aug 8, 2025",Sulawesi Barat,30,15100.0,True,15950.0,1050.0
"Aug 8, 2025",Maluku,31,16850.0,True,15950.0,1050.0
"Aug 8, 2025",Maluku Utara,32,16700.0,True,15950.0,1050.0
"Aug 8, 2025",Papua,33,18800.0,True,15950.0,1050.0
"Aug 8, 2025",Papua Barat,34,16950.0,True,15950.0,1050.0
"Aug 9, 2025",Aceh,1,15600.0,True,15950.0,1050.0
"Aug 9, 2025",Sumatera Utara,2,15000.0,True,15950.0,1050.0
"Aug 9, 2025",Sumatera Barat,3,17150.0,True,15950.0,1050.0
"Aug 9, 2025",Riau,4,16300.0,True,15950.0,1050.0
"Aug 9, 2025",Kepulauan Riau,5,15200.0,True,15950.0,1050.0
"Aug 9, 2025",Jambi,6,15400.0,True,15950.0,1050.0
"Aug 9, 2025",Bengkulu,7,15600.0,True,15950.0,1050.0
"Aug 9, 2025",Sumatera Selatan,8,15500.0,True,15950.0,1050.0
"Aug 9, 2025",Kepulauan Bangka Belitung,9,15400.0,True,15950.0,1050.0
"Aug 9, 2025",Lampung,10,14800.0,True,15950.0,1050.0
"Aug 9, 2025",Banten,11,15700.0,True,15950.0,1050.0
"Aug 9, 2025",Jawa Barat,12,14800.0,True,15950.0,1050.0
"Aug 9, 2025",DKI Jakarta,13,16200.0,True,15950.0,1050.0
"Aug 9, 2025",Jawa Tengah,14,15000.0,True,15950.0,1050.0
"Aug 9, 2025",DI Yogyakarta,15,14450.0,True,15950.0,1050.0
"Aug 9, 2025",Jawa Timur,16,14750.0,True,15950.0,1050.0
"Aug 9, 2025",Bali,17,15550.0,True,15950.0,1050.0
"Aug 9, 2025",Nusa Tenggara Barat,18,13950.0,True,15950.0,1050.0
"Aug 9, 2025",Nusa Tenggara Timur,19,15400.0,True,15950.0,1050.0
"Aug 9, 2025",Kalimantan Barat,20,16400.0,True,15950.0,1050.0
"Aug 9, 2025",Kalimantan Selatan,21,17350.0,True,15950.0,1050.0
"Aug 9, 2025",Kalimantan Tengah,22,17500.0,True,15950.0,1050.0
"Aug 9, 2025",Kalimantan Timur,23,16450.0,True,15950.0,1050.0
"Aug 9, 2025",Kalimantan Utara,24,17100.0,True,15950.0,1050.0
"Aug 9, 2025",Gorontalo,25,16850.0,True,15950.0,1050.0
"Aug 9, 2025",Sulawesi Selatan,26,14450.0,True,15950.0,1050.0
"Aug 9, 2025",Sulawesi Tenggara,27,16600.0,True,15950.0,1050.0
"Aug 9, 2025",Sulawesi Tengah,28,16800.0,True,15950.0,1050.0
"Aug 9, 2025",Sulawesi Utara,29,16600.0,True,15950.0,1050.0
"Aug 9, 2025",Sulawesi Barat,30,15100.0,True,15950.0,1050.0
"Aug 9, 2025",Maluku,31,16850.0,True,15950.0,1050.0
"Aug 9, 2025",Maluku Utara,32,16700.0,True,15950.0,1050.0
"Aug 9, 2025",Papua,33,18800.0,True,15950.0,1050.0
"Aug 9, 2025",Papua Barat,34,16950.0,True,15950.0,1050.0
"Aug 10, 2025",Aceh,1,15600.0,True,15950.0,1050.0
"Aug 10, 2025",Sumatera Utara,2,15000.0,True,15950.0,1050.0
"Aug 10, 2025",Sumatera Barat,3,17150.0,True,15950.0,1050.0
"Aug 10, 2025",Riau,4,16300.0,True,15950.0,1050.0
"Aug 10, 2025",Kepulauan Riau,5,15200.0,True,15950.0,1050.0
"Aug 10, 2025",Jambi,6,15400.0,True,15950.0,1050.0
"Aug 10, 2025",Bengkulu,7,15600.0,True,15950.0,1050.0
"Aug 10, 2025",Sumatera Selatan,8,15500.0,True,15950.0,1050.0
"Aug 10, 2025",Kepulauan Bangka Belitung,9,15400.0,True,15950.0,1050.0
"Aug 10, 2025",Lampung,10,14800.0,True,15950.0,1050.0
"Aug 10, 2025",Banten,11,15700.0,True,15950.0,1050.0
"Aug 10, 2025",Jawa Barat,12,14800.0,True,15950.0,1050.0
"Aug 10, 2025",DKI Jakarta,13,16200.0,True,15950.0,1050.0
"Aug 10, 2025",Jawa Tengah,14,15000.0,True,15950.0,1050.0
"Aug 10, 2025",DI Yogyakarta,15,14450.0,True,15950.0,1050.0
"Aug 10, 2025",Jawa Timur,16,14750.0,True,15950.0,1050.0
"Aug 10, 2025",Bali,17,15550.0,True,15950.0,1050.0
"Aug 10, 2025",Nusa Tenggara Barat,18,13950.0,True,15950.0,1050.0
"Aug 10, 2025",Nusa Tenggara Timur,19,15400.0,True,15950.0,1050.0
"Aug 10, 2025",Kalimantan Barat,20,16400.0,True,15950.0,1050.0
"Aug 10, 2025",Kalimantan Selatan,21,17350.0,True,15950.0,1050.0
"Aug 10, 2025",Kalimantan Tengah,22,17500.0,True,15950.0,1050.0
"Aug 10, 2025",Kalimantan Timur,23,16450.0,True,15950.0,1050.0
"Aug 10, 2025",Kalimantan Utara,24,17100.0,True,15950.0,1050.0
"Aug 10, 2025",Gorontalo,25,16850.0,True,15950.0,1050.0
"Aug 10, 2025",Sulawesi Selatan,26,14450.0,True,15950.0,1050.0
"Aug 10, 2025",Sulawesi Tenggara,27,16600.0,True,15950.0,1050.0
"Aug 10, 2025",Sulawesi Tengah,28,16800.0,True,15950.0,1050.0
"Aug 10, 2025",Sulawesi Utara,29,16600.0,True,15950.0,1050.0
"Aug 10, 2025",Sulawesi Barat,30,15100.0,True,15950.0,1050.0
"Aug 10, 2025",Maluku,31,16850.0,True,15950.0,1050.0
"Aug 10, 2025",Maluku Utara,32,16700.0,True,15950.0,1050.0
"Aug 10, 2025",Papua,33,18800.0,True,15950.0,1050.0
"Aug 10, 2025",Papua Barat,34,16950.0,True,15950.0,1050.0
"Aug 11, 2025",Aceh,1,15650.0,True,15950.0,1050.0
"Aug 11, 2025",Sumatera Utara,2,14950.0,True,15950.0,1050.0
"Aug 11, 2025",Sumatera Barat,3,17150.0,True,15950.0,1050.0
"Aug 11, 2025",Riau,4,16300.0,True,15950.0,1050.0
"Aug 11, 2025",Kepulauan Riau,5,15200.0,True,15950.0,1050.0
"Aug 11, 2025",Jambi,6,15400.0,True,15950.0,1050.0
"Aug 11, 2025",Bengkulu,7,15600.0,True,15950.0,1050.0
"Aug 11, 2025",Sumatera Selatan,8,15450.0,True,15950.0,1050.0
"Aug 11, 2025",Kepulauan Bangka Belitung,9,15400.0,True,15950.0,1050.0
"Aug 11, 2025",Lampung,10,14800.0,True,15950.0,1050.0
"Aug 11, 2025",Banten,11,15700.0,True,15950.0,1050.0
"Aug 11, 2025",Jawa Barat,12,14850.0,True,15950.0,1050.0
"Aug 11, 2025",DKI Jakarta,13,16200.0,True,15950.0,1050.0
"Aug 11, 2025",Jawa Tengah,14,15000.0,True,15950.0,1050.0
"Aug 11, 2025",DI Yogyakarta,15,14450.0,True,15950.0,1050.0
"Aug 11, 2025",Jawa Timur,16,14750.0,True,15950.0,1050.0
"Aug 11, 2025",Bali,17,15600.0,True,15950.0,1050.0
"Aug 11, 2025",Nusa Tenggara Barat,18,13950.0,True,15950.0,1050.0
"Aug 11, 2025",Nusa Tenggara Timur,19,15400.0,True,15950.0,1050.0
"Aug 11, 2025",Kalimantan Barat,20,16400.0,True,15950.0,1050.0
"Aug 11, 2025",Kalimantan Selatan,21,17350.0,True,15950.0,1050.0
"Aug 11, 2025",Kalimantan Tengah,22,17500.0,True,15950.0,1050.0
"Aug 11, 2025",Kalimantan Timur,23,16400.0,True,15950.0,1050.0
"Aug 11, 2025",Kalimantan Utara,24,17150.0,True,15950.0,1050.0
"Aug 11, 2025",Gorontalo,25,16700.0,True,15950.0,1050.0
"Aug 11, 2025",Sulawesi Selatan,26,14500.0,True,15950.0,1050.0
"Aug 11, 2025",Sulawesi Tenggara,27,16600.0,True,15950.0,1050.0
"Aug 11, 2025",Sulawesi Tengah,28,16800.0,True,15950.0,1050.0
"Aug 11, 2025",Sulawesi Utara,29,16600.0,True,15950.0,1050.0
"Aug 11, 2025",Sulawesi Barat,30,15050.0,True,15950.0,1050.0
"Aug 11, 2025",Maluku,31,16850.0,True,15950.0,1050.0
"Aug 11, 2025",Maluku Utara,32,16700.0,True,15950.0,1050.0
"Aug 11, 2025",Papua,33,18900.0,True,15950.0,1050.0
"Aug 11, 2025",Papua Barat,34,16950.0,True,15950.0,1050.0
"Aug 12, 2025",Aceh,1,15650.0,True,15950.0,1050.0
"Aug 12, 2025",Sumatera Utara,2,14950.0,True,15950.0,1050.0
"Aug 12, 2025",Sumatera Barat,3,17150.0,True,15950.0,1050.0
"Aug 12, 2025",Riau,4,16300.0,True,15950.0,1050.0
"Aug 12, 2025",Kepulauan Riau,5,15200.0,True,15950.0,1050.0
"Aug 12, 2025",Jambi,6,15400.0,True,15950.0,1050.0
"Aug 12, 2025",Bengkulu,7,15650.0,True,15950.0,1050.0
"Aug 12, 2025",Sumatera Selatan,8,15500.0,True,15950.0,1050.0
"Aug 12, 2025",Kepulauan Bangka Belitung,9,15400.0,True,15950.0,1050.0
"Aug 12, 2025",Lampung,10,14800.0,True,15950.0,1050.0
"Aug 12, 2025",Banten,11,15700.0,True,15950.0,1050.0
"Aug 12, 2025",Jawa Barat,12,14850.0,True,15950.0,1050.0
"Aug 12, 2025",DKI Jakarta,13,16200.0,True,15950.0,1050.0
"Aug 12, 2025",Jawa Tengah,14,15000.0,True,15950.0,1050.0
"Aug 12, 2025",DI Yogyakarta,15,14450.0,True,15950.0,1050.0
"Aug 12, 2025",Jawa Timur,16,14750.0,True,15950.0,1050.0
"Aug 12, 2025",Bali,17,15600.0,True,15950.0,1050.0
"Aug 12, 2025",Nusa Tenggara Barat,18,13900.0,True,15950.0,1050.0
"Aug 12, 2025",Nusa Tenggara Timur,19,15400.0,True,15950.0,1050.0
"Aug 12, 2025",Kalimantan Barat,20,16400.0,True,15950.0,1050.0
"Aug 12, 2025",Kalimantan Selatan,21,17350.0,True,15950.0,1050.0
"Aug 12, 2025",Kalimantan Tengah,22,17500.0,True,15950.0,1050.0
"Aug 12, 2025",Kalimantan Timur,23,16450.0,True,15950.0,1050.0
"Aug 12, 2025",Kalimantan Utara,24,17150.0,True,15950.0,1050.0
"Aug 12, 2025",Gorontalo,25,16850.0,True,15950.0,1050.0
"Aug 12, 2025",Sulawesi Selatan,26,14500.0,True,15950.0,1050.0
"Aug 12, 2025",Sulawesi Tenggara,27,16600.0,True,15950.0,1050.0
"Aug 12, 2025",Sulawesi Tengah,28,16800.0,True,15950.0,1050.0
"Aug 12, 2025",Sulawesi Utara,29,16600.0,True,15950.0,1050.0
"Aug 12, 2025",Sulawesi Barat,30,15050.0,True,15950.0,1050.0
"Aug 12, 2025",Maluku,31,16850.0,True,15950.0,1050.0
"Aug 12, 2025",Maluku Utara,32,16750.0,True,15950.0,1050.0
"Aug 12, 2025",Papua,33,18900.0,True,15950.0,1050.0
"Aug 12, 2025",Papua Barat,34,16950.0,True,15950.0,1050.0
"Aug 13, 2025",Aceh,1,15650.0,True,15950.0,1050.0
"Aug 13, 2025",Sumatera Utara,2,15000.0,True,15950.0,1050.0
"Aug 13, 2025",Sumatera Barat,3,17150.0,True,15950.0,1050.0
"Aug 13, 2025",Riau,4,16300.0,True,15950.0,1050.0
"Aug 13, 2025",Kepulauan Riau,5,15200.0,True,15950.0,1050.0
"Aug 13, 2025",Jambi,6,15400.0,True,15950.0,1050.0
"Aug 13, 2025",Bengkulu,7,15650.0,True,15950.0,1050.0
"Aug 13, 2025",Sumatera Selatan,8,15450.0,True,15950.0,1050.0
"Aug 13, 2025",Kepulauan Bangka Belitung,9,15350.0,True,15950.0,1050.0
"Aug 13, 2025",Lampung,10,14800.0,True,15950.0,1050.0
"Aug 13, 2025",Banten,11,15700.0,True,15950.0,1050.0
"Aug 13, 2025",Jawa Barat,12,14850.0,True,15950.0,1050.0
"Aug 13, 2025",DKI Jakarta,13,16200.0,True,15950.0,1050.0
"Aug 13, 2025",Jawa Tengah,14,15000.0,True,15950.0,1050.0
"Aug 13, 2025",DI Yogyakarta,15,14450.0,True,15950.0,1050.0
"Aug 13, 2025",Jawa Timur,16,14750.0,True,15950.0,1050.0
"Aug 13, 2025",Bali,17,15600.0,True,15950.0,1050.0
"Aug 13, 2025",Nusa Tenggara Barat,18,13950.0,True,15950.0,1050.0
"Aug 13, 2025",Nusa Tenggara Timur,19,15400.0,True,15950.0,1050.0
"Aug 13, 2025",Kalimantan Barat,20,16400.0,True,15950.0,1050.0
"Aug 13, 2025",Kalimantan Selatan,21,17350.0,True,15950.0,1050.0
"Aug 13, 2025",Kalimantan Tengah,22,17500.0,True,15950.0,1050.0
"Aug 13, 2025",Kalimantan Timur,23,16450.0,True,15950.0,1050.0
"Aug 13, 2025",Kalimantan Utara,24,17150.0,True,15950.0,1050.0
"Aug 13, 2025",Gorontalo,25,16850.0,True,15950.0,1050.0
"Aug 13, 2025",Sulawesi Selatan,26,14500.0,True,15950.0,1050.0
"Aug 13, 2025",Sulawesi Tenggara,27,16600.0,True,15950.0,1050.0
"Aug 13, 2025",Sulawesi Tengah,28,16800.0,True,15950.0,1050.0
"Aug 13, 2025",Sulawesi Utara,29,16600.0,True,15950.0,1050.0
"Aug 13, 2025",Sulawesi Barat,30,15050.0,True,15950.0,1050.0
"Aug 13, 2025",Maluku,31,16850.0,True,15950.0,1050.0
"Aug 13, 2025",Maluku Utara,32,16700.0,True,15950.0,1050.0
"Aug 13, 2025",Papua,33,18900.0,True,15950.0,1050.0
"Aug 13, 2025",Papua Barat,34,16950.0,True,15950.0,1050.0
"Aug 14, 2025",Aceh,1,15500.0,True,15950.0,1050.0
"Aug 14, 2025",Sumatera Utara,2,14950.0,True,15950.0,1050.0
"Aug 14, 2025",Sumatera Barat,3,17150.0,True,15950.0,1050.0
"Aug 14, 2025",Riau,4,16300.0,True,15950.0,1050.0
"Aug 14, 2025",Kepulauan Riau,5,15200.0,True,15950.0,1050.0
"Aug 14, 2025",Jambi,6,15400.0,True,15950.0,1050.0
"Aug 14, 2025",Bengkulu,7,15650.0,True,15950.0,1050.0
"Aug 14, 2025",Sumatera Selatan,8,15450.0,True,15950.0,1050.0
"Aug 14, 2025",Kepulauan Bangka Belitung,9,15350.0,True,15950.0,1050.0
"Aug 14, 2025",Lampung,10,14800.0,True,15950.0,1050.0
"Aug 14, 2025",Banten,11,15500.0,True,15950.0,1050.0
"Aug 14, 2025",Jawa Barat,12,14850.0,True,15950.0,1050.0
"Aug 14, 2025",DKI Jakarta,13,16200.0,True,15950.0,1050.0
"Aug 14, 2025",Jawa Tengah,14,15000.0,True,15950.0,1050.0
"Aug 14, 2025",DI Yogyakarta,15,14450.0,True,15950.0,1050.0
"Aug 14, 2025",Jawa Timur,16,14750.0,True,15950.0,1050.0
"Aug 14, 2025",Bali,17,15600.0,True,15950.0,1050.0
"Aug 14, 2025",Nusa Tenggara Barat,18,13950.0,True,15950.0,1050.0
"Aug 14, 2025",Nusa Tenggara Timur,19,15400.0,True,15950.0,1050.0
"Aug 14, 2025",Kalimantan Barat,20,16400.0,True,15950.0,1050.0
"Aug 14, 2025",Kalimantan Selatan,21,17450.0,True,15950.0,1050.0
"Aug 14, 2025",Kalimantan Tengah,22,17500.0,True,15950.0,1050.0
"Aug 14, 2025",Kalimantan Timur,23,16450.0,True,15950.0,1050.0
"Aug 14, 2025",Kalimantan Utara,24,17150.0,True,15950.0,1050.0
"Aug 14, 2025",Gorontalo,25,16900.0,True,15950.0,1050.0
"Aug 14, 2025",Sulawesi Selatan,26,14500.0,True,15950.0,1050.0
"Aug 14, 2025",Sulawesi Tenggara,27,16600.0,True,15950.0,1050.0
"Aug 14, 2025",Sulawesi Tengah,28,16800.0,True,15950.0,1050.0
"Aug 14, 2025",Sulawesi Utara,29,16600.0,True,15950.0,1050.0
"Aug 14, 2025",Sulawesi Barat,30,15050.0,True,15950.0,1050.0
"Aug 14, 2025",Maluku,31,16850.0,True,15950.0,1050.0
"Aug 14, 2025",Maluku Utara,32,16700.0,True,15950.0,1050.0
"Aug 14, 2025",Papua,33,18900.0,True,15950.0,1050.0
"Aug 14, 2025",Papua Barat,34,16950.0,True,15950.0,1050.0
"Aug 15, 2025",Aceh,1,15500.0,True,15950.0,1100.0
"Aug 15, 2025",Sumatera Utara,2,15000.0,True,15950.0,1100.0
"Aug 15, 2025",Sumatera Barat,3,17150.0,True,15950.0,1100.0
"Aug 15, 2025",Riau,4,16300.0,True,15950.0,1100.0
"Aug 15, 2025",Kepulauan Riau,5,15200.0,True,15950.0,1100.0
"Aug 15, 2025",Jambi,6,15400.0,True,15950.0,1100.0
"Aug 15, 2025",Bengkulu,7,15650.0,True,15950.0,1100.0
"Aug 15, 2025",Sumatera Selatan,8,15500.0,True,15950.0,1100.0
"Aug 15, 2025",Kepulauan Bangka Belitung,9,15350.0,True,15950.0,1100.0
"Aug 15, 2025",Lampung,10,14750.0,True,15950.0,1100.0
"Aug 15, 2025",Banten,11,15500.0,True,15950.0,1100.0
"Aug 15, 2025",Jawa Barat,12,14850.0,True,15950.0,1100.0
"Aug 15, 2025",DKI Jakarta,13,16200.0,True,15950.0,1100.0
"Aug 15, 2025",Jawa Tengah,14,15000.0,True,15950.0,1100.0
"Aug 15, 2025",DI Yogyakarta,15,14450.0,True,15950.0,1100.0
"Aug 15, 2025",Jawa Timur,16,14800.0,True,15950.0,1100.0
"Aug 15, 2025",Bali,17,15600.0,True,15950.0,1100.0
"Aug 15, 2025",Nusa Tenggara Barat,18,13900.0,True,15950.0,1100.0
"Aug 15, 2025",Nusa Tenggara Timur,19,15400.0,True,15950.0,1100.0
"Aug 15, 2025",Kalimantan Barat,20,16400.0,True,15950.0,1100.0
"Aug 15, 2025",Kalimantan Selatan,21,17450.0,True,15950.0,1100.0
"Aug 15, 2025",Kalimantan Tengah,22,17500.0,True,15950.0,1100.0
"Aug 15, 2025",Kalimantan Timur,23,16400.0,True,15950.0,1100.0
"Aug 15, 2025",Kalimantan Utara,24,17150.0,True,15950.0,1100.0
"Aug 15, 2025",Gorontalo,25,17000.0,True,15950.0,1100.0
"Aug 15, 2025",Sulawesi Selatan,26,14450.0,True,15950.0,1100.0
"Aug 15, 2025",Sulawesi Tenggara,27,16600.0,True,15950.0,1100.0
"Aug 15, 2025",Sulawesi Tengah,28,16800.0,True,15950.0,1100.0
"Aug 15, 2025",Sulawesi Utara,29,16600.0,True,15950.0,1100.0
"Aug 15, 2025",Sulawesi Barat,30,15050.0,True,15950.0,1100.0
"Aug 15, 2025",Maluku,31,16850.0,True,15950.0,1100.0
"Aug 15, 2025",Maluku Utara,32,16700.0,True,15950.0,1100.0
"Aug 15, 2025",Papua,33,18900.0,True,15950.0,1100.0
"Aug 15, 2025",Papua Barat,34,16950.0,True,15950.0,1100.0
"Aug 16, 2025",Aceh,1,15500.0,True,15950.0,1100.0
"Aug 16, 2025",Sumatera Utara,2,15000.0,True,15950.0,1100.0
"Aug 16, 2025",Sumatera Barat,3,17150.0,True,15950.0,1100.0
"Aug 16, 2025",Riau,4,16300.0,True,15950.0,1100.0
"Aug 16, 2025",Kepulauan Riau,5,15200.0,True,15950.0,1100.0
"Aug 16, 2025",Jambi,6,15400.0,True,15950.0,1100.0
"Aug 16, 2025",Bengkulu,7,15650.0,True,15950.0,1100.0
"Aug 16, 2025",Sumatera Selatan,8,15500.0,True,15950.0,1100.0
"Aug 16, 2025",Kepulauan Bangka Belitung,9,15350.0,True,15950.0,1100.0
"Aug 16, 2025",Lampung,10,14750.0,True,15950.0,1100.0
"Aug 16, 2025",Banten,11,15500.0,True,15950.0,1100.0
"Aug 16, 2025",Jawa Barat,12,14850.0,True,15950.0,1100.0
"Aug 16, 2025",DKI Jakarta,13,16200.0,True,15950.0,1100.0
"Aug 16, 2025",Jawa Tengah,14,15000.0,True,15950.0,1100.0
"Aug 16, 2025",DI Yogyakarta,15,14450.0,True,15950.0,1100.0
"Aug 16, 2025",Jawa Timur,16,14800.0,True,15950.0,1100.0
"Aug 16, 2025",Bali,17,15600.0,True,15950.0,1100.0
"Aug 16, 2025",Nusa Tenggara Barat,18,13900.0,True,15950.0,1100.0
"Aug 16, 2025",Nusa Tenggara Timur,19,15400.0,True,15950.0,1100.0
"Aug 16, 2025",Kalimantan Barat,20,16400.0,True,15950.0,1100.0
"Aug 16, 2025",Kalimantan Selatan,21,17450.0,True,15950.0,1100.0
"Aug 16, 2025",Kalimantan Tengah,22,17500.0,True,15950.0,1100.0
"Aug 16, 2025",Kalimantan Timur,23,16400.0,True,15950.0,1100.0
"Aug 16, 2025",Kalimantan Utara,24,17150.0,True,15950.0,1100.0
"Aug 16, 2025",Gorontalo,25,17000.0,True,15950.0,1100.0
"Aug 16, 2025",Sulawesi Selatan,26,14450.0,True,15950.0,1100.0
"Aug 16, 2025",Sulawesi Tenggara,27,16600.0,True,15950.0,1100.0
"Aug 16, 2025",Sulawesi Tengah,28,16800.0,True,15950.0,1100.0
"Aug 16, 2025",Sulawesi Utara,29,16600.0,True,15950.0,1100.0
"Aug 16, 2025",Sulawesi Barat,30,15050.0,True,15950.0,1100.0
"Aug 16, 2025",Maluku,31,16850.0,True,15950.0,1100.0
"Aug 16, 2025",Maluku Utara,32,16700.0,True,15950.0,1100.0
"Aug 16, 2025",Papua,33,18900.0,True,15950.0,1100.0
"Aug 16, 2025",Papua Barat,34,16950.0,True,15950.0,1100.0
"Aug 17, 2025",Aceh,1,15500.0,True,15950.0,1100.0
"Aug 17, 2025",Sumatera Utara,2,15000.0,True,15950.0,1100.0
"Aug 17, 2025",Sumatera Barat,3,17150.0,True,15950.0,1100.0
"Aug 17, 2025",Riau,4,16300.0,True,15950.0,1100.0
"Aug 17, 2025",Kepulauan Riau,5,15200.0,True,15950.0,1100.0
"Aug 17, 2025",Jambi,6,15400.0,True,15950.0,1100.0
"Aug 17, 2025",Bengkulu,7,15650.0,True,15950.0,1100.0
"Aug 17, 2025",Sumatera Selatan,8,15500.0,True,15950.0,1100.0
"Aug 17, 2025",Kepulauan Bangka Belitung,9,15350.0,True,15950.0,1100.0
"Aug 17, 2025",Lampung,10,14750.0,True,15950.0,1100.0
"Aug 17, 2025",Banten,11,15500.0,True,15950.0,1100.0
"Aug 17, 2025",Jawa Barat,12,14850.0,True,15950.0,1100.0
"Aug 17, 2025",DKI Jakarta,13,16200.0,True,15950.0,1100.0
"Aug 17, 2025",Jawa Tengah,14,15000.0,True,15950.0,1100.0
"Aug 17, 2025",DI Yogyakarta,15,14450.0,True,15950.0,1100.0
"Aug 17, 2025",Jawa Timur,16,14800.0,True,15950.0,1100.0
"Aug 17, 2025",Bali,17,15600.0,True,15950.0,1100.0
"Aug 17, 2025",Nusa Tenggara Barat,18,13900.0,True,15950.0,1100.0
"Aug 17, 2025",Nusa Tenggara Timur,19,15400.0,True,15950.0,1100.0
"Aug 17, 2025",Kalimantan Barat,20,16400.0,True,15950.0,1100.0
"Aug 17, 2025",Kalimantan Selatan,21,17450.0,True,15950.0,1100.0
"Aug 17, 2025",Kalimantan Tengah,22,17500.0,True,15950.0,1100.0
"Aug 17, 2025",Kalimantan Timur,23,16400.0,True,15950.0,1100.0
"Aug 17, 2025",Kalimantan Utara,24,17150.0,True,15950.0,1100.0
"Aug 17, 2025",Gorontalo,25,17000.0,True,15950.0,1100.0
"Aug 17, 2025",Sulawesi Selatan,26,14450.0,True,15950.0,1100.0
"Aug 17, 2025",Sulawesi Tenggara,27,16600.0,True,15950.0,1100.0
"Aug 17, 2025",Sulawesi Tengah,28,16800.0,True,15950.0,1100.0
"Aug 17, 2025",Sulawesi Utara,29,16600.0,True,15950.0,1100.0
"Aug 17, 2025",Sulawesi Barat,30,15050.0,True,15950.0,1100.0
"Aug 17, 2025",Maluku,31,16850.0,True,15950.0,1100.0
"Aug 17, 2025",Maluku Utara,32,16700.0,True,15950.0,1100.0
"Aug 17, 2025",Papua,33,18900.0,True,15950.0,1100.0
"Aug 17, 2025",Papua Barat,34,16950.0,True,15950.0,1100.0
"Aug 18, 2025",Aceh,1,15500.0,True,15950.0,1100.0
"Aug 18, 2025",Sumatera Utara,2,15000.0,True,15950.0,1100.0
"Aug 18, 2025",Sumatera Barat,3,17150.0,True,15950.0,1100.0
"Aug 18, 2025",Riau,4,16300.0,True,15950.0,1100.0
"Aug 18, 2025",Kepulauan Riau,5,15200.0,True,15950.0,1100.0
"Aug 18, 2025",Jambi,6,15400.0,True,15950.0,1100.0
"Aug 18, 2025",Bengkulu,7,15650.0,True,15950.0,1100.0
"Aug 18, 2025",Sumatera Selatan,8,15500.0,True,15950.0,1100.0
"Aug 18, 2025",Kepulauan Bangka Belitung,9,15350.0,True,15950.0,1100.0
"Aug 18, 2025",Lampung,10,14750.0,True,15950.0,1100.0
"Aug 18, 2025",Banten,11,15500.0,True,15950.0,1100.0
"Aug 18, 2025",Jawa Barat,12,14850.0,True,15950.0,1100.0
"Aug 18, 2025",DKI Jakarta,13,16200.0,True,15950.0,1100.0
"Aug 18, 2025",Jawa Tengah,14,15000.0,True,15950.0,1100.0
"Aug 18, 2025",DI Yogyakarta,15,14450.0,True,15950.0,1100.0
"Aug 18, 2025",Jawa Timur,16,14800.0,True,15950.0,1100.0
"Aug 18, 2025",Bali,17,15600.0,True,15950.0,1100.0
"Aug 18, 2025",Nusa Tenggara Barat,18,13900.0,True,15950.0,1100.0
"Aug 18, 2025",Nusa Tenggara Timur,19,15400.0,True,15950.0,1100.0
"Aug 18, 2025",Kalimantan Barat,20,16400.0,True,15950.0,1100.0
"Aug 18, 2025",Kalimantan Selatan,21,17450.0,True,15950.0,1100.0
"Aug 18, 2025",Kalimantan Tengah,22,17500.0,True,15950.0,1100.0
"Aug 18, 2025",Kalimantan Timur,23,16400.0,True,15950.0,1100.0
"Aug 18, 2025",Kalimantan Utara,24,17150.0,True,15950.0,1100.0
"Aug 18, 2025",Gorontalo,25,17000.0,True,15950.0,1100.0
"Aug 18, 2025",Sulawesi Selatan,26,14450.0,True,15950.0,1100.0
"Aug 18, 2025",Sulawesi Tenggara,27,16600.0,True,15950.0,1100.0
"Aug 18, 2025",Sulawesi Tengah,28,16800.0,True,15950.0,1100.0
"Aug 18, 2025",Sulawesi Utara,29,16600.0,True,15950.0,1100.0
"Aug 18, 2025",Sulawesi Barat,30,15050.0,True,15950.0,1100.0
"Aug 18, 2025",Maluku,31,16850.0,True,15950.0,1100.0
"Aug 18, 2025",Maluku Utara,32,16700.0,True,15950.0,1100.0
"Aug 18, 2025",Papua,33,18900.0,True,15950.0,1100.0
"Aug 18, 2025",Papua Barat,34,16950.0,True,15950.0,1100.0
"Aug 19, 2025",Aceh,1,15400.0,True,15950.0,1100.0
"Aug 19, 2025",Sumatera Utara,2,15000.0,True,15950.0,1100.0
"Aug 19, 2025",Sumatera Barat,3,17150.0,True,15950.0,1100.0
"Aug 19, 2025",Riau,4,16300.0,True,15950.0,1100.0
"Aug 19, 2025",Kepulauan Riau,5,15200.0,True,15950.0,1100.0
"Aug 19, 2025",Jambi,6,15400.0,True,15950.0,1100.0
"Aug 19, 2025",Bengkulu,7,15650.0,True,15950.0,1100.0
"Aug 19, 2025",Sumatera Selatan,8,15500.0,True,15950.0,1100.0
"Aug 19, 2025",Kepulauan Bangka Belitung,9,15300.0,True,15950.0,1100.0
"Aug 19, 2025",Lampung,10,14750.0,True,15950.0,1100.0
"Aug 19, 2025",Banten,11,15500.0,True,15950.0,1100.0
"Aug 19, 2025",Jawa Barat,12,14850.0,True,15950.0,1100.0
"Aug 19, 2025",DKI Jakarta,13,16200.0,True,15950.0,1100.0
"Aug 19, 2025",Jawa Tengah,14,15000.0,True,15950.0,1100.0
"Aug 19, 2025",DI Yogyakarta,15,14450.0,True,15950.0,1100.0
"Aug 19, 2025",Jawa Timur,16,14750.0,True,15950.0,1100.0
"Aug 19, 2025",Bali,17,15600.0,True,15950.0,1100.0
"Aug 19, 2025",Nusa Tenggara Barat,18,13900.0,True,15950.0,1100.0
"Aug 19, 2025",Nusa Tenggara Timur,19,15400.0,True,15950.0,1100.0
"Aug 19, 2025",Kalimantan Barat,20,16400.0,True,15950.0,1100.0
"Aug 19, 2025",Kalimantan Selatan,21,17450.0,True,15950.0,1100.0
"Aug 19, 2025",Kalimantan Tengah,22,17500.0,True,15950.0,1100.0
"Aug 19, 2025",Kalimantan Timur,23,16400.0,True,15950.0,1100.0
"Aug 19, 2025",Kalimantan Utara,24,17150.0,True,15950.0,1100.0
"Aug 19, 2025",Gorontalo,25,17000.0,True,15950.0,1100.0
"Aug 19, 2025",Sulawesi Selatan,26,14450.0,True,15950.0,1100.0
"Aug 19, 2025",Sulawesi Tenggara,27,16600.0,True,15950.0,1100.0
"Aug 19, 2025",Sulawesi Tengah,28,16750.0,True,15950.0,1100.0
"Aug 19, 2025",Sulawesi Utara,29,16600.0,True,15950.0,1100.0
"Aug 19, 2025",Sulawesi Barat,30,15050.0,True,15950.0,1100.0
"Aug 19, 2025",Maluku,31,16900.0,True,15950.0,1100.0
"Aug 19, 2025",Maluku Utara,32,16700.0,True,15950.0,1100.0
"Aug 19, 2025",Papua,33,18850.0,True,15950.0,1100.0
"Aug 19, 2025",Papua Barat,34,16950.0,True,15950.0,1100.0
"Aug 20, 2025",Aceh,1,15450.0,True,15950.0,1050.0
"Aug 20, 2025",Sumatera Utara,2,15000.0,True,15950.0,1050.0
"Aug 20, 2025",Sumatera Barat,3,17150.0,True,15950.0,1050.0
"Aug 20, 2025",Riau,4,16300.0,True,15950.0,1050.0
"Aug 20, 2025",Kepulauan Riau,5,15200.0,True,15950.0,1050.0
"Aug 20, 2025",Jambi,6,15400.0,True,15950.0,1050.0
"Aug 20, 2025",Bengkulu,7,15650.0,True,15950.0,1050.0
"Aug 20, 2025",Sumatera Selatan,8,15500.0,True,15950.0,1050.0
"Aug 20, 2025",Kepulauan Bangka Belitung,9,15300.0,True,15950.0,1050.0
"Aug 20, 2025",Lampung,10,14800.0,True,15950.0,1050.0
"Aug 20, 2025",Banten,11,15500.0,True,15950.0,1050.0
"Aug 20, 2025",Jawa Barat,12,14850.0,True,15950.0,1050.0
"Aug 20, 2025",DKI Jakarta,13,16250.0,True,15950.0,1050.0
"Aug 20, 2025",Jawa Tengah,14,15000.0,True,15950.0,1050.0
"Aug 20, 2025",DI Yogyakarta,15,14450.0,True,15950.0,1050.0
"Aug 20, 2025",Jawa Timur,16,14800.0,True,15950.0,1050.0
"Aug 20, 2025",Bali,17,15600.0,True,15950.0,1050.0
"Aug 20, 2025",Nusa Tenggara Barat,18,13900.0,True,15950.0,1050.0
"Aug 20, 2025",Nusa Tenggara Timur,19,15400.0,True,15950.0,1050.0
"Aug 20, 2025",Kalimantan Barat,20,16400.0,True,15950.0,1050.0
"Aug 20, 2025",Kalimantan Selatan,21,17450.0,True,15950.0,1050.0
"Aug 20, 2025",Kalimantan Tengah,22,17350.0,True,15950.0,1050.0
"Aug 20, 2025",Kalimantan Timur,23,16450.0,True,15950.0,1050.0
"Aug 20, 2025",Kalimantan Utara,24,17150.0,True,15950.0,1050.0
"Aug 20, 2025",Gorontalo,25,17000.0,True,15950.0,1050.0
"Aug 20, 2025",Sulawesi Selatan,26,14450.0,True,15950.0,1050.0
"Aug 20, 2025",Sulawesi Tenggara,27,16600.0,True,15950.0,1050.0
"Aug 20, 2025",Sulawesi Tengah,28,16750.0,True,15950.0,1050.0
"Aug 20, 2025",Sulawesi Utara,29,16750.0,True,15950.0,1050.0
"Aug 20, 2025",Sulawesi Barat,30,15050.0,True,15950.0,1050.0
"Aug 20, 2025",Maluku,31,16900.0,True,15950.0,1050.0
"Aug 20, 2025",Maluku Utara,32,16700.0,True,15950.0,1050.0
"Aug 20, 2025",Papua,33,18850.0,True,15950.0,1050.0
"Aug 20, 2025",Papua Barat,34,16950.0,True,15950.0,1050.0
"Aug 21, 2025",Aceh,1,15450.0,True,15950.0,1050.0
"Aug 21, 2025",Sumatera Utara,2,15000.0,True,15950.0,1050.0
"Aug 21, 2025",Sumatera Barat,3,17150.0,True,15950.0,1050.0
"Aug 21, 2025",Riau,4,16300.0,True,15950.0,1050.0
"Aug 21, 2025",Kepulauan Riau,5,15150.0,True,15950.0,1050.0
"Aug 21, 2025",Jambi,6,15400.0,True,15950.0,1050.0
"Aug 21, 2025",Bengkulu,7,15650.0,True,15950.0,1050.0
"Aug 21, 2025",Sumatera Selatan,8,15500.0,True,15950.0,1050.0
"Aug 21, 2025",Kepulauan Bangka Belitung,9,15300.0,True,15950.0,1050.0
"Aug 21, 2025",Lampung,10,14800.0,True,15950.0,1050.0
"Aug 21, 2025",Banten,11,15500.0,True,15950.0,1050.0
"Aug 21, 2025",Jawa Barat,12,14850.0,True,15950.0,1050.0
"Aug 21, 2025",DKI Jakarta,13,16250.0,True,15950.0,1050.0
"Aug 21, 2025",Jawa Tengah,14,15000.0,True,15950.0,1050.0
"Aug 21, 2025",DI Yogyakarta,15,14450.0,True,15950.0,1050.0
"Aug 21, 2025",Jawa Timur,16,14800.0,True,15950.0,1050.0
"Aug 21, 2025",Bali,17,15600.0,True,15950.0,1050.0
"Aug 21, 2025",Nusa Tenggara Barat,18,13900.0,True,15950.0,1050.0
"Aug 21, 2025",Nusa Tenggara Timur,19,15400.0,True,15950.0,1050.0
"Aug 21, 2025",Kalimantan Barat,20,16400.0,True,15950.0,1050.0
"Aug 21, 2025",Kalimantan Selatan,21,17450.0,True,15950.0,1050.0
"Aug 21, 2025",Kalimantan Tengah,22,17400.0,True,15950.0,1050.0
"Aug 21, 2025",Kalimantan Timur,23,16450.0,True,15950.0,1050.0
"Aug 21, 2025",Kalimantan Utara,24,17150.0,True,15950.0,1050.0
"Aug 21, 2025",Gorontalo,25,17000.0,True,15950.0,1050.0
"Aug 21, 2025",Sulawesi Selatan,26,14450.0,True,15950.0,1050.0
"Aug 21, 2025",Sulawesi Tenggara,27,16550.0,True,15950.0,1050.0
"Aug 21, 2025",Sulawesi Tengah,28,16750.0,True,15950.0,1050.0
"Aug 21, 2025",Sulawesi Utara,29,16600.0,True,15950.0,1050.0
"Aug 21, 2025",Sulawesi Barat,30,15050.0,True,15950.0,1050.0
"Aug 21, 2025",Maluku,31,16900.0,True,15950.0,1050.0
"Aug 21, 2025",Maluku Utara,32,16700.0,True,15950.0,1050.0
"Aug 21, 2025",Papua,33,18850.0,True,15950.0,1050.0
"Aug 21, 2025",Papua Barat,34,16950.0,True,15950.0,1050.0
"Aug 22, 2025",Aceh,1,15450.0,True,15950.0,1050.0
"Aug 22, 2025",Sumatera Utara,2,15000.0,True,15950.0,1050.0
"Aug 22, 2025",Sumatera Barat,3,17150.0,True,15950.0,1050.0
"Aug 22, 2025",Riau,4,16300.0,True,15950.0,1050.0
"Aug 22, 2025",Kepulauan Riau,5,15150.0,True,15950.0,1050.0
"Aug 22, 2025",Jambi,6,15400.0,True,15950.0,1050.0
"Aug 22, 2025",Bengkulu,7,15650.0,True,15950.0,1050.0
"Aug 22, 2025",Sumatera Selatan,8,15500.0,True,15950.0,1050.0
"Aug 22, 2025",Kepulauan Bangka Belitung,9,15300.0,True,15950.0,1050.0
"Aug 22, 2025",Lampung,10,14800.0,True,15950.0,1050.0
"Aug 22, 2025",Banten,11,15500.0,True,15950.0,1050.0
"Aug 22, 2025",Jawa Barat,12,14850.0,True,15950.0,1050.0
"Aug 22, 2025",DKI Jakarta,13,16250.0,True,15950.0,1050.0
"Aug 22, 2025",Jawa Tengah,14,15050.0,True,15950.0,1050.0
"Aug 22, 2025",DI Yogyakarta,15,14450.0,True,15950.0,1050.0
"Aug 22, 2025",Jawa Timur,16,14800.0,True,15950.0,1050.0
"Aug 22, 2025",Bali,17,15600.0,True,15950.0,1050.0
"Aug 22, 2025",Nusa Tenggara Barat,18,13900.0,True,15950.0,1050.0
"Aug 22, 2025",Nusa Tenggara Timur,19,15400.0,True,15950.0,1050.0
"Aug 22, 2025",Kalimantan Barat,20,16400.0,True,15950.0,1050.0
"Aug 22, 2025",Kalimantan Selatan,21,17450.0,True,15950.0,1050.0
"Aug 22, 2025",Kalimantan Tengah,22,17400.0,True,15950.0,1050.0
"Aug 22, 2025",Kalimantan Timur,23,16450.0,True,15950.0,1050.0
"Aug 22, 2025",Kalimantan Utara,24,17150.0,True,15950.0,1050.0
"Aug 22, 2025",Gorontalo,25,16950.0,True,15950.0,1050.0
"Aug 22, 2025",Sulawesi Selatan,26,14450.0,True,15950.0,1050.0
"Aug 22, 2025",Sulawesi Tenggara,27,16550.0,True,15950.0,1050.0
"Aug 22, 2025",Sulawesi Tengah,28,16700.0,True,15950.0,1050.0
"Aug 22, 2025",Sulawesi Utara,29,16600.0,True,15950.0,1050.0
"Aug 22, 2025",Sulawesi Barat,30,15050.0,True,15950.0,1050.0
"Aug 22, 2025",Maluku,31,16900.0,True,15950.0,1050.0
"Aug 22, 2025",Maluku Utara,32,16700.0,True,15950.0,1050.0
"Aug 22, 2025",Papua,33,18850.0,True,15950.0,1050.0
"Aug 22, 2025",Papua Barat,34,16950.0,True,15950.0,1050.0
"Aug 23, 2025",Aceh,1,15450.0,True,15950.0,1050.0
"Aug 23, 2025",Sumatera Utara,2,15000.0,True,15950.0,1050.0
"Aug 23, 2025",Sumatera Barat,3,17150.0,True,15950.0,1050.0
"Aug 23, 2025",Riau,4,16300.0,True,15950.0,1050.0
"Aug 23, 2025",Kepulauan Riau,5,15150.0,True,15950.0,1050.0
"Aug 23, 2025",Jambi,6,15400.0,True,15950.0,1050.0
"Aug 23, 2025",Bengkulu,7,15650.0,True,15950.0,1050.0
"Aug 23, 2025",Sumatera Selatan,8,15500.0,True,15950.0,1050.0
"Aug 23, 2025",Kepulauan Bangka Belitung,9,15300.0,True,15950.0,1050.0
"Aug 23, 2025",Lampung,10,14800.0,True,15950.0,1050.0
"Aug 23, 2025",Banten,11,15500.0,True,15950.0,1050.0
"Aug 23, 2025",Jawa Barat,12,14850.0,True,15950.0,1050.0
"Aug 23, 2025",DKI Jakarta,13,16250.0,True,15950.0,1050.0
"Aug 23, 2025",Jawa Tengah,14,15050.0,True,15950.0,1050.0
"Aug 23, 2025",DI Yogyakarta,15,14450.0,True,15950.0,1050.0
"Aug 23, 2025",Jawa Timur,16,14800.0,True,15950.0,1050.0
"Aug 23, 2025",Bali,17,15600.0,True,15950.0,1050.0
"Aug 23, 2025",Nusa Tenggara Barat,18,13900.0,True,15950.0,1050.0
"Aug 23, 2025",Nusa Tenggara Timur,19,15400.0,True,15950.0,1050.0
"Aug 23, 2025",Kalimantan Barat,20,16400.0,True,15950.0,1050.0
"Aug 23, 2025",Kalimantan Selatan,21,17450.0,True,15950.0,1050.0
"Aug 23, 2025",Kalimantan Tengah,22,17400.0,True,15950.0,1050.0
"Aug 23, 2025",Kalimantan Timur,23,16450.0,True,15950.0,1050.0
"Aug 23, 2025",Kalimantan Utara,24,17150.0,True,15950.0,1050.0
"Aug 23, 2025",Gorontalo,25,16950.0,True,15950.0,1050.0
"Aug 23, 2025",Sulawesi Selatan,26,14450.0,True,15950.0,1050.0
"Aug 23, 2025",Sulawesi Tenggara,27,16550.0,True,15950.0,1050.0
"Aug 23, 2025",Sulawesi Tengah,28,16700.0,True,15950.0,1050.0
"Aug 23, 2025",Sulawesi Utara,29,16600.0,True,15950.0,1050.0
"Aug 23, 2025",Sulawesi Barat,30,15050.0,True,15950.0,1050.0
"Aug 23, 2025",Maluku,31,16900.0,True,15950.0,1050.0
"Aug 23, 2025",Maluku Utara,32,16700.0,True,15950.0,1050.0
"Aug 23, 2025",Papua,33,18850.0,True,15950.0,1050.0
"Aug 23, 2025",Papua Barat,34,16950.0,True,15950.0,1050.0
"Aug 24, 2025",Aceh,1,15450.0,True,15950.0,1050.0
"Aug 24, 2025",Sumatera Utara,2,15000.0,True,15950.0,1050.0
"Aug 24, 2025",Sumatera Barat,3,17150.0,True,15950.0,1050.0
"Aug 24, 2025",Riau,4,16300.0,True,15950.0,1050.0
"Aug 24, 2025",Kepulauan Riau,5,15150.0,True,15950.0,1050.0
"Aug 24, 2025",Jambi,6,15400.0,True,15950.0,1050.0
"Aug 24, 2025",Bengkulu,7,15650.0,True,15950.0,1050.0
"Aug 24, 2025",Sumatera Selatan,8,15500.0,True,15950.0,1050.0
"Aug 24, 2025",Kepulauan Bangka Belitung,9,15300.0,True,15950.0,1050.0
"Aug 24, 2025",Lampung,10,14800.0,True,15950.0,1050.0
"Aug 24, 2025",Banten,11,15500.0,True,15950.0,1050.0
"Aug 24, 2025",Jawa Barat,12,14850.0,True,15950.0,1050.0
"Aug 24, 2025",DKI Jakarta,13,16250.0,True,15950.0,1050.0
"Aug 24, 2025",Jawa Tengah,14,15050.0,True,15950.0,1050.0
"Aug 24, 2025",DI Yogyakarta,15,14450.0,True,15950.0,1050.0
"Aug 24, 2025",Jawa Timur,16,14800.0,True,15950.0,1050.0
"Aug 24, 2025",Bali,17,15600.0,True,15950.0,1050.0
"Aug 24, 2025",Nusa Tenggara Barat,18,13900.0,True,15950.0,1050.0
"Aug 24, 2025",Nusa Tenggara Timur,19,15400.0,True,15950.0,1050.0
"Aug 24, 2025",Kalimantan Barat,20,16400.0,True,15950.0,1050.0
"Aug 24, 2025",Kalimantan Selatan,21,17450.0,True,15950.0,1050.0
"Aug 24, 2025",Kalimantan Tengah,22,17400.0,True,15950.0,1050.0
"Aug 24, 2025",Kalimantan Timur,23,16450.0,True,15950.0,1050.0
"Aug 24, 2025",Kalimantan Utara,24,17150.0,True,15950.0,1050.0
"Aug 24, 2025",Gorontalo,25,16950.0,True,15950.0,1050.0
"Aug 24, 2025",Sulawesi Selatan,26,14450.0,True,15950.0,1050.0
"Aug 24, 2025",Sulawesi Tenggara,27,16550.0,True,15950.0,1050.0
"Aug 24, 2025",Sulawesi Tengah,28,16700.0,True,15950.0,1050.0
"Aug 24, 2025",Sulawesi Utara,29,16600.0,True,15950.0,1050.0
"Aug 24, 2025",Sulawesi Barat,30,15050.0,True,15950.0,1050.0
"Aug 24, 2025",Maluku,31,16900.0,True,15950.0,1050.0
"Aug 24, 2025",Maluku Utara,32,16700.0,True,15950.0,1050.0
"Aug 24, 2025",Papua,33,18850.0,True,15950.0,1050.0
"Aug 24, 2025",Papua Barat,34,16950.0,True,15950.0,1050.0
"Aug 25, 2025",Aceh,1,15400.0,True,15950.0,1100.0
"Aug 25, 2025",Sumatera Utara,2,14950.0,True,15950.0,1100.0
"Aug 25, 2025",Sumatera Barat,3,17150.0,True,15950.0,1100.0
"Aug 25, 2025",Riau,4,16300.0,True,15950.0,1100.0
"Aug 25, 2025",Kepulauan Riau,5,15150.0,True,15950.0,1100.0
"Aug 25, 2025",Jambi,6,15400.0,True,15950.0,1100.0
"Aug 25, 2025",Bengkulu,7,15650.0,True,15950.0,1100.0
"Aug 25, 2025",Sumatera Selatan,8,15500.0,True,15950.0,1100.0
"Aug 25, 2025",Kepulauan Bangka Belitung,9,15300.0,True,15950.0,1100.0
"Aug 25, 2025",Lampung,10,14800.0,True,15950.0,1100.0
"Aug 25, 2025",Banten,11,15500.0,True,15950.0,1100.0
"Aug 25, 2025",Jawa Barat,12,14850.0,True,15950.0,1100.0
"Aug 25, 2025",DKI Jakarta,13,16300.0,True,15950.0,1100.0
"Aug 25, 2025",Jawa Tengah,14,15050.0,True,15950.0,1100.0
"Aug 25, 2025",DI Yogyakarta,15,14450.0,True,15950.0,1100.0
"Aug 25, 2025",Jawa Timur,16,14800.0,True,15950.0,1100.0
"Aug 25, 2025",Bali,17,15600.0,True,15950.0,1100.0
"Aug 25, 2025",Nusa Tenggara Barat,18,13900.0,True,15950.0,1100.0
"Aug 25, 2025",Nusa Tenggara Timur,19,15400.0,True,15950.0,1100.0
"Aug 25, 2025",Kalimantan Barat,20,16400.0,True,15950.0,1100.0
"Aug 25, 2025",Kalimantan Selatan,21,17450.0,True,15950.0,1100.0
"Aug 25, 2025",Kalimantan Tengah,22,17400.0,True,15950.0,1100.0
"Aug 25, 2025",Kalimantan Timur,23,16450.0,True,15950.0,1100.0
"Aug 25, 2025",Kalimantan Utara,24,17250.0,True,15950.0,1100.0
"Aug 25, 2025",Gorontalo,25,17000.0,True,15950.0,1100.0
"Aug 25, 2025",Sulawesi Selatan,26,14400.0,True,15950.0,1100.0
"Aug 25, 2025",Sulawesi Tenggara,27,16450.0,True,15950.0,1100.0
"Aug 25, 2025",Sulawesi Tengah,28,16700.0,True,15950.0,1100.0
"Aug 25, 2025",Sulawesi Utara,29,16600.0,True,15950.0,1100.0
"Aug 25, 2025",Sulawesi Barat,30,15000.0,True,15950.0,1100.0
"Aug 25, 2025",Maluku,31,16900.0,True,15950.0,1100.0
"Aug 25, 2025",Maluku Utara,32,16700.0,True,15950.0,1100.0
"Aug 25, 2025",Papua,33,18850.0,True,15950.0,1100.0
"Aug 25, 2025",Papua Barat,34,16950.0,True,15950.0,1100.0
"Aug 26, 2025",Aceh,1,15250.0,True,15950.0,1100.0
"Aug 26, 2025",Sumatera Utara,2,14950.0,True,15950.0,1100.0
"Aug 26, 2025",Sumatera Barat,3,17150.0,True,15950.0,1100.0
"Aug 26, 2025",Riau,4,16300.0,True,15950.0,1100.0
"Aug 26, 2025",Kepulauan Riau,5,15150.0,True,15950.0,1100.0
"Aug 26, 2025",Jambi,6,15400.0,True,15950.0,1100.0
"Aug 26, 2025",Bengkulu,7,15650.0,True,15950.0,1100.0
"Aug 26, 2025",Sumatera Selatan,8,15500.0,True,15950.0,1100.0
"Aug 26, 2025",Kepulauan Bangka Belitung,9,15300.0,True,15950.0,1100.0
"Aug 26, 2025",Lampung,10,14800.0,True,15950.0,1100.0
"Aug 26, 2025",Banten,11,15500.0,True,15950.0,1100.0
"Aug 26, 2025",Jawa Barat,12,14850.0,True,15950.0,1100.0
"Aug 26, 2025",DKI Jakarta,13,16300.0,True,15950.0,1100.0
"Aug 26, 2025",Jawa Tengah,14,15050.0,True,15950.0,1100.0
"Aug 26, 2025",DI Yogyakarta,15,14450.0,True,15950.0,1100.0
"Aug 26, 2025",Jawa Timur,16,14800.0,True,15950.0,1100.0
"Aug 26, 2025",Bali,17,15600.0,True,15950.0,1100.0
"Aug 26, 2025",Nusa Tenggara Barat,18,13900.0,True,15950.0,1100.0
"Aug 26, 2025",Nusa Tenggara Timur,19,15400.0,True,15950.0,1100.0
"Aug 26, 2025",Kalimantan Barat,20,16400.0,True,15950.0,1100.0
"Aug 26, 2025",Kalimantan Selatan,21,17450.0,True,15950.0,1100.0
"Aug 26, 2025",Kalimantan Tengah,22,17400.0,True,15950.0,1100.0
"Aug 26, 2025",Kalimantan Timur,23,16450.0,True,15950.0,1100.0
"Aug 26, 2025",Kalimantan Utara,24,17250.0,True,15950.0,1100.0
"Aug 26, 2025",Gorontalo,25,17000.0,True,15950.0,1100.0
"Aug 26, 2025",Sulawesi Selatan,26,14350.0,True,15950.0,1100.0
"Aug 26, 2025",Sulawesi Tenggara,27,16450.0,True,15950.0,1100.0
"Aug 26, 2025",Sulawesi Tengah,28,16700.0,True,15950.0,1100.0
"Aug 26, 2025",Sulawesi Utara,29,16550.0,True,15950.0,1100.0
"Aug 26, 2025",Sulawesi Barat,30,15000.0,True,15950.0,1100.0
"Aug 26, 2025",Maluku,31,16900.0,True,15950.0,1100.0
"Aug 26, 2025",Maluku Utara,32,16700.0,True,15950.0,1100.0
"Aug 26, 2025",Papua,33,18850.0,True,15950.0,1100.0
"Aug 26, 2025",Papua Barat,34,16950.0,True,15950.0,1100.0
"Aug 27, 2025",Aceh,1,15300.0,True,15950.0,1100.0
"Aug 27, 2025",Sumatera Utara,2,14900.0,True,15950.0,1100.0
"Aug 27, 2025",Sumatera Barat,3,17150.0,True,15950.0,1100.0
"Aug 27, 2025",Riau,4,16300.0,True,15950.0,1100.0
"Aug 27, 2025",Kepulauan Riau,5,15150.0,True,15950.0,1100.0
"Aug 27, 2025",Jambi,6,15400.0,True,15950.0,1100.0
"Aug 27, 2025",Bengkulu,7,15650.0,True,15950.0,1100.0
"Aug 27, 2025",Sumatera Selatan,8,15500.0,True,15950.0,1100.0
"Aug 27, 2025",Kepulauan Bangka Belitung,9,15300.0,True,15950.0,1100.0
"Aug 27, 2025",Lampung,10,14800.0,True,15950.0,1100.0
"Aug 27, 2025",Banten,11,15500.0,True,15950.0,1100.0
"Aug 27, 2025",Jawa Barat,12,14850.0,True,15950.0,1100.0
"Aug 27, 2025",DKI Jakarta,13,16300.0,True,15950.0,1100.0
"Aug 27, 2025",Jawa Tengah,14,15050.0,True,15950.0,1100.0
"Aug 27, 2025",DI Yogyakarta,15,14450.0,True,15950.0,1100.0
"Aug 27, 2025",Jawa Timur,16,14800.0,True,15950.0,1100.0
"Aug 27, 2025",Bali,17,15600.0,True,15950.0,1100.0
"Aug 27, 2025",Nusa Tenggara Barat,18,13900.0,True,15950.0,1100.0
"Aug 27, 2025",Nusa Tenggara Timur,19,15400.0,True,15950.0,1100.0
"Aug 27, 2025",Kalimantan Barat,20,16400.0,True,15950.0,1100.0
"Aug 27, 2025",Kalimantan Selatan,21,17450.0,True,15950.0,1100.0
"Aug 27, 2025",Kalimantan Tengah,22,17400.0,True,15950.0,1100.0
"Aug 27, 2025",Kalimantan Timur,23,16450.0,True,15950.0,1100.0
"Aug 27, 2025",Kalimantan Utara,24,17400.0,True,15950.0,1100.0
"Aug 27, 2025",Gorontalo,25,17000.0,True,15950.0,1100.0
"Aug 27, 2025",Sulawesi Selatan,26,14400.0,True,15950.0,1100.0
"Aug 27, 2025",Sulawesi Tenggara,27,16450.0,True,15950.0,1100.0
"Aug 27, 2025",Sulawesi Tengah,28,16700.0,True,15950.0,1100.0
"Aug 27, 2025",Sulawesi Utara,29,16600.0,True,15950.0,1100.0
"Aug 27, 2025",Sulawesi Barat,30,15000.0,True,15950.0,1100.0
"Aug 27, 2025",Maluku,31,16850.0,True,15950.0,1100.0
"Aug 27, 2025",Maluku Utara,32,16700.0,True,15950.0,1100.0
"Aug 27, 2025",Papua,33,18900.0,True,15950.0,1100.0
"Aug 27, 2025",Papua Barat,34,16900.0,True,15950.0,1100.0
"Aug 28, 2025",Aceh,1,15250.0,True,15950.0,1100.0
"Aug 28, 2025",Sumatera Utara,2,14900.0,True,15950.0,1100.0
"Aug 28, 2025",Sumatera Barat,3,17150.0,True,15950.0,1100.0
"Aug 28, 2025",Riau,4,16300.0,True,15950.0,1100.0
"Aug 28, 2025",Kepulauan Riau,5,15150.0,True,15950.0,1100.0
"Aug 28, 2025",Jambi,6,15400.0,True,15950.0,1100.0
"Aug 28, 2025",Bengkulu,7,15650.0,True,15950.0,1100.0
"Aug 28, 2025",Sumatera Selatan,8,15500.0,True,15950.0,1100.0
"Aug 28, 2025",Kepulauan Bangka Belitung,9,15300.0,True,15950.0,1100.0
"Aug 28, 2025",Lampung,10,14800.0,True,15950.0,1100.0
"Aug 28, 2025",Banten,11,15500.0,True,15950.0,1100.0
"Aug 28, 2025",Jawa Barat,12,14850.0,True,15950.0,1100.0
"Aug 28, 2025",DKI Jakarta,13,16300.0,True,15950.0,1100.0
"Aug 28, 2025",Jawa Tengah,14,15100.0,True,15950.0,1100.0
"Aug 28, 2025",DI Yogyakarta,15,14450.0,True,15950.0,1100.0
"Aug 28, 2025",Jawa Timur,16,14800.0,True,15950.0,1100.0
"Aug 28, 2025",Bali,17,15600.0,True,15950.0,1100.0
"Aug 28, 2025",Nusa Tenggara Barat,18,13900.0,True,15950.0,1100.0
"Aug 28, 2025",Nusa Tenggara Timur,19,15400.0,True,15950.0,1100.0
"Aug 28, 2025",Kalimantan Barat,20,16400.0,True,15950.0,1100.0
"Aug 28, 2025",Kalimantan Selatan,21,17450.0,True,15950.0,1100.0
"Aug 28, 2025",Kalimantan Tengah,22,17400.0,True,15950.0,1100.0
"Aug 28, 2025",Kalimantan Timur,23,16550.0,True,15950.0,1100.0
"Aug 28, 2025",Kalimantan Utara,24,17400.0,True,15950.0,1100.0
"Aug 28, 2025",Gorontalo,25,17000.0,True,15950.0,1100.0
"Aug 28, 2025",Sulawesi Selatan,26,14400.0,True,15950.0,1100.0
"Aug 28, 2025",Sulawesi Tenggara,27,16450.0,True,15950.0,1100.0
"Aug 28, 2025",Sulawesi Tengah,28,16700.0,True,15950.0,1100.0
"Aug 28, 2025",Sulawesi Utara,29,16550.0,True,15950.0,1100.0
"Aug 28, 2025",Sulawesi Barat,30,15000.0,True,15950.0,1100.0
"Aug 28, 2025",Maluku,31,16850.0,True,15950.0,1100.0
"Aug 28, 2025",Maluku Utara,32,17100.0,True,15950.0,1100.0
"Aug 28, 2025",Papua,33,18900.0,True,15950.0,1100.0
"Aug 28, 2025",Papua Barat,34,16900.0,True,15950.0,1100.0
"Aug 29, 2025",Aceh,1,15250.0,True,15950.0,1100.0
"Aug 29, 2025",Sumatera Utara,2,14900.0,True,15950.0,1100.0
"Aug 29, 2025",Sumatera Barat,3,17150.0,True,15950.0,1100.0
"Aug 29, 2025",Riau,4,16300.0,True,15950.0,1100.0
"Aug 29, 2025",Kepulauan Riau,5,15150.0,True,15950.0,1100.0
"Aug 29, 2025",Jambi,6,15400.0,True,15950.0,1100.0
"Aug 29, 2025",Bengkulu,7,15650.0,True,15950.0,1100.0
"Aug 29, 2025",Sumatera Selatan,8,15400.0,True,15950.0,1100.0
"Aug 29, 2025",Kepulauan Bangka Belitung,9,15300.0,True,15950.0,1100.0
"Aug 29, 2025",Lampung,10,14800.0,True,15950.0,1100.0
"Aug 29, 2025",Banten,11,15500.0,True,15950.0,1100.0
"Aug 29, 2025",Jawa Barat,12,14850.0,True,15950.0,1100.0
"Aug 29, 2025",DKI Jakarta,13,16300.0,True,15950.0,1100.0
"Aug 29, 2025",Jawa Tengah,14,15100.0,True,15950.0,1100.0
"Aug 29, 2025",DI Yogyakarta,15,14450.0,True,15950.0,1100.0
"Aug 29, 2025",Jawa Timur,16,14800.0,True,15950.0,1100.0
"Aug 29, 2025",Bali,17,15600.0,True,15950.0,1100.0
"Aug 29, 2025",Nusa Tenggara Barat,18,13900.0,True,15950.0,1100.0
"Aug 29, 2025",Nusa Tenggara Timur,19,15400.0,True,15950.0,1100.0
"Aug 29, 2025",Kalimantan Barat,20,16400.0,True,15950.0,1100.0
"Aug 29, 2025",Kalimantan Selatan,21,17450.0,True,15950.0,1100.0
"Aug 29, 2025",Kalimantan Tengah,22,17400.0,True,15950.0,1100.0
"Aug 29, 2025",Kalimantan Timur,23,16450.0,True,15950.0,1100.0
"Aug 29, 2025",Kalimantan Utara,24,17400.0,True,15950.0,1100.0
"Aug 29, 2025",Gorontalo,25,16950.0,True,15950.0,1100.0
"Aug 29, 2025",Sulawesi Selatan,26,14400.0,True,15950.0,1100.0
"Aug 29, 2025",Sulawesi Tenggara,27,16450.0,True,15950.0,1100.0
"Aug 29, 2025",Sulawesi Tengah,28,16700.0,True,15950.0,1100.0
"Aug 29, 2025",Sulawesi Utara,29,16550.0,True,15950.0,1100.0
"Aug 29, 2025",Sulawesi Barat,30,15000.0,True,15950.0,1100.0
"Aug 29, 2025",Maluku,31,16850.0,True,15950.0,1100.0
"Aug 29, 2025",Maluku Utara,32,17100.0,True,15950.0,1100.0
"Aug 29, 2025",Papua,33,18900.0,True,15950.0,1100.0
"Aug 29, 2025",Papua Barat,34,16900.0,True,15950.0,1100.0
"Aug 30, 2025",Aceh,1,15250.0,True,15950.0,1100.0
"Aug 30, 2025",Sumatera Utara,2,14900.0,True,15950.0,1100.0
"Aug 30, 2025",Sumatera Barat,3,17150.0,True,15950.0,1100.0
"Aug 30, 2025",Riau,4,16300.0,True,15950.0,1100.0
"Aug 30, 2025",Kepulauan Riau,5,15150.0,True,15950.0,1100.0
"Aug 30, 2025",Jambi,6,15400.0,True,15950.0,1100.0
"Aug 30, 2025",Bengkulu,7,15650.0,True,15950.0,1100.0
"Aug 30, 2025",Sumatera Selatan,8,15400.0,True,15950.0,1100.0
"Aug 30, 2025",Kepulauan Bangka Belitung,9,15300.0,True,15950.0,1100.0
"Aug 30, 2025",Lampung,10,14800.0,True,15950.0,1100.0
"Aug 30, 2025",Banten,11,15500.0,True,15950.0,1100.0
"Aug 30, 2025",Jawa Barat,12,14850.0,True,15950.0,1100.0
"Aug 30, 2025",DKI Jakarta,13,16300.0,True,15950.0,1100.0
"Aug 30, 2025",Jawa Tengah,14,15100.0,True,15950.0,1100.0
"Aug 30, 2025",DI Yogyakarta,15,14450.0,True,15950.0,1100.0
"Aug 30, 2025",Jawa Timur,16,14800.0,True,15950.0,1100.0
"Aug 30, 2025",Bali,17,15600.0,True,15950.0,1100.0
"Aug 30, 2025",Nusa Tenggara Barat,18,13900.0,True,15950.0,1100.0
"Aug 30, 2025",Nusa Tenggara Timur,19,15400.0,True,15950.0,1100.0
"Aug 30, 2025",Kalimantan Barat,20,16400.0,True,15950.0,1100.0
"Aug 30, 2025",Kalimantan Selatan,21,17450.0,True,15950.0,1100.0
"Aug 30, 2025",Kalimantan Tengah,22,17400.0,True,15950.0,1100.0
"Aug 30, 2025",Kalimantan Timur,23,16450.0,True,15950.0,1100.0
"Aug 30, 2025",Kalimantan Utara,24,17400.0,True,15950.0,1100.0
"Aug 30, 2025",Gorontalo,25,16950.0,True,15950.0,1100.0
"Aug 30, 2025",Sulawesi Selatan,26,14400.0,True,15950.0,1100.0
"Aug 30, 2025",Sulawesi Tenggara,27,16450.0,True,15950.0,1100.0
"Aug 30, 2025",Sulawesi Tengah,28,16700.0,True,15950.0,1100.0
"Aug 30, 2025",Sulawesi Utara,29,16550.0,True,15950.0,1100.0
"Aug 30, 2025",Sulawesi Barat,30,15000.0,True,15950.0,1100.0
"Aug 30, 2025",Maluku,31,16850.0,True,15950.0,1100.0
"Aug 30, 2025",Maluku Utara,32,17100.0,True,15950.0,1100.0
"Aug 30, 2025",Papua,33,18900.0,True,15950.0,1100.0
"Aug 30, 2025",Papua Barat,34,16900.0,True,15950.0,1100.0
"Aug 31, 2025",Aceh,1,15250.0,True,15950.0,1100.0
"Aug 31, 2025",Sumatera Utara,2,14900.0,True,15950.0,1100.0
"Aug 31, 2025",Sumatera Barat,3,17150.0,True,15950.0,1100.0
"Aug 31, 2025",Riau,4,16300.0,True,15950.0,1100.0
"Aug 31, 2025",Kepulauan Riau,5,15150.0,True,15950.0,1100.0
"Aug 31, 2025",Jambi,6,15400.0,True,15950.0,1100.0
"Aug 31, 2025",Bengkulu,7,15650.0,True,15950.0,1100.0
"Aug 31, 2025",Sumatera Selatan,8,15400.0,True,15950.0,1100.0
"Aug 31, 2025",Kepulauan Bangka Belitung,9,15300.0,True,15950.0,1100.0
"Aug 31, 2025",Lampung,10,14800.0,True,15950.0,1100.0
"Aug 31, 2025",Banten,11,15500.0,True,15950.0,1100.0
"Aug 31, 2025",Jawa Barat,12,14850.0,True,15950.0,1100.0
"Aug 31, 2025",DKI Jakarta,13,16300.0,True,15950.0,1100.0
"Aug 31, 2025",Jawa Tengah,14,15100.0,True,15950.0,1100.0
"Aug 31, 2025",DI Yogyakarta,15,14450.0,True,15950.0,1100.0
"Aug 31, 2025",Jawa Timur,16,14800.0,True,15950.0,1100.0
"Aug 31, 2025",Bali,17,15600.0,True,15950.0,1100.0
"Aug 31, 2025",Nusa Tenggara Barat,18,13900.0,True,15950.0,1100.0
"Aug 31, 2025",Nusa Tenggara Timur,19,15400.0,True,15950.0,1100.0
"Aug 31, 2025",Kalimantan Barat,20,16400.0,True,15950.0,1100.0
"Aug 31, 2025",Kalimantan Selatan,21,17450.0,True,15950.0,1100.0
"Aug 31, 2025",Kalimantan Tengah,22,17400.0,True,15950.0,1100.0
"Aug 31, 2025",Kalimantan Timur,23,16450.0,True,15950.0,1100.0
"Aug 31, 2025",Kalimantan Utara,24,17400.0,True,15950.0,1100.0
"Aug 31, 2025",Gorontalo,25,16950.0,True,15950.0,1100.0
"Aug 31, 2025",Sulawesi Selatan,26,14400.0,True,15950.0,1100.0
"Aug 31, 2025",Sulawesi Tenggara,27,16450.0,True,15950.0,1100.0
"Aug 31, 2025",Sulawesi Tengah,28,16700.0,True,15950.0,1100.0
"Aug 31, 2025",Sulawesi Utara,29,16550.0,True,15950.0,1100.0
"Aug 31, 2025",Sulawesi Barat,30,15000.0,True,15950.0,1100.0
"Aug 31, 2025",Maluku,31,16850.0,True,15950.0,1100.0
"Aug 31, 2025",Maluku Utara,32,17100.0,True,15950.0,1100.0
"Aug 31, 2025",Papua,33,18900.0,True,15950.0,1100.0
"Aug 31, 2025",Papua Barat,34,16900.0,True,15950.0,1100.0
"Sep 1, 2025",Aceh,1,15200.0,True,15950.0,1100.0
"Sep 1, 2025",Sumatera Utara,2,14900.0,True,15950.0,1100.0
"Sep 1, 2025",Sumatera Barat,3,17150.0,True,15950.0,1100.0
"Sep 1, 2025",Riau,4,16300.0,True,15950.0,1100.0
"Sep 1, 2025",Kepulauan Riau,5,15150.0,True,15950.0,1100.0
"Sep 1, 2025",Jambi,6,15400.0,True,15950.0,1100.0
"Sep 1, 2025",Bengkulu,7,15650.0,True,15950.0,1100.0
"Sep 1, 2025",Sumatera Selatan,8,15500.0,True,15950.0,1100.0
"Sep 1, 2025",Kepulauan Bangka Belitung,9,15300.0,True,15950.0,1100.0
"Sep 1, 2025",Lampung,10,14750.0,True,15950.0,1100.0
"Sep 1, 2025",Banten,11,15500.0,True,15950.0,1100.0
"Sep 1, 2025",Jawa Barat,12,14850.0,True,15950.0,1100.0
"Sep 1, 2025",DKI Jakarta,13,16300.0,True,15950.0,1100.0
"Sep 1, 2025",Jawa Tengah,14,15100.0,True,15950.0,1100.0
"Sep 1, 2025",DI Yogyakarta,15,14450.0,True,15950.0,1100.0
"Sep 1, 2025",Jawa Timur,16,14800.0,True,15950.0,1100.0
"Sep 1, 2025",Bali,17,15500.0,True,15950.0,1100.0
"Sep 1, 2025",Nusa Tenggara Barat,18,13900.0,True,15950.0,1100.0
"Sep 1, 2025",Nusa Tenggara Timur,19,15400.0,True,15950.0,1100.0
"Sep 1, 2025",Kalimantan Barat,20,16400.0,True,15950.0,1100.0
"Sep 1, 2025",Kalimantan Selatan,21,17450.0,True,15950.0,1100.0
"Sep 1, 2025",Kalimantan Tengah,22,17400.0,True,15950.0,1100.0
"Sep 1, 2025",Kalimantan Timur,23,16500.0,True,15950.0,1100.0
"Sep 1, 2025",Kalimantan Utara,24,17450.0,True,15950.0,1100.0
"Sep 1, 2025",Gorontalo,25,16900.0,True,15950.0,1100.0
"Sep 1, 2025",Sulawesi Selatan,26,14350.0,True,15950.0,1100.0
"Sep 1, 2025",Sulawesi Tenggara,27,16450.0,True,15950.0,1100.0
"Sep 1, 2025",Sulawesi Tengah,28,16700.0,True,15950.0,1100.0
"Sep 1, 2025",Sulawesi Utara,29,16550.0,True,15950.0,1100.0
"Sep 1, 2025",Sulawesi Barat,30,15000.0,True,15950.0,1100.0
"Sep 1, 2025",Maluku,31,16850.0,True,15950.0,1100.0
"Sep 1, 2025",Maluku Utara,32,16700.0,True,15950.0,1100.0
"Sep 1, 2025",Papua,33,18950.0,True,15950.0,1100.0
"Sep 1, 2025",Papua Barat,34,16900.0,True,15950.0,1100.0
"Sep 2, 2025",Aceh,1,15200.0,True,15950.0,1100.0
"Sep 2, 2025",Sumatera Utara,2,14900.0,True,15950.0,1100.0
"Sep 2, 2025",Sumatera Barat,3,17150.0,True,15950.0,1100.0
"Sep 2, 2025",Riau,4,16300.0,True,15950.0,1100.0
"Sep 2, 2025",Kepulauan Riau,5,15150.0,True,15950.0,1100.0
"Sep 2, 2025",Jambi,6,15400.0,True,15950.0,1100.0
"Sep 2, 2025",Bengkulu,7,15650.0,True,15950.0,1100.0
"Sep 2, 2025",Sumatera Selatan,8,15500.0,True,15950.0,1100.0
"Sep 2, 2025",Kepulauan Bangka Belitung,9,15300.0,True,15950.0,1100.0
"Sep 2, 2025",Lampung,10,14750.0,True,15950.0,1100.0
"Sep 2, 2025",Banten,11,15500.0,True,15950.0,1100.0
"Sep 2, 2025",Jawa Barat,12,14850.0,True,15950.0,1100.0
"Sep 2, 2025",DKI Jakarta,13,16300.0,True,15950.0,1100.0
"Sep 2, 2025",Jawa Tengah,14,15100.0,True,15950.0,1100.0
"Sep 2, 2025",DI Yogyakarta,15,14450.0,True,15950.0,1100.0
"Sep 2, 2025",Jawa Timur,16,14800.0,True,15950.0,1100.0
"Sep 2, 2025",Bali,17,15500.0,True,15950.0,1100.0
"Sep 2, 2025",Nusa Tenggara Barat,18,13900.0,True,15950.0,1100.0
"Sep 2, 2025",Nusa Tenggara Timur,19,15400.0,True,15950.0,1100.0
"Sep 2, 2025",Kalimantan Barat,20,16400.0,True,15950.0,1100.0
"Sep 2, 2025",Kalimantan Selatan,21,17450.0,True,15950.0,1100.0
"Sep 2, 2025",Kalimantan Tengah,22,17400.0,True,15950.0,1100.0
"Sep 2, 2025",Kalimantan Timur,23,16500.0,True,15950.0,1100.0
"Sep 2, 2025",Kalimantan Utara,24,17450.0,True,15950.0,1100.0
"Sep 2, 2025",Gorontalo,25,16800.0,True,15950.0,1100.0
"Sep 2, 2025",Sulawesi Selatan,26,14350.0,True,15950.0,1100.0
"Sep 2, 2025",Sulawesi Tenggara,27,16450.0,True,15950.0,1100.0
"Sep 2, 2025",Sulawesi Tengah,28,16700.0,True,15950.0,1100.0
"Sep 2, 2025",Sulawesi Utara,29,16550.0,True,15950.0,1100.0
"Sep 2, 2025",Sulawesi Barat,30,15000.0,True,15950.0,1100.0
"Sep 2, 2025",Maluku,31,16850.0,True,15950.0,1100.0
"Sep 2, 2025",Maluku Utara,32,16800.0,True,15950.0,1100.0
"Sep 2, 2025",Papua,33,18950.0,True,15950.0,1100.0
"Sep 2, 2025",Papua Barat,34,16900.0,True,15950.0,1100.0
"Sep 3, 2025",Aceh,1,15150.0,True,15950.0,1100.0
"Sep 3, 2025",Sumatera Utara,2,14900.0,True,15950.0,1100.0
"Sep 3, 2025",Sumatera Barat,3,17150.0,True,15950.0,1100.0
"Sep 3, 2025",Riau,4,16300.0,True,15950.0,1100.0
"Sep 3, 2025",Kepulauan Riau,5,15150.0,True,15950.0,1100.0
"Sep 3, 2025",Jambi,6,15400.0,True,15950.0,1100.0
"Sep 3, 2025",Bengkulu,7,15650.0,True,15950.0,1100.0
"Sep 3, 2025",Sumatera Selatan,8,15500.0,True,15950.0,1100.0
"Sep 3, 2025",Kepulauan Bangka Belitung,9,15300.0,True,15950.0,1100.0
"Sep 3, 2025",Lampung,10,14750.0,True,15950.0,1100.0
"Sep 3, 2025",Banten,11,15500.0,True,15950.0,1100.0
"Sep 3, 2025",Jawa Barat,12,14850.0,True,15950.0,1100.0
"Sep 3, 2025",DKI Jakarta,13,16300.0,True,15950.0,1100.0
"Sep 3, 2025",Jawa Tengah,14,15100.0,True,15950.0,1100.0
"Sep 3, 2025",DI Yogyakarta,15,14450.0,True,15950.0,1100.0
"Sep 3, 2025",Jawa Timur,16,14800.0,True,15950.0,1100.0
"Sep 3, 2025",Bali,17,15500.0,True,15950.0,1100.0
"Sep 3, 2025",Nusa Tenggara Barat,18,13900.0,True,15950.0,1100.0
"Sep 3, 2025",Nusa Tenggara Timur,19,15400.0,True,15950.0,1100.0
"Sep 3, 2025",Kalimantan Barat,20,16400.0,True,15950.0,1100.0
"Sep 3, 2025",Kalimantan Selatan,21,17450.0,True,15950.0,1100.0
"Sep 3, 2025",Kalimantan Tengah,22,17400.0,True,15950.0,1100.0
"Sep 3, 2025",Kalimantan Timur,23,16500.0,True,15950.0,1100.0
"Sep 3, 2025",Kalimantan Utara,24,17500.0,True,15950.0,1100.0
"Sep 3, 2025",Gorontalo,25,16800.0,True,15950.0,1100.0
"Sep 3, 2025",Sulawesi Selatan,26,14350.0,True,15950.0,1100.0
"Sep 3, 2025",Sulawesi Tenggara,27,16500.0,True,15950.0,1100.0
"Sep 3, 2025",Sulawesi Tengah,28,16700.0,True,15950.0,1100.0
"Sep 3, 2025",Sulawesi Utara,29,16550.0,True,15950.0,1100.0
"Sep 3, 2025",Sulawesi Barat,30,15000.0,True,15950.0,1100.0
"Sep 3, 2025",Maluku,31,16850.0,True,15950.0,1100.0
"Sep 3, 2025",Maluku Utara,32,16950.0,True,15950.0,1100.0
"Sep 3, 2025",Papua,33,18950.0,True,15950.0,1100.0
"Sep 3, 2025",Papua Barat,34,16900.0,True,15950.0,1100.0
"Sep 4, 2025",Aceh,1,15150.0,True,15950.0,1100.0
"Sep 4, 2025",Sumatera Utara,2,14850.0,True,15950.0,1100.0
"Sep 4, 2025",Sumatera Barat,3,17150.0,True,15950.0,1100.0
"Sep 4, 2025",Riau,4,16300.0,True,15950.0,1100.0
"Sep 4, 2025",Kepulauan Riau,5,15150.0,True,15950.0,1100.0
"Sep 4, 2025",Jambi,6,15400.0,True,15950.0,1100.0
"Sep 4, 2025",Bengkulu,7,15600.0,True,15950.0,1100.0
"Sep 4, 2025",Sumatera Selatan,8,15500.0,True,15950.0,1100.0
"Sep 4, 2025",Kepulauan Bangka Belitung,9,15300.0,True,15950.0,1100.0
"Sep 4, 2025",Lampung,10,14750.0,True,15950.0,1100.0
"Sep 4, 2025",Banten,11,15500.0,True,15950.0,1100.0
"Sep 4, 2025",Jawa Barat,12,14850.0,True,15950.0,1100.0
"Sep 4, 2025",DKI Jakarta,13,16300.0,True,15950.0,1100.0
"Sep 4, 2025",Jawa Tengah,14,15100.0,True,15950.0,1100.0
"Sep 4, 2025",DI Yogyakarta,15,14450.0,True,15950.0,1100.0
"Sep 4, 2025",Jawa Timur,16,14800.0,True,15950.0,1100.0
"Sep 4, 2025",Bali,17,15500.0,True,15950.0,1100.0
"Sep 4, 2025",Nusa Tenggara Barat,18,13900.0,True,15950.0,1100.0
"Sep 4, 2025",Nusa Tenggara Timur,19,15400.0,True,15950.0,1100.0
"Sep 4, 2025",Kalimantan Barat,20,16400.0,True,15950.0,1100.0
"Sep 4, 2025",Kalimantan Selatan,21,17450.0,True,15950.0,1100.0
"Sep 4, 2025",Kalimantan Tengah,22,17400.0,True,15950.0,1100.0
"Sep 4, 2025",Kalimantan Timur,23,16500.0,True,15950.0,1100.0
"Sep 4, 2025",Kalimantan Utara,24,17450.0,True,15950.0,1100.0
"Sep 4, 2025",Gorontalo,25,16800.0,True,15950.0,1100.0
"Sep 4, 2025",Sulawesi Selatan,26,14350.0,True,15950.0,1100.0
"Sep 4, 2025",Sulawesi Tenggara,27,16500.0,True,15950.0,1100.0
"Sep 4, 2025",Sulawesi Tengah,28,16750.0,True,15950.0,1100.0
"Sep 4, 2025",Sulawesi Utara,29,16550.0,True,15950.0,1100.0
"Sep 4, 2025",Sulawesi Barat,30,15000.0,True,15950.0,1100.0
"Sep 4, 2025",Maluku,31,16850.0,True,15950.0,1100.0
"Sep 4, 2025",Maluku Utara,32,16700.0,True,15950.0,1100.0
"Sep 4, 2025",Papua,33,18950.0,True,15950.0,1100.0
"Sep 4, 2025",Papua Barat,34,16900.0,True,15950.0,1100.0
"Sep 5, 2025",Aceh,1,15150.0,True,15950.0,1100.0
"Sep 5, 2025",Sumatera Utara,2,14850.0,True,15950.0,1100.0
"Sep 5, 2025",Sumatera Barat,3,17150.0,True,15950.0,1100.0
"Sep 5, 2025",Riau,4,16300.0,True,15950.0,1100.0
"Sep 5, 2025",Kepulauan Riau,5,15200.0,True,15950.0,1100.0
"Sep 5, 2025",Jambi,6,15400.0,True,15950.0,1100.0
"Sep 5, 2025",Bengkulu,7,15600.0,True,15950.0,1100.0
"Sep 5, 2025",Sumatera Selatan,8,15500.0,True,15950.0,1100.0
"Sep 5, 2025",Kepulauan Bangka Belitung,9,15300.0,True,15950.0,1100.0
"Sep 5, 2025",Lampung,10,14800.0,True,15950.0,1100.0
"Sep 5, 2025",Banten,11,15500.0,True,15950.0,1100.0
"Sep 5, 2025",Jawa Barat,12,14850.0,True,15950.0,1100.0
"Sep 5, 2025",DKI Jakarta,13,16300.0,True,15950.0,1100.0
"Sep 5, 2025",Jawa Tengah,14,15100.0,True,15950.0,1100.0
"Sep 5, 2025",DI Yogyakarta,15,14450.0,True,15950.0,1100.0
"Sep 5, 2025",Jawa Timur,16,14700.0,True,15950.0,1100.0
"Sep 5, 2025",Bali,17,15500.0,True,15950.0,1100.0
"Sep 5, 2025",Nusa Tenggara Barat,18,13900.0,True,15950.0,1100.0
"Sep 5, 2025",Nusa Tenggara Timur,19,15400.0,True,15950.0,1100.0
"Sep 5, 2025",Kalimantan Barat,20,16400.0,True,15950.0,1100.0
"Sep 5, 2025",Kalimantan Selatan,21,17450.0,True,15950.0,1100.0
"Sep 5, 2025",Kalimantan Tengah,22,17400.0,True,15950.0,1100.0
"Sep 5, 2025",Kalimantan Timur,23,16500.0,True,15950.0,1100.0
"Sep 5, 2025",Kalimantan Utara,24,17450.0,True,15950.0,1100.0
"Sep 5, 2025",Gorontalo,25,16800.0,True,15950.0,1100.0
"Sep 5, 2025",Sulawesi Selatan,26,14350.0,True,15950.0,1100.0
"Sep 5, 2025",Sulawesi Tenggara,27,16500.0,True,15950.0,1100.0
"Sep 5, 2025",Sulawesi Tengah,28,16750.0,True,15950.0,1100.0
"Sep 5, 2025",Sulawesi Utara,29,16550.0,True,15950.0,1100.0
"Sep 5, 2025",Sulawesi Barat,30,15000.0,True,15950.0,1100.0
"Sep 5, 2025",Maluku,31,16850.0,True,15950.0,1100.0
"Sep 5, 2025",Maluku Utara,32,16950.0,True,15950.0,1100.0
"Sep 5, 2025",Papua,33,18950.0,True,15950.0,1100.0
"Sep 5, 2025",Papua Barat,34,16900.0,True,15950.0,1100.0
"Sep 6, 2025",Aceh,1,15150.0,True,15950.0,1100.0
"Sep 6, 2025",Sumatera Utara,2,14850.0,True,15950.0,1100.0
"Sep 6, 2025",Sumatera Barat,3,17150.0,True,15950.0,1100.0
"Sep 6, 2025",Riau,4,16300.0,True,15950.0,1100.0
"Sep 6, 2025",Kepulauan Riau,5,15200.0,True,15950.0,1100.0
"Sep 6, 2025",Jambi,6,15400.0,True,15950.0,1100.0
"Sep 6, 2025",Bengkulu,7,15600.0,True,15950.0,1100.0
"Sep 6, 2025",Sumatera Selatan,8,15500.0,True,15950.0,1100.0
"Sep 6, 2025",Kepulauan Bangka Belitung,9,15300.0,True,15950.0,1100.0
"Sep 6, 2025",Lampung,10,14800.0,True,15950.0,1100.0
"Sep 6, 2025",Banten,11,15500.0,True,15950.0,1100.0
"Sep 6, 2025",Jawa Barat,12,14850.0,True,15950.0,1100.0
"Sep 6, 2025",DKI Jakarta,13,16300.0,True,15950.0,1100.0
"Sep 6, 2025",Jawa Tengah,14,15100.0,True,15950.0,1100.0
"Sep 6, 2025",DI Yogyakarta,15,14450.0,True,15950.0,1100.0
"Sep 6, 2025",Jawa Timur,16,14700.0,True,15950.0,1100.0
"Sep 6, 2025",Bali,17,15500.0,True,15950.0,1100.0
"Sep 6, 2025",Nusa Tenggara Barat,18,13900.0,True,15950.0,1100.0
"Sep 6, 2025",Nusa Tenggara Timur,19,15400.0,True,15950.0,1100.0
"Sep 6, 2025",Kalimantan Barat,20,16400.0,True,15950.0,1100.0
"Sep 6, 2025",Kalimantan Selatan,21,17450.0,True,15950.0,1100.0
"Sep 6, 2025",Kalimantan Tengah,22,17400.0,True,15950.0,1100.0
"Sep 6, 2025",Kalimantan Timur,23,16500.0,True,15950.0,1100.0
"Sep 6, 2025",Kalimantan Utara,24,17450.0,True,15950.0,1100.0
"Sep 6, 2025",Gorontalo,25,16800.0,True,15950.0,1100.0
"Sep 6, 2025",Sulawesi Selatan,26,14350.0,True,15950.0,1100.0
"Sep 6, 2025",Sulawesi Tenggara,27,16500.0,True,15950.0,1100.0
"Sep 6, 2025",Sulawesi Tengah,28,16750.0,True,15950.0,1100.0
"Sep 6, 2025",Sulawesi Utara,29,16550.0,True,15950.0,1100.0
"Sep 6, 2025",Sulawesi Barat,30,15000.0,True,15950.0,1100.0
"Sep 6, 2025",Maluku,31,16850.0,True,15950.0,1100.0
"Sep 6, 2025",Maluku Utara,32,16950.0,True,15950.0,1100.0
"Sep 6, 2025",Papua,33,18950.0,True,15950.0,1100.0
"Sep 6, 2025",Papua Barat,34,16900.0,True,15950.0,1100.0
"Sep 7, 2025",Aceh,1,15150.0,True,15950.0,1100.0
"Sep 7, 2025",Sumatera Utara,2,14850.0,True,15950.0,1100.0
"Sep 7, 2025",Sumatera Barat,3,17150.0,True,15950.0,1100.0
"Sep 7, 2025",Riau,4,16300.0,True,15950.0,1100.0
"Sep 7, 2025",Kepulauan Riau,5,15200.0,True,15950.0,1100.0
"Sep 7, 2025",Jambi,6,15400.0,True,15950.0,1100.0
"Sep 7, 2025",Bengkulu,7,15600.0,True,15950.0,1100.0
"Sep 7, 2025",Sumatera Selatan,8,15500.0,True,15950.0,1100.0
"Sep 7, 2025",Kepulauan Bangka Belitung,9,15300.0,True,15950.0,1100.0
"Sep 7, 2025",Lampung,10,14800.0,True,15950.0,1100.0
"Sep 7, 2025",Banten,11,15500.0,True,15950.0,1100.0
"Sep 7, 2025",Jawa Barat,12,14850.0,True,15950.0,1100.0
"Sep 7, 2025",DKI Jakarta,13,16300.0,True,15950.0,1100.0
"Sep 7, 2025",Jawa Tengah,14,15100.0,True,15950.0,1100.0
"Sep 7, 2025",DI Yogyakarta,15,14450.0,True,15950.0,1100.0
"Sep 7, 2025",Jawa Timur,16,14700.0,True,15950.0,1100.0
"Sep 7, 2025",Bali,17,15500.0,True,15950.0,1100.0
"Sep 7, 2025",Nusa Tenggara Barat,18,13900.0,True,15950.0,1100.0
"Sep 7, 2025",Nusa Tenggara Timur,19,15400.0,True,15950.0,1100.0
"Sep 7, 2025",Kalimantan Barat,20,16400.0,True,15950.0,1100.0
"Sep 7, 2025",Kalimantan Selatan,21,17450.0,True,15950.0,1100.0
"Sep 7, 2025",Kalimantan Tengah,22,17400.0,True,15950.0,1100.0
"Sep 7, 2025",Kalimantan Timur,23,16500.0,True,15950.0,1100.0
"Sep 7, 2025",Kalimantan Utara,24,17450.0,True,15950.0,1100.0
"Sep 7, 2025",Gorontalo,25,16800.0,True,15950.0,1100.0
"Sep 7, 2025",Sulawesi Selatan,26,14350.0,True,15950.0,1100.0
"Sep 7, 2025",Sulawesi Tenggara,27,16500.0,True,15950.0,1100.0
"Sep 7, 2025",Sulawesi Tengah,28,16750.0,True,15950.0,1100.0
"Sep 7, 2025",Sulawesi Utara,29,16550.0,True,15950.0,1100.0
"Sep 7, 2025",Sulawesi Barat,30,15000.0,True,15950.0,1100.0
"Sep 7, 2025",Maluku,31,16850.0,True,15950.0,1100.0
"Sep 7, 2025",Maluku Utara,32,16950.0,True,15950.0,1100.0
"Sep 7, 2025",Papua,33,18950.0,True,15950.0,1100.0
"Sep 7, 2025",Papua Barat,34,16900.0,True,15950.0,1100.0
"Sep 8, 2025",Aceh,1,15000.0,True,15900.0,1100.0
"Sep 8, 2025",Sumatera Utara,2,14850.0,True,15900.0,1100.0
"Sep 8, 2025",Sumatera Barat,3,17150.0,True,15900.0,1100.0
"Sep 8, 2025",Riau,4,16300.0,True,15900.0,1100.0
"Sep 8, 2025",Kepulauan Riau,5,15150.0,True,15900.0,1100.0
"Sep 8, 2025",Jambi,6,15400.0,True,15900.0,1100.0
"Sep 8, 2025",Bengkulu,7,15600.0,True,15900.0,1100.0
"Sep 8, 2025",Sumatera Selatan,8,15500.0,True,15900.0,1100.0
"Sep 8, 2025",Kepulauan Bangka Belitung,9,15350.0,True,15900.0,1100.0
"Sep 8, 2025",Lampung,10,14800.0,True,15900.0,1100.0
"Sep 8, 2025",Banten,11,15500.0,True,15900.0,1100.0
"Sep 8, 2025",Jawa Barat,12,14850.0,True,15900.0,1100.0
"Sep 8, 2025",DKI Jakarta,13,16300.0,True,15900.0,1100.0
"Sep 8, 2025",Jawa Tengah,14,15100.0,True,15900.0,1100.0
"Sep 8, 2025",DI Yogyakarta,15,14200.0,True,15900.0,1100.0
"Sep 8, 2025",Jawa Timur,16,14800.0,True,15900.0,1100.0
"Sep 8, 2025",Bali,17,15500.0,True,15900.0,1100.0
"Sep 8, 2025",Nusa Tenggara Barat,18,13900.0,True,15900.0,1100.0
"Sep 8, 2025",Nusa Tenggara Timur,19,15400.0,True,15900.0,1100.0
"Sep 8, 2025",Kalimantan Barat,20,16400.0,True,15900.0,1100.0
"Sep 8, 2025",Kalimantan Selatan,21,17450.0,True,15900.0,1100.0
"Sep 8, 2025",Kalimantan Tengah,22,17400.0,True,15900.0,1100.0
"Sep 8, 2025",Kalimantan Timur,23,16500.0,True,15900.0,1100.0
"Sep 8, 2025",Kalimantan Utara,24,17550.0,True,15900.0,1100.0
"Sep 8, 2025",Gorontalo,25,16900.0,True,15900.0,1100.0
"Sep 8, 2025",Sulawesi Selatan,26,14350.0,True,15900.0,1100.0
"Sep 8, 2025",Sulawesi Tenggara,27,16500.0,True,15900.0,1100.0
"Sep 8, 2025",Sulawesi Tengah,28,16750.0,True,15900.0,1100.0
"Sep 8, 2025",Sulawesi Utara,29,16650.0,True,15900.0,1100.0
"Sep 8, 2025",Sulawesi Barat,30,14950.0,True,15900.0,1100.0
"Sep 8, 2025",Maluku,31,16850.0,True,15900.0,1100.0
"Sep 8, 2025",Maluku Utara,32,16650.0,True,15900.0,1100.0
"Sep 8, 2025",Papua,33,18950.0,True,15900.0,1100.0
"Sep 8, 2025",Papua Barat,34,16900.0,True,15900.0,1100.0
"Sep 9, 2025",Aceh,1,15000.0,True,15900.0,1100.0
"Sep 9, 2025",Sumatera Utara,2,14850.0,True,15900.0,1100.0
"Sep 9, 2025",Sumatera Barat,3,17150.0,True,15900.0,1100.0
"Sep 9, 2025",Riau,4,16300.0,True,15900.0,1100.0
"Sep 9, 2025",Kepulauan Riau,5,15200.0,True,15900.0,1100.0
"Sep 9, 2025",Jambi,6,15400.0,True,15900.0,1100.0
"Sep 9, 2025",Bengkulu,7,15550.0,True,15900.0,1100.0
"Sep 9, 2025",Sumatera Selatan,8,15500.0,True,15900.0,1100.0
"Sep 9, 2025",Kepulauan Bangka Belitung,9,15350.0,True,15900.0,1100.0
"Sep 9, 2025",Lampung,10,14800.0,True,15900.0,1100.0
"Sep 9, 2025",Banten,11,15500.0,True,15900.0,1100.0
"Sep 9, 2025",Jawa Barat,12,14850.0,True,15900.0,1100.0
"Sep 9, 2025",DKI Jakarta,13,16300.0,True,15900.0,1100.0
"Sep 9, 2025",Jawa Tengah,14,15100.0,True,15900.0,1100.0
"Sep 9, 2025",DI Yogyakarta,15,14200.0,True,15900.0,1100.0
"Sep 9, 2025",Jawa Timur,16,14750.0,True,15900.0,1100.0
"Sep 9, 2025",Bali,17,15500.0,True,15900.0,1100.0
"Sep 9, 2025",Nusa Tenggara Barat,18,13900.0,True,15900.0,1100.0
"Sep 9, 2025",Nusa Tenggara Timur,19,15400.0,True,15900.0,1100.0
"Sep 9, 2025",Kalimantan Barat,20,16400.0,True,15900.0,1100.0
"Sep 9, 2025",Kalimantan Selatan,21,17450.0,True,15900.0,1100.0
"Sep 9, 2025",Kalimantan Tengah,22,17400.0,True,15900.0,1100.0
"Sep 9, 2025",Kalimantan Timur,23,16500.0,True,15900.0,1100.0
"Sep 9, 2025",Kalimantan Utara,24,17550.0,True,15900.0,1100.0
"Sep 9, 2025",Gorontalo,25,16800.0,True,15900.0,1100.0
"Sep 9, 2025",Sulawesi Selatan,26,14350.0,True,15900.0,1100.0
"Sep 9, 2025",Sulawesi Tenggara,27,16500.0,True,15900.0,1100.0
"Sep 9, 2025",Sulawesi Tengah,28,16750.0,True,15900.0,1100.0
"Sep 9, 2025",Sulawesi Utara,29,16650.0,True,15900.0,1100.0
"Sep 9, 2025",Sulawesi Barat,30,14950.0,True,15900.0,1100.0
"Sep 9, 2025",Maluku,31,16850.0,True,15900.0,1100.0
"Sep 9, 2025",Maluku Utara,32,16700.0,True,15900.0,1100.0
"Sep 9, 2025",Papua,33,18950.0,True,15900.0,1100.0
"Sep 9, 2025",Papua Barat,34,17000.0,True,15900.0,1100.0
"Sep 10, 2025",Aceh,1,15000.0,True,15950.0,1100.0
"Sep 10, 2025",Sumatera Utara,2,14850.0,True,15950.0,1100.0
"Sep 10, 2025",Sumatera Barat,3,17150.0,True,15950.0,1100.0
"Sep 10, 2025",Riau,4,16300.0,True,15950.0,1100.0
"Sep 10, 2025",Kepulauan Riau,5,15150.0,True,15950.0,1100.0
"Sep 10, 2025",Jambi,6,15400.0,True,15950.0,1100.0
"Sep 10, 2025",Bengkulu,7,15550.0,True,15950.0,1100.0
"Sep 10, 2025",Sumatera Selatan,8,15500.0,True,15950.0,1100.0
"Sep 10, 2025",Kepulauan Bangka Belitung,9,15350.0,True,15950.0,1100.0
"Sep 10, 2025",Lampung,10,14800.0,True,15950.0,1100.0
"Sep 10, 2025",Banten,11,15500.0,True,15950.0,1100.0
"Sep 10, 2025",Jawa Barat,12,14850.0,True,15950.0,1100.0
"Sep 10, 2025",DKI Jakarta,13,16300.0,True,15950.0,1100.0
"Sep 10, 2025",Jawa Tengah,14,15100.0,True,15950.0,1100.0
"Sep 10, 2025",DI Yogyakarta,15,14200.0,True,15950.0,1100.0
"Sep 10, 2025",Jawa Timur,16,14800.0,True,15950.0,1100.0
"Sep 10, 2025",Bali,17,15500.0,True,15950.0,1100.0
"Sep 10, 2025",Nusa Tenggara Barat,18,13950.0,True,15950.0,1100.0
"Sep 10, 2025",Nusa Tenggara Timur,19,15400.0,True,15950.0,1100.0
"Sep 10, 2025",Kalimantan Barat,20,16400.0,True,15950.0,1100.0
"Sep 10, 2025",Kalimantan Selatan,21,17450.0,True,15950.0,1100.0
"Sep 10, 2025",Kalimantan Tengah,22,17400.0,True,15950.0,1100.0
"Sep 10, 2025",Kalimantan Timur,23,16500.0,True,15950.0,1100.0
"Sep 10, 2025",Kalimantan Utara,24,17550.0,True,15950.0,1100.0
"Sep 10, 2025",Gorontalo,25,16850.0,True,15950.0,1100.0
"Sep 10, 2025",Sulawesi Selatan,26,14350.0,True,15950.0,1100.0
"Sep 10, 2025",Sulawesi Tenggara,27,16500.0,True,15950.0,1100.0
"Sep 10, 2025",Sulawesi Tengah,28,16750.0,True,15950.0,1100.0
"Sep 10, 2025",Sulawesi Utara,29,16550.0,True,15950.0,1100.0
"Sep 10, 2025",Sulawesi Barat,30,14950.0,True,15950.0,1100.0
"Sep 10, 2025",Maluku,31,16850.0,True,15950.0,1100.0
"Sep 10, 2025",Maluku Utara,32,16800.0,True,15950.0,1100.0
"Sep 10, 2025",Papua,33,18950.0,True,15950.0,1100.0
"Sep 10, 2025",Papua Barat,34,16950.0,True,15950.0,1100.0
"Sep 11, 2025",Aceh,1,14900.0,True,15950.0,1150.0
"Sep 11, 2025",Sumatera Utara,2,14750.0,True,15950.0,1150.0
"Sep 11, 2025",Sumatera Barat,3,17150.0,True,15950.0,1150.0
"Sep 11, 2025",Riau,4,16300.0,True,15950.0,1150.0
"Sep 11, 2025",Kepulauan Riau,5,15150.0,True,15950.0,1150.0
"Sep 11, 2025",Jambi,6,15400.0,True,15950.0,1150.0
"Sep 11, 2025",Bengkulu,7,15550.0,True,15950.0,1150.0
"Sep 11, 2025",Sumatera Selatan,8,15600.0,True,15950.0,1150.0
"Sep 11, 2025",Kepulauan Bangka Belitung,9,15350.0,True,15950.0,1150.0
"Sep 11, 2025",Lampung,10,14800.0,True,15950.0,1150.0
"Sep 11, 2025",Banten,11,15500.0,True,15950.0,1150.0
"Sep 11, 2025",Jawa Barat,12,14850.0,True,15950.0,1150.0
"Sep 11, 2025",DKI Jakarta,13,16300.0,True,15950.0,1150.0
"Sep 11, 2025",Jawa Tengah,14,15100.0,True,15950.0,1150.0
"Sep 11, 2025",DI Yogyakarta,15,14200.0,True,15950.0,1150.0
"Sep 11, 2025",Jawa Timur,16,14800.0,True,15950.0,1150.0
"Sep 11, 2025",Bali,17,15500.0,True,15950.0,1150.0
"Sep 11, 2025",Nusa Tenggara Barat,18,13950.0,True,15950.0,1150.0
"Sep 11, 2025",Nusa Tenggara Timur,19,15450.0,True,15950.0,1150.0
"Sep 11, 2025",Kalimantan Barat,20,16400.0,True,15950.0,1150.0
"Sep 11, 2025",Kalimantan Selatan,21,17450.0,True,15950.0,1150.0
"Sep 11, 2025",Kalimantan Tengah,22,17400.0,True,15950.0,1150.0
"Sep 11, 2025",Kalimantan Timur,23,16500.0,True,15950.0,1150.0
"Sep 11, 2025",Kalimantan Utara,24,17550.0,True,15950.0,1150.0
"Sep 11, 2025",Gorontalo,25,16850.0,True,15950.0,1150.0
"Sep 11, 2025",Sulawesi Selatan,26,14350.0,True,15950.0,1150.0
"Sep 11, 2025",Sulawesi Tenggara,27,16500.0,True,15950.0,1150.0
"Sep 11, 2025",Sulawesi Tengah,28,16750.0,True,15950.0,1150.0
"Sep 11, 2025",Sulawesi Utara,29,16550.0,True,15950.0,1150.0
"Sep 11, 2025",Sulawesi Barat,30,14850.0,True,15950.0,1150.0
"Sep 11, 2025",Maluku,31,16850.0,True,15950.0,1150.0
"Sep 11, 2025",Maluku Utara,32,16950.0,True,15950.0,1150.0
"Sep 11, 2025",Papua,33,18950.0,True,15950.0,1150.0
"Sep 11, 2025",Papua Barat,34,16950.0,True,15950.0,1150.0
"Sep 12, 2025",Aceh,1,14900.0,True,15900.0,1150.0
"Sep 12, 2025",Sumatera Utara,2,14650.0,True,15900.0,1150.0
"Sep 12, 2025",Sumatera Barat,3,17150.0,True,15900.0,1150.0
"Sep 12, 2025",Riau,4,16300.0,True,15900.0,1150.0
"Sep 12, 2025",Kepulauan Riau,5,15150.0,True,15900.0,1150.0
"Sep 12, 2025",Jambi,6,15400.0,True,15900.0,1150.0
"Sep 12, 2025",Bengkulu,7,15550.0,True,15900.0,1150.0
"Sep 12, 2025",Sumatera Selatan,8,15600.0,True,15900.0,1150.0
"Sep 12, 2025",Kepulauan Bangka Belitung,9,15350.0,True,15900.0,1150.0
"Sep 12, 2025",Lampung,10,14800.0,True,15900.0,1150.0
"Sep 12, 2025",Banten,11,15500.0,True,15900.0,1150.0
"Sep 12, 2025",Jawa Barat,12,14850.0,True,15900.0,1150.0
"Sep 12, 2025",DKI Jakarta,13,16300.0,True,15900.0,1150.0
"Sep 12, 2025",Jawa Tengah,14,15100.0,True,15900.0,1150.0
"Sep 12, 2025",DI Yogyakarta,15,14200.0,True,15900.0,1150.0
"Sep 12, 2025",Jawa Timur,16,14800.0,True,15900.0,1150.0
"Sep 12, 2025",Bali,17,15500.0,True,15900.0,1150.0
"Sep 12, 2025",Nusa Tenggara Barat,18,13950.0,True,15900.0,1150.0
"Sep 12, 2025",Nusa Tenggara Timur,19,15450.0,True,15900.0,1150.0
"Sep 12, 2025",Kalimantan Barat,20,16400.0,True,15900.0,1150.0
"Sep 12, 2025",Kalimantan Selatan,21,17450.0,True,15900.0,1150.0
"Sep 12, 2025",Kalimantan Tengah,22,17400.0,True,15900.0,1150.0
"Sep 12, 2025",Kalimantan Timur,23,16500.0,True,15900.0,1150.0
"Sep 12, 2025",Kalimantan Utara,24,17550.0,True,15900.0,1150.0
"Sep 12, 2025",Gorontalo,25,16850.0,True,15900.0,1150.0
"Sep 12, 2025",Sulawesi Selatan,26,14350.0,True,15900.0,1150.0
"Sep 12, 2025",Sulawesi Tenggara,27,16500.0,True,15900.0,1150.0
"Sep 12, 2025",Sulawesi Tengah,28,16750.0,True,15900.0,1150.0
"Sep 12, 2025",Sulawesi Utara,29,16550.0,True,15900.0,1150.0
"Sep 12, 2025",Sulawesi Barat,30,14850.0,True,15900.0,1150.0
"Sep 12, 2025",Maluku,31,16850.0,True,15900.0,1150.0
"Sep 12, 2025",Maluku Utara,32,16800.0,True,15900.0,1150.0
"Sep 12, 2025",Papua,33,18950.0,True,15900.0,1150.0
"Sep 12, 2025",Papua Barat,34,16900.0,True,15900.0,1150.0
"Sep 13, 2025",Aceh,1,14900.0,True,15900.0,1150.0
"Sep 13, 2025",Sumatera Utara,2,14650.0,True,15900.0,1150.0
"Sep 13, 2025",Sumatera Barat,3,17150.0,True,15900.0,1150.0
"Sep 13, 2025",Riau,4,16300.0,True,15900.0,1150.0
"Sep 13, 2025",Kepulauan Riau,5,15150.0,True,15900.0,1150.0
"Sep 13, 2025",Jambi,6,15400.0,True,15900.0,1150.0
"Sep 13, 2025",Bengkulu,7,15550.0,True,15900.0,1150.0
"Sep 13, 2025",Sumatera Selatan,8,15600.0,True,15900.0,1150.0
"Sep 13, 2025",Kepulauan Bangka Belitung,9,15350.0,True,15900.0,1150.0
"Sep 13, 2025",Lampung,10,14800.0,True,15900.0,1150.0
"Sep 13, 2025",Banten,11,15500.0,True,15900.0,1150.0
"Sep 13, 2025",Jawa Barat,12,14850.0,True,15900.0,1150.0
"Sep 13, 2025",DKI Jakarta,13,16300.0,True,15900.0,1150.0
"Sep 13, 2025",Jawa Tengah,14,15100.0,True,15900.0,1150.0
"Sep 13, 2025",DI Yogyakarta,15,14200.0,True,15900.0,1150.0
"Sep 13, 2025",Jawa Timur,16,14800.0,True,15900.0,1150.0
"Sep 13, 2025",Bali,17,15500.0,True,15900.0,1150.0
"Sep 13, 2025",Nusa Tenggara Barat,18,13950.0,True,15900.0,1150.0
"Sep 13, 2025",Nusa Tenggara Timur,19,15450.0,True,15900.0,1150.0
"Sep 13, 2025",Kalimantan Barat,20,16400.0,True,15900.0,1150.0
"Sep 13, 2025",Kalimantan Selatan,21,17450.0,True,15900.0,1150.0
"Sep 13, 2025",Kalimantan Tengah,22,17400.0,True,15900.0,1150.0
"Sep 13, 2025",Kalimantan Timur,23,16500.0,True,15900.0,1150.0
"Sep 13, 2025",Kalimantan Utara,24,17550.0,True,15900.0,1150.0
"Sep 13, 2025",Gorontalo,25,16850.0,True,15900.0,1150.0
"Sep 13, 2025",Sulawesi Selatan,26,14350.0,True,15900.0,1150.0
"Sep 13, 2025",Sulawesi Tenggara,27,16500.0,True,15900.0,1150.0
"Sep 13, 2025",Sulawesi Tengah,28,16750.0,True,15900.0,1150.0
"Sep 13, 2025",Sulawesi Utara,29,16550.0,True,15900.0,1150.0
"Sep 13, 2025",Sulawesi Barat,30,14850.0,True,15900.0,1150.0
"Sep 13, 2025",Maluku,31,16850.0,True,15900.0,1150.0
"Sep 13, 2025",Maluku Utara,32,16800.0,True,15900.0,1150.0
"Sep 13, 2025",Papua,33,18950.0,True,15900.0,1150.0
"Sep 13, 2025",Papua Barat,34,16900.0,True,15900.0,1150.0
"Sep 14, 2025",Aceh,1,14900.0,True,15900.0,1150.0
"Sep 14, 2025",Sumatera Utara,2,14650.0,True,15900.0,1150.0
"Sep 14, 2025",Sumatera Barat,3,17150.0,True,15900.0,1150.0
"Sep 14, 2025",Riau,4,16300.0,True,15900.0,1150.0
"Sep 14, 2025",Kepulauan Riau,5,15150.0,True,15900.0,1150.0
"Sep 14, 2025",Jambi,6,15400.0,True,15900.0,1150.0
"Sep 14, 2025",Bengkulu,7,15550.0,True,15900.0,1150.0
"Sep 14, 2025",Sumatera Selatan,8,15600.0,True,15900.0,1150.0
"Sep 14, 2025",Kepulauan Bangka Belitung,9,15350.0,True,15900.0,1150.0
"Sep 14, 2025",Lampung,10,14800.0,True,15900.0,1150.0
"Sep 14, 2025",Banten,11,15500.0,True,15900.0,1150.0
"Sep 14, 2025",Jawa Barat,12,14850.0,True,15900.0,1150.0
"Sep 14, 2025",DKI Jakarta,13,16300.0,True,15900.0,1150.0
"Sep 14, 2025",Jawa Tengah,14,15100.0,True,15900.0,1150.0
"Sep 14, 2025",DI Yogyakarta,15,14200.0,True,15900.0,1150.0
"Sep 14, 2025",Jawa Timur,16,14800.0,True,15900.0,1150.0
"Sep 14, 2025",Bali,17,15500.0,True,15900.0,1150.0
"Sep 14, 2025",Nusa Tenggara Barat,18,13950.0,True,15900.0,1150.0
"Sep 14, 2025",Nusa Tenggara Timur,19,15450.0,True,15900.0,1150.0
"Sep 14, 2025",Kalimantan Barat,20,16400.0,True,15900.0,1150.0
"Sep 14, 2025",Kalimantan Selatan,21,17450.0,True,15900.0,1150.0
"Sep 14, 2025",Kalimantan Tengah,22,17400.0,True,15900.0,1150.0
"Sep 14, 2025",Kalimantan Timur,23,16500.0,True,15900.0,1150.0
"Sep 14, 2025",Kalimantan Utara,24,17550.0,True,15900.0,1150.0
"Sep 14, 2025",Gorontalo,25,16850.0,True,15900.0,1150.0
"Sep 14, 2025",Sulawesi Selatan,26,14350.0,True,15900.0,1150.0
"Sep 14, 2025",Sulawesi Tenggara,27,16500.0,True,15900.0,1150.0
"Sep 14, 2025",Sulawesi Tengah,28,16750.0,True,15900.0,1150.0
"Sep 14, 2025",Sulawesi Utara,29,16550.0,True,15900.0,1150.0
"Sep 14, 2025",Sulawesi Barat,30,14850.0,True,15900.0,1150.0
"Sep 14, 2025",Maluku,31,16850.0,True,15900.0,1150.0
"Sep 14, 2025",Maluku Utara,32,16800.0,True,15900.0,1150.0
"Sep 14, 2025",Papua,33,18950.0,True,15900.0,1150.0
"Sep 14, 2025",Papua Barat,34,16900.0,True,15900.0,1150.0
"Sep 15, 2025",Aceh,1,14850.0,True,15900.0,1150.0
"Sep 15, 2025",Sumatera Utara,2,14650.0,True,15900.0,1150.0
"Sep 15, 2025",Sumatera Barat,3,17150.0,True,15900.0,1150.0
"Sep 15, 2025",Riau,4,16300.0,True,15900.0,1150.0
"Sep 15, 2025",Kepulauan Riau,5,15150.0,True,15900.0,1150.0
"Sep 15, 2025",Jambi,6,15400.0,True,15900.0,1150.0
"Sep 15, 2025",Bengkulu,7,15550.0,True,15900.0,1150.0
"Sep 15, 2025",Sumatera Selatan,8,15500.0,True,15900.0,1150.0
"Sep 15, 2025",Kepulauan Bangka Belitung,9,15350.0,True,15900.0,1150.0
"Sep 15, 2025",Lampung,10,14800.0,True,15900.0,1150.0
"Sep 15, 2025",Banten,11,15500.0,True,15900.0,1150.0
"Sep 15, 2025",Jawa Barat,12,14900.0,True,15900.0,1150.0
"Sep 15, 2025",DKI Jakarta,13,16300.0,True,15900.0,1150.0
"Sep 15, 2025",Jawa Tengah,14,15100.0,True,15900.0,1150.0
"Sep 15, 2025",DI Yogyakarta,15,14200.0,True,15900.0,1150.0
"Sep 15, 2025",Jawa Timur,16,14750.0,True,15900.0,1150.0
"Sep 15, 2025",Bali,17,15500.0,True,15900.0,1150.0
"Sep 15, 2025",Nusa Tenggara Barat,18,13950.0,True,15900.0,1150.0
"Sep 15, 2025",Nusa Tenggara Timur,19,15450.0,True,15900.0,1150.0
"Sep 15, 2025",Kalimantan Barat,20,16400.0,True,15900.0,1150.0
"Sep 15, 2025",Kalimantan Selatan,21,17450.0,True,15900.0,1150.0
"Sep 15, 2025",Kalimantan Tengah,22,17400.0,True,15900.0,1150.0
"Sep 15, 2025",Kalimantan Timur,23,16250.0,True,15900.0,1150.0
"Sep 15, 2025",Kalimantan Utara,24,17550.0,True,15900.0,1150.0
"Sep 15, 2025",Gorontalo,25,16900.0,True,15900.0,1150.0
"Sep 15, 2025",Sulawesi Selatan,26,14300.0,True,15900.0,1150.0
"Sep 15, 2025",Sulawesi Tenggara,27,16500.0,True,15900.0,1150.0
"Sep 15, 2025",Sulawesi Tengah,28,16750.0,True,15900.0,1150.0
"Sep 15, 2025",Sulawesi Utara,29,16550.0,True,15900.0,1150.0
"Sep 15, 2025",Sulawesi Barat,30,14750.0,True,15900.0,1150.0
"Sep 15, 2025",Maluku,31,16850.0,True,15900.0,1150.0
"Sep 15, 2025",Maluku Utara,32,16950.0,True,15900.0,1150.0
"Sep 15, 2025",Papua,33,18950.0,True,15900.0,1150.0
"Sep 15, 2025",Papua Barat,34,16900.0,True,15900.0,1150.0
"Sep 16, 2025",Aceh,1,14850.0,True,15900.0,1150.0
"Sep 16, 2025",Sumatera Utara,2,14650.0,True,15900.0,1150.0
"Sep 16, 2025",Sumatera Barat,3,17150.0,True,15900.0,1150.0
"Sep 16, 2025",Riau,4,16300.0,True,15900.0,1150.0
"Sep 16, 2025",Kepulauan Riau,5,15150.0,True,15900.0,1150.0
"Sep 16, 2025",Jambi,6,15400.0,True,15900.0,1150.0
"Sep 16, 2025",Bengkulu,7,15550.0,True,15900.0,1150.0
"Sep 16, 2025",Sumatera Selatan,8,15500.0,True,15900.0,1150.0
"Sep 16, 2025",Kepulauan Bangka Belitung,9,15350.0,True,15900.0,1150.0
"Sep 16, 2025",Lampung,10,14800.0,True,15900.0,1150.0
"Sep 16, 2025",Banten,11,15500.0,True,15900.0,1150.0
"Sep 16, 2025",Jawa Barat,12,14900.0,True,15900.0,1150.0
"Sep 16, 2025",DKI Jakarta,13,16300.0,True,15900.0,1150.0
"Sep 16, 2025",Jawa Tengah,14,15100.0,True,15900.0,1150.0
"Sep 16, 2025",DI Yogyakarta,15,14200.0,True,15900.0,1150.0
"Sep 16, 2025",Jawa Timur,16,14800.0,True,15900.0,1150.0
"Sep 16, 2025",Bali,17,15500.0,True,15900.0,1150.0
"Sep 16, 2025",Nusa Tenggara Barat,18,13950.0,True,15900.0,1150.0
"Sep 16, 2025",Nusa Tenggara Timur,19,15450.0,True,15900.0,1150.0
"Sep 16, 2025",Kalimantan Barat,20,16400.0,True,15900.0,1150.0
"Sep 16, 2025",Kalimantan Selatan,21,17450.0,True,15900.0,1150.0
"Sep 16, 2025",Kalimantan Tengah,22,17400.0,True,15900.0,1150.0
"Sep 16, 2025",Kalimantan Timur,23,16550.0,True,15900.0,1150.0
"Sep 16, 2025",Kalimantan Utara,24,17550.0,True,15900.0,1150.0
"Sep 16, 2025",Gorontalo,25,16850.0,True,15900.0,1150.0
"Sep 16, 2025",Sulawesi Selatan,26,14300.0,True,15900.0,1150.0
"Sep 16, 2025",Sulawesi Tenggara,27,16450.0,True,15900.0,1150.0
"Sep 16, 2025",Sulawesi Tengah,28,16750.0,True,15900.0,1150.0
"Sep 16, 2025",Sulawesi Utara,29,16550.0,True,15900.0,1150.0
"Sep 16, 2025",Sulawesi Barat,30,14750.0,True,15900.0,1150.0
"Sep 16, 2025",Maluku,31,16850.0,True,15900.0,1150.0
"Sep 16, 2025",Maluku Utara,32,16700.0,True,15900.0,1150.0
"Sep 16, 2025",Papua,33,18950.0,True,15900.0,1150.0
"Sep 16, 2025",Papua Barat,34,16900.0,True,15900.0,1150.0
"Sep 17, 2025",Aceh,1,14850.0,True,15900.0,1150.0
"Sep 17, 2025",Sumatera Utara,2,14650.0,True,15900.0,1150.0
"Sep 17, 2025",Sumatera Barat,3,17150.0,True,15900.0,1150.0
"Sep 17, 2025",Riau,4,16300.0,True,15900.0,1150.0
"Sep 17, 2025",Kepulauan Riau,5,15150.0,True,15900.0,1150.0
"Sep 17, 2025",Jambi,6,15400.0,True,15900.0,1150.0
"Sep 17, 2025",Bengkulu,7,15550.0,True,15900.0,1150.0
"Sep 17, 2025",Sumatera Selatan,8,15500.0,True,15900.0,1150.0
"Sep 17, 2025",Kepulauan Bangka Belitung,9,15350.0,True,15900.0,1150.0
"Sep 17, 2025",Lampung,10,14800.0,True,15900.0,1150.0
"Sep 17, 2025",Banten,11,15500.0,True,15900.0,1150.0
"Sep 17, 2025",Jawa Barat,12,14900.0,True,15900.0,1150.0
"Sep 17, 2025",DKI Jakarta,13,16300.0,True,15900.0,1150.0
"Sep 17, 2025",Jawa Tengah,14,15100.0,True,15900.0,1150.0
"Sep 17, 2025",DI Yogyakarta,15,14200.0,True,15900.0,1150.0
"Sep 17, 2025",Jawa Timur,16,14800.0,True,15900.0,1150.0
"Sep 17, 2025",Bali,17,15500.0,True,15900.0,1150.0
"Sep 17, 2025",Nusa Tenggara Barat,18,13950.0,True,15900.0,1150.0
"Sep 17, 2025",Nusa Tenggara Timur,19,15450.0,True,15900.0,1150.0
"Sep 17, 2025",Kalimantan Barat,20,16400.0,True,15900.0,1150.0
"Sep 17, 2025",Kalimantan Selatan,21,17450.0,True,15900.0,1150.0
"Sep 17, 2025",Kalimantan Tengah,22,17450.0,True,15900.0,1150.0
"Sep 17, 2025",Kalimantan Timur,23,16550.0,True,15900.0,1150.0
"Sep 17, 2025",Kalimantan Utara,24,17550.0,True,15900.0,1150.0
"Sep 17, 2025",Gorontalo,25,16850.0,True,15900.0,1150.0
"Sep 17, 2025",Sulawesi Selatan,26,14300.0,True,15900.0,1150.0
"Sep 17, 2025",Sulawesi Tenggara,27,16450.0,True,15900.0,1150.0
"Sep 17, 2025",Sulawesi Tengah,28,16750.0,True,15900.0,1150.0
"Sep 17, 2025",Sulawesi Utara,29,16550.0,True,15900.0,1150.0
"Sep 17, 2025",Sulawesi Barat,30,14750.0,True,15900.0,1150.0
"Sep 17, 2025",Maluku,31,16850.0,True,15900.0,1150.0
"Sep 17, 2025",Maluku Utara,32,16700.0,True,15900.0,1150.0
"Sep 17, 2025",Papua,33,18950.0,True,15900.0,1150.0
"Sep 17, 2025",Papua Barat,34,16850.0,True,15900.0,1150.0
"Sep 18, 2025",Aceh,1,14850.0,True,15900.0,1150.0
"Sep 18, 2025",Sumatera Utara,2,14650.0,True,15900.0,1150.0
"Sep 18, 2025",Sumatera Barat,3,17150.0,True,15900.0,1150.0
"Sep 18, 2025",Riau,4,16300.0,True,15900.0,1150.0
"Sep 18, 2025",Kepulauan Riau,5,15150.0,True,15900.0,1150.0
"Sep 18, 2025",Jambi,6,15400.0,True,15900.0,1150.0
"Sep 18, 2025",Bengkulu,7,15550.0,True,15900.0,1150.0
"Sep 18, 2025",Sumatera Selatan,8,15500.0,True,15900.0,1150.0
"Sep 18, 2025",Kepulauan Bangka Belitung,9,15350.0,True,15900.0,1150.0
"Sep 18, 2025",Lampung,10,14800.0,True,15900.0,1150.0
"Sep 18, 2025",Banten,11,15500.0,True,15900.0,1150.0
"Sep 18, 2025",Jawa Barat,12,14900.0,True,15900.0,1150.0
"Sep 18, 2025",DKI Jakarta,13,16300.0,True,15900.0,1150.0
"Sep 18, 2025",Jawa Tengah,14,15100.0,True,15900.0,1150.0
"Sep 18, 2025",DI Yogyakarta,15,14200.0,True,15900.0,1150.0
"Sep 18, 2025",Jawa Timur,16,14800.0,True,15900.0,1150.0
"Sep 18, 2025",Bali,17,15500.0,True,15900.0,1150.0
"Sep 18, 2025",Nusa Tenggara Barat,18,13950.0,True,15900.0,1150.0
"Sep 18, 2025",Nusa Tenggara Timur,19,15450.0,True,15900.0,1150.0
"Sep 18, 2025",Kalimantan Barat,20,16400.0,True,15900.0,1150.0
"Sep 18, 2025",Kalimantan Selatan,21,17450.0,True,15900.0,1150.0
"Sep 18, 2025",Kalimantan Tengah,22,17450.0,True,15900.0,1150.0
"Sep 18, 2025",Kalimantan Timur,23,16550.0,True,15900.0,1150.0
"Sep 18, 2025",Kalimantan Utara,24,17550.0,True,15900.0,1150.0
"Sep 18, 2025",Gorontalo,25,16850.0,True,15900.0,1150.0
"Sep 18, 2025",Sulawesi Selatan,26,14300.0,True,15900.0,1150.0
"Sep 18, 2025",Sulawesi Tenggara,27,16450.0,True,15900.0,1150.0
"Sep 18, 2025",Sulawesi Tengah,28,16750.0,True,15900.0,1150.0
"Sep 18, 2025",Sulawesi Utara,29,16550.0,True,15900.0,1150.0
"Sep 18, 2025",Sulawesi Barat,30,14750.0,True,15900.0,1150.0
"Sep 18, 2025",Maluku,31,16850.0,True,15900.0,1150.0
"Sep 18, 2025",Maluku Utara,32,16700.0,True,15900.0,1150.0
"Sep 18, 2025",Papua,33,18950.0,True,15900.0,1150.0
"Sep 18, 2025",Papua Barat,34,16850.0,True,15900.0,1150.0
"Sep 19, 2025",Aceh,1,14850.0,True,15900.0,1150.0
"Sep 19, 2025",Sumatera Utara,2,14650.0,True,15900.0,1150.0
"Sep 19, 2025",Sumatera Barat,3,17150.0,True,15900.0,1150.0
"Sep 19, 2025",Riau,4,16300.0,True,15900.0,1150.0
"Sep 19, 2025",Kepulauan Riau,5,15150.0,True,15900.0,1150.0
"Sep 19, 2025",Jambi,6,15400.0,True,15900.0,1150.0
"Sep 19, 2025",Bengkulu,7,15550.0,True,15900.0,1150.0
"Sep 19, 2025",Sumatera Selatan,8,15500.0,True,15900.0,1150.0
"Sep 19, 2025",Kepulauan Bangka Belitung,9,15350.0,True,15900.0,1150.0
"Sep 19, 2025",Lampung,10,14800.0,True,15900.0,1150.0
"Sep 19, 2025",Banten,11,15500.0,True,15900.0,1150.0
"Sep 19, 2025",Jawa Barat,12,14900.0,True,15900.0,1150.0
"Sep 19, 2025",DKI Jakarta,13,16300.0,True,15900.0,1150.0
"Sep 19, 2025",Jawa Tengah,14,15100.0,True,15900.0,1150.0
"Sep 19, 2025",DI Yogyakarta,15,14200.0,True,15900.0,1150.0
"Sep 19, 2025",Jawa Timur,16,14800.0,True,15900.0,1150.0
"Sep 19, 2025",Bali,17,15500.0,True,15900.0,1150.0
"Sep 19, 2025",Nusa Tenggara Barat,18,13950.0,True,15900.0,1150.0
"Sep 19, 2025",Nusa Tenggara Timur,19,15450.0,True,15900.0,1150.0
"Sep 19, 2025",Kalimantan Barat,20,16400.0,True,15900.0,1150.0
"Sep 19, 2025",Kalimantan Selatan,21,17450.0,True,15900.0,1150.0
"Sep 19, 2025",Kalimantan Tengah,22,17450.0,True,15900.0,1150.0
"Sep 19, 2025",Kalimantan Timur,23,16550.0,True,15900.0,1150.0
"Sep 19, 2025",Kalimantan Utara,24,17550.0,True,15900.0,1150.0
"Sep 19, 2025",Gorontalo,25,16750.0,True,15900.0,1150.0
"Sep 19, 2025",Sulawesi Selatan,26,14300.0,True,15900.0,1150.0
"Sep 19, 2025",Sulawesi Tenggara,27,16400.0,True,15900.0,1150.0
"Sep 19, 2025",Sulawesi Tengah,28,16750.0,True,15900.0,1150.0
"Sep 19, 2025",Sulawesi Utara,29,16550.0,True,15900.0,1150.0
"Sep 19, 2025",Sulawesi Barat,30,14750.0,True,15900.0,1150.0
"Sep 19, 2025",Maluku,31,16850.0,True,15900.0,1150.0
"Sep 19, 2025",Maluku Utara,32,16700.0,True,15900.0,1150.0
"Sep 19, 2025",Papua,33,18950.0,True,15900.0,1150.0
"Sep 19, 2025",Papua Barat,34,16900.0,True,15900.0,1150.0
"Sep 20, 2025",Aceh,1,14850.0,True,15900.0,1150.0
"Sep 20, 2025",Sumatera Utara,2,14650.0,True,15900.0,1150.0
"Sep 20, 2025",Sumatera Barat,3,17150.0,True,15900.0,1150.0
"Sep 20, 2025",Riau,4,16300.0,True,15900.0,1150.0
"Sep 20, 2025",Kepulauan Riau,5,15150.0,True,15900.0,1150.0
"Sep 20, 2025",Jambi,6,15400.0,True,15900.0,1150.0
"Sep 20, 2025",Bengkulu,7,15550.0,True,15900.0,1150.0
"Sep 20, 2025",Sumatera Selatan,8,15500.0,True,15900.0,1150.0
"Sep 20, 2025",Kepulauan Bangka Belitung,9,15350.0,True,15900.0,1150.0
"Sep 20, 2025",Lampung,10,14800.0,True,15900.0,1150.0
"Sep 20, 2025",Banten,11,15500.0,True,15900.0,1150.0
"Sep 20, 2025",Jawa Barat,12,14900.0,True,15900.0,1150.0
"Sep 20, 2025",DKI Jakarta,13,16300.0,True,15900.0,1150.0
"Sep 20, 2025",Jawa Tengah,14,15100.0,True,15900.0,1150.0
"Sep 20, 2025",DI Yogyakarta,15,14200.0,True,15900.0,1150.0
"Sep 20, 2025",Jawa Timur,16,14800.0,True,15900.0,1150.0
"Sep 20, 2025",Bali,17,15500.0,True,15900.0,1150.0
"Sep 20, 2025",Nusa Tenggara Barat,18,13950.0,True,15900.0,1150.0
"Sep 20, 2025",Nusa Tenggara Timur,19,15450.0,True,15900.0,1150.0
"Sep 20, 2025",Kalimantan Barat,20,16400.0,True,15900.0,1150.0
"Sep 20, 2025",Kalimantan Selatan,21,17450.0,True,15900.0,1150.0
"Sep 20, 2025",Kalimantan Tengah,22,17450.0,True,15900.0,1150.0
"Sep 20, 2025",Kalimantan Timur,23,16550.0,True,15900.0,1150.0
"Sep 20, 2025",Kalimantan Utara,24,17550.0,True,15900.0,1150.0
"Sep 20, 2025",Gorontalo,25,16750.0,True,15900.0,1150.0
"Sep 20, 2025",Sulawesi Selatan,26,14300.0,True,15900.0,1150.0
"Sep 20, 2025",Sulawesi Tenggara,27,16400.0,True,15900.0,1150.0
"Sep 20, 2025",Sulawesi Tengah,28,16750.0,True,15900.0,1150.0
"Sep 20, 2025",Sulawesi Utara,29,16550.0,True,15900.0,1150.0
"Sep 20, 2025",Sulawesi Barat,30,14750.0,True,15900.0,1150.0
"Sep 20, 2025",Maluku,31,16850.0,True,15900.0,1150.0
"Sep 20, 2025",Maluku Utara,32,16700.0,True,15900.0,1150.0
"Sep 20, 2025",Papua,33,18950.0,True,15900.0,1150.0
"Sep 20, 2025",Papua Barat,34,16900.0,True,15900.0,1150.0
"Sep 21, 2025",Aceh,1,14850.0,True,15900.0,1150.0
"Sep 21, 2025",Sumatera Utara,2,14650.0,True,15900.0,1150.0
"Sep 21, 2025",Sumatera Barat,3,17150.0,True,15900.0,1150.0
"Sep 21, 2025",Riau,4,16300.0,True,15900.0,1150.0
"Sep 21, 2025",Kepulauan Riau,5,15150.0,True,15900.0,1150.0
"Sep 21, 2025",Jambi,6,15400.0,True,15900.0,1150.0
"Sep 21, 2025",Bengkulu,7,15550.0,True,15900.0,1150.0
"Sep 21, 2025",Sumatera Selatan,8,15500.0,True,15900.0,1150.0
"Sep 21, 2025",Kepulauan Bangka Belitung,9,15350.0,True,15900.0,1150.0
"Sep 21, 2025",Lampung,10,14800.0,True,15900.0,1150.0
"Sep 21, 2025",Banten,11,15500.0,True,15900.0,1150.0
"Sep 21, 2025",Jawa Barat,12,14900.0,True,15900.0,1150.0
"Sep 21, 2025",DKI Jakarta,13,16300.0,True,15900.0,1150.0
"Sep 21, 2025",Jawa Tengah,14,15100.0,True,15900.0,1150.0
"Sep 21, 2025",DI Yogyakarta,15,14200.0,True,15900.0,1150.0
"Sep 21, 2025",Jawa Timur,16,14800.0,True,15900.0,1150.0
"Sep 21, 2025",Bali,17,15500.0,True,15900.0,1150.0
"Sep 21, 2025",Nusa Tenggara Barat,18,13950.0,True,15900.0,1150.0
"Sep 21, 2025",Nusa Tenggara Timur,19,15450.0,True,15900.0,1150.0
"Sep 21, 2025",Kalimantan Barat,20,16400.0,True,15900.0,1150.0
"Sep 21, 2025",Kalimantan Selatan,21,17450.0,True,15900.0,1150.0
"Sep 21, 2025",Kalimantan Tengah,22,17450.0,True,15900.0,1150.0
"Sep 21, 2025",Kalimantan Timur,23,16550.0,True,15900.0,1150.0
"Sep 21, 2025",Kalimantan Utara,24,17550.0,True,15900.0,1150.0
"Sep 21, 2025",Gorontalo,25,16750.0,True,15900.0,1150.0
"Sep 21, 2025",Sulawesi Selatan,26,14300.0,True,15900.0,1150.0
"Sep 21, 2025",Sulawesi Tenggara,27,16400.0,True,15900.0,1150.0
"Sep 21, 2025",Sulawesi Tengah,28,16750.0,True,15900.0,1150.0
"Sep 21, 2025",Sulawesi Utara,29,16550.0,True,15900.0,1150.0
"Sep 21, 2025",Sulawesi Barat,30,14750.0,True,15900.0,1150.0
"Sep 21, 2025",Maluku,31,16850.0,True,15900.0,1150.0
"Sep 21, 2025",Maluku Utara,32,16700.0,True,15900.0,1150.0
"Sep 21, 2025",Papua,33,18950.0,True,15900.0,1150.0
"Sep 21, 2025",Papua Barat,34,16900.0,True,15900.0,1150.0
"Sep 22, 2025",Aceh,1,14850.0,True,15900.0,1100.0
"Sep 22, 2025",Sumatera Utara,2,14650.0,True,15900.0,1100.0
"Sep 22, 2025",Sumatera Barat,3,17150.0,True,15900.0,1100.0
"Sep 22, 2025",Riau,4,16300.0,True,15900.0,1100.0
"Sep 22, 2025",Kepulauan Riau,5,15150.0,True,15900.0,1100.0
"Sep 22, 2025",Jambi,6,15400.0,True,15900.0,1100.0
"Sep 22, 2025",Bengkulu,7,15550.0,True,15900.0,1100.0
"Sep 22, 2025",Sumatera Selatan,8,15500.0,True,15900.0,1100.0
"Sep 22, 2025",Kepulauan Bangka Belitung,9,15350.0,True,15900.0,1100.0
"Sep 22, 2025",Lampung,10,14800.0,True,15900.0,1100.0
"Sep 22, 2025",Banten,11,15500.0,True,15900.0,1100.0
"Sep 22, 2025",Jawa Barat,12,14900.0,True,15900.0,1100.0
"Sep 22, 2025",DKI Jakarta,13,16350.0,True,15900.0,1100.0
"Sep 22, 2025",Jawa Tengah,14,15100.0,True,15900.0,1100.0
"Sep 22, 2025",DI Yogyakarta,15,14200.0,True,15900.0,1100.0
"Sep 22, 2025",Jawa Timur,16,14800.0,True,15900.0,1100.0
"Sep 22, 2025",Bali,17,15500.0,True,15900.0,1100.0
"Sep 22, 2025",Nusa Tenggara Barat,18,13950.0,True,15900.0,1100.0
"Sep 22, 2025",Nusa Tenggara Timur,19,15450.0,True,15900.0,1100.0
"Sep 22, 2025",Kalimantan Barat,20,16400.0,True,15900.0,1100.0
"Sep 22, 2025",Kalimantan Selatan,21,17450.0,True,15900.0,1100.0
"Sep 22, 2025",Kalimantan Tengah,22,17450.0,True,15900.0,1100.0
"Sep 22, 2025",Kalimantan Timur,23,16550.0,True,15900.0,1100.0
"Sep 22, 2025",Kalimantan Utara,24,17350.0,True,15900.0,1100.0
"Sep 22, 2025",Gorontalo,25,16750.0,True,15900.0,1100.0
"Sep 22, 2025",Sulawesi Selatan,26,14400.0,True,15900.0,1100.0
"Sep 22, 2025",Sulawesi Tenggara,27,16400.0,True,15900.0,1100.0
"Sep 22, 2025",Sulawesi Tengah,28,16400.0,True,15900.0,1100.0
"Sep 22, 2025",Sulawesi Utara,29,16550.0,True,15900.0,1100.0
"Sep 22, 2025",Sulawesi Barat,30,14700.0,True,15900.0,1100.0
"Sep 22, 2025",Maluku,31,16850.0,True,15900.0,1100.0
"Sep 22, 2025",Maluku Utara,32,16700.0,True,15900.0,1100.0
"Sep 22, 2025",Papua,33,18950.0,True,15900.0,1100.0
"Sep 22, 2025",Papua Barat,34,16900.0,True,15900.0,1100.0
"Sep 23, 2025",Aceh,1,14850.0,True,15900.0,1100.0
"Sep 23, 2025",Sumatera Utara,2,14650.0,True,15900.0,1100.0
"Sep 23, 2025",Sumatera Barat,3,17100.0,True,15900.0,1100.0
"Sep 23, 2025",Riau,4,16300.0,True,15900.0,1100.0
"Sep 23, 2025",Kepulauan Riau,5,15150.0,True,15900.0,1100.0
"Sep 23, 2025",Jambi,6,15400.0,True,15900.0,1100.0
"Sep 23, 2025",Bengkulu,7,15550.0,True,15900.0,1100.0
"Sep 23, 2025",Sumatera Selatan,8,15500.0,True,15900.0,1100.0
"Sep 23, 2025",Kepulauan Bangka Belitung,9,15350.0,True,15900.0,1100.0
"Sep 23, 2025",Lampung,10,14800.0,True,15900.0,1100.0
"Sep 23, 2025",Banten,11,15500.0,True,15900.0,1100.0
"Sep 23, 2025",Jawa Barat,12,14900.0,True,15900.0,1100.0
"Sep 23, 2025",DKI Jakarta,13,16350.0,True,15900.0,1100.0
"Sep 23, 2025",Jawa Tengah,14,15100.0,True,15900.0,1100.0
"Sep 23, 2025",DI Yogyakarta,15,14200.0,True,15900.0,1100.0
"Sep 23, 2025",Jawa Timur,16,14800.0,True,15900.0,1100.0
"Sep 23, 2025",Bali,17,15500.0,True,15900.0,1100.0
"Sep 23, 2025",Nusa Tenggara Barat,18,13950.0,True,15900.0,1100.0
"Sep 23, 2025",Nusa Tenggara Timur,19,15450.0,True,15900.0,1100.0
"Sep 23, 2025",Kalimantan Barat,20,16400.0,True,15900.0,1100.0
"Sep 23, 2025",Kalimantan Selatan,21,17400.0,True,15900.0,1100.0
"Sep 23, 2025",Kalimantan Tengah,22,17450.0,True,15900.0,1100.0
"Sep 23, 2025",Kalimantan Timur,23,16550.0,True,15900.0,1100.0
"Sep 23, 2025",Kalimantan Utara,24,17350.0,True,15900.0,1100.0
"Sep 23, 2025",Gorontalo,25,16750.0,True,15900.0,1100.0
"Sep 23, 2025",Sulawesi Selatan,26,14400.0,True,15900.0,1100.0
"Sep 23, 2025",Sulawesi Tenggara,27,16350.0,True,15900.0,1100.0
"Sep 23, 2025",Sulawesi Tengah,28,16400.0,True,15900.0,1100.0
"Sep 23, 2025",Sulawesi Utara,29,16550.0,True,15900.0,1100.0
"Sep 23, 2025",Sulawesi Barat,30,14700.0,True,15900.0,1100.0
"Sep 23, 2025",Maluku,31,16850.0,True,15900.0,1100.0
"Sep 23, 2025",Maluku Utara,32,16700.0,True,15900.0,1100.0
"Sep 23, 2025",Papua,33,18950.0,True,15900.0,1100.0
"Sep 23, 2025",Papua Barat,34,16900.0,True,15900.0,1100.0
"Sep 24, 2025",Aceh,1,14850.0,True,15900.0,1100.0
"Sep 24, 2025",Sumatera Utara,2,14650.0,True,15900.0,1100.0
"Sep 24, 2025",Sumatera Barat,3,17100.0,True,15900.0,1100.0
"Sep 24, 2025",Riau,4,16300.0,True,15900.0,1100.0
"Sep 24, 2025",Kepulauan Riau,5,15150.0,True,15900.0,1100.0
"Sep 24, 2025",Jambi,6,15400.0,True,15900.0,1100.0
"Sep 24, 2025",Bengkulu,7,15550.0,True,15900.0,1100.0
"Sep 24, 2025",Sumatera Selatan,8,15500.0,True,15900.0,1100.0
"Sep 24, 2025",Kepulauan Bangka Belitung,9,15350.0,True,15900.0,1100.0
"Sep 24, 2025",Lampung,10,14850.0,True,15900.0,1100.0
"Sep 24, 2025",Banten,11,15500.0,True,15900.0,1100.0
"Sep 24, 2025",Jawa Barat,12,14900.0,True,15900.0,1100.0
"Sep 24, 2025",DKI Jakarta,13,16350.0,True,15900.0,1100.0
"Sep 24, 2025",Jawa Tengah,14,15100.0,True,15900.0,1100.0
"Sep 24, 2025",DI Yogyakarta,15,14200.0,True,15900.0,1100.0
"Sep 24, 2025",Jawa Timur,16,14800.0,True,15900.0,1100.0
"Sep 24, 2025",Bali,17,15500.0,True,15900.0,1100.0
"Sep 24, 2025",Nusa Tenggara Barat,18,13950.0,True,15900.0,1100.0
"Sep 24, 2025",Nusa Tenggara Timur,19,15450.0,True,15900.0,1100.0
"Sep 24, 2025",Kalimantan Barat,20,16400.0,True,15900.0,1100.0
"Sep 24, 2025",Kalimantan Selatan,21,17400.0,True,15900.0,1100.0
"Sep 24, 2025",Kalimantan Tengah,22,17450.0,True,15900.0,1100.0
"Sep 24, 2025",Kalimantan Timur,23,16550.0,True,15900.0,1100.0
"Sep 24, 2025",Kalimantan Utara,24,17350.0,True,15900.0,1100.0
"Sep 24, 2025",Gorontalo,25,16750.0,True,15900.0,1100.0
"Sep 24, 2025",Sulawesi Selatan,26,14400.0,True,15900.0,1100.0
"Sep 24, 2025",Sulawesi Tenggara,27,16350.0,True,15900.0,1100.0
"Sep 24, 2025",Sulawesi Tengah,28,16400.0,True,15900.0,1100.0
"Sep 24, 2025",Sulawesi Utara,29,16550.0,True,15900.0,1100.0
"Sep 24, 2025",Sulawesi Barat,30,14700.0,True,15900.0,1100.0
"Sep 24, 2025",Maluku,31,16900.0,True,15900.0,1100.0
"Sep 24, 2025",Maluku Utara,32,16650.0,True,15900.0,1100.0
"Sep 24, 2025",Papua,33,18950.0,True,15900.0,1100.0
"Sep 24, 2025",Papua Barat,34,16900.0,True,15900.0,1100.0
"Sep 25, 2025",Aceh,1,14850.0,True,15950.0,1200.0
"Sep 25, 2025",Sumatera Utara,2,14650.0,True,15950.0,1200.0
"Sep 25, 2025",Sumatera Barat,3,17100.0,True,15950.0,1200.0
"Sep 25, 2025",Riau,4,16300.0,True,15950.0,1200.0
"Sep 25, 2025",Kepulauan Riau,5,15150.0,True,15950.0,1200.0
"Sep 25, 2025",Jambi,6,15400.0,True,15950.0,1200.0
"Sep 25, 2025",Bengkulu,7,15550.0,True,15950.0,1200.0
"Sep 25, 2025",Sumatera Selatan,8,15500.0,True,15950.0,1200.0
"Sep 25, 2025",Kepulauan Bangka Belitung,9,15350.0,True,15950.0,1200.0
"Sep 25, 2025",Lampung,10,14850.0,True,15950.0,1200.0
"Sep 25, 2025",Banten,11,15500.0,True,15950.0,1200.0
"Sep 25, 2025",Jawa Barat,12,14900.0,True,15950.0,1200.0
"Sep 25, 2025",DKI Jakarta,13,16350.0,True,15950.0,1200.0
"Sep 25, 2025",Jawa Tengah,14,15100.0,True,15950.0,1200.0
"Sep 25, 2025",DI Yogyakarta,15,14200.0,True,15950.0,1200.0
"Sep 25, 2025",Jawa Timur,16,14800.0,True,15950.0,1200.0
"Sep 25, 2025",Bali,17,15500.0,True,15950.0,1200.0
"Sep 25, 2025",Nusa Tenggara Barat,18,13950.0,True,15950.0,1200.0
"Sep 25, 2025",Nusa Tenggara Timur,19,15450.0,True,15950.0,1200.0
"Sep 25, 2025",Kalimantan Barat,20,16400.0,True,15950.0,1200.0
"Sep 25, 2025",Kalimantan Selatan,21,17400.0,True,15950.0,1200.0
"Sep 25, 2025",Kalimantan Tengah,22,17450.0,True,15950.0,1200.0
"Sep 25, 2025",Kalimantan Timur,23,18650.0,True,15950.0,1200.0
"Sep 25, 2025",Kalimantan Utara,24,17350.0,True,15950.0,1200.0
"Sep 25, 2025",Gorontalo,25,16750.0,True,15950.0,1200.0
"Sep 25, 2025",Sulawesi Selatan,26,14400.0,True,15950.0,1200.0
"Sep 25, 2025",Sulawesi Tenggara,27,16350.0,True,15950.0,1200.0
"Sep 25, 2025",Sulawesi Tengah,28,16400.0,True,15950.0,1200.0
"Sep 25, 2025",Sulawesi Utara,29,16550.0,True,15950.0,1200.0
"Sep 25, 2025",Sulawesi Barat,30,14700.0,True,15950.0,1200.0
"Sep 25, 2025",Maluku,31,16900.0,True,15950.0,1200.0
"Sep 25, 2025",Maluku Utara,32,16700.0,True,15950.0,1200.0
"Sep 25, 2025",Papua,33,18950.0,True,15950.0,1200.0
"Sep 25, 2025",Papua Barat,34,16900.0,True,15950.0,1200.0
"Sep 26, 2025",Aceh,1,14850.0,True,15900.0,1100.0
"Sep 26, 2025",Sumatera Utara,2,14650.0,True,15900.0,1100.0
"Sep 26, 2025",Sumatera Barat,3,17100.0,True,15900.0,1100.0
"Sep 26, 2025",Riau,4,16300.0,True,15900.0,1100.0
"Sep 26, 2025",Kepulauan Riau,5,15150.0,True,15900.0,1100.0
"Sep 26, 2025",Jambi,6,15400.0,True,15900.0,1100.0
"Sep 26, 2025",Bengkulu,7,15550.0,True,15900.0,1100.0
"Sep 26, 2025",Sumatera Selatan,8,15500.0,True,15900.0,1100.0
"Sep 26, 2025",Kepulauan Bangka Belitung,9,15350.0,True,15900.0,1100.0
"Sep 26, 2025",Lampung,10,14850.0,True,15900.0,1100.0
"Sep 26, 2025",Banten,11,15500.0,True,15900.0,1100.0
"Sep 26, 2025",Jawa Barat,12,14900.0,True,15900.0,1100.0
"Sep 26, 2025",DKI Jakarta,13,16350.0,True,15900.0,1100.0
"Sep 26, 2025",Jawa Tengah,14,15100.0,True,15900.0,1100.0
"Sep 26, 2025",DI Yogyakarta,15,14200.0,True,15900.0,1100.0
"Sep 26, 2025",Jawa Timur,16,14800.0,True,15900.0,1100.0
"Sep 26, 2025",Bali,17,15500.0,True,15900.0,1100.0
"Sep 26, 2025",Nusa Tenggara Barat,18,13950.0,True,15900.0,1100.0
"Sep 26, 2025",Nusa Tenggara Timur,19,15450.0,True,15900.0,1100.0
"Sep 26, 2025",Kalimantan Barat,20,16400.0,True,15900.0,1100.0
"Sep 26, 2025",Kalimantan Selatan,21,17400.0,True,15900.0,1100.0
"Sep 26, 2025",Kalimantan Tengah,22,17450.0,True,15900.0,1100.0
"Sep 26, 2025",Kalimantan Timur,23,16550.0,True,15900.0,1100.0
"Sep 26, 2025",Kalimantan Utara,24,17350.0,True,15900.0,1100.0
"Sep 26, 2025",Gorontalo,25,16750.0,True,15900.0,1100.0
"Sep 26, 2025",Sulawesi Selatan,26,14400.0,True,15900.0,1100.0
"Sep 26, 2025",Sulawesi Tenggara,27,16350.0,True,15900.0,1100.0
"Sep 26, 2025",Sulawesi Tengah,28,16400.0,True,15900.0,1100.0
"Sep 26, 2025",Sulawesi Utara,29,16550.0,True,15900.0,1100.0
"Sep 26, 2025",Sulawesi Barat,30,14700.0,True,15900.0,1100.0
"Sep 26, 2025",Maluku,31,16900.0,True,15900.0,1100.0
"Sep 26, 2025",Maluku Utara,32,16700.0,True,15900.0,1100.0
"Sep 26, 2025",Papua,33,18950.0,True,15900.0,1100.0
"Sep 26, 2025",Papua Barat,34,16900.0,True,15900.0,1100.0
"Sep 27, 2025",Aceh,1,14850.0,True,15900.0,1100.0
"Sep 27, 2025",Sumatera Utara,2,14650.0,True,15900.0,1100.0
"Sep 27, 2025",Sumatera Barat,3,17100.0,True,15900.0,1100.0
"Sep 27, 2025",Riau,4,16300.0,True,15900.0,1100.0
"Sep 27, 2025",Kepulauan Riau,5,15150.0,True,15900.0,1100.0
"Sep 27, 2025",Jambi,6,15400.0,True,15900.0,1100.0
"Sep 27, 2025",Bengkulu,7,15550.0,True,15900.0,1100.0
"Sep 27, 2025",Sumatera Selatan,8,15500.0,True,15900.0,1100.0
"Sep 27, 2025",Kepulauan Bangka Belitung,9,15350.0,True,15900.0,1100.0
"Sep 27, 2025",Lampung,10,14850.0,True,15900.0,1100.0
"Sep 27, 2025",Banten,11,15500.0,True,15900.0,1100.0
"Sep 27, 2025",Jawa Barat,12,14900.0,True,15900.0,1100.0
"Sep 27, 2025",DKI Jakarta,13,16350.0,True,15900.0,1100.0
"Sep 27, 2025",Jawa Tengah,14,15100.0,True,15900.0,1100.0
"Sep 27, 2025",DI Yogyakarta,15,14200.0,True,15900.0,1100.0
"Sep 27, 2025",Jawa Timur,16,14800.0,True,15900.0,1100.0
"Sep 27, 2025",Bali,17,15500.0,True,15900.0,1100.0
"Sep 27, 2025",Nusa Tenggara Barat,18,13950.0,True,15900.0,1100.0
"Sep 27, 2025",Nusa Tenggara Timur,19,15450.0,True,15900.0,1100.0
"Sep 27, 2025",Kalimantan Barat,20,16400.0,True,15900.0,1100.0
"Sep 27, 2025",Kalimantan Selatan,21,17400.0,True,15900.0,1100.0
"Sep 27, 2025",Kalimantan Tengah,22,17450.0,True,15900.0,1100.0
"Sep 27, 2025",Kalimantan Timur,23,16550.0,True,15900.0,1100.0
"Sep 27, 2025",Kalimantan Utara,24,17350.0,True,15900.0,1100.0
"Sep 27, 2025",Gorontalo,25,16750.0,True,15900.0,1100.0
"Sep 27, 2025",Sulawesi Selatan,26,14400.0,True,15900.0,1100.0
"Sep 27, 2025",Sulawesi Tenggara,27,16350.0,True,15900.0,1100.0
"Sep 27, 2025",Sulawesi Tengah,28,16400.0,True,15900.0,1100.0
"Sep 27, 2025",Sulawesi Utara,29,16550.0,True,15900.0,1100.0
"Sep 27, 2025",Sulawesi Barat,30,14700.0,True,15900.0,1100.0
"Sep 27, 2025",Maluku,31,16900.0,True,15900.0,1100.0
"Sep 27, 2025",Maluku Utara,32,16700.0,True,15900.0,1100.0
"Sep 27, 2025",Papua,33,18950.0,True,15900.0,1100.0
"Sep 27, 2025",Papua Barat,34,16900.0,True,15900.0,1100.0
"Sep 28, 2025",Aceh,1,14850.0,True,15900.0,1100.0
"Sep 28, 2025",Sumatera Utara,2,14650.0,True,15900.0,1100.0
"Sep 28, 2025",Sumatera Barat,3,17100.0,True,15900.0,1100.0
"Sep 28, 2025",Riau,4,16300.0,True,15900.0,1100.0
"Sep 28, 2025",Kepulauan Riau,5,15150.0,True,15900.0,1100.0
"Sep 28, 2025",Jambi,6,15400.0,True,15900.0,1100.0
"Sep 28, 2025",Bengkulu,7,15550.0,True,15900.0,1100.0
"Sep 28, 2025",Sumatera Selatan,8,15500.0,True,15900.0,1100.0
"Sep 28, 2025",Kepulauan Bangka Belitung,9,15350.0,True,15900.0,1100.0
"Sep 28, 2025",Lampung,10,14850.0,True,15900.0,1100.0
"Sep 28, 2025",Banten,11,15500.0,True,15900.0,1100.0
"Sep 28, 2025",Jawa Barat,12,14900.0,True,15900.0,1100.0
"Sep 28, 2025",DKI Jakarta,13,16350.0,True,15900.0,1100.0
"Sep 28, 2025",Jawa Tengah,14,15100.0,True,15900.0,1100.0
"Sep 28, 2025",DI Yogyakarta,15,14200.0,True,15900.0,1100.0
"Sep 28, 2025",Jawa Timur,16,14800.0,True,15900.0,1100.0
"Sep 28, 2025",Bali,17,15500.0,True,15900.0,1100.0
"Sep 28, 2025",Nusa Tenggara Barat,18,13950.0,True,15900.0,1100.0
"Sep 28, 2025",Nusa Tenggara Timur,19,15450.0,True,15900.0,1100.0
"Sep 28, 2025",Kalimantan Barat,20,16400.0,True,15900.0,1100.0
"Sep 28, 2025",Kalimantan Selatan,21,17400.0,True,15900.0,1100.0
"Sep 28, 2025",Kalimantan Tengah,22,17450.0,True,15900.0,1100.0
"Sep 28, 2025",Kalimantan Timur,23,16550.0,True,15900.0,1100.0
"Sep 28, 2025",Kalimantan Utara,24,17350.0,True,15900.0,1100.0
"Sep 28, 2025",Gorontalo,25,16750.0,True,15900.0,1100.0
"Sep 28, 2025",Sulawesi Selatan,26,14400.0,True,15900.0,1100.0
"Sep 28, 2025",Sulawesi Tenggara,27,16350.0,True,15900.0,1100.0
"Sep 28, 2025",Sulawesi Tengah,28,16400.0,True,15900.0,1100.0
"Sep 28, 2025",Sulawesi Utara,29,16550.0,True,15900.0,1100.0
"Sep 28, 2025",Sulawesi Barat,30,14700.0,True,15900.0,1100.0
"Sep 28, 2025",Maluku,31,16900.0,True,15900.0,1100.0
"Sep 28, 2025",Maluku Utara,32,16700.0,True,15900.0,1100.0
"Sep 28, 2025",Papua,33,18950.0,True,15900.0,1100.0
"Sep 28, 2025",Papua Barat,34,16900.0,True,15900.0,1100.0
"Sep 29, 2025",Aceh,1,14850.0,True,15900.0,1100.0
"Sep 29, 2025",Sumatera Utara,2,14650.0,True,15900.0,1100.0
"Sep 29, 2025",Sumatera Barat,3,17100.0,True,15900.0,1100.0
"Sep 29, 2025",Riau,4,16300.0,True,15900.0,1100.0
"Sep 29, 2025",Kepulauan Riau,5,15150.0,True,15900.0,1100.0
"Sep 29, 2025",Jambi,6,15400.0,True,15900.0,1100.0
"Sep 29, 2025",Bengkulu,7,15550.0,True,15900.0,1100.0
"Sep 29, 2025",Sumatera Selatan,8,15500.0,True,15900.0,1100.0
"Sep 29, 2025",Kepulauan Bangka Belitung,9,15350.0,True,15900.0,1100.0
"Sep 29, 2025",Lampung,10,14850.0,True,15900.0,1100.0
"Sep 29, 2025",Banten,11,15500.0,True,15900.0,1100.0
"Sep 29, 2025",Jawa Barat,12,14900.0,True,15900.0,1100.0
"Sep 29, 2025",DKI Jakarta,13,16350.0,True,15900.0,1100.0
"Sep 29, 2025",Jawa Tengah,14,15100.0,True,15900.0,1100.0
"Sep 29, 2025",DI Yogyakarta,15,14200.0,True,15900.0,1100.0
"Sep 29, 2025",Jawa Timur,16,14800.0,True,15900.0,1100.0
"Sep 29, 2025",Bali,17,15500.0,True,15900.0,1100.0
"Sep 29, 2025",Nusa Tenggara Barat,18,13950.0,True,15900.0,1100.0
"Sep 29, 2025",Nusa Tenggara Timur,19,15450.0,True,15900.0,1100.0
"Sep 29, 2025",Kalimantan Barat,20,16400.0,True,15900.0,1100.0
"Sep 29, 2025",Kalimantan Selatan,21,17450.0,True,15900.0,1100.0
"Sep 29, 2025",Kalimantan Tengah,22,17450.0,True,15900.0,1100.0
"Sep 29, 2025",Kalimantan Timur,23,16550.0,True,15900.0,1100.0
"Sep 29, 2025",Kalimantan Utara,24,17300.0,True,15900.0,1100.0
"Sep 29, 2025",Gorontalo,25,16700.0,True,15900.0,1100.0
"Sep 29, 2025",Sulawesi Selatan,26,14300.0,True,15900.0,1100.0
"Sep 29, 2025",Sulawesi Tenggara,27,16350.0,True,15900.0,1100.0
"Sep 29, 2025",Sulawesi Tengah,28,16350.0,True,15900.0,1100.0
"Sep 29, 2025",Sulawesi Utara,29,16550.0,True,15900.0,1100.0
"Sep 29, 2025",Sulawesi Barat,30,14700.0,True,15900.0,1100.0
"Sep 29, 2025",Maluku,31,16950.0,True,15900.0,1100.0
"Sep 29, 2025",Maluku Utara,32,16700.0,True,15900.0,1100.0
"Sep 29, 2025",Papua,33,18950.0,True,15900.0,1100.0
"Sep 29, 2025",Papua Barat,34,16900.0,True,15900.0,1100.0
"Sep 30, 2025",Aceh,1,14850.0,True,15900.0,1100.0
"Sep 30, 2025",Sumatera Utara,2,14650.0,True,15900.0,1100.0
"Sep 30, 2025",Sumatera Barat,3,17100.0,True,15900.0,1100.0
"Sep 30, 2025",Riau,4,16300.0,True,15900.0,1100.0
"Sep 30, 2025",Kepulauan Riau,5,15150.0,True,15900.0,1100.0
"Sep 30, 2025",Jambi,6,15400.0,True,15900.0,1100.0
"Sep 30, 2025",Bengkulu,7,15550.0,True,15900.0,1100.0
"Sep 30, 2025",Sumatera Selatan,8,15550.0,True,15900.0,1100.0
"Sep 30, 2025",Kepulauan Bangka Belitung,9,15350.0,True,15900.0,1100.0
"Sep 30, 2025",Lampung,10,14850.0,True,15900.0,1100.0
"Sep 30, 2025",Banten,11,15500.0,True,15900.0,1100.0
"Sep 30, 2025",Jawa Barat,12,14900.0,True,15900.0,1100.0
"Sep 30, 2025",DKI Jakarta,13,16350.0,True,15900.0,1100.0
"Sep 30, 2025",Jawa Tengah,14,15100.0,True,15900.0,1100.0
"Sep 30, 2025",DI Yogyakarta,15,14200.0,True,15900.0,1100.0
"Sep 30, 2025",Jawa Timur,16,14800.0,True,15900.0,1100.0
"Sep 30, 2025",Bali,17,15500.0,True,15900.0,1100.0
"Sep 30, 2025",Nusa Tenggara Barat,18,14000.0,True,15900.0,1100.0
"Sep 30, 2025",Nusa Tenggara Timur,19,15450.0,True,15900.0,1100.0
"Sep 30, 2025",Kalimantan Barat,20,16400.0,True,15900.0,1100.0
"Sep 30, 2025",Kalimantan Selatan,21,17450.0,True,15900.0,1100.0
"Sep 30, 2025",Kalimantan Tengah,22,17500.0,True,15900.0,1100.0
"Sep 30, 2025",Kalimantan Timur,23,16550.0,True,15900.0,1100.0
"Sep 30, 2025",Kalimantan Utara,24,17300.0,True,15900.0,1100.0
"Sep 30, 2025",Gorontalo,25,16650.0,True,15900.0,1100.0
"Sep 30, 2025",Sulawesi Selatan,26,14300.0,True,15900.0,1100.0
"Sep 30, 2025",Sulawesi Tenggara,27,16350.0,True,15900.0,1100.0
"Sep 30, 2025",Sulawesi Tengah,28,16350.0,True,15900.0,1100.0
"Sep 30, 2025",Sulawesi Utara,29,16500.0,True,15900.0,1100.0
"Sep 30, 2025",Sulawesi Barat,30,14700.0,True,15900.0,1100.0
"Sep 30, 2025",Maluku,31,16950.0,True,15900.0,1100.0
"Sep 30, 2025",Maluku Utara,32,16700.0,True,15900.0,1100.0
"Sep 30, 2025",Papua,33,18950.0,True,15900.0,1100.0
"Sep 30, 2025",Papua Barat,34,16900.0,True,15900.0,1100.0
"Oct 1, 2025",Aceh,1,14850.0,True,15900.0,1100.0
"Oct 1, 2025",Sumatera Utara,2,14650.0,True,15900.0,1100.0
"Oct 1, 2025",Sumatera Barat,3,17100.0,True,15900.0,1100.0
"Oct 1, 2025",Riau,4,16300.0,True,15900.0,1100.0
"Oct 1, 2025",Kepulauan Riau,5,15150.0,True,15900.0,1100.0
"Oct 1, 2025",Jambi,6,15400.0,True,15900.0,1100.0
"Oct 1, 2025",Bengkulu,7,15550.0,True,15900.0,1100.0
"Oct 1, 2025",Sumatera Selatan,8,15500.0,True,15900.0,1100.0
"Oct 1, 2025",Kepulauan Bangka Belitung,9,15350.0,True,15900.0,1100.0
"Oct 1, 2025",Lampung,10,14850.0,True,15900.0,1100.0
"Oct 1, 2025",Banten,11,15500.0,True,15900.0,1100.0
"Oct 1, 2025",Jawa Barat,12,14900.0,True,15900.0,1100.0
"Oct 1, 2025",DKI Jakarta,13,16350.0,True,15900.0,1100.0
"Oct 1, 2025",Jawa Tengah,14,15100.0,True,15900.0,1100.0
"Oct 1, 2025",DI Yogyakarta,15,14200.0,True,15900.0,1100.0
"Oct 1, 2025",Jawa Timur,16,14800.0,True,15900.0,1100.0
"Oct 1, 2025",Bali,17,15500.0,True,15900.0,1100.0
"Oct 1, 2025",Nusa Tenggara Barat,18,13950.0,True,15900.0,1100.0
"Oct 1, 2025",Nusa Tenggara Timur,19,15450.0,True,15900.0,1100.0
"Oct 1, 2025",Kalimantan Barat,20,16400.0,True,15900.0,1100.0
"Oct 1, 2025",Kalimantan Selatan,21,17450.0,True,15900.0,1100.0
"Oct 1, 2025",Kalimantan Tengah,22,17500.0,True,15900.0,1100.0
"Oct 1, 2025",Kalimantan Timur,23,16550.0,True,15900.0,1100.0
"Oct 1, 2025",Kalimantan Utara,24,17300.0,True,15900.0,1100.0
"Oct 1, 2025",Gorontalo,25,16650.0,True,15900.0,1100.0
"Oct 1, 2025",Sulawesi Selatan,26,14300.0,True,15900.0,1100.0
"Oct 1, 2025",Sulawesi Tenggara,27,16300.0,True,15900.0,1100.0
"Oct 1, 2025",Sulawesi Tengah,28,16350.0,True,15900.0,1100.0
"Oct 1, 2025",Sulawesi Utara,29,16450.0,True,15900.0,1100.0
"Oct 1, 2025",Sulawesi Barat,30,14700.0,True,15900.0,1100.0
"Oct 1, 2025",Maluku,31,16950.0,True,15900.0,1100.0
"Oct 1, 2025",Maluku Utara,32,16650.0,True,15900.0,1100.0
"Oct 1, 2025",Papua,33,18950.0,True,15900.0,1100.0
"Oct 1, 2025",Papua Barat,34,16900.0,True,15900.0,1100.0
"Oct 2, 2025",Aceh,1,14850.0,True,15850.0,1100.0
"Oct 2, 2025",Sumatera Utara,2,14650.0,True,15850.0,1100.0
"Oct 2, 2025",Sumatera Barat,3,17100.0,True,15850.0,1100.0
"Oct 2, 2025",Riau,4,16300.0,True,15850.0,1100.0
"Oct 2, 2025",Kepulauan Riau,5,15150.0,True,15850.0,1100.0
"Oct 2, 2025",Jambi,6,15400.0,True,15850.0,1100.0
"Oct 2, 2025",Bengkulu,7,15550.0,True,15850.0,1100.0
"Oct 2, 2025",Sumatera Selatan,8,15500.0,True,15850.0,1100.0
"Oct 2, 2025",Kepulauan Bangka Belitung,9,15350.0,True,15850.0,1100.0
"Oct 2, 2025",Lampung,10,14850.0,True,15850.0,1100.0
"Oct 2, 2025",Banten,11,15500.0,True,15850.0,1100.0
"Oct 2, 2025",Jawa Barat,12,14900.0,True,15850.0,1100.0
"Oct 2, 2025",DKI Jakarta,13,16350.0,True,15850.0,1100.0
"Oct 2, 2025",Jawa Tengah,14,15100.0,True,15850.0,1100.0
"Oct 2, 2025",DI Yogyakarta,15,14200.0,True,15850.0,1100.0
"Oct 2, 2025",Jawa Timur,16,14800.0,True,15850.0,1100.0
"Oct 2, 2025",Bali,17,15500.0,True,15850.0,1100.0
"Oct 2, 2025",Nusa Tenggara Barat,18,13900.0,True,15850.0,1100.0
"Oct 2, 2025",Nusa Tenggara Timur,19,15450.0,True,15850.0,1100.0
"Oct 2, 2025",Kalimantan Barat,20,16400.0,True,15850.0,1100.0
"Oct 2, 2025",Kalimantan Selatan,21,17450.0,True,15850.0,1100.0
"Oct 2, 2025",Kalimantan Tengah,22,17500.0,True,15850.0,1100.0
"Oct 2, 2025",Kalimantan Timur,23,16550.0,True,15850.0,1100.0
"Oct 2, 2025",Kalimantan Utara,24,17300.0,True,15850.0,1100.0
"Oct 2, 2025",Gorontalo,25,16650.0,True,15850.0,1100.0
"Oct 2, 2025",Sulawesi Selatan,26,14300.0,True,15850.0,1100.0
"Oct 2, 2025",Sulawesi Tenggara,27,16150.0,True,15850.0,1100.0
"Oct 2, 2025",Sulawesi Tengah,28,16350.0,True,15850.0,1100.0
"Oct 2, 2025",Sulawesi Utara,29,16450.0,True,15850.0,1100.0
"Oct 2, 2025",Sulawesi Barat,30,14700.0,True,15850.0,1100.0
"Oct 2, 2025",Maluku,31,16950.0,True,15850.0,1100.0
"Oct 2, 2025",Maluku Utara,32,16700.0,True,15850.0,1100.0
"Oct 2, 2025",Papua,33,18900.0,True,15850.0,1100.0
"Oct 2, 2025",Papua Barat,34,16900.0,True,15850.0,1100.0
"Oct 3, 2025",Aceh,1,14850.0,True,15900.0,1100.0
"Oct 3, 2025",Sumatera Utara,2,14650.0,True,15900.0,1100.0
"Oct 3, 2025",Sumatera Barat,3,17100.0,True,15900.0,1100.0
"Oct 3, 2025",Riau,4,16300.0,True,15900.0,1100.0
"Oct 3, 2025",Kepulauan Riau,5,15150.0,True,15900.0,1100.0
"Oct 3, 2025",Jambi,6,15400.0,True,15900.0,1100.0
"Oct 3, 2025",Bengkulu,7,15650.0,True,15900.0,1100.0
"Oct 3, 2025",Sumatera Selatan,8,15500.0,True,15900.0,1100.0
"Oct 3, 2025",Kepulauan Bangka Belitung,9,15350.0,True,15900.0,1100.0
"Oct 3, 2025",Lampung,10,14850.0,True,15900.0,1100.0
"Oct 3, 2025",Banten,11,15500.0,True,15900.0,1100.0
"Oct 3, 2025",Jawa Barat,12,14900.0,True,15900.0,1100.0
"Oct 3, 2025",DKI Jakarta,13,16350.0,True,15900.0,1100.0
"Oct 3, 2025",Jawa Tengah,14,15100.0,True,15900.0,1100.0
"Oct 3, 2025",DI Yogyakarta,15,14200.0,True,15900.0,1100.0
"Oct 3, 2025",Jawa Timur,16,14800.0,True,15900.0,1100.0
"Oct 3, 2025",Bali,17,15500.0,True,15900.0,1100.0
"Oct 3, 2025",Nusa Tenggara Barat,18,13900.0,True,15900.0,1100.0
"Oct 3, 2025",Nusa Tenggara Timur,19,15450.0,True,15900.0,1100.0
"Oct 3, 2025",Kalimantan Barat,20,16400.0,True,15900.0,1100.0
"Oct 3, 2025",Kalimantan Selatan,21,17450.0,True,15900.0,1100.0
"Oct 3, 2025",Kalimantan Tengah,22,17500.0,True,15900.0,1100.0
"Oct 3, 2025",Kalimantan Timur,23,16500.0,True,15900.0,1100.0
"Oct 3, 2025",Kalimantan Utara,24,17300.0,True,15900.0,1100.0
"Oct 3, 2025",Gorontalo,25,16600.0,True,15900.0,1100.0
"Oct 3, 2025",Sulawesi Selatan,26,14300.0,True,15900.0,1100.0
"Oct 3, 2025",Sulawesi Tenggara,27,16150.0,True,15900.0,1100.0
"Oct 3, 2025",Sulawesi Tengah,28,16350.0,True,15900.0,1100.0
"Oct 3, 2025",Sulawesi Utara,29,16450.0,True,15900.0,1100.0
"Oct 3, 2025",Sulawesi Barat,30,14700.0,True,15900.0,1100.0
"Oct 3, 2025",Maluku,31,16950.0,True,15900.0,1100.0
"Oct 3, 2025",Maluku Utara,32,16950.0,True,15900.0,1100.0
"Oct 3, 2025",Papua,33,18900.0,True,15900.0,1100.0
"Oct 3, 2025",Papua Barat,34,16900.0,True,15900.0,1100.0
"Oct 4, 2025",Aceh,1,14850.0,True,15900.0,1100.0
"Oct 4, 2025",Sumatera Utara,2,14650.0,True,15900.0,1100.0
"Oct 4, 2025",Sumatera Barat,3,17100.0,True,15900.0,1100.0
"Oct 4, 2025",Riau,4,16300.0,True,15900.0,1100.0
"Oct 4, 2025",Kepulauan Riau,5,15150.0,True,15900.0,1100.0
"Oct 4, 2025",Jambi,6,15400.0,True,15900.0,1100.0
"Oct 4, 2025",Bengkulu,7,15650.0,True,15900.0,1100.0
"Oct 4, 2025",Sumatera Selatan,8,15500.0,True,15900.0,1100.0
"Oct 4, 2025",Kepulauan Bangka Belitung,9,15350.0,True,15900.0,1100.0
"Oct 4, 2025",Lampung,10,14850.0,True,15900.0,1100.0
"Oct 4, 2025",Banten,11,15500.0,True,15900.0,1100.0
"Oct 4, 2025",Jawa Barat,12,14900.0,True,15900.0,1100.0
"Oct 4, 2025",DKI Jakarta,13,16350.0,True,15900.0,1100.0
"Oct 4, 2025",Jawa Tengah,14,15100.0,True,15900.0,1100.0
"Oct 4, 2025",DI Yogyakarta,15,14200.0,True,15900.0,1100.0
"Oct 4, 2025",Jawa Timur,16,14800.0,True,15900.0,1100.0
"Oct 4, 2025",Bali,17,15500.0,True,15900.0,1100.0
"Oct 4, 2025",Nusa Tenggara Barat,18,13900.0,True,15900.0,1100.0
"Oct 4, 2025",Nusa Tenggara Timur,19,15450.0,True,15900.0,1100.0
"Oct 4, 2025",Kalimantan Barat,20,16400.0,True,15900.0,1100.0
"Oct 4, 2025",Kalimantan Selatan,21,17450.0,True,15900.0,1100.0
"Oct 4, 2025",Kalimantan Tengah,22,17500.0,True,15900.0,1100.0
"Oct 4, 2025",Kalimantan Timur,23,16500.0,True,15900.0,1100.0
"Oct 4, 2025",Kalimantan Utara,24,17300.0,True,15900.0,1100.0
"Oct 4, 2025",Gorontalo,25,16600.0,True,15900.0,1100.0
"Oct 4, 2025",Sulawesi Selatan,26,14300.0,True,15900.0,1100.0
"Oct 4, 2025",Sulawesi Tenggara,27,16150.0,True,15900.0,1100.0
"Oct 4, 2025",Sulawesi Tengah,28,16350.0,True,15900.0,1100.0
"Oct 4, 2025",Sulawesi Utara,29,16450.0,True,15900.0,1100.0
"Oct 4, 2025",Sulawesi Barat,30,14700.0,True,15900.0,1100.0
"Oct 4, 2025",Maluku,31,16950.0,True,15900.0,1100.0
"Oct 4, 2025",Maluku Utara,32,16950.0,True,15900.0,1100.0
"Oct 4, 2025",Papua,33,18900.0,True,15900.0,1100.0
"Oct 4, 2025",Papua Barat,34,16900.0,True,15900.0,1100.0
"Oct 5, 2025",Aceh,1,14850.0,True,15900.0,1100.0
"Oct 5, 2025",Sumatera Utara,2,14650.0,True,15900.0,1100.0
"Oct 5, 2025",Sumatera Barat,3,17100.0,True,15900.0,1100.0
"Oct 5, 2025",Riau,4,16300.0,True,15900.0,1100.0
"Oct 5, 2025",Kepulauan Riau,5,15150.0,True,15900.0,1100.0
"Oct 5, 2025",Jambi,6,15400.0,True,15900.0,1100.0
"Oct 5, 2025",Bengkulu,7,15650.0,True,15900.0,1100.0
"Oct 5, 2025",Sumatera Selatan,8,15500.0,True,15900.0,1100.0
"Oct 5, 2025",Kepulauan Bangka Belitung,9,15350.0,True,15900.0,1100.0
"Oct 5, 2025",Lampung,10,14850.0,True,15900.0,1100.0
"Oct 5, 2025",Banten,11,15500.0,True,15900.0,1100.0
"Oct 5, 2025",Jawa Barat,12,14900.0,True,15900.0,1100.0
"Oct 5, 2025",DKI Jakarta,13,16350.0,True,15900.0,1100.0
"Oct 5, 2025",Jawa Tengah,14,15100.0,True,15900.0,1100.0
"Oct 5, 2025",DI Yogyakarta,15,14200.0,True,15900.0,1100.0
"Oct 5, 2025",Jawa Timur,16,14800.0,True,15900.0,1100.0
"Oct 5, 2025",Bali,17,15500.0,True,15900.0,1100.0
"Oct 5, 2025",Nusa Tenggara Barat,18,13900.0,True,15900.0,1100.0
"Oct 5, 2025",Nusa Tenggara Timur,19,15450.0,True,15900.0,1100.0
"Oct 5, 2025",Kalimantan Barat,20,16400.0,True,15900.0,1100.0
"Oct 5, 2025",Kalimantan Selatan,21,17450.0,True,15900.0,1100.0
"Oct 5, 2025",Kalimantan Tengah,22,17500.0,True,15900.0,1100.0
"Oct 5, 2025",Kalimantan Timur,23,16500.0,True,15900.0,1100.0
"Oct 5, 2025",Kalimantan Utara,24,17300.0,True,15900.0,1100.0
"Oct 5, 2025",Gorontalo,25,16600.0,True,15900.0,1100.0
"Oct 5, 2025",Sulawesi Selatan,26,14300.0,True,15900.0,1100.0
"Oct 5, 2025",Sulawesi Tenggara,27,16150.0,True,15900.0,1100.0
"Oct 5, 2025",Sulawesi Tengah,28,16350.0,True,15900.0,1100.0
"Oct 5, 2025",Sulawesi Utara,29,16450.0,True,15900.0,1100.0
"Oct 5, 2025",Sulawesi Barat,30,14700.0,True,15900.0,1100.0
"Oct 5, 2025",Maluku,31,16950.0,True,15900.0,1100.0
"Oct 5, 2025",Maluku Utara,32,16950.0,True,15900.0,1100.0
"Oct 5, 2025",Papua,33,18900.0,True,15900.0,1100.0
"Oct 5, 2025",Papua Barat,34,16900.0,True,15900.0,1100.0
"Oct 6, 2025",Aceh,1,14850.0,True,15850.0,1100.0
"Oct 6, 2025",Sumatera Utara,2,14650.0,True,15850.0,1100.0
"Oct 6, 2025",Sumatera Barat,3,17100.0,True,15850.0,1100.0
"Oct 6, 2025",Riau,4,16300.0,True,15850.0,1100.0
"Oct 6, 2025",Kepulauan Riau,5,15150.0,True,15850.0,1100.0
"Oct 6, 2025",Jambi,6,15400.0,True,15850.0,1100.0
"Oct 6, 2025",Bengkulu,7,15650.0,True,15850.0,1100.0
"Oct 6, 2025",Sumatera Selatan,8,15500.0,True,15850.0,1100.0
"Oct 6, 2025",Kepulauan Bangka Belitung,9,15300.0,True,15850.0,1100.0
"Oct 6, 2025",Lampung,10,14850.0,True,15850.0,1100.0
"Oct 6, 2025",Banten,11,15500.0,True,15850.0,1100.0
"Oct 6, 2025",Jawa Barat,12,14900.0,True,15850.0,1100.0
"Oct 6, 2025",DKI Jakarta,13,16300.0,True,15850.0,1100.0
"Oct 6, 2025",Jawa Tengah,14,15100.0,True,15850.0,1100.0
"Oct 6, 2025",DI Yogyakarta,15,14200.0,True,15850.0,1100.0
"Oct 6, 2025",Jawa Timur,16,14800.0,True,15850.0,1100.0
"Oct 6, 2025",Bali,17,15500.0,True,15850.0,1100.0
"Oct 6, 2025",Nusa Tenggara Barat,18,13900.0,True,15850.0,1100.0
"Oct 6, 2025",Nusa Tenggara Timur,19,15450.0,True,15850.0,1100.0
"Oct 6, 2025",Kalimantan Barat,20,16400.0,True,15850.0,1100.0
"Oct 6, 2025",Kalimantan Selatan,21,17450.0,True,15850.0,1100.0
"Oct 6, 2025",Kalimantan Tengah,22,17500.0,True,15850.0,1100.0
"Oct 6, 2025",Kalimantan Timur,23,16500.0,True,15850.0,1100.0
"Oct 6, 2025",Kalimantan Utara,24,17300.0,True,15850.0,1100.0
"Oct 6, 2025",Gorontalo,25,16550.0,True,15850.0,1100.0
"Oct 6, 2025",Sulawesi Selatan,26,14250.0,True,15850.0,1100.0
"Oct 6, 2025",Sulawesi Tenggara,27,16000.0,True,15850.0,1100.0
"Oct 6, 2025",Sulawesi Tengah,28,16250.0,True,15850.0,1100.0
"Oct 6, 2025",Sulawesi Utara,29,16450.0,True,15850.0,1100.0
"Oct 6, 2025",Sulawesi Barat,30,14650.0,True,15850.0,1100.0
"Oct 6, 2025",Maluku,31,16950.0,True,15850.0,1100.0
"Oct 6, 2025",Maluku Utara,32,16800.0,True,15850.0,1100.0
"Oct 6, 2025",Papua,33,18900.0,True,15850.0,1100.0
"Oct 6, 2025",Papua Barat,34,16900.0,True,15850.0,1100.0
"Oct 7, 2025",Aceh,1,14800.0,True,15850.0,1100.0
"Oct 7, 2025",Sumatera Utara,2,14650.0,True,15850.0,1100.0
"Oct 7, 2025",Sumatera Barat,3,17050.0,True,15850.0,1100.0
"Oct 7, 2025",Riau,4,16300.0,True,15850.0,1100.0
"Oct 7, 2025",Kepulauan Riau,5,15150.0,True,15850.0,1100.0
"Oct 7, 2025",Jambi,6,15400.0,True,15850.0,1100.0
"Oct 7, 2025",Bengkulu,7,15650.0,True,15850.0,1100.0
"Oct 7, 2025",Sumatera Selatan,8,15500.0,True,15850.0,1100.0
"Oct 7, 2025",Kepulauan Bangka Belitung,9,15300.0,True,15850.0,1100.0
"Oct 7, 2025",Lampung,10,14850.0,True,15850.0,1100.0
"Oct 7, 2025",Banten,11,15500.0,True,15850.0,1100.0
"Oct 7, 2025",Jawa Barat,12,14900.0,True,15850.0,1100.0
"Oct 7, 2025",DKI Jakarta,13,16300.0,True,15850.0,1100.0
"Oct 7, 2025",Jawa Tengah,14,15100.0,True,15850.0,1100.0
"Oct 7, 2025",DI Yogyakarta,15,14200.0,True,15850.0,1100.0
"Oct 7, 2025",Jawa Timur,16,14800.0,True,15850.0,1100.0
"Oct 7, 2025",Bali,17,15450.0,True,15850.0,1100.0
"Oct 7, 2025",Nusa Tenggara Barat,18,13900.0,True,15850.0,1100.0
"Oct 7, 2025",Nusa Tenggara Timur,19,15450.0,True,15850.0,1100.0
"Oct 7, 2025",Kalimantan Barat,20,16400.0,True,15850.0,1100.0
"Oct 7, 2025",Kalimantan Selatan,21,17450.0,True,15850.0,1100.0
"Oct 7, 2025",Kalimantan Tengah,22,17500.0,True,15850.0,1100.0
"Oct 7, 2025",Kalimantan Timur,23,16500.0,True,15850.0,1100.0
"Oct 7, 2025",Kalimantan Utara,24,17300.0,True,15850.0,1100.0
"Oct 7, 2025",Gorontalo,25,16550.0,True,15850.0,1100.0
"Oct 7, 2025",Sulawesi Selatan,26,14250.0,True,15850.0,1100.0
"Oct 7, 2025",Sulawesi Tenggara,27,16000.0,True,15850.0,1100.0
"Oct 7, 2025",Sulawesi Tengah,28,16250.0,True,15850.0,1100.0
"Oct 7, 2025",Sulawesi Utara,29,16450.0,True,15850.0,1100.0
"Oct 7, 2025",Sulawesi Barat,30,14650.0,True,15850.0,1100.0
"Oct 7, 2025",Maluku,31,16950.0,True,15850.0,1100.0
"Oct 7, 2025",Maluku Utara,32,16800.0,True,15850.0,1100.0
"Oct 7, 2025",Papua,33,18900.0,True,15850.0,1100.0
"Oct 7, 2025",Papua Barat,34,16900.0,True,15850.0,1100.0
"Oct 8, 2025",Aceh,1,14800.0,True,15850.0,1100.0
"Oct 8, 2025",Sumatera Utara,2,14600.0,True,15850.0,1100.0
"Oct 8, 2025",Sumatera Barat,3,17050.0,True,15850.0,1100.0
"Oct 8, 2025",Riau,4,16300.0,True,15850.0,1100.0
"Oct 8, 2025",Kepulauan Riau,5,15150.0,True,15850.0,1100.0
"Oct 8, 2025",Jambi,6,15400.0,True,15850.0,1100.0
"Oct 8, 2025",Bengkulu,7,15650.0,True,15850.0,1100.0
"Oct 8, 2025",Sumatera Selatan,8,15500.0,True,15850.0,1100.0
"Oct 8, 2025",Kepulauan Bangka Belitung,9,15300.0,True,15850.0,1100.0
"Oct 8, 2025",Lampung,10,14850.0,True,15850.0,1100.0
"Oct 8, 2025",Banten,11,15500.0,True,15850.0,1100.0
"Oct 8, 2025",Jawa Barat,12,14900.0,True,15850.0,1100.0
"Oct 8, 2025",DKI Jakarta,13,16300.0,True,15850.0,1100.0
"Oct 8, 2025",Jawa Tengah,14,15100.0,True,15850.0,1100.0
"Oct 8, 2025",DI Yogyakarta,15,14200.0,True,15850.0,1100.0
"Oct 8, 2025",Jawa Timur,16,14800.0,True,15850.0,1100.0
"Oct 8, 2025",Bali,17,15450.0,True,15850.0,1100.0
"Oct 8, 2025",Nusa Tenggara Barat,18,13900.0,True,15850.0,1100.0
"Oct 8, 2025",Nusa Tenggara Timur,19,15450.0,True,15850.0,1100.0
"Oct 8, 2025",Kalimantan Barat,20,16400.0,True,15850.0,1100.0
"Oct 8, 2025",Kalimantan Selatan,21,17450.0,True,15850.0,1100.0
"Oct 8, 2025",Kalimantan Tengah,22,17500.0,True,15850.0,1100.0
"Oct 8, 2025",Kalimantan Timur,23,16550.0,True,15850.0,1100.0
"Oct 8, 2025",Kalimantan Utara,24,17300.0,True,15850.0,1100.0
"Oct 8, 2025",Gorontalo,25,16550.0,True,15850.0,1100.0
"Oct 8, 2025",Sulawesi Selatan,26,14250.0,True,15850.0,1100.0
"Oct 8, 2025",Sulawesi Tenggara,27,16000.0,True,15850.0,1100.0
"Oct 8, 2025",Sulawesi Tengah,28,16250.0,True,15850.0,1100.0
"Oct 8, 2025",Sulawesi Utara,29,16450.0,True,15850.0,1100.0
"Oct 8, 2025",Sulawesi Barat,30,14650.0,True,15850.0,1100.0
"Oct 8, 2025",Maluku,31,16950.0,True,15850.0,1100.0
"Oct 8, 2025",Maluku Utara,32,16700.0,True,15850.0,1100.0
"Oct 8, 2025",Papua,33,18900.0,True,15850.0,1100.0
"Oct 8, 2025",Papua Barat,34,16900.0,True,15850.0,1100.0
"Oct 9, 2025",Aceh,1,14800.0,True,15850.0,1100.0
"Oct 9, 2025",Sumatera Utara,2,14600.0,True,15850.0,1100.0
"Oct 9, 2025",Sumatera Barat,3,17050.0,True,15850.0,1100.0
"Oct 9, 2025",Riau,4,16300.0,True,15850.0,1100.0
"Oct 9, 2025",Kepulauan Riau,5,15150.0,True,15850.0,1100.0
"Oct 9, 2025",Jambi,6,15400.0,True,15850.0,1100.0
"Oct 9, 2025",Bengkulu,7,15550.0,True,15850.0,1100.0
"Oct 9, 2025",Sumatera Selatan,8,15500.0,True,15850.0,1100.0
"Oct 9, 2025",Kepulauan Bangka Belitung,9,15300.0,True,15850.0,1100.0
"Oct 9, 2025",Lampung,10,14850.0,True,15850.0,1100.0
"Oct 9, 2025",Banten,11,15500.0,True,15850.0,1100.0
"Oct 9, 2025",Jawa Barat,12,14900.0,True,15850.0,1100.0
"Oct 9, 2025",DKI Jakarta,13,16300.0,True,15850.0,1100.0
"Oct 9, 2025",Jawa Tengah,14,15100.0,True,15850.0,1100.0
"Oct 9, 2025",DI Yogyakarta,15,14200.0,True,15850.0,1100.0
"Oct 9, 2025",Jawa Timur,16,14800.0,True,15850.0,1100.0
"Oct 9, 2025",Bali,17,15450.0,True,15850.0,1100.0
"Oct 9, 2025",Nusa Tenggara Barat,18,13900.0,True,15850.0,1100.0
"Oct 9, 2025",Nusa Tenggara Timur,19,15450.0,True,15850.0,1100.0
"Oct 9, 2025",Kalimantan Barat,20,16400.0,True,15850.0,1100.0
"Oct 9, 2025",Kalimantan Selatan,21,17450.0,True,15850.0,1100.0
"Oct 9, 2025",Kalimantan Tengah,22,17500.0,True,15850.0,1100.0
"Oct 9, 2025",Kalimantan Timur,23,16550.0,True,15850.0,1100.0
"Oct 9, 2025",Kalimantan Utara,24,17300.0,True,15850.0,1100.0
"Oct 9, 2025",Gorontalo,25,16450.0,True,15850.0,1100.0
"Oct 9, 2025",Sulawesi Selatan,26,14250.0,True,15850.0,1100.0
"Oct 9, 2025",Sulawesi Tenggara,27,16000.0,True,15850.0,1100.0
"Oct 9, 2025",Sulawesi Tengah,28,16250.0,True,15850.0,1100.0
"Oct 9, 2025",Sulawesi Utara,29,16450.0,True,15850.0,1100.0
"Oct 9, 2025",Sulawesi Barat,30,14650.0,True,15850.0,1100.0
"Oct 9, 2025",Maluku,31,16950.0,True,15850.0,1100.0
"Oct 9, 2025",Maluku Utara,32,16750.0,True,15850.0,1100.0
"Oct 9, 2025",Papua,33,18900.0,True,15850.0,1100.0
"Oct 9, 2025",Papua Barat,34,16900.0,True,15850.0,1100.0
"Oct 10, 2025",Aceh,1,14800.0,True,15850.0,1100.0
"Oct 10, 2025",Sumatera Utara,2,14600.0,True,15850.0,1100.0
"Oct 10, 2025",Sumatera Barat,3,17050.0,True,15850.0,1100.0
"Oct 10, 2025",Riau,4,16300.0,True,15850.0,1100.0
"Oct 10, 2025",Kepulauan Riau,5,15150.0,True,15850.0,1100.0
"Oct 10, 2025",Jambi,6,15400.0,True,15850.0,1100.0
"Oct 10, 2025",Bengkulu,7,15550.0,True,15850.0,1100.0
"Oct 10, 2025",Sumatera Selatan,8,15500.0,True,15850.0,1100.0
"Oct 10, 2025",Kepulauan Bangka Belitung,9,15300.0,True,15850.0,1100.0
"Oct 10, 2025",Lampung,10,14850.0,True,15850.0,1100.0
"Oct 10, 2025",Banten,11,15500.0,True,15850.0,1100.0
"Oct 10, 2025",Jawa Barat,12,14900.0,True,15850.0,1100.0
"Oct 10, 2025",DKI Jakarta,13,16300.0,True,15850.0,1100.0
"Oct 10, 2025",Jawa Tengah,14,15100.0,True,15850.0,1100.0
"Oct 10, 2025",DI Yogyakarta,15,14200.0,True,15850.0,1100.0
"Oct 10, 2025",Jawa Timur,16,14800.0,True,15850.0,1100.0
"Oct 10, 2025",Bali,17,15450.0,True,15850.0,1100.0
"Oct 10, 2025",Nusa Tenggara Barat,18,13900.0,True,15850.0,1100.0
"Oct 10, 2025",Nusa Tenggara Timur,19,15450.0,True,15850.0,1100.0
"Oct 10, 2025",Kalimantan Barat,20,16400.0,True,15850.0,1100.0
"Oct 10, 2025",Kalimantan Selatan,21,17450.0,True,15850.0,1100.0
"Oct 10, 2025",Kalimantan Tengah,22,17500.0,True,15850.0,1100.0
"Oct 10, 2025",Kalimantan Timur,23,16550.0,True,15850.0,1100.0
"Oct 10, 2025",Kalimantan Utara,24,17300.0,True,15850.0,1100.0
"Oct 10, 2025",Gorontalo,25,16450.0,True,15850.0,1100.0
"Oct 10, 2025",Sulawesi Selatan,26,14250.0,True,15850.0,1100.0
"Oct 10, 2025",Sulawesi Tenggara,27,15950.0,True,15850.0,1100.0
"Oct 10, 2025",Sulawesi Tengah,28,15950.0,True,15850.0,1100.0
"Oct 10, 2025",Sulawesi Utara,29,16400.0,True,15850.0,1100.0
"Oct 10, 2025",Sulawesi Barat,30,14650.0,True,15850.0,1100.0
"Oct 10, 2025",Maluku,31,17100.0,True,15850.0,1100.0
"Oct 10, 2025",Maluku Utara,32,16700.0,True,15850.0,1100.0
"Oct 10, 2025",Papua,33,18900.0,True,15850.0,1100.0
"Oct 10, 2025",Papua Barat,34,16950.0,True,15850.0,1100.0
"Oct 11, 2025",Aceh,1,14800.0,True,15850.0,1100.0
"Oct 11, 2025",Sumatera Utara,2,14600.0,True,15850.0,1100.0
"Oct 11, 2025",Sumatera Barat,3,17050.0,True,15850.0,1100.0
"Oct 11, 2025",Riau,4,16300.0,True,15850.0,1100.0
"Oct 11, 2025",Kepulauan Riau,5,15150.0,True,15850.0,1100.0
"Oct 11, 2025",Jambi,6,15400.0,True,15850.0,1100.0
"Oct 11, 2025",Bengkulu,7,15550.0,True,15850.0,1100.0
"Oct 11, 2025",Sumatera Selatan,8,15500.0,True,15850.0,1100.0
"Oct 11, 2025",Kepulauan Bangka Belitung,9,15300.0,True,15850.0,1100.0
"Oct 11, 2025",Lampung,10,14850.0,True,15850.0,1100.0
"Oct 11, 2025",Banten,11,15500.0,True,15850.0,1100.0
"Oct 11, 2025",Jawa Barat,12,14900.0,True,15850.0,1100.0
"Oct 11, 2025",DKI Jakarta,13,16300.0,True,15850.0,1100.0
"Oct 11, 2025",Jawa Tengah,14,15100.0,True,15850.0,1100.0
"Oct 11, 2025",DI Yogyakarta,15,14200.0,True,15850.0,1100.0
"Oct 11, 2025",Jawa Timur,16,14800.0,True,15850.0,1100.0
"Oct 11, 2025",Bali,17,15450.0,True,15850.0,1100.0
"Oct 11, 2025",Nusa Tenggara Barat,18,13900.0,True,15850.0,1100.0
"Oct 11, 2025",Nusa Tenggara Timur,19,15450.0,True,15850.0,1100.0
"Oct 11, 2025",Kalimantan Barat,20,16400.0,True,15850.0,1100.0
"Oct 11, 2025",Kalimantan Selatan,21,17450.0,True,15850.0,1100.0
"Oct 11, 2025",Kalimantan Tengah,22,17500.0,True,15850.0,1100.0
"Oct 11, 2025",Kalimantan Timur,23,16550.0,True,15850.0,1100.0
"Oct 11, 2025",Kalimantan Utara,24,17300.0,True,15850.0,1100.0
"Oct 11, 2025",Gorontalo,25,16450.0,True,15850.0,1100.0
"Oct 11, 2025",Sulawesi Selatan,26,14250.0,True,15850.0,1100.0
"Oct 11, 2025",Sulawesi Tenggara,27,15950.0,True,15850.0,1100.0
"Oct 11, 2025",Sulawesi Tengah,28,15950.0,True,15850.0,1100.0
"Oct 11, 2025",Sulawesi Utara,29,16400.0,True,15850.0,1100.0
"Oct 11, 2025",Sulawesi Barat,30,14650.0,True,15850.0,1100.0
"Oct 11, 2025",Maluku,31,17100.0,True,15850.0,1100.0
"Oct 11, 2025",Maluku Utara,32,16700.0,True,15850.0,1100.0
"Oct 11, 2025",Papua,33,18900.0,True,15850.0,1100.0
"Oct 11, 2025",Papua Barat,34,16950.0,True,15850.0,1100.0
"Oct 12, 2025",Aceh,1,14800.0,True,15850.0,1100.0
"Oct 12, 2025",Sumatera Utara,2,14600.0,True,15850.0,1100.0
"Oct 12, 2025",Sumatera Barat,3,17050.0,True,15850.0,1100.0
"Oct 12, 2025",Riau,4,16300.0,True,15850.0,1100.0
"Oct 12, 2025",Kepulauan Riau,5,15150.0,True,15850.0,1100.0
"Oct 12, 2025",Jambi,6,15400.0,True,15850.0,1100.0
"Oct 12, 2025",Bengkulu,7,15550.0,True,15850.0,1100.0
"Oct 12, 2025",Sumatera Selatan,8,15500.0,True,15850.0,1100.0
"Oct 12, 2025",Kepulauan Bangka Belitung,9,15300.0,True,15850.0,1100.0
"Oct 12, 2025",Lampung,10,14850.0,True,15850.0,1100.0
"Oct 12, 2025",Banten,11,15500.0,True,15850.0,1100.0
"Oct 12, 2025",Jawa Barat,12,14900.0,True,15850.0,1100.0
"Oct 12, 2025",DKI Jakarta,13,16300.0,True,15850.0,1100.0
"Oct 12, 2025",Jawa Tengah,14,15100.0,True,15850.0,1100.0
"Oct 12, 2025",DI Yogyakarta,15,14200.0,True,15850.0,1100.0
"Oct 12, 2025",Jawa Timur,16,14800.0,True,15850.0,1100.0
"Oct 12, 2025",Bali,17,15450.0,True,15850.0,1100.0
"Oct 12, 2025",Nusa Tenggara Barat,18,13900.0,True,15850.0,1100.0
"Oct 12, 2025",Nusa Tenggara Timur,19,15450.0,True,15850.0,1100.0
"Oct 12, 2025",Kalimantan Barat,20,16400.0,True,15850.0,1100.0
"Oct 12, 2025",Kalimantan Selatan,21,17450.0,True,15850.0,1100.0
"Oct 12, 2025",Kalimantan Tengah,22,17500.0,True,15850.0,1100.0
"Oct 12, 2025",Kalimantan Timur,23,16550.0,True,15850.0,1100.0
"Oct 12, 2025",Kalimantan Utara,24,17300.0,True,15850.0,1100.0
"Oct 12, 2025",Gorontalo,25,16450.0,True,15850.0,1100.0
"Oct 12, 2025",Sulawesi Selatan,26,14250.0,True,15850.0,1100.0
"Oct 12, 2025",Sulawesi Tenggara,27,15950.0,True,15850.0,1100.0
"Oct 12, 2025",Sulawesi Tengah,28,15950.0,True,15850.0,1100.0
"Oct 12, 2025",Sulawesi Utara,29,16400.0,True,15850.0,1100.0
"Oct 12, 2025",Sulawesi Barat,30,14650.0,True,15850.0,1100.0
"Oct 12, 2025",Maluku,31,17100.0,True,15850.0,1100.0
"Oct 12, 2025",Maluku Utara,32,16700.0,True,15850.0,1100.0
"Oct 12, 2025",Papua,33,18900.0,True,15850.0,1100.0
"Oct 12, 2025",Papua Barat,34,16950.0,True,15850.0,1100.0
"Oct 13, 2025",Aceh,1,14800.0,True,15800.0,1100.0
"Oct 13, 2025",Sumatera Utara,2,14550.0,True,15800.0,1100.0
"Oct 13, 2025",Sumatera Barat,3,17050.0,True,15800.0,1100.0
"Oct 13, 2025",Riau,4,16300.0,True,15800.0,1100.0
"Oct 13, 2025",Kepulauan Riau,5,15150.0,True,15800.0,1100.0
"Oct 13, 2025",Jambi,6,15400.0,True,15800.0,1100.0
"Oct 13, 2025",Bengkulu,7,15550.0,True,15800.0,1100.0
"Oct 13, 2025",Sumatera Selatan,8,15500.0,True,15800.0,1100.0
"Oct 13, 2025",Kepulauan Bangka Belitung,9,15300.0,True,15800.0,1100.0
"Oct 13, 2025",Lampung,10,14850.0,True,15800.0,1100.0
"Oct 13, 2025",Banten,11,15500.0,True,15800.0,1100.0
"Oct 13, 2025",Jawa Barat,12,14900.0,True,15800.0,1100.0
"Oct 13, 2025",DKI Jakarta,13,16300.0,True,15800.0,1100.0
"Oct 13, 2025",Jawa Tengah,14,15100.0,True,15800.0,1100.0
"Oct 13, 2025",DI Yogyakarta,15,14200.0,True,15800.0,1100.0
"Oct 13, 2025",Jawa Timur,16,14800.0,True,15800.0,1100.0
"Oct 13, 2025",Bali,17,15550.0,True,15800.0,1100.0
"Oct 13, 2025",Nusa Tenggara Barat,18,13900.0,True,15800.0,1100.0
"Oct 13, 2025",Nusa Tenggara Timur,19,15450.0,True,15800.0,1100.0
"Oct 13, 2025",Kalimantan Barat,20,16400.0,True,15800.0,1100.0
"Oct 13, 2025",Kalimantan Selatan,21,17450.0,True,15800.0,1100.0
"Oct 13, 2025",Kalimantan Tengah,22,17550.0,True,15800.0,1100.0
"Oct 13, 2025",Kalimantan Timur,23,16500.0,True,15800.0,1100.0
"Oct 13, 2025",Kalimantan Utara,24,17150.0,True,15800.0,1100.0
"Oct 13, 2025",Gorontalo,25,16550.0,True,15800.0,1100.0
"Oct 13, 2025",Sulawesi Selatan,26,14250.0,True,15800.0,1100.0
"Oct 13, 2025",Sulawesi Tenggara,27,15850.0,True,15800.0,1100.0
"Oct 13, 2025",Sulawesi Tengah,28,15700.0,True,15800.0,1100.0
"Oct 13, 2025",Sulawesi Utara,29,16350.0,True,15800.0,1100.0
"Oct 13, 2025",Sulawesi Barat,30,14600.0,True,15800.0,1100.0
"Oct 13, 2025",Maluku,31,16900.0,True,15800.0,1100.0
"Oct 13, 2025",Maluku Utara,32,16700.0,True,15800.0,1100.0
"Oct 13, 2025",Papua,33,18900.0,True,15800.0,1100.0
"Oct 13, 2025",Papua Barat,34,16950.0,True,15800.0,1100.0
"Oct 14, 2025",Aceh,1,14750.0,True,15800.0,1100.0
"Oct 14, 2025",Sumatera Utara,2,14550.0,True,15800.0,1100.0
"Oct 14, 2025",Sumatera Barat,3,17000.0,True,15800.0,1100.0
"Oct 14, 2025",Riau,4,16300.0,True,15800.0,1100.0
"Oct 14, 2025",Kepulauan Riau,5,15150.0,True,15800.0,1100.0
"Oct 14, 2025",Jambi,6,15400.0,True,15800.0,1100.0
"Oct 14, 2025",Bengkulu,7,15550.0,True,15800.0,1100.0
"Oct 14, 2025",Sumatera Selatan,8,15500.0,True,15800.0,1100.0
"Oct 14, 2025",Kepulauan Bangka Belitung,9,15300.0,True,15800.0,1100.0
"Oct 14, 2025",Lampung,10,14850.0,True,15800.0,1100.0
"Oct 14, 2025",Banten,11,15500.0,True,15800.0,1100.0
"Oct 14, 2025",Jawa Barat,12,14900.0,True,15800.0,1100.0
"Oct 14, 2025",DKI Jakarta,13,16300.0,True,15800.0,1100.0
"Oct 14, 2025",Jawa Tengah,14,15100.0,True,15800.0,1100.0
"Oct 14, 2025",DI Yogyakarta,15,14200.0,True,15800.0,1100.0
"Oct 14, 2025",Jawa Timur,16,14800.0,True,15800.0,1100.0
"Oct 14, 2025",Bali,17,15550.0,True,15800.0,1100.0
"Oct 14, 2025",Nusa Tenggara Barat,18,13900.0,True,15800.0,1100.0
"Oct 14, 2025",Nusa Tenggara Timur,19,15450.0,True,15800.0,1100.0
"Oct 14, 2025",Kalimantan Barat,20,16400.0,True,15800.0,1100.0
"Oct 14, 2025",Kalimantan Selatan,21,17450.0,True,15800.0,1100.0
"Oct 14, 2025",Kalimantan Tengah,22,17550.0,True,15800.0,1100.0
"Oct 14, 2025",Kalimantan Timur,23,16500.0,True,15800.0,1100.0
"Oct 14, 2025",Kalimantan Utara,24,17150.0,True,15800.0,1100.0
"Oct 14, 2025",Gorontalo,25,16450.0,True,15800.0,1100.0
"Oct 14, 2025",Sulawesi Selatan,26,14250.0,True,15800.0,1100.0
"Oct 14, 2025",Sulawesi Tenggara,27,15850.0,True,15800.0,1100.0
"Oct 14, 2025",Sulawesi Tengah,28,15700.0,True,15800.0,1100.0
"Oct 14, 2025",Sulawesi Utara,29,16350.0,True,15800.0,1100.0
"Oct 14, 2025",Sulawesi Barat,30,14600.0,True,15800.0,1100.0
"Oct 14, 2025",Maluku,31,16900.0,True,15800.0,1100.0
"Oct 14, 2025",Maluku Utara,32,16750.0,True,15800.0,1100.0
"Oct 14, 2025",Papua,33,18900.0,True,15800.0,1100.0
"Oct 14, 2025",Papua Barat,34,16950.0,True,15800.0,1100.0
"Oct 15, 2025",Aceh,1,14700.0,True,15800.0,1100.0
"Oct 15, 2025",Sumatera Utara,2,14550.0,True,15800.0,1100.0
"Oct 15, 2025",Sumatera Barat,3,17000.0,True,15800.0,1100.0
"Oct 15, 2025",Riau,4,16300.0,True,15800.0,1100.0
"Oct 15, 2025",Kepulauan Riau,5,15150.0,True,15800.0,1100.0
"Oct 15, 2025",Jambi,6,15400.0,True,15800.0,1100.0
"Oct 15, 2025",Bengkulu,7,15550.0,True,15800.0,1100.0
"Oct 15, 2025",Sumatera Selatan,8,15500.0,True,15800.0,1100.0
"Oct 15, 2025",Kepulauan Bangka Belitung,9,15300.0,True,15800.0,1100.0
"Oct 15, 2025",Lampung,10,14850.0,True,15800.0,1100.0
"Oct 15, 2025",Banten,11,15500.0,True,15800.0,1100.0
"Oct 15, 2025",Jawa Barat,12,14900.0,True,15800.0,1100.0
"Oct 15, 2025",DKI Jakarta,13,16300.0,True,15800.0,1100.0
"Oct 15, 2025",Jawa Tengah,14,15100.0,True,15800.0,1100.0
"Oct 15, 2025",DI Yogyakarta,15,14200.0,True,15800.0,1100.0
"Oct 15, 2025",Jawa Timur,16,14800.0,True,15800.0,1100.0
"Oct 15, 2025",Bali,17,15550.0,True,15800.0,1100.0
"Oct 15, 2025",Nusa Tenggara Barat,18,13900.0,True,15800.0,1100.0
"Oct 15, 2025",Nusa Tenggara Timur,19,15450.0,True,15800.0,1100.0
"Oct 15, 2025",Kalimantan Barat,20,16400.0,True,15800.0,1100.0
"Oct 15, 2025",Kalimantan Selatan,21,17450.0,True,15800.0,1100.0
"Oct 15, 2025",Kalimantan Tengah,22,17550.0,True,15800.0,1100.0
"Oct 15, 2025",Kalimantan Timur,23,16500.0,True,15800.0,1100.0
"Oct 15, 2025",Kalimantan Utara,24,17300.0,True,15800.0,1100.0
"Oct 15, 2025",Gorontalo,25,16450.0,True,15800.0,1100.0
"Oct 15, 2025",Sulawesi Selatan,26,14250.0,True,15800.0,1100.0
"Oct 15, 2025",Sulawesi Tenggara,27,15850.0,True,15800.0,1100.0
"Oct 15, 2025",Sulawesi Tengah,28,15700.0,True,15800.0,1100.0
"Oct 15, 2025",Sulawesi Utara,29,16250.0,True,15800.0,1100.0
"Oct 15, 2025",Sulawesi Barat,30,14600.0,True,15800.0,1100.0
"Oct 15, 2025",Maluku,31,16900.0,True,15800.0,1100.0
"Oct 15, 2025",Maluku Utara,32,16700.0,True,15800.0,1100.0
"Oct 15, 2025",Papua,33,18900.0,True,15800.0,1100.0
"Oct 15, 2025",Papua Barat,34,16950.0,True,15800.0,1100.0
"Oct 16, 2025",Aceh,1,14700.0,True,15800.0,1100.0
"Oct 16, 2025",Sumatera Utara,2,14550.0,True,15800.0,1100.0
"Oct 16, 2025",Sumatera Barat,3,17000.0,True,15800.0,1100.0
"Oct 16, 2025",Riau,4,16300.0,True,15800.0,1100.0
"Oct 16, 2025",Kepulauan Riau,5,15050.0,True,15800.0,1100.0
"Oct 16, 2025",Jambi,6,15400.0,True,15800.0,1100.0
"Oct 16, 2025",Bengkulu,7,15550.0,True,15800.0,1100.0
"Oct 16, 2025",Sumatera Selatan,8,15500.0,True,15800.0,1100.0
"Oct 16, 2025",Kepulauan Bangka Belitung,9,15300.0,True,15800.0,1100.0
"Oct 16, 2025",Lampung,10,14850.0,True,15800.0,1100.0
"Oct 16, 2025",Banten,11,15500.0,True,15800.0,1100.0
"Oct 16, 2025",Jawa Barat,12,14900.0,True,15800.0,1100.0
"Oct 16, 2025",DKI Jakarta,13,16300.0,True,15800.0,1100.0
"Oct 16, 2025",Jawa Tengah,14,15100.0,True,15800.0,1100.0
"Oct 16, 2025",DI Yogyakarta,15,14200.0,True,15800.0,1100.0
"Oct 16, 2025",Jawa Timur,16,14800.0,True,15800.0,1100.0
"Oct 16, 2025",Bali,17,15550.0,True,15800.0,1100.0
"Oct 16, 2025",Nusa Tenggara Barat,18,13900.0,True,15800.0,1100.0
"Oct 16, 2025",Nusa Tenggara Timur,19,15450.0,True,15800.0,1100.0
"Oct 16, 2025",Kalimantan Barat,20,16400.0,True,15800.0,1100.0
"Oct 16, 2025",Kalimantan Selatan,21,17450.0,True,15800.0,1100.0
"Oct 16, 2025",Kalimantan Tengah,22,17550.0,True,15800.0,1100.0
"Oct 16, 2025",Kalimantan Timur,23,16500.0,True,15800.0,1100.0
"Oct 16, 2025",Kalimantan Utara,24,17300.0,True,15800.0,1100.0
"Oct 16, 2025",Gorontalo,25,16450.0,True,15800.0,1100.0
"Oct 16, 2025",Sulawesi Selatan,26,14250.0,True,15800.0,1100.0
"Oct 16, 2025",Sulawesi Tenggara,27,15850.0,True,15800.0,1100.0
"Oct 16, 2025",Sulawesi Tengah,28,15700.0,True,15800.0,1100.0
"Oct 16, 2025",Sulawesi Utara,29,16250.0,True,15800.0,1100.0
"Oct 16, 2025",Sulawesi Barat,30,14600.0,True,15800.0,1100.0
"Oct 16, 2025",Maluku,31,16900.0,True,15800.0,1100.0
"Oct 16, 2025",Maluku Utara,32,16750.0,True,15800.0,1100.0
"Oct 16, 2025",Papua,33,18900.0,True,15800.0,1100.0
"Oct 16, 2025",Papua Barat,34,16950.0,True,15800.0,1100.0
"Oct 17, 2025",Aceh,1,14700.0,True,15800.0,1100.0
"Oct 17, 2025",Sumatera Utara,2,14550.0,True,15800.0,1100.0
"Oct 17, 2025",Sumatera Barat,3,17000.0,True,15800.0,1100.0
"Oct 17, 2025",Riau,4,16300.0,True,15800.0,1100.0
"Oct 17, 2025",Kepulauan Riau,5,15050.0,True,15800.0,1100.0
"Oct 17, 2025",Jambi,6,15400.0,True,15800.0,1100.0
"Oct 17, 2025",Bengkulu,7,15550.0,True,15800.0,1100.0
"Oct 17, 2025",Sumatera Selatan,8,15500.0,True,15800.0,1100.0
"Oct 17, 2025",Kepulauan Bangka Belitung,9,15300.0,True,15800.0,1100.0
"Oct 17, 2025",Lampung,10,14850.0,True,15800.0,1100.0
"Oct 17, 2025",Banten,11,15500.0,True,15800.0,1100.0
"Oct 17, 2025",Jawa Barat,12,14850.0,True,15800.0,1100.0
"Oct 17, 2025",DKI Jakarta,13,16300.0,True,15800.0,1100.0
"Oct 17, 2025",Jawa Tengah,14,15100.0,True,15800.0,1100.0
"Oct 17, 2025",DI Yogyakarta,15,14200.0,True,15800.0,1100.0
"Oct 17, 2025",Jawa Timur,16,14800.0,True,15800.0,1100.0
"Oct 17, 2025",Bali,17,15550.0,True,15800.0,1100.0
"Oct 17, 2025",Nusa Tenggara Barat,18,13900.0,True,15800.0,1100.0
"Oct 17, 2025",Nusa Tenggara Timur,19,15450.0,True,15800.0,1100.0
"Oct 17, 2025",Kalimantan Barat,20,16400.0,True,15800.0,1100.0
"Oct 17, 2025",Kalimantan Selatan,21,17450.0,True,15800.0,1100.0
"Oct 17, 2025",Kalimantan Tengah,22,17550.0,True,15800.0,1100.0
"Oct 17, 2025",Kalimantan Timur,23,16700.0,True,15800.0,1100.0
"Oct 17, 2025",Kalimantan Utara,24,17250.0,True,15800.0,1100.0
"Oct 17, 2025",Gorontalo,25,16450.0,True,15800.0,1100.0
"Oct 17, 2025",Sulawesi Selatan,26,14250.0,True,15800.0,1100.0
"Oct 17, 2025",Sulawesi Tenggara,27,15850.0,True,15800.0,1100.0
"Oct 17, 2025",Sulawesi Tengah,28,15700.0,True,15800.0,1100.0
"Oct 17, 2025",Sulawesi Utara,29,16250.0,True,15800.0,1100.0
"Oct 17, 2025",Sulawesi Barat,30,14600.0,True,15800.0,1100.0
"Oct 17, 2025",Maluku,31,16900.0,True,15800.0,1100.0
"Oct 17, 2025",Maluku Utara,32,16700.0,True,15800.0,1100.0
"Oct 17, 2025",Papua,33,18900.0,True,15800.0,1100.0
"Oct 17, 2025",Papua Barat,34,16950.0,True,15800.0,1100.0
"Oct 18, 2025",Aceh,1,0.0,False,,0.0
"Oct 18, 2025",Sumatera Utara,2,0.0,False,,0.0
"Oct 18, 2025",Sumatera Barat,3,0.0,False,,0.0
"Oct 18, 2025",Riau,4,0.0,False,,0.0
"Oct 18, 2025",Kepulauan Riau,5,0.0,False,,0.0
"Oct 18, 2025",Jambi,6,0.0,False,,0.0
"Oct 18, 2025",Bengkulu,7,0.0,False,,0.0
"Oct 18, 2025",Sumatera Selatan,8,0.0,False,,0.0
"Oct 18, 2025",Kepulauan Bangka Belitung,9,0.0,False,,0.0
"Oct 18, 2025",Lampung,10,0.0,False,,0.0
"Oct 18, 2025",Banten,11,0.0,False,,0.0
"Oct 18, 2025",Jawa Barat,12,0.0,False,,0.0
"Oct 18, 2025",DKI Jakarta,13,0.0,False,,0.0
"Oct 18, 2025",Jawa Tengah,14,0.0,False,,0.0
"Oct 18, 2025",DI Yogyakarta,15,0.0,False,,0.0
"Oct 18, 2025",Jawa Timur,16,0.0,False,,0.0
"Oct 18, 2025",Bali,17,0.0,False,,0.0
"Oct 18, 2025",Nusa Tenggara Barat,18,0.0,False,,0.0
"Oct 18, 2025",Nusa Tenggara Timur,19,0.0,False,,0.0
"Oct 18, 2025",Kalimantan Barat,20,0.0,False,,0.0
"Oct 18, 2025",Kalimantan Selatan,21,0.0,False,,0.0
"Oct 18, 2025",Kalimantan Tengah,22,0.0,False,,0.0
"Oct 18, 2025",Kalimantan Timur,23,0.0,False,,0.0
"Oct 18, 2025",Kalimantan Utara,24,0.0,False,,0.0
"Oct 18, 2025",Gorontalo,25,0.0,False,,0.0
"Oct 18, 2025",Sulawesi Selatan,26,0.0,False,,0.0
"Oct 18, 2025",Sulawesi Tenggara,27,0.0,False,,0.0
"Oct 18, 2025",Sulawesi Tengah,28,0.0,False,,0.0
"Oct 18, 2025",Sulawesi Utara,29,0.0,False,,0.0
"Oct 18, 2025",Sulawesi Barat,30,0.0,False,,0.0
"Oct 18, 2025",Maluku,31,0.0,False,,0.0
"Oct 18, 2025",Maluku Utara,32,0.0,False,,0.0
"Oct 18, 2025",Papua,33,0.0,False,,0.0
"Oct 18, 2025",Papua Barat,34,0.0,False,,0.0
"Oct 19, 2025",Aceh,1,0.0,False,,0.0
"Oct 19, 2025",Sumatera Utara,2,0.0,False,,0.0
"Oct 19, 2025",Sumatera Barat,3,0.0,False,,0.0
"Oct 19, 2025",Riau,4,0.0,False,,0.0
"Oct 19, 2025",Kepulauan Riau,5,0.0,False,,0.0
"Oct 19, 2025",Jambi,6,0.0,False,,0.0
"Oct 19, 2025",Bengkulu,7,0.0,False,,0.0
"Oct 19, 2025",Sumatera Selatan,8,0.0,False,,0.0
"Oct 19, 2025",Kepulauan Bangka Belitung,9,0.0,False,,0.0
"Oct 19, 2025",Lampung,10,0.0,False,,0.0
"Oct 19, 2025",Banten,11,0.0,False,,0.0
"Oct 19, 2025",Jawa Barat,12,0.0,False,,0.0
"Oct 19, 2025",DKI Jakarta,13,0.0,False,,0.0
"Oct 19, 2025",Jawa Tengah,14,0.0,False,,0.0
"Oct 19, 2025",DI Yogyakarta,15,0.0,False,,0.0
"Oct 19, 2025",Jawa Timur,16,0.0,False,,0.0
"Oct 19, 2025",Bali,17,0.0,False,,0.0
"Oct 19, 2025",Nusa Tenggara Barat,18,0.0,False,,0.0
"Oct 19, 2025",Nusa Tenggara Timur,19,0.0,False,,0.0
"Oct 19, 2025",Kalimantan Barat,20,0.0,False,,0.0
"Oct 19, 2025",Kalimantan Selatan,21,0.0,False,,0.0
"Oct 19, 2025",Kalimantan Tengah,22,0.0,False,,0.0
"Oct 19, 2025",Kalimantan Timur,23,0.0,False,,0.0
"Oct 19, 2025",Kalimantan Utara,24,0.0,False,,0.0
"Oct 19, 2025",Gorontalo,25,0.0,False,,0.0
"Oct 19, 2025",Sulawesi Selatan,26,0.0,False,,0.0
"Oct 19, 2025",Sulawesi Tenggara,27,0.0,False,,0.0
"Oct 19, 2025",Sulawesi Tengah,28,0.0,False,,0.0
"Oct 19, 2025",Sulawesi Utara,29,0.0,False,,0.0
"Oct 19, 2025",Sulawesi Barat,30,0.0,False,,0.0
"Oct 19, 2025",Maluku,31,0.0,False,,0.0
"Oct 19, 2025",Maluku Utara,32,0.0,False,,0.0
"Oct 19, 2025",Papua,33,0.0,False,,0.0
"Oct 19, 2025",Papua Barat,34,0.0,False,,0.0
"Oct 20, 2025",Aceh,1,14650.0,True,15800.0,1100.0
"Oct 20, 2025",Sumatera Utara,2,14550.0,True,15800.0,1100.0
"Oct 20, 2025",Sumatera Barat,3,17000.0,True,15800.0,1100.0
"Oct 20, 2025",Riau,4,16300.0,True,15800.0,1100.0
"Oct 20, 2025",Kepulauan Riau,5,14950.0,True,15800.0,1100.0
"Oct 20, 2025",Jambi,6,15400.0,True,15800.0,1100.0
"Oct 20, 2025",Bengkulu,7,15550.0,True,15800.0,1100.0
"Oct 20, 2025",Sumatera Selatan,8,15500.0,True,15800.0,1100.0
"Oct 20, 2025",Kepulauan Bangka Belitung,9,15300.0,True,15800.0,1100.0
"Oct 20, 2025",Lampung,10,14850.0,True,15800.0,1100.0
"Oct 20, 2025",Banten,11,15500.0,True,15800.0,1100.0
"Oct 20, 2025",Jawa Barat,12,14900.0,True,15800.0,1100.0
"Oct 20, 2025",DKI Jakarta,13,16300.0,True,15800.0,1100.0
"Oct 20, 2025",Jawa Tengah,14,15100.0,True,15800.0,1100.0
"Oct 20, 2025",DI Yogyakarta,15,14200.0,True,15800.0,1100.0
"Oct 20, 2025",Jawa Timur,16,14800.0,True,15800.0,1100.0
"Oct 20, 2025",Bali,17,15550.0,True,15800.0,1100.0
"Oct 20, 2025",Nusa Tenggara Barat,18,13950.0,True,15800.0,1100.0
"Oct 20, 2025",Nusa Tenggara Timur,19,15450.0,True,15800.0,1100.0
"Oct 20, 2025",Kalimantan Barat,20,16400.0,True,15800.0,1100.0
"Oct 20, 2025",Kalimantan Selatan,21,17450.0,True,15800.0,1100.0
"Oct 20, 2025",Kalimantan Tengah,22,17550.0,True,15800.0,1100.0
"Oct 20, 2025",Kalimantan Timur,23,16450.0,True,15800.0,1100.0
"Oct 20, 2025",Kalimantan Utara,24,17350.0,True,15800.0,1100.0
"Oct 20, 2025",Gorontalo,25,16500.0,True,15800.0,1100.0
"Oct 20, 2025",Sulawesi Selatan,26,14250.0,True,15800.0,1100.0
"Oct 20, 2025",Sulawesi Tenggara,27,15850.0,True,15800.0,1100.0
"Oct 20, 2025",Sulawesi Tengah,28,15650.0,True,15800.0,1100.0
"Oct 20, 2025",Sulawesi Utara,29,16200.0,True,15800.0,1100.0
"Oct 20, 2025",Sulawesi Barat,30,14550.0,True,15800.0,1100.0
"Oct 20, 2025",Maluku,31,16900.0,True,15800.0,1100.0
"Oct 20, 2025",Maluku Utara,32,16700.0,True,15800.0,1100.0
"Oct 20, 2025",Papua,33,18900.0,True,15800.0,1100.0
"Oct 20, 2025",Papua Barat,34,16950.0,True,15800.0,1100.0
"Oct 21, 2025",Aceh,1,14650.0,True,15800.0,1100.0
"Oct 21, 2025",Sumatera Utara,2,14550.0,True,15800.0,1100.0
"Oct 21, 2025",Sumatera Barat,3,17000.0,True,15800.0,1100.0
"Oct 21, 2025",Riau,4,16300.0,True,15800.0,1100.0
"Oct 21, 2025",Kepulauan Riau,5,14950.0,True,15800.0,1100.0
"Oct 21, 2025",Jambi,6,15400.0,True,15800.0,1100.0
"Oct 21, 2025",Bengkulu,7,15550.0,True,15800.0,1100.0
"Oct 21, 2025",Sumatera Selatan,8,15500.0,True,15800.0,1100.0
"Oct 21, 2025",Kepulauan Bangka Belitung,9,15300.0,True,15800.0,1100.0
"Oct 21, 2025",Lampung,10,14850.0,True,15800.0,1100.0
"Oct 21, 2025",Banten,11,15500.0,True,15800.0,1100.0
"Oct 21, 2025",Jawa Barat,12,14900.0,True,15800.0,1100.0
"Oct 21, 2025",DKI Jakarta,13,16300.0,True,15800.0,1100.0
"Oct 21, 2025",Jawa Tengah,14,15100.0,True,15800.0,1100.0
"Oct 21, 2025",DI Yogyakarta,15,14200.0,True,15800.0,1100.0
"Oct 21, 2025",Jawa Timur,16,14800.0,True,15800.0,1100.0
"Oct 21, 2025",Bali,17,15550.0,True,15800.0,1100.0
"Oct 21, 2025",Nusa Tenggara Barat,18,13950.0,True,15800.0,1100.0
"Oct 21, 2025",Nusa Tenggara Timur,19,15450.0,True,15800.0,1100.0
"Oct 21, 2025",Kalimantan Barat,20,16400.0,True,15800.0,1100.0
"Oct 21, 2025",Kalimantan Selatan,21,17450.0,True,15800.0,1100.0
"Oct 21, 2025",Kalimantan Tengah,22,17550.0,True,15800.0,1100.0
"Oct 21, 2025",Kalimantan Timur,23,16450.0,True,15800.0,1100.0
"Oct 21, 2025",Kalimantan Utara,24,17350.0,True,15800.0,1100.0
"Oct 21, 2025",Gorontalo,25,16450.0,True,15800.0,1100.0
"Oct 21, 2025",Sulawesi Selatan,26,14250.0,True,15800.0,1100.0
"Oct 21, 2025",Sulawesi Tenggara,27,15850.0,True,15800.0,1100.0
"Oct 21, 2025",Sulawesi Tengah,28,15650.0,True,15800.0,1100.0
"Oct 21, 2025",Sulawesi Utara,29,16150.0,True,15800.0,1100.0
"Oct 21, 2025",Sulawesi Barat,30,14550.0,True,15800.0,1100.0
"Oct 21, 2025",Maluku,31,16900.0,True,15800.0,1100.0
"Oct 21, 2025",Maluku Utara,32,16750.0,True,15800.0,1100.0
"Oct 21, 2025",Papua,33,18900.0,True,15800.0,1100.0
"Oct 21, 2025",Papua Barat,34,16950.0,True,15800.0,1100.0
"Oct 22, 2025",Aceh,1,14650.0,True,15800.0,1150.0
"Oct 22, 2025",Sumatera Utara,2,14550.0,True,15800.0,1150.0
"Oct 22, 2025",Sumatera Barat,3,17000.0,True,15800.0,1150.0
"Oct 22, 2025",Riau,4,16300.0,True,15800.0,1150.0
"Oct 22, 2025",Kepulauan Riau,5,14950.0,True,15800.0,1150.0
"Oct 22, 2025",Jambi,6,15400.0,True,15800.0,1150.0
"Oct 22, 2025",Bengkulu,7,15550.0,True,15800.0,1150.0
"Oct 22, 2025",Sumatera Selatan,8,15500.0,True,15800.0,1150.0
"Oct 22, 2025",Kepulauan Bangka Belitung,9,15300.0,True,15800.0,1150.0
"Oct 22, 2025",Lampung,10,14850.0,True,15800.0,1150.0
"Oct 22, 2025",Banten,11,15500.0,True,15800.0,1150.0
"Oct 22, 2025",Jawa Barat,12,14900.0,True,15800.0,1150.0
"Oct 22, 2025",DKI Jakarta,13,16300.0,True,15800.0,1150.0
"Oct 22, 2025",Jawa Tengah,14,15100.0,True,15800.0,1150.0
"Oct 22, 2025",DI Yogyakarta,15,14200.0,True,15800.0,1150.0
"Oct 22, 2025",Jawa Timur,16,14800.0,True,15800.0,1150.0
"Oct 22, 2025",Bali,17,15550.0,True,15800.0,1150.0
"Oct 22, 2025",Nusa Tenggara Barat,18,13950.0,True,15800.0,1150.0
"Oct 22, 2025",Nusa Tenggara Timur,19,15450.0,True,15800.0,1150.0
"Oct 22, 2025",Kalimantan Barat,20,16400.0,True,15800.0,1150.0
"Oct 22, 2025",Kalimantan Selatan,21,17450.0,True,15800.0,1150.0
"Oct 22, 2025",Kalimantan Tengah,22,17600.0,True,15800.0,1150.0
"Oct 22, 2025",Kalimantan Timur,23,16450.0,True,15800.0,1150.0
"Oct 22, 2025",Kalimantan Utara,24,17350.0,True,15800.0,1150.0
"Oct 22, 2025",Gorontalo,25,16450.0,True,15800.0,1150.0
"Oct 22, 2025",Sulawesi Selatan,26,14250.0,True,15800.0,1150.0
"Oct 22, 2025",Sulawesi Tenggara,27,15850.0,True,15800.0,1150.0
"Oct 22, 2025",Sulawesi Tengah,28,15650.0,True,15800.0,1150.0
"Oct 22, 2025",Sulawesi Utara,29,16100.0,True,15800.0,1150.0
"Oct 22, 2025",Sulawesi Barat,30,14550.0,True,15800.0,1150.0
"Oct 22, 2025",Maluku,31,16900.0,True,15800.0,1150.0
"Oct 22, 2025",Maluku Utara,32,17200.0,True,15800.0,1150.0
"Oct 22, 2025",Papua,33,18900.0,True,15800.0,1150.0
"Oct 22, 2025",Papua Barat,34,16950.0,True,15800.0,1150.0
"Oct 23, 2025",Aceh,1,14650.0,True,15800.0,1150.0
"Oct 23, 2025",Sumatera Utara,2,14550.0,True,15800.0,1150.0
"Oct 23, 2025",Sumatera Barat,3,17000.0,True,15800.0,1150.0
"Oct 23, 2025",Riau,4,16300.0,True,15800.0,1150.0
"Oct 23, 2025",Kepulauan Riau,5,14950.0,True,15800.0,1150.0
"Oct 23, 2025",Jambi,6,15400.0,True,15800.0,1150.0
"Oct 23, 2025",Bengkulu,7,15550.0,True,15800.0,1150.0
"Oct 23, 2025",Sumatera Selatan,8,15500.0,True,15800.0,1150.0
"Oct 23, 2025",Kepulauan Bangka Belitung,9,15300.0,True,15800.0,1150.0
"Oct 23, 2025",Lampung,10,14800.0,True,15800.0,1150.0
"Oct 23, 2025",Banten,11,15500.0,True,15800.0,1150.0
"Oct 23, 2025",Jawa Barat,12,14850.0,True,15800.0,1150.0
"Oct 23, 2025",DKI Jakarta,13,16300.0,True,15800.0,1150.0
"Oct 23, 2025",Jawa Tengah,14,15100.0,True,15800.0,1150.0
"Oct 23, 2025",DI Yogyakarta,15,14200.0,True,15800.0,1150.0
"Oct 23, 2025",Jawa Timur,16,14800.0,True,15800.0,1150.0
"Oct 23, 2025",Bali,17,15550.0,True,15800.0,1150.0
"Oct 23, 2025",Nusa Tenggara Barat,18,13950.0,True,15800.0,1150.0
"Oct 23, 2025",Nusa Tenggara Timur,19,15350.0,True,15800.0,1150.0
"Oct 23, 2025",Kalimantan Barat,20,16400.0,True,15800.0,1150.0
"Oct 23, 2025",Kalimantan Selatan,21,17450.0,True,15800.0,1150.0
"Oct 23, 2025",Kalimantan Tengah,22,17600.0,True,15800.0,1150.0
"Oct 23, 2025",Kalimantan Timur,23,16450.0,True,15800.0,1150.0
"Oct 23, 2025",Kalimantan Utara,24,17300.0,True,15800.0,1150.0
"Oct 23, 2025",Gorontalo,25,16450.0,True,15800.0,1150.0
"Oct 23, 2025",Sulawesi Selatan,26,14200.0,True,15800.0,1150.0
"Oct 23, 2025",Sulawesi Tenggara,27,15850.0,True,15800.0,1150.0
"Oct 23, 2025",Sulawesi Tengah,28,15650.0,True,15800.0,1150.0
"Oct 23, 2025",Sulawesi Utara,29,16100.0,True,15800.0,1150.0
"Oct 23, 2025",Sulawesi Barat,30,14450.0,True,15800.0,1150.0
"Oct 23, 2025",Maluku,31,16900.0,True,15800.0,1150.0
"Oct 23, 2025",Maluku Utara,32,17150.0,True,15800.0,1150.0
"Oct 23, 2025",Papua,33,18950.0,True,15800.0,1150.0
"Oct 23, 2025",Papua Barat,34,16950.0,True,15800.0,1150.0
"Oct 24, 2025",Aceh,1,14600.0,True,15800.0,1150.0
"Oct 24, 2025",Sumatera Utara,2,14550.0,True,15800.0,1150.0
"Oct 24, 2025",Sumatera Barat,3,17000.0,True,15800.0,1150.0
"Oct 24, 2025",Riau,4,16300.0,True,15800.0,1150.0
"Oct 24, 2025",Kepulauan Riau,5,14950.0,True,15800.0,1150.0
"Oct 24, 2025",Jambi,6,15400.0,True,15800.0,1150.0
"Oct 24, 2025",Bengkulu,7,15550.0,True,15800.0,1150.0
"Oct 24, 2025",Sumatera Selatan,8,15500.0,True,15800.0,1150.0
"Oct 24, 2025",Kepulauan Bangka Belitung,9,15300.0,True,15800.0,1150.0
"Oct 24, 2025",Lampung,10,14800.0,True,15800.0,1150.0
"Oct 24, 2025",Banten,11,15500.0,True,15800.0,1150.0
"Oct 24, 2025",Jawa Barat,12,14850.0,True,15800.0,1150.0
"Oct 24, 2025",DKI Jakarta,13,16300.0,True,15800.0,1150.0
"Oct 24, 2025",Jawa Tengah,14,15100.0,True,15800.0,1150.0
"Oct 24, 2025",DI Yogyakarta,15,14200.0,True,15800.0,1150.0
"Oct 24, 2025",Jawa Timur,16,14750.0,True,15800.0,1150.0
"Oct 24, 2025",Bali,17,15550.0,True,15800.0,1150.0
"Oct 24, 2025",Nusa Tenggara Barat,18,13950.0,True,15800.0,1150.0
"Oct 24, 2025",Nusa Tenggara Timur,19,15350.0,True,15800.0,1150.0
"Oct 24, 2025",Kalimantan Barat,20,16400.0,True,15800.0,1150.0
"Oct 24, 2025",Kalimantan Selatan,21,17450.0,True,15800.0,1150.0
"Oct 24, 2025",Kalimantan Tengah,22,17600.0,True,15800.0,1150.0
"Oct 24, 2025",Kalimantan Timur,23,16450.0,True,15800.0,1150.0
"Oct 24, 2025",Kalimantan Utara,24,17300.0,True,15800.0,1150.0
"Oct 24, 2025",Gorontalo,25,16450.0,True,15800.0,1150.0
"Oct 24, 2025",Sulawesi Selatan,26,14200.0,True,15800.0,1150.0
"Oct 24, 2025",Sulawesi Tenggara,27,15800.0,True,15800.0,1150.0
"Oct 24, 2025",Sulawesi Tengah,28,15650.0,True,15800.0,1150.0
"Oct 24, 2025",Sulawesi Utara,29,16100.0,True,15800.0,1150.0
"Oct 24, 2025",Sulawesi Barat,30,14450.0,True,15800.0,1150.0
"Oct 24, 2025",Maluku,31,16900.0,True,15800.0,1150.0
"Oct 24, 2025",Maluku Utara,32,17150.0,True,15800.0,1150.0
"Oct 24, 2025",Papua,33,18950.0,True,15800.0,1150.0
"Oct 24, 2025",Papua Barat,34,16950.0,True,15800.0,1150.0
"Oct 25, 2025",Aceh,1,0.0,False,,0.0
"Oct 25, 2025",Sumatera Utara,2,0.0,False,,0.0
"Oct 25, 2025",Sumatera Barat,3,0.0,False,,0.0
"Oct 25, 2025",Riau,4,0.0,False,,0.0
"Oct 25, 2025",Kepulauan Riau,5,0.0,False,,0.0
"Oct 25, 2025",Jambi,6,0.0,False,,0.0
"Oct 25, 2025",Bengkulu,7,0.0,False,,0.0
"Oct 25, 2025",Sumatera Selatan,8,0.0,False,,0.0
"Oct 25, 2025",Kepulauan Bangka Belitung,9,0.0,False,,0.0
"Oct 25, 2025",Lampung,10,0.0,False,,0.0
"Oct 25, 2025",Banten,11,0.0,False,,0.0
"Oct 25, 2025",Jawa Barat,12,0.0,False,,0.0
"Oct 25, 2025",DKI Jakarta,13,0.0,False,,0.0
"Oct 25, 2025",Jawa Tengah,14,0.0,False,,0.0
"Oct 25, 2025",DI Yogyakarta,15,0.0,False,,0.0
"Oct 25, 2025",Jawa Timur,16,0.0,False,,0.0
"Oct 25, 2025",Bali,17,0.0,False,,0.0
"Oct 25, 2025",Nusa Tenggara Barat,18,0.0,False,,0.0
"Oct 25, 2025",Nusa Tenggara Timur,19,0.0,False,,0.0
"Oct 25, 2025",Kalimantan Barat,20,0.0,False,,0.0
"Oct 25, 2025",Kalimantan Selatan,21,0.0,False,,0.0
"Oct 25, 2025",Kalimantan Tengah,22,0.0,False,,0.0
"Oct 25, 2025",Kalimantan Timur,23,0.0,False,,0.0
"Oct 25, 2025",Kalimantan Utara,24,0.0,False,,0.0
"Oct 25, 2025",Gorontalo,25,0.0,False,,0.0
"Oct 25, 2025",Sulawesi Selatan,26,0.0,False,,0.0
"Oct 25, 2025",Sulawesi Tenggara,27,0.0,False,,0.0
"Oct 25, 2025",Sulawesi Tengah,28,0.0,False,,0.0
"Oct 25, 2025",Sulawesi Utara,29,0.0,False,,0.0
"Oct 25, 2025",Sulawesi Barat,30,0.0,False,,0.0
"Oct 25, 2025",Maluku,31,0.0,False,,0.0
"Oct 25, 2025",Maluku Utara,32,0.0,False,,0.0
"Oct 25, 2025",Papua,33,0.0,False,,0.0
"Oct 25, 2025",Papua Barat,34,0.0,False,,0.0
"Oct 26, 2025",Aceh,1,0.0,False,,0.0
"Oct 26, 2025",Sumatera Utara,2,0.0,False,,0.0
"Oct 26, 2025",Sumatera Barat,3,0.0,False,,0.0
"Oct 26, 2025",Riau,4,0.0,False,,0.0
"Oct 26, 2025",Kepulauan Riau,5,0.0,False,,0.0
"Oct 26, 2025",Jambi,6,0.0,False,,0.0
"Oct 26, 2025",Bengkulu,7,0.0,False,,0.0
"Oct 26, 2025",Sumatera Selatan,8,0.0,False,,0.0
"Oct 26, 2025",Kepulauan Bangka Belitung,9,0.0,False,,0.0
"Oct 26, 2025",Lampung,10,0.0,False,,0.0
"Oct 26, 2025",Banten,11,0.0,False,,0.0
"Oct 26, 2025",Jawa Barat,12,0.0,False,,0.0
"Oct 26, 2025",DKI Jakarta,13,0.0,False,,0.0
"Oct 26, 2025",Jawa Tengah,14,0.0,False,,0.0
"Oct 26, 2025",DI Yogyakarta,15,0.0,False,,0.0
"Oct 26, 2025",Jawa Timur,16,0.0,False,,0.0
"Oct 26, 2025",Bali,17,0.0,False,,0.0
"Oct 26, 2025",Nusa Tenggara Barat,18,0.0,False,,0.0
"Oct 26, 2025",Nusa Tenggara Timur,19,0.0,False,,0.0
"Oct 26, 2025",Kalimantan Barat,20,0.0,False,,0.0
"Oct 26, 2025",Kalimantan Selatan,21,0.0,False,,0.0
"Oct 26, 2025",Kalimantan Tengah,22,0.0,False,,0.0
"Oct 26, 2025",Kalimantan Timur,23,0.0,False,,0.0
"Oct 26, 2025",Kalimantan Utara,24,0.0,False,,0.0
"Oct 26, 2025",Gorontalo,25,0.0,False,,0.0
"Oct 26, 2025",Sulawesi Selatan,26,0.0,False,,0.0
"Oct 26, 2025",Sulawesi Tenggara,27,0.0,False,,0.0
"Oct 26, 2025",Sulawesi Tengah,28,0.0,False,,0.0
"Oct 26, 2025",Sulawesi Utara,29,0.0,False,,0.0
"Oct 26, 2025",Sulawesi Barat,30,0.0,False,,0.0
"Oct 26, 2025",Maluku,31,0.0,False,,0.0
"Oct 26, 2025",Maluku Utara,32,0.0,False,,0.0
"Oct 26, 2025",Papua,33,0.0,False,,0.0
"Oct 26, 2025",Papua Barat,34,0.0,False,,0.0
"Oct 27, 2025",Aceh,1,14600.0,True,15800.0,1150.0
"Oct 27, 2025",Sumatera Utara,2,14550.0,True,15800.0,1150.0
"Oct 27, 2025",Sumatera Barat,3,17000.0,True,15800.0,1150.0
"Oct 27, 2025",Riau,4,16300.0,True,15800.0,1150.0
"Oct 27, 2025",Kepulauan Riau,5,14950.0,True,15800.0,1150.0
"Oct 27, 2025",Jambi,6,15400.0,True,15800.0,1150.0
"Oct 27, 2025",Bengkulu,7,15550.0,True,15800.0,1150.0
"Oct 27, 2025",Sumatera Selatan,8,15500.0,True,15800.0,1150.0
"Oct 27, 2025",Kepulauan Bangka Belitung,9,15300.0,True,15800.0,1150.0
"Oct 27, 2025",Lampung,10,14750.0,True,15800.0,1150.0
"Oct 27, 2025",Banten,11,15500.0,True,15800.0,1150.0
"Oct 27, 2025",Jawa Barat,12,14850.0,True,15800.0,1150.0
"Oct 27, 2025",DKI Jakarta,13,16300.0,True,15800.0,1150.0
"Oct 27, 2025",Jawa Tengah,14,15050.0,True,15800.0,1150.0
"Oct 27, 2025",DI Yogyakarta,15,14200.0,True,15800.0,1150.0
"Oct 27, 2025",Jawa Timur,16,14700.0,True,15800.0,1150.0
"Oct 27, 2025",Bali,17,15400.0,True,15800.0,1150.0
"Oct 27, 2025",Nusa Tenggara Barat,18,13950.0,True,15800.0,1150.0
"Oct 27, 2025",Nusa Tenggara Timur,19,15350.0,True,15800.0,1150.0
"Oct 27, 2025",Kalimantan Barat,20,16400.0,True,15800.0,1150.0
"Oct 27, 2025",Kalimantan Selatan,21,17450.0,True,15800.0,1150.0
"Oct 27, 2025",Kalimantan Tengah,22,17600.0,True,15800.0,1150.0
"Oct 27, 2025",Kalimantan Timur,23,16450.0,True,15800.0,1150.0
"Oct 27, 2025",Kalimantan Utara,24,17250.0,True,15800.0,1150.0
"Oct 27, 2025",Gorontalo,25,16150.0,True,15800.0,1150.0
"Oct 27, 2025",Sulawesi Selatan,26,14200.0,True,15800.0,1150.0
"Oct 27, 2025",Sulawesi Tenggara,27,15700.0,True,15800.0,1150.0
"Oct 27, 2025",Sulawesi Tengah,28,15650.0,True,15800.0,1150.0
"Oct 27, 2025",Sulawesi Utara,29,16100.0,True,15800.0,1150.0
"Oct 27, 2025",Sulawesi Barat,30,14450.0,True,15800.0,1150.0
"Oct 27, 2025",Maluku,31,16900.0,True,15800.0,1150.0
"Oct 27, 2025",Maluku Utara,32,17150.0,True,15800.0,1150.0
"Oct 27, 2025",Papua,33,18950.0,True,15800.0,1150.0
"Oct 27, 2025",Papua Barat,34,16950.0,True,15800.0,1150.0
"Oct 28, 2025",Aceh,1,14600.0,True,15800.0,1150.0
"Oct 28, 2025",Sumatera Utara,2,14550.0,True,15800.0,1150.0
"Oct 28, 2025",Sumatera Barat,3,17000.0,True,15800.0,1150.0
"Oct 28, 2025",Riau,4,16300.0,True,15800.0,1150.0
"Oct 28, 2025",Kepulauan Riau,5,14950.0,True,15800.0,1150.0
"Oct 28, 2025",Jambi,6,15400.0,True,15800.0,1150.0
"Oct 28, 2025",Bengkulu,7,15550.0,True,15800.0,1150.0
"Oct 28, 2025",Sumatera Selatan,8,15500.0,True,15800.0,1150.0
"Oct 28, 2025",Kepulauan Bangka Belitung,9,15300.0,True,15800.0,1150.0
"Oct 28, 2025",Lampung,10,14750.0,True,15800.0,1150.0
"Oct 28, 2025",Banten,11,15500.0,True,15800.0,1150.0
"Oct 28, 2025",Jawa Barat,12,14850.0,True,15800.0,1150.0
"Oct 28, 2025",DKI Jakarta,13,16300.0,True,15800.0,1150.0
"Oct 28, 2025",Jawa Tengah,14,15050.0,True,15800.0,1150.0
"Oct 28, 2025",DI Yogyakarta,15,14200.0,True,15800.0,1150.0
"Oct 28, 2025",Jawa Timur,16,14700.0,True,15800.0,1150.0
"Oct 28, 2025",Bali,17,15500.0,True,15800.0,1150.0
"Oct 28, 2025",Nusa Tenggara Barat,18,13950.0,True,15800.0,1150.0
"Oct 28, 2025",Nusa Tenggara Timur,19,15350.0,True,15800.0,1150.0
"Oct 28, 2025",Kalimantan Barat,20,16400.0,True,15800.0,1150.0
"Oct 28, 2025",Kalimantan Selatan,21,17450.0,True,15800.0,1150.0
"Oct 28, 2025",Kalimantan Tengah,22,17600.0,True,15800.0,1150.0
"Oct 28, 2025",Kalimantan Timur,23,16350.0,True,15800.0,1150.0
"Oct 28, 2025",Kalimantan Utara,24,17250.0,True,15800.0,1150.0
"Oct 28, 2025",Gorontalo,25,16200.0,True,15800.0,1150.0
"Oct 28, 2025",Sulawesi Selatan,26,14200.0,True,15800.0,1150.0
"Oct 28, 2025",Sulawesi Tenggara,27,15700.0,True,15800.0,1150.0
"Oct 28, 2025",Sulawesi Tengah,28,15650.0,True,15800.0,1150.0
"Oct 28, 2025",Sulawesi Utara,29,16050.0,True,15800.0,1150.0
"Oct 28, 2025",Sulawesi Barat,30,14450.0,True,15800.0,1150.0
"Oct 28, 2025",Maluku,31,16900.0,True,15800.0,1150.0
"Oct 28, 2025",Maluku Utara,32,17150.0,True,15800.0,1150.0
"Oct 28, 2025",Papua,33,18950.0,True,15800.0,1150.0
"Oct 28, 2025",Papua Barat,34,16950.0,True,15800.0,1150.0
"Oct 29, 2025",Aceh,1,14600.0,True,15800.0,1150.0
"Oct 29, 2025",Sumatera Utara,2,14550.0,True,15800.0,1150.0
"Oct 29, 2025",Sumatera Barat,3,17050.0,True,15800.0,1150.0
"Oct 29, 2025",Riau,4,16300.0,True,15800.0,1150.0
"Oct 29, 2025",Kepulauan Riau,5,14950.0,True,15800.0,1150.0
"Oct 29, 2025",Jambi,6,15400.0,True,15800.0,1150.0
"Oct 29, 2025",Bengkulu,7,15550.0,True,15800.0,1150.0
"Oct 29, 2025",Sumatera Selatan,8,15500.0,True,15800.0,1150.0
"Oct 29, 2025",Kepulauan Bangka Belitung,9,15300.0,True,15800.0,1150.0
"Oct 29, 2025",Lampung,10,14750.0,True,15800.0,1150.0
"Oct 29, 2025",Banten,11,15500.0,True,15800.0,1150.0
"Oct 29, 2025",Jawa Barat,12,14850.0,True,15800.0,1150.0
"Oct 29, 2025",DKI Jakarta,13,16300.0,True,15800.0,1150.0
"Oct 29, 2025",Jawa Tengah,14,15050.0,True,15800.0,1150.0
"Oct 29, 2025",DI Yogyakarta,15,14200.0,True,15800.0,1150.0
"Oct 29, 2025",Jawa Timur,16,14700.0,True,15800.0,1150.0
"Oct 29, 2025",Bali,17,15450.0,True,15800.0,1150.0
"Oct 29, 2025",Nusa Tenggara Barat,18,13950.0,True,15800.0,1150.0
"Oct 29, 2025",Nusa Tenggara Timur,19,15350.0,True,15800.0,1150.0
"Oct 29, 2025",Kalimantan Barat,20,16400.0,True,15800.0,1150.0
"Oct 29, 2025",Kalimantan Selatan,21,17450.0,True,15800.0,1150.0
"Oct 29, 2025",Kalimantan Tengah,22,17600.0,True,15800.0,1150.0
"Oct 29, 2025",Kalimantan Timur,23,16350.0,True,15800.0,1150.0
"Oct 29, 2025",Kalimantan Utara,24,17250.0,True,15800.0,1150.0
"Oct 29, 2025",Gorontalo,25,16200.0,True,15800.0,1150.0
"Oct 29, 2025",Sulawesi Selatan,26,14200.0,True,15800.0,1150.0
"Oct 29, 2025",Sulawesi Tenggara,27,15700.0,True,15800.0,1150.0
"Oct 29, 2025",Sulawesi Tengah,28,15600.0,True,15800.0,1150.0
"Oct 29, 2025",Sulawesi Utara,29,16050.0,True,15800.0,1150.0
"Oct 29, 2025",Sulawesi Barat,30,14450.0,True,15800.0,1150.0
"Oct 29, 2025",Maluku,31,16900.0,True,15800.0,1150.0
"Oct 29, 2025",Maluku Utara,32,17150.0,True,15800.0,1150.0
"Oct 29, 2025",Papua,33,18950.0,True,15800.0,1150.0
"Oct 29, 2025",Papua Barat,34,16950.0,True,15800.0,1150.0
"Oct 30, 2025",Aceh,1,14600.0,True,15750.0,1150.0
"Oct 30, 2025",Sumatera Utara,2,14550.0,True,15750.0,1150.0
"Oct 30, 2025",Sumatera Barat,3,17050.0,True,15750.0,1150.0
"Oct 30, 2025",Riau,4,16300.0,True,15750.0,1150.0
"Oct 30, 2025",Kepulauan Riau,5,14950.0,True,15750.0,1150.0
"Oct 30, 2025",Jambi,6,15400.0,True,15750.0,1150.0
"Oct 30, 2025",Bengkulu,7,15500.0,True,15750.0,1150.0
"Oct 30, 2025",Sumatera Selatan,8,15500.0,True,15750.0,1150.0
"Oct 30, 2025",Kepulauan Bangka Belitung,9,15300.0,True,15750.0,1150.0
"Oct 30, 2025",Lampung,10,14750.0,True,15750.0,1150.0
"Oct 30, 2025",Banten,11,15200.0,True,15750.0,1150.0
"Oct 30, 2025",Jawa Barat,12,14850.0,True,15750.0,1150.0
"Oct 30, 2025",DKI Jakarta,13,16300.0,True,15750.0,1150.0
"Oct 30, 2025",Jawa Tengah,14,15050.0,True,15750.0,1150.0
"Oct 30, 2025",DI Yogyakarta,15,14200.0,True,15750.0,1150.0
"Oct 30, 2025",Jawa Timur,16,14700.0,True,15750.0,1150.0
"Oct 30, 2025",Bali,17,15450.0,True,15750.0,1150.0
"Oct 30, 2025",Nusa Tenggara Barat,18,13950.0,True,15750.0,1150.0
"Oct 30, 2025",Nusa Tenggara Timur,19,15350.0,True,15750.0,1150.0
"Oct 30, 2025",Kalimantan Barat,20,16400.0,True,15750.0,1150.0
"Oct 30, 2025",Kalimantan Selatan,21,17450.0,True,15750.0,1150.0
"Oct 30, 2025",Kalimantan Tengah,22,17600.0,True,15750.0,1150.0
"Oct 30, 2025",Kalimantan Timur,23,16350.0,True,15750.0,1150.0
"Oct 30, 2025",Kalimantan Utara,24,17250.0,True,15750.0,1150.0
"Oct 30, 2025",Gorontalo,25,16150.0,True,15750.0,1150.0
"Oct 30, 2025",Sulawesi Selatan,26,14200.0,True,15750.0,1150.0
"Oct 30, 2025",Sulawesi Tenggara,27,15750.0,True,15750.0,1150.0
"Oct 30, 2025",Sulawesi Tengah,28,15600.0,True,15750.0,1150.0
"Oct 30, 2025",Sulawesi Utara,29,16050.0,True,15750.0,1150.0
"Oct 30, 2025",Sulawesi Barat,30,14450.0,True,15750.0,1150.0
"Oct 30, 2025",Maluku,31,16900.0,True,15750.0,1150.0
"Oct 30, 2025",Maluku Utara,32,17150.0,True,15750.0,1150.0
"Oct 30, 2025",Papua,33,18950.0,True,15750.0,1150.0
"Oct 30, 2025",Papua Barat,34,16950.0,True,15750.0,1150.0
"Oct 31, 2025",Aceh,1,14600.0,True,15750.0,1150.0
"Oct 31, 2025",Sumatera Utara,2,14550.0,True,15750.0,1150.0
"Oct 31, 2025",Sumatera Barat,3,17050.0,True,15750.0,1150.0
"Oct 31, 2025",Riau,4,16300.0,True,15750.0,1150.0
"Oct 31, 2025",Kepulauan Riau,5,14950.0,True,15750.0,1150.0
"Oct 31, 2025",Jambi,6,15400.0,True,15750.0,1150.0
"Oct 31, 2025",Bengkulu,7,15500.0,True,15750.0,1150.0
"Oct 31, 2025",Sumatera Selatan,8,15500.0,True,15750.0,1150.0
"Oct 31, 2025",Kepulauan Bangka Belitung,9,15300.0,True,15750.0,1150.0
"Oct 31, 2025",Lampung,10,14750.0,True,15750.0,1150.0
"Oct 31, 2025",Banten,11,15050.0,True,15750.0,1150.0
"Oct 31, 2025",Jawa Barat,12,14850.0,True,15750.0,1150.0
"Oct 31, 2025",DKI Jakarta,13,16300.0,True,15750.0,1150.0
"Oct 31, 2025",Jawa Tengah,14,15050.0,True,15750.0,1150.0
"Oct 31, 2025",DI Yogyakarta,15,14200.0,True,15750.0,1150.0
"Oct 31, 2025",Jawa Timur,16,14700.0,True,15750.0,1150.0
"Oct 31, 2025",Bali,17,15450.0,True,15750.0,1150.0
"Oct 31, 2025",Nusa Tenggara Barat,18,13950.0,True,15750.0,1150.0
"Oct 31, 2025",Nusa Tenggara Timur,19,15350.0,True,15750.0,1150.0
"Oct 31, 2025",Kalimantan Barat,20,16400.0,True,15750.0,1150.0
"Oct 31, 2025",Kalimantan Selatan,21,17450.0,True,15750.0,1150.0
"Oct 31, 2025",Kalimantan Tengah,22,17600.0,True,15750.0,1150.0
"Oct 31, 2025",Kalimantan Timur,23,16350.0,True,15750.0,1150.0
"Oct 31, 2025",Kalimantan Utara,24,17250.0,True,15750.0,1150.0
"Oct 31, 2025",Gorontalo,25,16200.0,True,15750.0,1150.0
"Oct 31, 2025",Sulawesi Selatan,26,14200.0,True,15750.0,1150.0
"Oct 31, 2025",Sulawesi Tenggara,27,15750.0,True,15750.0,1150.0
"Oct 31, 2025",Sulawesi Tengah,28,15600.0,True,15750.0,1150.0
"Oct 31, 2025",Sulawesi Utara,29,16050.0,True,15750.0,1150.0
"Oct 31, 2025",Sulawesi Barat,30,14450.0,True,15750.0,1150.0
"Oct 31, 2025",Maluku,31,16850.0,True,15750.0,1150.0
"Oct 31, 2025",Maluku Utara,32,17150.0,True,15750.0,1150.0
"Oct 31, 2025",Papua,33,18950.0,True,15750.0,1150.0
"Oct 31, 2025",Papua Barat,34,17000.0,True,15750.0,1150.0
"Nov 1, 2025",Aceh,1,14600.0,True,15750.0,1150.0
"Nov 1, 2025",Sumatera Utara,2,14550.0,True,15750.0,1150.0
"Nov 1, 2025",Sumatera Barat,3,17050.0,True,15750.0,1150.0
"Nov 1, 2025",Riau,4,16300.0,True,15750.0,1150.0
"Nov 1, 2025",Kepulauan Riau,5,14950.0,True,15750.0,1150.0
"Nov 1, 2025",Jambi,6,15400.0,True,15750.0,1150.0
"Nov 1, 2025",Bengkulu,7,15500.0,True,15750.0,1150.0
"Nov 1, 2025",Sumatera Selatan,8,15500.0,True,15750.0,1150.0
"Nov 1, 2025",Kepulauan Bangka Belitung,9,15300.0,True,15750.0,1150.0
"Nov 1, 2025",Lampung,10,14750.0,True,15750.0,1150.0
"Nov 1, 2025",Banten,11,15050.0,True,15750.0,1150.0
"Nov 1, 2025",Jawa Barat,12,14850.0,True,15750.0,1150.0
"Nov 1, 2025",DKI Jakarta,13,16300.0,True,15750.0,1150.0
"Nov 1, 2025",Jawa Tengah,14,15050.0,True,15750.0,1150.0
"Nov 1, 2025",DI Yogyakarta,15,14200.0,True,15750.0,1150.0
"Nov 1, 2025",Jawa Timur,16,14700.0,True,15750.0,1150.0
"Nov 1, 2025",Bali,17,15450.0,True,15750.0,1150.0
"Nov 1, 2025",Nusa Tenggara Barat,18,13950.0,True,15750.0,1150.0
"Nov 1, 2025",Nusa Tenggara Timur,19,15350.0,True,15750.0,1150.0
"Nov 1, 2025",Kalimantan Barat,20,16400.0,True,15750.0,1150.0
"Nov 1, 2025",Kalimantan Selatan,21,17450.0,True,15750.0,1150.0
"Nov 1, 2025",Kalimantan Tengah,22,17600.0,True,15750.0,1150.0
"Nov 1, 2025",Kalimantan Timur,23,16350.0,True,15750.0,1150.0
"Nov 1, 2025",Kalimantan Utara,24,17250.0,True,15750.0,1150.0
"Nov 1, 2025",Gorontalo,25,16200.0,True,15750.0,1150.0
"Nov 1, 2025",Sulawesi Selatan,26,14200.0,True,15750.0,1150.0
"Nov 1, 2025",Sulawesi Tenggara,27,15750.0,True,15750.0,1150.0
"Nov 1, 2025",Sulawesi Tengah,28,15600.0,True,15750.0,1150.0
"Nov 1, 2025",Sulawesi Utara,29,16050.0,True,15750.0,1150.0
"Nov 1, 2025",Sulawesi Barat,30,14450.0,True,15750.0,1150.0
"Nov 1, 2025",Maluku,31,16850.0,True,15750.0,1150.0
"Nov 1, 2025",Maluku Utara,32,17150.0,True,15750.0,1150.0
"Nov 1, 2025",Papua,33,18950.0,True,15750.0,1150.0
"Nov 1, 2025",Papua Barat,34,17000.0,True,15750.0,1150.0
"Nov 2, 2025",Aceh,1,14600.0,True,15750.0,1150.0
"Nov 2, 2025",Sumatera Utara,2,14550.0,True,15750.0,1150.0
"Nov 2, 2025",Sumatera Barat,3,17050.0,True,15750.0,1150.0
"Nov 2, 2025",Riau,4,16300.0,True,15750.0,1150.0
"Nov 2, 2025",Kepulauan Riau,5,14950.0,True,15750.0,1150.0
"Nov 2, 2025",Jambi,6,15400.0,True,15750.0,1150.0
"Nov 2, 2025",Bengkulu,7,15500.0,True,15750.0,1150.0
"Nov 2, 2025",Sumatera Selatan,8,15500.0,True,15750.0,1150.0
"Nov 2, 2025",Kepulauan Bangka Belitung,9,15300.0,True,15750.0,1150.0
"Nov 2, 2025",Lampung,10,14750.0,True,15750.0,1150.0
"Nov 2, 2025",Banten,11,15050.0,True,15750.0,1150.0
"Nov 2, 2025",Jawa Barat,12,14850.0,True,15750.0,1150.0
"Nov 2, 2025",DKI Jakarta,13,16300.0,True,15750.0,1150.0
"Nov 2, 2025",Jawa Tengah,14,15050.0,True,15750.0,1150.0
"Nov 2, 2025",DI Yogyakarta,15,14200.0,True,15750.0,1150.0
"Nov 2, 2025",Jawa Timur,16,14700.0,True,15750.0,1150.0
"Nov 2, 2025",Bali,17,15450.0,True,15750.0,1150.0
"Nov 2, 2025",Nusa Tenggara Barat,18,13950.0,True,15750.0,1150.0
"Nov 2, 2025",Nusa Tenggara Timur,19,15350.0,True,15750.0,1150.0
"Nov 2, 2025",Kalimantan Barat,20,16400.0,True,15750.0,1150.0
"Nov 2, 2025",Kalimantan Selatan,21,17450.0,True,15750.0,1150.0
"Nov 2, 2025",Kalimantan Tengah,22,17600.0,True,15750.0,1150.0
"Nov 2, 2025",Kalimantan Timur,23,16350.0,True,15750.0,1150.0
"Nov 2, 2025",Kalimantan Utara,24,17250.0,True,15750.0,1150.0
"Nov 2, 2025",Gorontalo,25,16200.0,True,15750.0,1150.0
"Nov 2, 2025",Sulawesi Selatan,26,14200.0,True,15750.0,1150.0
"Nov 2, 2025",Sulawesi Tenggara,27,15750.0,True,15750.0,1150.0
"Nov 2, 2025",Sulawesi Tengah,28,15600.0,True,15750.0,1150.0
"Nov 2, 2025",Sulawesi Utara,29,16050.0,True,15750.0,1150.0
"Nov 2, 2025",Sulawesi Barat,30,14450.0,True,15750.0,1150.0
"Nov 2, 2025",Maluku,31,16850.0,True,15750.0,1150.0
"Nov 2, 2025",Maluku Utara,32,17150.0,True,15750.0,1150.0
"Nov 2, 2025",Papua,33,18950.0,True,15750.0,1150.0
"Nov 2, 2025",Papua Barat,34,17000.0,True,15750.0,1150.0
"Nov 3, 2025",Aceh,1,14600.0,True,15750.0,1150.0
"Nov 3, 2025",Sumatera Utara,2,14550.0,True,15750.0,1150.0
"Nov 3, 2025",Sumatera Barat,3,17050.0,True,15750.0,1150.0
"Nov 3, 2025",Riau,4,16300.0,True,15750.0,1150.0
"Nov 3, 2025",Kepulauan Riau,5,14950.0,True,15750.0,1150.0
"Nov 3, 2025",Jambi,6,15400.0,True,15750.0,1150.0
"Nov 3, 2025",Bengkulu,7,15500.0,True,15750.0,1150.0
"Nov 3, 2025",Sumatera Selatan,8,15500.0,True,15750.0,1150.0
"Nov 3, 2025",Kepulauan Bangka Belitung,9,15300.0,True,15750.0,1150.0
"Nov 3, 2025",Lampung,10,14750.0,True,15750.0,1150.0
"Nov 3, 2025",Banten,11,15050.0,True,15750.0,1150.0
"Nov 3, 2025",Jawa Barat,12,14850.0,True,15750.0,1150.0
"Nov 3, 2025",DKI Jakarta,13,16300.0,True,15750.0,1150.0
"Nov 3, 2025",Jawa Tengah,14,15050.0,True,15750.0,1150.0
"Nov 3, 2025",DI Yogyakarta,15,14200.0,True,15750.0,1150.0
"Nov 3, 2025",Jawa Timur,16,14700.0,True,15750.0,1150.0
"Nov 3, 2025",Bali,17,15450.0,True,15750.0,1150.0
"Nov 3, 2025",Nusa Tenggara Barat,18,13950.0,True,15750.0,1150.0
"Nov 3, 2025",Nusa Tenggara Timur,19,15350.0,True,15750.0,1150.0
"Nov 3, 2025",Kalimantan Barat,20,16400.0,True,15750.0,1150.0
"Nov 3, 2025",Kalimantan Selatan,21,17450.0,True,15750.0,1150.0
"Nov 3, 2025",Kalimantan Tengah,22,17600.0,True,15750.0,1150.0
"Nov 3, 2025",Kalimantan Timur,23,16350.0,True,15750.0,1150.0
"Nov 3, 2025",Kalimantan Utara,24,17300.0,True,15750.0,1150.0
"Nov 3, 2025",Gorontalo,25,16250.0,True,15750.0,1150.0
"Nov 3, 2025",Sulawesi Selatan,26,14200.0,True,15750.0,1150.0
"Nov 3, 2025",Sulawesi Tenggara,27,15700.0,True,15750.0,1150.0
"Nov 3, 2025",Sulawesi Tengah,28,15600.0,True,15750.0,1150.0
"Nov 3, 2025",Sulawesi Utara,29,16050.0,True,15750.0,1150.0
"Nov 3, 2025",Sulawesi Barat,30,14400.0,True,15750.0,1150.0
"Nov 3, 2025",Maluku,31,16900.0,True,15750.0,1150.0
"Nov 3, 2025",Maluku Utara,32,17150.0,True,15750.0,1150.0
"Nov 3, 2025",Papua,33,18950.0,True,15750.0,1150.0
"Nov 3, 2025",Papua Barat,34,17000.0,True,15750.0,1150.0
"Nov 4, 2025",Aceh,1,14600.0,True,15750.0,1150.0
"Nov 4, 2025",Sumatera Utara,2,14550.0,True,15750.0,1150.0
"Nov 4, 2025",Sumatera Barat,3,17050.0,True,15750.0,1150.0
"Nov 4, 2025",Riau,4,16300.0,True,15750.0,1150.0
"Nov 4, 2025",Kepulauan Riau,5,14950.0,True,15750.0,1150.0
"Nov 4, 2025",Jambi,6,15400.0,True,15750.0,1150.0
"Nov 4, 2025",Bengkulu,7,15500.0,True,15750.0,1150.0
"Nov 4, 2025",Sumatera Selatan,8,15500.0,True,15750.0,1150.0
"Nov 4, 2025",Kepulauan Bangka Belitung,9,15300.0,True,15750.0,1150.0
"Nov 4, 2025",Lampung,10,14800.0,True,15750.0,1150.0
"Nov 4, 2025",Banten,11,15050.0,True,15750.0,1150.0
"Nov 4, 2025",Jawa Barat,12,14850.0,True,15750.0,1150.0
"Nov 4, 2025",DKI Jakarta,13,16300.0,True,15750.0,1150.0
"Nov 4, 2025",Jawa Tengah,14,15050.0,True,15750.0,1150.0
"Nov 4, 2025",DI Yogyakarta,15,14200.0,True,15750.0,1150.0
"Nov 4, 2025",Jawa Timur,16,14700.0,True,15750.0,1150.0
"Nov 4, 2025",Bali,17,15450.0,True,15750.0,1150.0
"Nov 4, 2025",Nusa Tenggara Barat,18,13950.0,True,15750.0,1150.0
"Nov 4, 2025",Nusa Tenggara Timur,19,15350.0,True,15750.0,1150.0
"Nov 4, 2025",Kalimantan Barat,20,16400.0,True,15750.0,1150.0
"Nov 4, 2025",Kalimantan Selatan,21,17450.0,True,15750.0,1150.0
"Nov 4, 2025",Kalimantan Tengah,22,17600.0,True,15750.0,1150.0
"Nov 4, 2025",Kalimantan Timur,23,16350.0,True,15750.0,1150.0
"Nov 4, 2025",Kalimantan Utara,24,17300.0,True,15750.0,1150.0
"Nov 4, 2025",Gorontalo,25,16250.0,True,15750.0,1150.0
"Nov 4, 2025",Sulawesi Selatan,26,14200.0,True,15750.0,1150.0
"Nov 4, 2025",Sulawesi Tenggara,27,15700.0,True,15750.0,1150.0
"Nov 4, 2025",Sulawesi Tengah,28,15600.0,True,15750.0,1150.0
"Nov 4, 2025",Sulawesi Utara,29,16050.0,True,15750.0,1150.0
"Nov 4, 2025",Sulawesi Barat,30,14400.0,True,15750.0,1150.0
"Nov 4, 2025",Maluku,31,16850.0,True,15750.0,1150.0
"Nov 4, 2025",Maluku Utara,32,17150.0,True,15750.0,1150.0
"Nov 4, 2025",Papua,33,18950.0,True,15750.0,1150.0
"Nov 4, 2025",Papua Barat,34,17000.0,True,15750.0,1150.0
"Nov 5, 2025",Aceh,1,14550.0,True,15750.0,1150.0
"Nov 5, 2025",Sumatera Utara,2,14500.0,True,15750.0,1150.0
"Nov 5, 2025",Sumatera Barat,3,17050.0,True,15750.0,1150.0
"Nov 5, 2025",Riau,4,16300.0,True,15750.0,1150.0
"Nov 5, 2025",Kepulauan Riau,5,14950.0,True,15750.0,1150.0
"Nov 5, 2025",Jambi,6,15400.0,True,15750.0,1150.0
"Nov 5, 2025",Bengkulu,7,15500.0,True,15750.0,1150.0
"Nov 5, 2025",Sumatera Selatan,8,15500.0,True,15750.0,1150.0
"Nov 5, 2025",Kepulauan Bangka Belitung,9,15300.0,True,15750.0,1150.0
"Nov 5, 2025",Lampung,10,14800.0,True,15750.0,1150.0
"Nov 5, 2025",Banten,11,15050.0,True,15750.0,1150.0
"Nov 5, 2025",Jawa Barat,12,14850.0,True,15750.0,1150.0
"Nov 5, 2025",DKI Jakarta,13,16300.0,True,15750.0,1150.0
"Nov 5, 2025",Jawa Tengah,14,15050.0,True,15750.0,1150.0
"Nov 5, 2025",DI Yogyakarta,15,14200.0,True,15750.0,1150.0
"Nov 5, 2025",Jawa Timur,16,14700.0,True,15750.0,1150.0
"Nov 5, 2025",Bali,17,15450.0,True,15750.0,1150.0
"Nov 5, 2025",Nusa Tenggara Barat,18,13900.0,True,15750.0,1150.0
"Nov 5, 2025",Nusa Tenggara Timur,19,15350.0,True,15750.0,1150.0
"Nov 5, 2025",Kalimantan Barat,20,16400.0,True,15750.0,1150.0
"Nov 5, 2025",Kalimantan Selatan,21,17450.0,True,15750.0,1150.0
"Nov 5, 2025",Kalimantan Tengah,22,17600.0,True,15750.0,1150.0
"Nov 5, 2025",Kalimantan Timur,23,16350.0,True,15750.0,1150.0
"Nov 5, 2025",Kalimantan Utara,24,17300.0,True,15750.0,1150.0
"Nov 5, 2025",Gorontalo,25,16250.0,True,15750.0,1150.0
"Nov 5, 2025",Sulawesi Selatan,26,14200.0,True,15750.0,1150.0
"Nov 5, 2025",Sulawesi Tenggara,27,15700.0,True,15750.0,1150.0
"Nov 5, 2025",Sulawesi Tengah,28,15600.0,True,15750.0,1150.0
"Nov 5, 2025",Sulawesi Utara,29,16000.0,True,15750.0,1150.0
"Nov 5, 2025",Sulawesi Barat,30,14400.0,True,15750.0,1150.0
"Nov 5, 2025",Maluku,31,16850.0,True,15750.0,1150.0
"Nov 5, 2025",Maluku Utara,32,17150.0,True,15750.0,1150.0
"Nov 5, 2025",Papua,33,18950.0,True,15750.0,1150.0
"Nov 5, 2025",Papua Barat,34,16950.0,True,15750.0,1150.0
"Nov 6, 2025",Aceh,1,14550.0,True,15750.0,1150.0
"Nov 6, 2025",Sumatera Utara,2,14550.0,True,15750.0,1150.0
"Nov 6, 2025",Sumatera Barat,3,17050.0,True,15750.0,1150.0
"Nov 6, 2025",Riau,4,16300.0,True,15750.0,1150.0
"Nov 6, 2025",Kepulauan Riau,5,14950.0,True,15750.0,1150.0
"Nov 6, 2025",Jambi,6,15400.0,True,15750.0,1150.0
"Nov 6, 2025",Bengkulu,7,15500.0,True,15750.0,1150.0
"Nov 6, 2025",Sumatera Selatan,8,15500.0,True,15750.0,1150.0
"Nov 6, 2025",Kepulauan Bangka Belitung,9,15300.0,True,15750.0,1150.0
"Nov 6, 2025",Lampung,10,14800.0,True,15750.0,1150.0
"Nov 6, 2025",Banten,11,15050.0,True,15750.0,1150.0
"Nov 6, 2025",Jawa Barat,12,14850.0,True,15750.0,1150.0
"Nov 6, 2025",DKI Jakarta,13,16300.0,True,15750.0,1150.0
"Nov 6, 2025",Jawa Tengah,14,15050.0,True,15750.0,1150.0
"Nov 6, 2025",DI Yogyakarta,15,14200.0,True,15750.0,1150.0
"Nov 6, 2025",Jawa Timur,16,14700.0,True,15750.0,1150.0
"Nov 6, 2025",Bali,17,15450.0,True,15750.0,1150.0
"Nov 6, 2025",Nusa Tenggara Barat,18,13900.0,True,15750.0,1150.0
"Nov 6, 2025",Nusa Tenggara Timur,19,15350.0,True,15750.0,1150.0
"Nov 6, 2025",Kalimantan Barat,20,16400.0,True,15750.0,1150.0
"Nov 6, 2025",Kalimantan Selatan,21,17450.0,True,15750.0,1150.0
"Nov 6, 2025",Kalimantan Tengah,22,17600.0,True,15750.0,1150.0
"Nov 6, 2025",Kalimantan Timur,23,16350.0,True,15750.0,1150.0
"Nov 6, 2025",Kalimantan Utara,24,17300.0,True,15750.0,1150.0
"Nov 6, 2025",Gorontalo,25,16250.0,True,15750.0,1150.0
"Nov 6, 2025",Sulawesi Selatan,26,14200.0,True,15750.0,1150.0
"Nov 6, 2025",Sulawesi Tenggara,27,15700.0,True,15750.0,1150.0
"Nov 6, 2025",Sulawesi Tengah,28,15600.0,True,15750.0,1150.0
"Nov 6, 2025",Sulawesi Utara,29,16000.0,True,15750.0,1150.0
"Nov 6, 2025",Sulawesi Barat,30,14400.0,True,15750.0,1150.0
"Nov 6, 2025",Maluku,31,16850.0,True,15750.0,1150.0
"Nov 6, 2025",Maluku Utara,32,17150.0,True,15750.0,1150.0
"Nov 6, 2025",Papua,33,18950.0,True,15750.0,1150.0
"Nov 6, 2025",Papua Barat,34,16900.0,True,15750.0,1150.0
"Nov 7, 2025",Aceh,1,14550.0,True,15750.0,1150.0
"Nov 7, 2025",Sumatera Utara,2,14550.0,True,15750.0,1150.0
"Nov 7, 2025",Sumatera Barat,3,17050.0,True,15750.0,1150.0
"Nov 7, 2025",Riau,4,16300.0,True,15750.0,1150.0
"Nov 7, 2025",Kepulauan Riau,5,14950.0,True,15750.0,1150.0
"Nov 7, 2025",Jambi,6,15400.0,True,15750.0,1150.0
"Nov 7, 2025",Bengkulu,7,15500.0,True,15750.0,1150.0
"Nov 7, 2025",Sumatera Selatan,8,15500.0,True,15750.0,1150.0
"Nov 7, 2025",Kepulauan Bangka Belitung,9,15300.0,True,15750.0,1150.0
"Nov 7, 2025",Lampung,10,14800.0,True,15750.0,1150.0
"Nov 7, 2025",Banten,11,15050.0,True,15750.0,1150.0
"Nov 7, 2025",Jawa Barat,12,14850.0,True,15750.0,1150.0
"Nov 7, 2025",DKI Jakarta,13,16300.0,True,15750.0,1150.0
"Nov 7, 2025",Jawa Tengah,14,15000.0,True,15750.0,1150.0
"Nov 7, 2025",DI Yogyakarta,15,14200.0,True,15750.0,1150.0
"Nov 7, 2025",Jawa Timur,16,14650.0,True,15750.0,1150.0
"Nov 7, 2025",Bali,17,15350.0,True,15750.0,1150.0
"Nov 7, 2025",Nusa Tenggara Barat,18,13900.0,True,15750.0,1150.0
"Nov 7, 2025",Nusa Tenggara Timur,19,15350.0,True,15750.0,1150.0
"Nov 7, 2025",Kalimantan Barat,20,16400.0,True,15750.0,1150.0
"Nov 7, 2025",Kalimantan Selatan,21,17450.0,True,15750.0,1150.0
"Nov 7, 2025",Kalimantan Tengah,22,17550.0,True,15750.0,1150.0
"Nov 7, 2025",Kalimantan Timur,23,16350.0,True,15750.0,1150.0
"Nov 7, 2025",Kalimantan Utara,24,17300.0,True,15750.0,1150.0
"Nov 7, 2025",Gorontalo,25,16250.0,True,15750.0,1150.0
"Nov 7, 2025",Sulawesi Selatan,26,14200.0,True,15750.0,1150.0
"Nov 7, 2025",Sulawesi Tenggara,27,15600.0,True,15750.0,1150.0
"Nov 7, 2025",Sulawesi Tengah,28,15600.0,True,15750.0,1150.0
"Nov 7, 2025",Sulawesi Utara,29,16000.0,True,15750.0,1150.0
"Nov 7, 2025",Sulawesi Barat,30,14400.0,True,15750.0,1150.0
"Nov 7, 2025",Maluku,31,16850.0,True,15750.0,1150.0
"Nov 7, 2025",Maluku Utara,32,17200.0,True,15750.0,1150.0
"Nov 7, 2025",Papua,33,18950.0,True,15750.0,1150.0
"Nov 7, 2025",Papua Barat,34,16900.0,True,15750.0,1150.0
"Nov 8, 2025",Aceh,1,14550.0,True,15750.0,1150.0
"Nov 8, 2025",Sumatera Utara,2,14550.0,True,15750.0,1150.0
"Nov 8, 2025",Sumatera Barat,3,17050.0,True,15750.0,1150.0
"Nov 8, 2025",Riau,4,16300.0,True,15750.0,1150.0
"Nov 8, 2025",Kepulauan Riau,5,14950.0,True,15750.0,1150.0
"Nov 8, 2025",Jambi,6,15400.0,True,15750.0,1150.0
"Nov 8, 2025",Bengkulu,7,15500.0,True,15750.0,1150.0
"Nov 8, 2025",Sumatera Selatan,8,15500.0,True,15750.0,1150.0
"Nov 8, 2025",Kepulauan Bangka Belitung,9,15300.0,True,15750.0,1150.0
"Nov 8, 2025",Lampung,10,14800.0,True,15750.0,1150.0
"Nov 8, 2025",Banten,11,15050.0,True,15750.0,1150.0
"Nov 8, 2025",Jawa Barat,12,14850.0,True,15750.0,1150.0
"Nov 8, 2025",DKI Jakarta,13,16300.0,True,15750.0,1150.0
"Nov 8, 2025",Jawa Tengah,14,15000.0,True,15750.0,1150.0
"Nov 8, 2025",DI Yogyakarta,15,14200.0,True,15750.0,1150.0
"Nov 8, 2025",Jawa Timur,16,14650.0,True,15750.0,1150.0
"Nov 8, 2025",Bali,17,15350.0,True,15750.0,1150.0
"Nov 8, 2025",Nusa Tenggara Barat,18,13900.0,True,15750.0,1150.0
"Nov 8, 2025",Nusa Tenggara Timur,19,15350.0,True,15750.0,1150.0
"Nov 8, 2025",Kalimantan Barat,20,16400.0,True,15750.0,1150.0
"Nov 8, 2025",Kalimantan Selatan,21,17450.0,True,15750.0,1150.0
"Nov 8, 2025",Kalimantan Tengah,22,17550.0,True,15750.0,1150.0
"Nov 8, 2025",Kalimantan Timur,23,16350.0,True,15750.0,1150.0
"Nov 8, 2025",Kalimantan Utara,24,17300.0,True,15750.0,1150.0
"Nov 8, 2025",Gorontalo,25,16250.0,True,15750.0,1150.0
"Nov 8, 2025",Sulawesi Selatan,26,14200.0,True,15750.0,1150.0
"Nov 8, 2025",Sulawesi Tenggara,27,15600.0,True,15750.0,1150.0
"Nov 8, 2025",Sulawesi Tengah,28,15600.0,True,15750.0,1150.0
"Nov 8, 2025",Sulawesi Utara,29,16000.0,True,15750.0,1150.0
"Nov 8, 2025",Sulawesi Barat,30,14400.0,True,15750.0,1150.0
"Nov 8, 2025",Maluku,31,16850.0,True,15750.0,1150.0
"Nov 8, 2025",Maluku Utara,32,17200.0,True,15750.0,1150.0
"Nov 8, 2025",Papua,33,18950.0,True,15750.0,1150.0
"Nov 8, 2025",Papua Barat,34,16900.0,True,15750.0,1150.0
"Nov 9, 2025",Aceh,1,14550.0,True,15750.0,1150.0
"Nov 9, 2025",Sumatera Utara,2,14550.0,True,15750.0,1150.0
"Nov 9, 2025",Sumatera Barat,3,17050.0,True,15750.0,1150.0
"Nov 9, 2025",Riau,4,16300.0,True,15750.0,1150.0
"Nov 9, 2025",Kepulauan Riau,5,14950.0,True,15750.0,1150.0
"Nov 9, 2025",Jambi,6,15400.0,True,15750.0,1150.0
"Nov 9, 2025",Bengkulu,7,15500.0,True,15750.0,1150.0
"Nov 9, 2025",Sumatera Selatan,8,15500.0,True,15750.0,1150.0
"Nov 9, 2025",Kepulauan Bangka Belitung,9,15300.0,True,15750.0,1150.0
"Nov 9, 2025",Lampung,10,14800.0,True,15750.0,1150.0
"Nov 9, 2025",Banten,11,15050.0,True,15750.0,1150.0
"Nov 9, 2025",Jawa Barat,12,14850.0,True,15750.0,1150.0
"Nov 9, 2025",DKI Jakarta,13,16300.0,True,15750.0,1150.0
"Nov 9, 2025",Jawa Tengah,14,15000.0,True,15750.0,1150.0
"Nov 9, 2025",DI Yogyakarta,15,14200.0,True,15750.0,1150.0
"Nov 9, 2025",Jawa Timur,16,14650.0,True,15750.0,1150.0
"Nov 9, 2025",Bali,17,15350.0,True,15750.0,1150.0
"Nov 9, 2025",Nusa Tenggara Barat,18,13900.0,True,15750.0,1150.0
"Nov 9, 2025",Nusa Tenggara Timur,19,15350.0,True,15750.0,1150.0
"Nov 9, 2025",Kalimantan Barat,20,16400.0,True,15750.0,1150.0
"Nov 9, 2025",Kalimantan Selatan,21,17450.0,True,15750.0,1150.0
"Nov 9, 2025",Kalimantan Tengah,22,17550.0,True,15750.0,1150.0
"Nov 9, 2025",Kalimantan Timur,23,16350.0,True,15750.0,1150.0
"Nov 9, 2025",Kalimantan Utara,24,17300.0,True,15750.0,1150.0
"Nov 9, 2025",Gorontalo,25,16250.0,True,15750.0,1150.0
"Nov 9, 2025",Sulawesi Selatan,26,14200.0,True,15750.0,1150.0
"Nov 9, 2025",Sulawesi Tenggara,27,15600.0,True,15750.0,1150.0
"Nov 9, 2025",Sulawesi Tengah,28,15600.0,True,15750.0,1150.0
"Nov 9, 2025",Sulawesi Utara,29,16000.0,True,15750.0,1150.0
"Nov 9, 2025",Sulawesi Barat,30,14400.0,True,15750.0,1150.0
"Nov 9, 2025",Maluku,31,16850.0,True,15750.0,1150.0
"Nov 9, 2025",Maluku Utara,32,17200.0,True,15750.0,1150.0
"Nov 9, 2025",Papua,33,18950.0,True,15750.0,1150.0
"Nov 9, 2025",Papua Barat,34,16900.0,True,15750.0,1150.0
"Nov 10, 2025",Aceh,1,14450.0,True,15750.0,1150.0
"Nov 10, 2025",Sumatera Utara,2,14550.0,True,15750.0,1150.0
"Nov 10, 2025",Sumatera Barat,3,17050.0,True,15750.0,1150.0
"Nov 10, 2025",Riau,4,16300.0,True,15750.0,1150.0
"Nov 10, 2025",Kepulauan Riau,5,14950.0,True,15750.0,1150.0
"Nov 10, 2025",Jambi,6,15400.0,True,15750.0,1150.0
"Nov 10, 2025",Bengkulu,7,15500.0,True,15750.0,1150.0
"Nov 10, 2025",Sumatera Selatan,8,15500.0,True,15750.0,1150.0
"Nov 10, 2025",Kepulauan Bangka Belitung,9,15300.0,True,15750.0,1150.0
"Nov 10, 2025",Lampung,10,14800.0,True,15750.0,1150.0
"Nov 10, 2025",Banten,11,15050.0,True,15750.0,1150.0
"Nov 10, 2025",Jawa Barat,12,14850.0,True,15750.0,1150.0
"Nov 10, 2025",DKI Jakarta,13,16300.0,True,15750.0,1150.0
"Nov 10, 2025",Jawa Tengah,14,15050.0,True,15750.0,1150.0
"Nov 10, 2025",DI Yogyakarta,15,14200.0,True,15750.0,1150.0
"Nov 10, 2025",Jawa Timur,16,14650.0,True,15750.0,1150.0
"Nov 10, 2025",Bali,17,15300.0,True,15750.0,1150.0
"Nov 10, 2025",Nusa Tenggara Barat,18,13900.0,True,15750.0,1150.0
"Nov 10, 2025",Nusa Tenggara Timur,19,15350.0,True,15750.0,1150.0
"Nov 10, 2025",Kalimantan Barat,20,16400.0,True,15750.0,1150.0
"Nov 10, 2025",Kalimantan Selatan,21,17450.0,True,15750.0,1150.0
"Nov 10, 2025",Kalimantan Tengah,22,17550.0,True,15750.0,1150.0
"Nov 10, 2025",Kalimantan Timur,23,16350.0,True,15750.0,1150.0
"Nov 10, 2025",Kalimantan Utara,24,17250.0,True,15750.0,1150.0
"Nov 10, 2025",Gorontalo,25,16250.0,True,15750.0,1150.0
"Nov 10, 2025",Sulawesi Selatan,26,14150.0,True,15750.0,1150.0
"Nov 10, 2025",Sulawesi Tenggara,27,15600.0,True,15750.0,1150.0
"Nov 10, 2025",Sulawesi Tengah,28,15600.0,True,15750.0,1150.0
"Nov 10, 2025",Sulawesi Utara,29,15900.0,True,15750.0,1150.0
"Nov 10, 2025",Sulawesi Barat,30,14400.0,True,15750.0,1150.0
"Nov 10, 2025",Maluku,31,16850.0,True,15750.0,1150.0
"Nov 10, 2025",Maluku Utara,32,17200.0,True,15750.0,1150.0
"Nov 10, 2025",Papua,33,18950.0,True,15750.0,1150.0
"Nov 10, 2025",Papua Barat,34,16900.0,True,15750.0,1150.0
"Nov 11, 2025",Aceh,1,14450.0,True,15750.0,1150.0
"Nov 11, 2025",Sumatera Utara,2,14550.0,True,15750.0,1150.0
"Nov 11, 2025",Sumatera Barat,3,17050.0,True,15750.0,1150.0
"Nov 11, 2025",Riau,4,16300.0,True,15750.0,1150.0
"Nov 11, 2025",Kepulauan Riau,5,14950.0,True,15750.0,1150.0
"Nov 11, 2025",Jambi,6,15400.0,True,15750.0,1150.0
"Nov 11, 2025",Bengkulu,7,15300.0,True,15750.0,1150.0
"Nov 11, 2025",Sumatera Selatan,8,15500.0,True,15750.0,1150.0
"Nov 11, 2025",Kepulauan Bangka Belitung,9,15300.0,True,15750.0,1150.0
"Nov 11, 2025",Lampung,10,14800.0,True,15750.0,1150.0
"Nov 11, 2025",Banten,11,15050.0,True,15750.0,1150.0
"Nov 11, 2025",Jawa Barat,12,14850.0,True,15750.0,1150.0
"Nov 11, 2025",DKI Jakarta,13,16300.0,True,15750.0,1150.0
"Nov 11, 2025",Jawa Tengah,14,15050.0,True,15750.0,1150.0
"Nov 11, 2025",DI Yogyakarta,15,14200.0,True,15750.0,1150.0
"Nov 11, 2025",Jawa Timur,16,14650.0,True,15750.0,1150.0
"Nov 11, 2025",Bali,17,15400.0,True,15750.0,1150.0
"Nov 11, 2025",Nusa Tenggara Barat,18,13900.0,True,15750.0,1150.0
"Nov 11, 2025",Nusa Tenggara Timur,19,15350.0,True,15750.0,1150.0
"Nov 11, 2025",Kalimantan Barat,20,16500.0,True,15750.0,1150.0
"Nov 11, 2025",Kalimantan Selatan,21,17450.0,True,15750.0,1150.0
"Nov 11, 2025",Kalimantan Tengah,22,17550.0,True,15750.0,1150.0
"Nov 11, 2025",Kalimantan Timur,23,16350.0,True,15750.0,1150.0
"Nov 11, 2025",Kalimantan Utara,24,17250.0,True,15750.0,1150.0
"Nov 11, 2025",Gorontalo,25,16000.0,True,15750.0,1150.0
"Nov 11, 2025",Sulawesi Selatan,26,14150.0,True,15750.0,1150.0
"Nov 11, 2025",Sulawesi Tenggara,27,15600.0,True,15750.0,1150.0
"Nov 11, 2025",Sulawesi Tengah,28,15600.0,True,15750.0,1150.0
"Nov 11, 2025",Sulawesi Utara,29,15900.0,True,15750.0,1150.0
"Nov 11, 2025",Sulawesi Barat,30,14400.0,True,15750.0,1150.0
"Nov 11, 2025",Maluku,31,16850.0,True,15750.0,1150.0
"Nov 11, 2025",Maluku Utara,32,17200.0,True,15750.0,1150.0
"Nov 11, 2025",Papua,33,18950.0,True,15750.0,1150.0
"Nov 11, 2025",Papua Barat,34,16900.0,True,15750.0,1150.0
"Nov 12, 2025",Aceh,1,14450.0,True,15750.0,1150.0
"Nov 12, 2025",Sumatera Utara,2,14550.0,True,15750.0,1150.0
"Nov 12, 2025",Sumatera Barat,3,17050.0,True,15750.0,1150.0
"Nov 12, 2025",Riau,4,16300.0,True,15750.0,1150.0
"Nov 12, 2025",Kepulauan Riau,5,14950.0,True,15750.0,1150.0
"Nov 12, 2025",Jambi,6,15400.0,True,15750.0,1150.0
"Nov 12, 2025",Bengkulu,7,15500.0,True,15750.0,1150.0
"Nov 12, 2025",Sumatera Selatan,8,15500.0,True,15750.0,1150.0
"Nov 12, 2025",Kepulauan Bangka Belitung,9,15300.0,True,15750.0,1150.0
"Nov 12, 2025",Lampung,10,14750.0,True,15750.0,1150.0
"Nov 12, 2025",Banten,11,15050.0,True,15750.0,1150.0
"Nov 12, 2025",Jawa Barat,12,14850.0,True,15750.0,1150.0
"Nov 12, 2025",DKI Jakarta,13,16300.0,True,15750.0,1150.0
"Nov 12, 2025",Jawa Tengah,14,15050.0,True,15750.0,1150.0
"Nov 12, 2025",DI Yogyakarta,15,14200.0,True,15750.0,1150.0
"Nov 12, 2025",Jawa Timur,16,14650.0,True,15750.0,1150.0
"Nov 12, 2025",Bali,17,15400.0,True,15750.0,1150.0
"Nov 12, 2025",Nusa Tenggara Barat,18,13900.0,True,15750.0,1150.0
"Nov 12, 2025",Nusa Tenggara Timur,19,15350.0,True,15750.0,1150.0
"Nov 12, 2025",Kalimantan Barat,20,16550.0,True,15750.0,1150.0
"Nov 12, 2025",Kalimantan Selatan,21,17450.0,True,15750.0,1150.0
"Nov 12, 2025",Kalimantan Tengah,22,17600.0,True,15750.0,1150.0
"Nov 12, 2025",Kalimantan Timur,23,16350.0,True,15750.0,1150.0
"Nov 12, 2025",Kalimantan Utara,24,17250.0,True,15750.0,1150.0
"Nov 12, 2025",Gorontalo,25,16000.0,True,15750.0,1150.0
"Nov 12, 2025",Sulawesi Selatan,26,14150.0,True,15750.0,1150.0
"Nov 12, 2025",Sulawesi Tenggara,27,15600.0,True,15750.0,1150.0
"Nov 12, 2025",Sulawesi Tengah,28,15600.0,True,15750.0,1150.0
"Nov 12, 2025",Sulawesi Utara,29,15900.0,True,15750.0,1150.0
"Nov 12, 2025",Sulawesi Barat,30,14350.0,True,15750.0,1150.0
"Nov 12, 2025",Maluku,31,16850.0,True,15750.0,1150.0
"Nov 12, 2025",Maluku Utara,32,17200.0,True,15750.0,1150.0
"Nov 12, 2025",Papua,33,18950.0,True,15750.0,1150.0
"Nov 12, 2025",Papua Barat,34,16900.0,True,15750.0,1150.0
"Nov 13, 2025",Aceh,1,14450.0,True,15750.0,1150.0
"Nov 13, 2025",Sumatera Utara,2,14550.0,True,15750.0,1150.0
"Nov 13, 2025",Sumatera Barat,3,17050.0,True,15750.0,1150.0
"Nov 13, 2025",Riau,4,16300.0,True,15750.0,1150.0
"Nov 13, 2025",Kepulauan Riau,5,14950.0,True,15750.0,1150.0
"Nov 13, 2025",Jambi,6,15400.0,True,15750.0,1150.0
"Nov 13, 2025",Bengkulu,7,15500.0,True,15750.0,1150.0
"Nov 13, 2025",Sumatera Selatan,8,15500.0,True,15750.0,1150.0
"Nov 13, 2025",Kepulauan Bangka Belitung,9,15300.0,True,15750.0,1150.0
"Nov 13, 2025",Lampung,10,14750.0,True,15750.0,1150.0
"Nov 13, 2025",Banten,11,15050.0,True,15750.0,1150.0
"Nov 13, 2025",Jawa Barat,12,14800.0,True,15750.0,1150.0
"Nov 13, 2025",DKI Jakarta,13,16300.0,True,15750.0,1150.0
"Nov 13, 2025",Jawa Tengah,14,15050.0,True,15750.0,1150.0
"Nov 13, 2025",DI Yogyakarta,15,14200.0,True,15750.0,1150.0
"Nov 13, 2025",Jawa Timur,16,14650.0,True,15750.0,1150.0
"Nov 13, 2025",Bali,17,15400.0,True,15750.0,1150.0
"Nov 13, 2025",Nusa Tenggara Barat,18,13900.0,True,15750.0,1150.0
"Nov 13, 2025",Nusa Tenggara Timur,19,15350.0,True,15750.0,1150.0
"Nov 13, 2025",Kalimantan Barat,20,16550.0,True,15750.0,1150.0
"Nov 13, 2025",Kalimantan Selatan,21,17450.0,True,15750.0,1150.0
"Nov 13, 2025",Kalimantan Tengah,22,17600.0,True,15750.0,1150.0
"Nov 13, 2025",Kalimantan Timur,23,16300.0,True,15750.0,1150.0
"Nov 13, 2025",Kalimantan Utara,24,17200.0,True,15750.0,1150.0
"Nov 13, 2025",Gorontalo,25,16000.0,True,15750.0,1150.0
"Nov 13, 2025",Sulawesi Selatan,26,14150.0,True,15750.0,1150.0
"Nov 13, 2025",Sulawesi Tenggara,27,15600.0,True,15750.0,1150.0
"Nov 13, 2025",Sulawesi Tengah,28,15600.0,True,15750.0,1150.0
"Nov 13, 2025",Sulawesi Utara,29,15850.0,True,15750.0,1150.0
"Nov 13, 2025",Sulawesi Barat,30,14350.0,True,15750.0,1150.0
"Nov 13, 2025",Maluku,31,16850.0,True,15750.0,1150.0
"Nov 13, 2025",Maluku Utara,32,17200.0,True,15750.0,1150.0
"Nov 13, 2025",Papua,33,18950.0,True,15750.0,1150.0
"Nov 13, 2025",Papua Barat,34,16900.0,True,15750.0,1150.0
"Nov 14, 2025",Aceh,1,14500.0,True,15750.0,1150.0
"Nov 14, 2025",Sumatera Utara,2,14550.0,True,15750.0,1150.0
"Nov 14, 2025",Sumatera Barat,3,17050.0,True,15750.0,1150.0
"Nov 14, 2025",Riau,4,16300.0,True,15750.0,1150.0
"Nov 14, 2025",Kepulauan Riau,5,15000.0,True,15750.0,1150.0
"Nov 14, 2025",Jambi,6,15400.0,True,15750.0,1150.0
"Nov 14, 2025",Bengkulu,7,15300.0,True,15750.0,1150.0
"Nov 14, 2025",Sumatera Selatan,8,15500.0,True,15750.0,1150.0
"Nov 14, 2025",Kepulauan Bangka Belitung,9,15300.0,True,15750.0,1150.0
"Nov 14, 2025",Lampung,10,14750.0,True,15750.0,1150.0
"Nov 14, 2025",Banten,11,15050.0,True,15750.0,1150.0
"Nov 14, 2025",Jawa Barat,12,14800.0,True,15750.0,1150.0
"Nov 14, 2025",DKI Jakarta,13,16300.0,True,15750.0,1150.0
"Nov 14, 2025",Jawa Tengah,14,15050.0,True,15750.0,1150.0
"Nov 14, 2025",DI Yogyakarta,15,14200.0,True,15750.0,1150.0
"Nov 14, 2025",Jawa Timur,16,14650.0,True,15750.0,1150.0
"Nov 14, 2025",Bali,17,15400.0,True,15750.0,1150.0
"Nov 14, 2025",Nusa Tenggara Barat,18,13900.0,True,15750.0,1150.0
"Nov 14, 2025",Nusa Tenggara Timur,19,15350.0,True,15750.0,1150.0
"Nov 14, 2025",Kalimantan Barat,20,16550.0,True,15750.0,1150.0
"Nov 14, 2025",Kalimantan Selatan,21,17450.0,True,15750.0,1150.0
"Nov 14, 2025",Kalimantan Tengah,22,17600.0,True,15750.0,1150.0
"Nov 14, 2025",Kalimantan Timur,23,16300.0,True,15750.0,1150.0
"Nov 14, 2025",Kalimantan Utara,24,17250.0,True,15750.0,1150.0
"Nov 14, 2025",Gorontalo,25,16000.0,True,15750.0,1150.0
"Nov 14, 2025",Sulawesi Selatan,26,14150.0,True,15750.0,1150.0
"Nov 14, 2025",Sulawesi Tenggara,27,15600.0,True,15750.0,1150.0
"Nov 14, 2025",Sulawesi Tengah,28,15600.0,True,15750.0,1150.0
"Nov 14, 2025",Sulawesi Utara,29,15850.0,True,15750.0,1150.0
"Nov 14, 2025",Sulawesi Barat,30,14350.0,True,15750.0,1150.0
"Nov 14, 2025",Maluku,31,16850.0,True,15750.0,1150.0
"Nov 14, 2025",Maluku Utara,32,17200.0,True,15750.0,1150.0
"Nov 14, 2025",Papua,33,18950.0,True,15750.0,1150.0
"Nov 14, 2025",Papua Barat,34,16900.0,True,15750.0,1150.0
"Nov 15, 2025",Aceh,1,14500.0,True,15750.0,1150.0
"Nov 15, 2025",Sumatera Utara,2,14550.0,True,15750.0,1150.0
"Nov 15, 2025",Sumatera Barat,3,17050.0,True,15750.0,1150.0
"Nov 15, 2025",Riau,4,16300.0,True,15750.0,1150.0
"Nov 15, 2025",Kepulauan Riau,5,15000.0,True,15750.0,1150.0
"Nov 15, 2025",Jambi,6,15400.0,True,15750.0,1150.0
"Nov 15, 2025",Bengkulu,7,15300.0,True,15750.0,1150.0
"Nov 15, 2025",Sumatera Selatan,8,15500.0,True,15750.0,1150.0
"Nov 15, 2025",Kepulauan Bangka Belitung,9,15300.0,True,15750.0,1150.0
"Nov 15, 2025",Lampung,10,14750.0,True,15750.0,1150.0
"Nov 15, 2025",Banten,11,15050.0,True,15750.0,1150.0
"Nov 15, 2025",Jawa Barat,12,14800.0,True,15750.0,1150.0
"Nov 15, 2025",DKI Jakarta,13,16300.0,True,15750.0,1150.0
"Nov 15, 2025",Jawa Tengah,14,15050.0,True,15750.0,1150.0
"Nov 15, 2025",DI Yogyakarta,15,14200.0,True,15750.0,1150.0
"Nov 15, 2025",Jawa Timur,16,14650.0,True,15750.0,1150.0
"Nov 15, 2025",Bali,17,15400.0,True,15750.0,1150.0
"Nov 15, 2025",Nusa Tenggara Barat,18,13900.0,True,15750.0,1150.0
"Nov 15, 2025",Nusa Tenggara Timur,19,15350.0,True,15750.0,1150.0
"Nov 15, 2025",Kalimantan Barat,20,16550.0,True,15750.0,1150.0
"Nov 15, 2025",Kalimantan Selatan,21,17450.0,True,15750.0,1150.0
"Nov 15, 2025",Kalimantan Tengah,22,17600.0,True,15750.0,1150.0
"Nov 15, 2025",Kalimantan Timur,23,16300.0,True,15750.0,1150.0
"Nov 15, 2025",Kalimantan Utara,24,17250.0,True,15750.0,1150.0
"Nov 15, 2025",Gorontalo,25,16000.0,True,15750.0,1150.0
"Nov 15, 2025",Sulawesi Selatan,26,14150.0,True,15750.0,1150.0
"Nov 15, 2025",Sulawesi Tenggara,27,15600.0,True,15750.0,1150.0
"Nov 15, 2025",Sulawesi Tengah,28,15600.0,True,15750.0,1150.0
"Nov 15, 2025",Sulawesi Utara,29,15850.0,True,15750.0,1150.0
"Nov 15, 2025",Sulawesi Barat,30,14350.0,True,15750.0,1150.0
"Nov 15, 2025",Maluku,31,16850.0,True,15750.0,1150.0
"Nov 15, 2025",Maluku Utara,32,17200.0,True,15750.0,1150.0
"Nov 15, 2025",Papua,33,18950.0,True,15750.0,1150.0
"Nov 15, 2025",Papua Barat,34,16900.0,True,15750.0,1150.0
"Nov 16, 2025",Aceh,1,14500.0,True,15750.0,1150.0
"Nov 16, 2025",Sumatera Utara,2,14550.0,True,15750.0,1150.0
"Nov 16, 2025",Sumatera Barat,3,17050.0,True,15750.0,1150.0
"Nov 16, 2025",Riau,4,16300.0,True,15750.0,1150.0
"Nov 16, 2025",Kepulauan Riau,5,15000.0,True,15750.0,1150.0
"Nov 16, 2025",Jambi,6,15400.0,True,15750.0,1150.0
"Nov 16, 2025",Bengkulu,7,15300.0,True,15750.0,1150.0
"Nov 16, 2025",Sumatera Selatan,8,15500.0,True,15750.0,1150.0
"Nov 16, 2025",Kepulauan Bangka Belitung,9,15300.0,True,15750.0,1150.0
"Nov 16, 2025",Lampung,10,14750.0,True,15750.0,1150.0
"Nov 16, 2025",Banten,11,15050.0,True,15750.0,1150.0
"Nov 16, 2025",Jawa Barat,12,14800.0,True,15750.0,1150.0
"Nov 16, 2025",DKI Jakarta,13,16300.0,True,15750.0,1150.0
"Nov 16, 2025",Jawa Tengah,14,15050.0,True,15750.0,1150.0
"Nov 16, 2025",DI Yogyakarta,15,14200.0,True,15750.0,1150.0
"Nov 16, 2025",Jawa Timur,16,14650.0,True,15750.0,1150.0
"Nov 16, 2025",Bali,17,15400.0,True,15750.0,1150.0
"Nov 16, 2025",Nusa Tenggara Barat,18,13900.0,True,15750.0,1150.0
"Nov 16, 2025",Nusa Tenggara Timur,19,15350.0,True,15750.0,1150.0
"Nov 16, 2025",Kalimantan Barat,20,16550.0,True,15750.0,1150.0
"Nov 16, 2025",Kalimantan Selatan,21,17450.0,True,15750.0,1150.0
"Nov 16, 2025",Kalimantan Tengah,22,17600.0,True,15750.0,1150.0
"Nov 16, 2025",Kalimantan Timur,23,16300.0,True,15750.0,1150.0
"Nov 16, 2025",Kalimantan Utara,24,17250.0,True,15750.0,1150.0
"Nov 16, 2025",Gorontalo,25,16000.0,True,15750.0,1150.0
"Nov 16, 2025",Sulawesi Selatan,26,14150.0,True,15750.0,1150.0
"Nov 16, 2025",Sulawesi Tenggara,27,15600.0,True,15750.0,1150.0
"Nov 16, 2025",Sulawesi Tengah,28,15600.0,True,15750.0,1150.0
"Nov 16, 2025",Sulawesi Utara,29,15850.0,True,15750.0,1150.0
"Nov 16, 2025",Sulawesi Barat,30,14350.0,True,15750.0,1150.0
"Nov 16, 2025",Maluku,31,16850.0,True,15750.0,1150.0
"Nov 16, 2025",Maluku Utara,32,17200.0,True,15750.0,1150.0
"Nov 16, 2025",Papua,33,18950.0,True,15750.0,1150.0
"Nov 16, 2025",Papua Barat,34,16900.0,True,15750.0,1150.0
"Nov 17, 2025",Aceh,1,14500.0,True,15750.0,1150.0
"Nov 17, 2025",Sumatera Utara,2,14500.0,True,15750.0,1150.0
"Nov 17, 2025",Sumatera Barat,3,17050.0,True,15750.0,1150.0
"Nov 17, 2025",Riau,4,16300.0,True,15750.0,1150.0
"Nov 17, 2025",Kepulauan Riau,5,14950.0,True,15750.0,1150.0
"Nov 17, 2025",Jambi,6,15400.0,True,15750.0,1150.0
"Nov 17, 2025",Bengkulu,7,15500.0,True,15750.0,1150.0
"Nov 17, 2025",Sumatera Selatan,8,15500.0,True,15750.0,1150.0
"Nov 17, 2025",Kepulauan Bangka Belitung,9,15300.0,True,15750.0,1150.0
"Nov 17, 2025",Lampung,10,14750.0,True,15750.0,1150.0
"Nov 17, 2025",Banten,11,14950.0,True,15750.0,1150.0
"Nov 17, 2025",Jawa Barat,12,14800.0,True,15750.0,1150.0
"Nov 17, 2025",DKI Jakarta,13,16300.0,True,15750.0,1150.0
"Nov 17, 2025",Jawa Tengah,14,15050.0,True,15750.0,1150.0
"Nov 17, 2025",DI Yogyakarta,15,14200.0,True,15750.0,1150.0
"Nov 17, 2025",Jawa Timur,16,14600.0,True,15750.0,1150.0
"Nov 17, 2025",Bali,17,15400.0,True,15750.0,1150.0
"Nov 17, 2025",Nusa Tenggara Barat,18,13900.0,True,15750.0,1150.0
"Nov 17, 2025",Nusa Tenggara Timur,19,15350.0,True,15750.0,1150.0
"Nov 17, 2025",Kalimantan Barat,20,16550.0,True,15750.0,1150.0
"Nov 17, 2025",Kalimantan Selatan,21,17450.0,True,15750.0,1150.0
"Nov 17, 2025",Kalimantan Tengah,22,17600.0,True,15750.0,1150.0
"Nov 17, 2025",Kalimantan Timur,23,16300.0,True,15750.0,1150.0
"Nov 17, 2025",Kalimantan Utara,24,17250.0,True,15750.0,1150.0
"Nov 17, 2025",Gorontalo,25,16000.0,True,15750.0,1150.0
"Nov 17, 2025",Sulawesi Selatan,26,14150.0,True,15750.0,1150.0
"Nov 17, 2025",Sulawesi Tenggara,27,15600.0,True,15750.0,1150.0
"Nov 17, 2025",Sulawesi Tengah,28,15600.0,True,15750.0,1150.0
"Nov 17, 2025",Sulawesi Utara,29,15850.0,True,15750.0,1150.0
"Nov 17, 2025",Sulawesi Barat,30,14350.0,True,15750.0,1150.0
"Nov 17, 2025",Maluku,31,16800.0,True,15750.0,1150.0
"Nov 17, 2025",Maluku Utara,32,17200.0,True,15750.0,1150.0
"Nov 17, 2025",Papua,33,18950.0,True,15750.0,1150.0
"Nov 17, 2025",Papua Barat,34,16850.0,True,15750.0,1150.0
"Nov 18, 2025",Aceh,1,14500.0,True,15700.0,1150.0
"Nov 18, 2025",Sumatera Utara,2,14500.0,True,15700.0,1150.0
"Nov 18, 2025",Sumatera Barat,3,17050.0,True,15700.0,1150.0
"Nov 18, 2025",Riau,4,16300.0,True,15700.0,1150.0
"Nov 18, 2025",Kepulauan Riau,5,14950.0,True,15700.0,1150.0
"Nov 18, 2025",Jambi,6,15400.0,True,15700.0,1150.0
"Nov 18, 2025",Bengkulu,7,15500.0,True,15700.0,1150.0
"Nov 18, 2025",Sumatera Selatan,8,15500.0,True,15700.0,1150.0
"Nov 18, 2025",Kepulauan Bangka Belitung,9,15300.0,True,15700.0,1150.0
"Nov 18, 2025",Lampung,10,14700.0,True,15700.0,1150.0
"Nov 18, 2025",Banten,11,14950.0,True,15700.0,1150.0
"Nov 18, 2025",Jawa Barat,12,14800.0,True,15700.0,1150.0
"Nov 18, 2025",DKI Jakarta,13,16300.0,True,15700.0,1150.0
"Nov 18, 2025",Jawa Tengah,14,15050.0,True,15700.0,1150.0
"Nov 18, 2025",DI Yogyakarta,15,14200.0,True,15700.0,1150.0
"Nov 18, 2025",Jawa Timur,16,14600.0,True,15700.0,1150.0
"Nov 18, 2025",Bali,17,15400.0,True,15700.0,1150.0
"Nov 18, 2025",Nusa Tenggara Barat,18,13900.0,True,15700.0,1150.0
"Nov 18, 2025",Nusa Tenggara Timur,19,15350.0,True,15700.0,1150.0
"Nov 18, 2025",Kalimantan Barat,20,16550.0,True,15700.0,1150.0
"Nov 18, 2025",Kalimantan Selatan,21,17450.0,True,15700.0,1150.0
"Nov 18, 2025",Kalimantan Tengah,22,17600.0,True,15700.0,1150.0
"Nov 18, 2025",Kalimantan Timur,23,16300.0,True,15700.0,1150.0
"Nov 18, 2025",Kalimantan Utara,24,17250.0,True,15700.0,1150.0
"Nov 18, 2025",Gorontalo,25,15900.0,True,15700.0,1150.0
"Nov 18, 2025",Sulawesi Selatan,26,14150.0,True,15700.0,1150.0
"Nov 18, 2025",Sulawesi Tenggara,27,15600.0,True,15700.0,1150.0
"Nov 18, 2025",Sulawesi Tengah,28,15600.0,True,15700.0,1150.0
"Nov 18, 2025",Sulawesi Utara,29,15850.0,True,15700.0,1150.0
"Nov 18, 2025",Sulawesi Barat,30,14350.0,True,15700.0,1150.0
"Nov 18, 2025",Maluku,31,16750.0,True,15700.0,1150.0
"Nov 18, 2025",Maluku Utara,32,17200.0,True,15700.0,1150.0
"Nov 18, 2025",Papua,33,18950.0,True,15700.0,1150.0
"Nov 18, 2025",Papua Barat,34,16850.0,True,15700.0,1150.0
"Nov 19, 2025",Aceh,1,14500.0,True,15700.0,1150.0
"Nov 19, 2025",Sumatera Utara,2,14550.0,True,15700.0,1150.0
"Nov 19, 2025",Sumatera Barat,3,17050.0,True,15700.0,1150.0
"Nov 19, 2025",Riau,4,16300.0,True,15700.0,1150.0
"Nov 19, 2025",Kepulauan Riau,5,14950.0,True,15700.0,1150.0
"Nov 19, 2025",Jambi,6,15400.0,True,15700.0,1150.0
"Nov 19, 2025",Bengkulu,7,15500.0,True,15700.0,1150.0
"Nov 19, 2025",Sumatera Selatan,8,15500.0,True,15700.0,1150.0
"Nov 19, 2025",Kepulauan Bangka Belitung,9,15300.0,True,15700.0,1150.0
"Nov 19, 2025",Lampung,10,14700.0,True,15700.0,1150.0
"Nov 19, 2025",Banten,11,14950.0,True,15700.0,1150.0
"Nov 19, 2025",Jawa Barat,12,14800.0,True,15700.0,1150.0
"Nov 19, 2025",DKI Jakarta,13,16300.0,True,15700.0,1150.0
"Nov 19, 2025",Jawa Tengah,14,15050.0,True,15700.0,1150.0
"Nov 19, 2025",DI Yogyakarta,15,14200.0,True,15700.0,1150.0
"Nov 19, 2025",Jawa Timur,16,14600.0,True,15700.0,1150.0
"Nov 19, 2025",Bali,17,15400.0,True,15700.0,1150.0
"Nov 19, 2025",Nusa Tenggara Barat,18,13900.0,True,15700.0,1150.0
"Nov 19, 2025",Nusa Tenggara Timur,19,15350.0,True,15700.0,1150.0
"Nov 19, 2025",Kalimantan Barat,20,16550.0,True,15700.0,1150.0
"Nov 19, 2025",Kalimantan Selatan,21,17450.0,True,15700.0,1150.0
"Nov 19, 2025",Kalimantan Tengah,22,17600.0,True,15700.0,1150.0
"Nov 19, 2025",Kalimantan Timur,23,16300.0,True,15700.0,1150.0
"Nov 19, 2025",Kalimantan Utara,24,17250.0,True,15700.0,1150.0
"Nov 19, 2025",Gorontalo,25,15800.0,True,15700.0,1150.0
"Nov 19, 2025",Sulawesi Selatan,26,14150.0,True,15700.0,1150.0
"Nov 19, 2025",Sulawesi Tenggara,27,15600.0,True,15700.0,1150.0
"Nov 19, 2025",Sulawesi Tengah,28,15500.0,True,15700.0,1150.0
"Nov 19, 2025",Sulawesi Utara,29,15850.0,True,15700.0,1150.0
"Nov 19, 2025",Sulawesi Barat,30,14350.0,True,15700.0,1150.0
"Nov 19, 2025",Maluku,31,16700.0,True,15700.0,1150.0
"Nov 19, 2025",Maluku Utara,32,17200.0,True,15700.0,1150.0
"Nov 19, 2025",Papua,33,18950.0,True,15700.0,1150.0
"Nov 19, 2025",Papua Barat,34,16850.0,True,15700.0,1150.0
"Nov 20, 2025",Aceh,1,14500.0,True,15700.0,1150.0
"Nov 20, 2025",Sumatera Utara,2,14550.0,True,15700.0,1150.0
"Nov 20, 2025",Sumatera Barat,3,17050.0,True,15700.0,1150.0
"Nov 20, 2025",Riau,4,16300.0,True,15700.0,1150.0
"Nov 20, 2025",Kepulauan Riau,5,14950.0,True,15700.0,1150.0
"Nov 20, 2025",Jambi,6,15400.0,True,15700.0,1150.0
"Nov 20, 2025",Bengkulu,7,15500.0,True,15700.0,1150.0
"Nov 20, 2025",Sumatera Selatan,8,15500.0,True,15700.0,1150.0
"Nov 20, 2025",Kepulauan Bangka Belitung,9,15300.0,True,15700.0,1150.0
"Nov 20, 2025",Lampung,10,14700.0,True,15700.0,1150.0
"Nov 20, 2025",Banten,11,14950.0,True,15700.0,1150.0
"Nov 20, 2025",Jawa Barat,12,14800.0,True,15700.0,1150.0
"Nov 20, 2025",DKI Jakarta,13,16300.0,True,15700.0,1150.0
"Nov 20, 2025",Jawa Tengah,14,15050.0,True,15700.0,1150.0
"Nov 20, 2025",DI Yogyakarta,15,14200.0,True,15700.0,1150.0
"Nov 20, 2025",Jawa Timur,16,14600.0,True,15700.0,1150.0
"Nov 20, 2025",Bali,17,15400.0,True,15700.0,1150.0
"Nov 20, 2025",Nusa Tenggara Barat,18,13900.0,True,15700.0,1150.0
"Nov 20, 2025",Nusa Tenggara Timur,19,15350.0,True,15700.0,1150.0
"Nov 20, 2025",Kalimantan Barat,20,16550.0,True,15700.0,1150.0
"Nov 20, 2025",Kalimantan Selatan,21,17450.0,True,15700.0,1150.0
"Nov 20, 2025",Kalimantan Tengah,22,17600.0,True,15700.0,1150.0
"Nov 20, 2025",Kalimantan Timur,23,16300.0,True,15700.0,1150.0
"Nov 20, 2025",Kalimantan Utara,24,17250.0,True,15700.0,1150.0
"Nov 20, 2025",Gorontalo,25,15800.0,True,15700.0,1150.0
"Nov 20, 2025",Sulawesi Selatan,26,14150.0,True,15700.0,1150.0
"Nov 20, 2025",Sulawesi Tenggara,27,15600.0,True,15700.0,1150.0
"Nov 20, 2025",Sulawesi Tengah,28,15500.0,True,15700.0,1150.0
"Nov 20, 2025",Sulawesi Utara,29,15600.0,True,15700.0,1150.0
"Nov 20, 2025",Sulawesi Barat,30,14350.0,True,15700.0,1150.0
"Nov 20, 2025",Maluku,31,16700.0,True,15700.0,1150.0
"Nov 20, 2025",Maluku Utara,32,17200.0,True,15700.0,1150.0
"Nov 20, 2025",Papua,33,18950.0,True,15700.0,1150.0
"Nov 20, 2025",Papua Barat,34,16850.0,True,15700.0,1150.0
"Nov 21, 2025",Aceh,1,14500.0,True,15700.0,1150.0
"Nov 21, 2025",Sumatera Utara,2,14550.0,True,15700.0,1150.0
"Nov 21, 2025",Sumatera Barat,3,17050.0,True,15700.0,1150.0
"Nov 21, 2025",Riau,4,16300.0,True,15700.0,1150.0
"Nov 21, 2025",Kepulauan Riau,5,14950.0,True,15700.0,1150.0
"Nov 21, 2025",Jambi,6,15400.0,True,15700.0,1150.0
"Nov 21, 2025",Bengkulu,7,15500.0,True,15700.0,1150.0
"Nov 21, 2025",Sumatera Selatan,8,15500.0,True,15700.0,1150.0
"Nov 21, 2025",Kepulauan Bangka Belitung,9,15300.0,True,15700.0,1150.0
"Nov 21, 2025",Lampung,10,14700.0,True,15700.0,1150.0
"Nov 21, 2025",Banten,11,14950.0,True,15700.0,1150.0
"Nov 21, 2025",Jawa Barat,12,14800.0,True,15700.0,1150.0
"Nov 21, 2025",DKI Jakarta,13,16300.0,True,15700.0,1150.0
"Nov 21, 2025",Jawa Tengah,14,15050.0,True,15700.0,1150.0
"Nov 21, 2025",DI Yogyakarta,15,14200.0,True,15700.0,1150.0
"Nov 21, 2025",Jawa Timur,16,14600.0,True,15700.0,1150.0
"Nov 21, 2025",Bali,17,15400.0,True,15700.0,1150.0
"Nov 21, 2025",Nusa Tenggara Barat,18,13900.0,True,15700.0,1150.0
"Nov 21, 2025",Nusa Tenggara Timur,19,15350.0,True,15700.0,1150.0
"Nov 21, 2025",Kalimantan Barat,20,16550.0,True,15700.0,1150.0
"Nov 21, 2025",Kalimantan Selatan,21,17450.0,True,15700.0,1150.0
"Nov 21, 2025",Kalimantan Tengah,22,17600.0,True,15700.0,1150.0
"Nov 21, 2025",Kalimantan Timur,23,16300.0,True,15700.0,1150.0
"Nov 21, 2025",Kalimantan Utara,24,17250.0,True,15700.0,1150.0
"Nov 21, 2025",Gorontalo,25,15650.0,True,15700.0,1150.0
"Nov 21, 2025",Sulawesi Selatan,26,14100.0,True,15700.0,1150.0
"Nov 21, 2025",Sulawesi Tenggara,27,15600.0,True,15700.0,1150.0
"Nov 21, 2025",Sulawesi Tengah,28,15500.0,True,15700.0,1150.0
"Nov 21, 2025",Sulawesi Utara,29,15550.0,True,15700.0,1150.0
"Nov 21, 2025",Sulawesi Barat,30,14350.0,True,15700.0,1150.0
"Nov 21, 2025",Maluku,31,16700.0,True,15700.0,1150.0
"Nov 21, 2025",Maluku Utara,32,17200.0,True,15700.0,1150.0
"Nov 21, 2025",Papua,33,18950.0,True,15700.0,1150.0
"Nov 21, 2025",Papua Barat,34,16850.0,True,15700.0,1150.0
"Nov 22, 2025",Aceh,1,14500.0,True,15700.0,1150.0
"Nov 22, 2025",Sumatera Utara,2,14550.0,True,15700.0,1150.0
"Nov 22, 2025",Sumatera Barat,3,17050.0,True,15700.0,1150.0
"Nov 22, 2025",Riau,4,16300.0,True,15700.0,1150.0
"Nov 22, 2025",Kepulauan Riau,5,14950.0,True,15700.0,1150.0
"Nov 22, 2025",Jambi,6,15400.0,True,15700.0,1150.0
"Nov 22, 2025",Bengkulu,7,15500.0,True,15700.0,1150.0
"Nov 22, 2025",Sumatera Selatan,8,15500.0,True,15700.0,1150.0
"Nov 22, 2025",Kepulauan Bangka Belitung,9,15300.0,True,15700.0,1150.0
"Nov 22, 2025",Lampung,10,14700.0,True,15700.0,1150.0
"Nov 22, 2025",Banten,11,14950.0,True,15700.0,1150.0
"Nov 22, 2025",Jawa Barat,12,14800.0,True,15700.0,1150.0
"Nov 22, 2025",DKI Jakarta,13,16300.0,True,15700.0,1150.0
"Nov 22, 2025",Jawa Tengah,14,15050.0,True,15700.0,1150.0
"Nov 22, 2025",DI Yogyakarta,15,14200.0,True,15700.0,1150.0
"Nov 22, 2025",Jawa Timur,16,14600.0,True,15700.0,1150.0
"Nov 22, 2025",Bali,17,15400.0,True,15700.0,1150.0
"Nov 22, 2025",Nusa Tenggara Barat,18,13900.0,True,15700.0,1150.0
"Nov 22, 2025",Nusa Tenggara Timur,19,15350.0,True,15700.0,1150.0
"Nov 22, 2025",Kalimantan Barat,20,16550.0,True,15700.0,1150.0
"Nov 22, 2025",Kalimantan Selatan,21,17450.0,True,15700.0,1150.0
"Nov 22, 2025",Kalimantan Tengah,22,17600.0,True,15700.0,1150.0
"Nov 22, 2025",Kalimantan Timur,23,16300.0,True,15700.0,1150.0
"Nov 22, 2025",Kalimantan Utara,24,17250.0,True,15700.0,1150.0
"Nov 22, 2025",Gorontalo,25,15650.0,True,15700.0,1150.0
"Nov 22, 2025",Sulawesi Selatan,26,14100.0,True,15700.0,1150.0
"Nov 22, 2025",Sulawesi Tenggara,27,15600.0,True,15700.0,1150.0
"Nov 22, 2025",Sulawesi Tengah,28,15500.0,True,15700.0,1150.0
"Nov 22, 2025",Sulawesi Utara,29,15550.0,True,15700.0,1150.0
"Nov 22, 2025",Sulawesi Barat,30,14350.0,True,15700.0,1150.0
"Nov 22, 2025",Maluku,31,16700.0,True,15700.0,1150.0
"Nov 22, 2025",Maluku Utara,32,17200.0,True,15700.0,1150.0
"Nov 22, 2025",Papua,33,18950.0,True,15700.0,1150.0
"Nov 22, 2025",Papua Barat,34,16850.0,True,15700.0,1150.0
"Nov 23, 2025",Aceh,1,14500.0,True,15700.0,1150.0
"Nov 23, 2025",Sumatera Utara,2,14550.0,True,15700.0,1150.0
"Nov 23, 2025",Sumatera Barat,3,17050.0,True,15700.0,1150.0
"Nov 23, 2025",Riau,4,16300.0,True,15700.0,1150.0
"Nov 23, 2025",Kepulauan Riau,5,14950.0,True,15700.0,1150.0
"Nov 23, 2025",Jambi,6,15400.0,True,15700.0,1150.0
"Nov 23, 2025",Bengkulu,7,15500.0,True,15700.0,1150.0
"Nov 23, 2025",Sumatera Selatan,8,15500.0,True,15700.0,1150.0
"Nov 23, 2025",Kepulauan Bangka Belitung,9,15300.0,True,15700.0,1150.0
"Nov 23, 2025",Lampung,10,14700.0,True,15700.0,1150.0
"Nov 23, 2025",Banten,11,14950.0,True,15700.0,1150.0
"Nov 23, 2025",Jawa Barat,12,14800.0,True,15700.0,1150.0
"Nov 23, 2025",DKI Jakarta,13,16300.0,True,15700.0,1150.0
"Nov 23, 2025",Jawa Tengah,14,15050.0,True,15700.0,1150.0
"Nov 23, 2025",DI Yogyakarta,15,14200.0,True,15700.0,1150.0
"Nov 23, 2025",Jawa Timur,16,14600.0,True,15700.0,1150.0
"Nov 23, 2025",Bali,17,15400.0,True,15700.0,1150.0
"Nov 23, 2025",Nusa Tenggara Barat,18,13900.0,True,15700.0,1150.0
"Nov 23, 2025",Nusa Tenggara Timur,19,15350.0,True,15700.0,1150.0
"Nov 23, 2025",Kalimantan Barat,20,16550.0,True,15700.0,1150.0
"Nov 23, 2025",Kalimantan Selatan,21,17450.0,True,15700.0,1150.0
"Nov 23, 2025",Kalimantan Tengah,22,17600.0,True,15700.0,1150.0
"Nov 23, 2025",Kalimantan Timur,23,16300.0,True,15700.0,1150.0
"Nov 23, 2025",Kalimantan Utara,24,17250.0,True,15700.0,1150.0
"Nov 23, 2025",Gorontalo,25,15650.0,True,15700.0,1150.0
"Nov 23, 2025",Sulawesi Selatan,26,14100.0,True,15700.0,1150.0
"Nov 23, 2025",Sulawesi Tenggara,27,15600.0,True,15700.0,1150.0
"Nov 23, 2025",Sulawesi Tengah,28,15500.0,True,15700.0,1150.0
"Nov 23, 2025",Sulawesi Utara,29,15550.0,True,15700.0,1150.0
"Nov 23, 2025",Sulawesi Barat,30,14350.0,True,15700.0,1150.0
"Nov 23, 2025",Maluku,31,16700.0,True,15700.0,1150.0
"Nov 23, 2025",Maluku Utara,32,17200.0,True,15700.0,1150.0
"Nov 23, 2025",Papua,33,18950.0,True,15700.0,1150.0
"Nov 23, 2025",Papua Barat,34,16850.0,True,15700.0,1150.0
"Nov 24, 2025",Aceh,1,14500.0,True,15700.0,1150.0
"Nov 24, 2025",Sumatera Utara,2,14550.0,True,15700.0,1150.0
"Nov 24, 2025",Sumatera Barat,3,17050.0,True,15700.0,1150.0
"Nov 24, 2025",Riau,4,16300.0,True,15700.0,1150.0
"Nov 24, 2025",Kepulauan Riau,5,14950.0,True,15700.0,1150.0
"Nov 24, 2025",Jambi,6,15400.0,True,15700.0,1150.0
"Nov 24, 2025",Bengkulu,7,15500.0,True,15700.0,1150.0
"Nov 24, 2025",Sumatera Selatan,8,15450.0,True,15700.0,1150.0
"Nov 24, 2025",Kepulauan Bangka Belitung,9,15300.0,True,15700.0,1150.0
"Nov 24, 2025",Lampung,10,14700.0,True,15700.0,1150.0
"Nov 24, 2025",Banten,11,14950.0,True,15700.0,1150.0
"Nov 24, 2025",Jawa Barat,12,14800.0,True,15700.0,1150.0
"Nov 24, 2025",DKI Jakarta,13,16300.0,True,15700.0,1150.0
"Nov 24, 2025",Jawa Tengah,14,15050.0,True,15700.0,1150.0
"Nov 24, 2025",DI Yogyakarta,15,14200.0,True,15700.0,1150.0
"Nov 24, 2025",Jawa Timur,16,14600.0,True,15700.0,1150.0
"Nov 24, 2025",Bali,17,15400.0,True,15700.0,1150.0
"Nov 24, 2025",Nusa Tenggara Barat,18,13900.0,True,15700.0,1150.0
"Nov 24, 2025",Nusa Tenggara Timur,19,15350.0,True,15700.0,1150.0
"Nov 24, 2025",Kalimantan Barat,20,16550.0,True,15700.0,1150.0
"Nov 24, 2025",Kalimantan Selatan,21,17450.0,True,15700.0,1150.0
"Nov 24, 2025",Kalimantan Tengah,22,17550.0,True,15700.0,1150.0
"Nov 24, 2025",Kalimantan Timur,23,16250.0,True,15700.0,1150.0
"Nov 24, 2025",Kalimantan Utara,24,17250.0,True,15700.0,1150.0
"Nov 24, 2025",Gorontalo,25,15600.0,True,15700.0,1150.0
"Nov 24, 2025",Sulawesi Selatan,26,14100.0,True,15700.0,1150.0
"Nov 24, 2025",Sulawesi Tenggara,27,15600.0,True,15700.0,1150.0
"Nov 24, 2025",Sulawesi Tengah,28,15500.0,True,15700.0,1150.0
"Nov 24, 2025",Sulawesi Utara,29,15150.0,True,15700.0,1150.0
"Nov 24, 2025",Sulawesi Barat,30,14350.0,True,15700.0,1150.0
"Nov 24, 2025",Maluku,31,16700.0,True,15700.0,1150.0
"Nov 24, 2025",Maluku Utara,32,17400.0,True,15700.0,1150.0
"Nov 24, 2025",Papua,33,18850.0,True,15700.0,1150.0
"Nov 24, 2025",Papua Barat,34,16850.0,True,15700.0,1150.0
"Nov 25, 2025",Aceh,1,14500.0,True,15700.0,1150.0
"Nov 25, 2025",Sumatera Utara,2,14550.0,True,15700.0,1150.0
"Nov 25, 2025",Sumatera Barat,3,17100.0,True,15700.0,1150.0
"Nov 25, 2025",Riau,4,16300.0,True,15700.0,1150.0
"Nov 25, 2025",Kepulauan Riau,5,14950.0,True,15700.0,1150.0
"Nov 25, 2025",Jambi,6,15400.0,True,15700.0,1150.0
"Nov 25, 2025",Bengkulu,7,15500.0,True,15700.0,1150.0
"Nov 25, 2025",Sumatera Selatan,8,15500.0,True,15700.0,1150.0
"Nov 25, 2025",Kepulauan Bangka Belitung,9,15300.0,True,15700.0,1150.0
"Nov 25, 2025",Lampung,10,14700.0,True,15700.0,1150.0
"Nov 25, 2025",Banten,11,14950.0,True,15700.0,1150.0
"Nov 25, 2025",Jawa Barat,12,14800.0,True,15700.0,1150.0
"Nov 25, 2025",DKI Jakarta,13,16300.0,True,15700.0,1150.0
"Nov 25, 2025",Jawa Tengah,14,15050.0,True,15700.0,1150.0
"Nov 25, 2025",DI Yogyakarta,15,14200.0,True,15700.0,1150.0
"Nov 25, 2025",Jawa Timur,16,14600.0,True,15700.0,1150.0
"Nov 25, 2025",Bali,17,15400.0,True,15700.0,1150.0
"Nov 25, 2025",Nusa Tenggara Barat,18,13900.0,True,15700.0,1150.0
"Nov 25, 2025",Nusa Tenggara Timur,19,15350.0,True,15700.0,1150.0
"Nov 25, 2025",Kalimantan Barat,20,16550.0,True,15700.0,1150.0
"Nov 25, 2025",Kalimantan Selatan,21,17450.0,True,15700.0,1150.0
"Nov 25, 2025",Kalimantan Tengah,22,17600.0,True,15700.0,1150.0
"Nov 25, 2025",Kalimantan Timur,23,16250.0,True,15700.0,1150.0
"Nov 25, 2025",Kalimantan Utara,24,17250.0,True,15700.0,1150.0
"Nov 25, 2025",Gorontalo,25,15650.0,True,15700.0,1150.0
"Nov 25, 2025",Sulawesi Selatan,26,14100.0,True,15700.0,1150.0
"Nov 25, 2025",Sulawesi Tenggara,27,15600.0,True,15700.0,1150.0
"Nov 25, 2025",Sulawesi Tengah,28,15500.0,True,15700.0,1150.0
"Nov 25, 2025",Sulawesi Utara,29,15050.0,True,15700.0,1150.0
"Nov 25, 2025",Sulawesi Barat,30,14350.0,True,15700.0,1150.0
"Nov 25, 2025",Maluku,31,16700.0,True,15700.0,1150.0
"Nov 25, 2025",Maluku Utara,32,17400.0,True,15700.0,1150.0
"Nov 25, 2025",Papua,33,18850.0,True,15700.0,1150.0
"Nov 25, 2025",Papua Barat,34,16850.0,True,15700.0,1150.0
"Nov 26, 2025",Aceh,1,14500.0,True,15700.0,1150.0
"Nov 26, 2025",Sumatera Utara,2,14550.0,True,15700.0,1150.0
"Nov 26, 2025",Sumatera Barat,3,17100.0,True,15700.0,1150.0
"Nov 26, 2025",Riau,4,16300.0,True,15700.0,1150.0
"Nov 26, 2025",Kepulauan Riau,5,14950.0,True,15700.0,1150.0
"Nov 26, 2025",Jambi,6,15400.0,True,15700.0,1150.0
"Nov 26, 2025",Bengkulu,7,15500.0,True,15700.0,1150.0
"Nov 26, 2025",Sumatera Selatan,8,15500.0,True,15700.0,1150.0
"Nov 26, 2025",Kepulauan Bangka Belitung,9,15300.0,True,15700.0,1150.0
"Nov 26, 2025",Lampung,10,14700.0,True,15700.0,1150.0
"Nov 26, 2025",Banten,11,14950.0,True,15700.0,1150.0
"Nov 26, 2025",Jawa Barat,12,14800.0,True,15700.0,1150.0
"Nov 26, 2025",DKI Jakarta,13,16300.0,True,15700.0,1150.0
"Nov 26, 2025",Jawa Tengah,14,15050.0,True,15700.0,1150.0
"Nov 26, 2025",DI Yogyakarta,15,14200.0,True,15700.0,1150.0
"Nov 26, 2025",Jawa Timur,16,14600.0,True,15700.0,1150.0
"Nov 26, 2025",Bali,17,15400.0,True,15700.0,1150.0
"Nov 26, 2025",Nusa Tenggara Barat,18,13900.0,True,15700.0,1150.0
"Nov 26, 2025",Nusa Tenggara Timur,19,15350.0,True,15700.0,1150.0
"Nov 26, 2025",Kalimantan Barat,20,16550.0,True,15700.0,1150.0
"Nov 26, 2025",Kalimantan Selatan,21,17550.0,True,15700.0,1150.0
"Nov 26, 2025",Kalimantan Tengah,22,17600.0,True,15700.0,1150.0
"Nov 26, 2025",Kalimantan Timur,23,16250.0,True,15700.0,1150.0
"Nov 26, 2025",Kalimantan Utara,24,17250.0,True,15700.0,1150.0
"Nov 26, 2025",Gorontalo,25,15650.0,True,15700.0,1150.0
"Nov 26, 2025",Sulawesi Selatan,26,14100.0,True,15700.0,1150.0
"Nov 26, 2025",Sulawesi Tenggara,27,15600.0,True,15700.0,1150.0
"Nov 26, 2025",Sulawesi Tengah,28,15400.0,True,15700.0,1150.0
"Nov 26, 2025",Sulawesi Utara,29,15050.0,True,15700.0,1150.0
"Nov 26, 2025",Sulawesi Barat,30,14350.0,True,15700.0,1150.0
"Nov 26, 2025",Maluku,31,16700.0,True,15700.0,1150.0
"Nov 26, 2025",Maluku Utara,32,17400.0,True,15700.0,1150.0
"Nov 26, 2025",Papua,33,18850.0,True,15700.0,1150.0
"Nov 26, 2025",Papua Barat,34,16850.0,True,15700.0,1150.0
"Nov 27, 2025",Aceh,1,14500.0,True,15700.0,1150.0
"Nov 27, 2025",Sumatera Utara,2,14550.0,True,15700.0,1150.0
"Nov 27, 2025",Sumatera Barat,3,17100.0,True,15700.0,1150.0
"Nov 27, 2025",Riau,4,16300.0,True,15700.0,1150.0
"Nov 27, 2025",Kepulauan Riau,5,14950.0,True,15700.0,1150.0
"Nov 27, 2025",Jambi,6,15400.0,True,15700.0,1150.0
"Nov 27, 2025",Bengkulu,7,15500.0,True,15700.0,1150.0
"Nov 27, 2025",Sumatera Selatan,8,15500.0,True,15700.0,1150.0
"Nov 27, 2025",Kepulauan Bangka Belitung,9,15300.0,True,15700.0,1150.0
"Nov 27, 2025",Lampung,10,14700.0,True,15700.0,1150.0
"Nov 27, 2025",Banten,11,14950.0,True,15700.0,1150.0
"Nov 27, 2025",Jawa Barat,12,14800.0,True,15700.0,1150.0
"Nov 27, 2025",DKI Jakarta,13,16300.0,True,15700.0,1150.0
"Nov 27, 2025",Jawa Tengah,14,15050.0,True,15700.0,1150.0
"Nov 27, 2025",DI Yogyakarta,15,14200.0,True,15700.0,1150.0
"Nov 27, 2025",Jawa Timur,16,14550.0,True,15700.0,1150.0
"Nov 27, 2025",Bali,17,15400.0,True,15700.0,1150.0
"Nov 27, 2025",Nusa Tenggara Barat,18,13850.0,True,15700.0,1150.0
"Nov 27, 2025",Nusa Tenggara Timur,19,15350.0,True,15700.0,1150.0
"Nov 27, 2025",Kalimantan Barat,20,16550.0,True,15700.0,1150.0
"Nov 27, 2025",Kalimantan Selatan,21,17550.0,True,15700.0,1150.0
"Nov 27, 2025",Kalimantan Tengah,22,17550.0,True,15700.0,1150.0
"Nov 27, 2025",Kalimantan Timur,23,16250.0,True,15700.0,1150.0
"Nov 27, 2025",Kalimantan Utara,24,17250.0,True,15700.0,1150.0
"Nov 27, 2025",Gorontalo,25,15650.0,True,15700.0,1150.0
"Nov 27, 2025",Sulawesi Selatan,26,14100.0,True,15700.0,1150.0
"Nov 27, 2025",Sulawesi Tenggara,27,15600.0,True,15700.0,1150.0
"Nov 27, 2025",Sulawesi Tengah,28,15400.0,True,15700.0,1150.0
"Nov 27, 2025",Sulawesi Utara,29,15000.0,True,15700.0,1150.0
"Nov 27, 2025",Sulawesi Barat,30,14350.0,True,15700.0,1150.0
"Nov 27, 2025",Maluku,31,16700.0,True,15700.0,1150.0
"Nov 27, 2025",Maluku Utara,32,17400.0,True,15700.0,1150.0
"Nov 27, 2025",Papua,33,18850.0,True,15700.0,1150.0
"Nov 27, 2025",Papua Barat,34,16850.0,True,15700.0,1150.0
"Nov 28, 2025",Aceh,1,14500.0,True,15700.0,1200.0
"Nov 28, 2025",Sumatera Utara,2,14550.0,True,15700.0,1200.0
"Nov 28, 2025",Sumatera Barat,3,17150.0,True,15700.0,1200.0
"Nov 28, 2025",Riau,4,16250.0,True,15700.0,1200.0
"Nov 28, 2025",Kepulauan Riau,5,14950.0,True,15700.0,1200.0
"Nov 28, 2025",Jambi,6,15400.0,True,15700.0,1200.0
"Nov 28, 2025",Bengkulu,7,15550.0,True,15700.0,1200.0
"Nov 28, 2025",Sumatera Selatan,8,15450.0,True,15700.0,1200.0
"Nov 28, 2025",Kepulauan Bangka Belitung,9,15300.0,True,15700.0,1200.0
"Nov 28, 2025",Lampung,10,14700.0,True,15700.0,1200.0
"Nov 28, 2025",Banten,11,14950.0,True,15700.0,1200.0
"Nov 28, 2025",Jawa Barat,12,14800.0,True,15700.0,1200.0
"Nov 28, 2025",DKI Jakarta,13,16300.0,True,15700.0,1200.0
"Nov 28, 2025",Jawa Tengah,14,15050.0,True,15700.0,1200.0
"Nov 28, 2025",DI Yogyakarta,15,14200.0,True,15700.0,1200.0
"Nov 28, 2025",Jawa Timur,16,14600.0,True,15700.0,1200.0
"Nov 28, 2025",Bali,17,15400.0,True,15700.0,1200.0
"Nov 28, 2025",Nusa Tenggara Barat,18,13850.0,True,15700.0,1200.0
"Nov 28, 2025",Nusa Tenggara Timur,19,15350.0,True,15700.0,1200.0
"Nov 28, 2025",Kalimantan Barat,20,16550.0,True,15700.0,1200.0
"Nov 28, 2025",Kalimantan Selatan,21,17550.0,True,15700.0,1200.0
"Nov 28, 2025",Kalimantan Tengah,22,17550.0,True,15700.0,1200.0
"Nov 28, 2025",Kalimantan Timur,23,16250.0,True,15700.0,1200.0
"Nov 28, 2025",Kalimantan Utara,24,17250.0,True,15700.0,1200.0
"Nov 28, 2025",Gorontalo,25,15650.0,True,15700.0,1200.0
"Nov 28, 2025",Sulawesi Selatan,26,14100.0,True,15700.0,1200.0
"Nov 28, 2025",Sulawesi Tenggara,27,15600.0,True,15700.0,1200.0
"Nov 28, 2025",Sulawesi Tengah,28,15400.0,True,15700.0,1200.0
"Nov 28, 2025",Sulawesi Utara,29,14900.0,True,15700.0,1200.0
"Nov 28, 2025",Sulawesi Barat,30,14350.0,True,15700.0,1200.0
"Nov 28, 2025",Maluku,31,16700.0,True,15700.0,1200.0
"Nov 28, 2025",Maluku Utara,32,17400.0,True,15700.0,1200.0
"Nov 28, 2025",Papua,33,18950.0,True,15700.0,1200.0
"Nov 28, 2025",Papua Barat,34,16850.0,True,15700.0,1200.0
"Nov 29, 2025",Aceh,1,14500.0,True,15700.0,1200.0
"Nov 29, 2025",Sumatera Utara,2,14550.0,True,15700.0,1200.0
"Nov 29, 2025",Sumatera Barat,3,17150.0,True,15700.0,1200.0
"Nov 29, 2025",Riau,4,16250.0,True,15700.0,1200.0
"Nov 29, 2025",Kepulauan Riau,5,14950.0,True,15700.0,1200.0
"Nov 29, 2025",Jambi,6,15400.0,True,15700.0,1200.0
"Nov 29, 2025",Bengkulu,7,15550.0,True,15700.0,1200.0
"Nov 29, 2025",Sumatera Selatan,8,15450.0,True,15700.0,1200.0
"Nov 29, 2025",Kepulauan Bangka Belitung,9,15300.0,True,15700.0,1200.0
"Nov 29, 2025",Lampung,10,14700.0,True,15700.0,1200.0
"Nov 29, 2025",Banten,11,14950.0,True,15700.0,1200.0
"Nov 29, 2025",Jawa Barat,12,14800.0,True,15700.0,1200.0
"Nov 29, 2025",DKI Jakarta,13,16300.0,True,15700.0,1200.0
"Nov 29, 2025",Jawa Tengah,14,15050.0,True,15700.0,1200.0
"Nov 29, 2025",DI Yogyakarta,15,14200.0,True,15700.0,1200.0
"Nov 29, 2025",Jawa Timur,16,14600.0,True,15700.0,1200.0
"Nov 29, 2025",Bali,17,15400.0,True,15700.0,1200.0
"Nov 29, 2025",Nusa Tenggara Barat,18,13850.0,True,15700.0,1200.0
"Nov 29, 2025",Nusa Tenggara Timur,19,15350.0,True,15700.0,1200.0
"Nov 29, 2025",Kalimantan Barat,20,16550.0,True,15700.0,1200.0
"Nov 29, 2025",Kalimantan Selatan,21,17550.0,True,15700.0,1200.0
"Nov 29, 2025",Kalimantan Tengah,22,17550.0,True,15700.0,1200.0
"Nov 29, 2025",Kalimantan Timur,23,16250.0,True,15700.0,1200.0
"Nov 29, 2025",Kalimantan Utara,24,17250.0,True,15700.0,1200.0
"Nov 29, 2025",Gorontalo,25,15650.0,True,15700.0,1200.0
"Nov 29, 2025",Sulawesi Selatan,26,14100.0,True,15700.0,1200.0
"Nov 29, 2025",Sulawesi Tenggara,27,15600.0,True,15700.0,1200.0
"Nov 29, 2025",Sulawesi Tengah,28,15400.0,True,15700.0,1200.0
"Nov 29, 2025",Sulawesi Utara,29,14900.0,True,15700.0,1200.0
"Nov 29, 2025",Sulawesi Barat,30,14350.0,True,15700.0,1200.0
"Nov 29, 2025",Maluku,31,16700.0,True,15700.0,1200.0
"Nov 29, 2025",Maluku Utara,32,17400.0,True,15700.0,1200.0
"Nov 29, 2025",Papua,33,18950.0,True,15700.0,1200.0
"Nov 29, 2025",Papua Barat,34,16850.0,True,15700.0,1200.0
"Nov 30, 2025",Aceh,1,14500.0,True,15700.0,1200.0
"Nov 30, 2025",Sumatera Utara,2,14550.0,True,15700.0,1200.0
"Nov 30, 2025",Sumatera Barat,3,17150.0,True,15700.0,1200.0
"Nov 30, 2025",Riau,4,16250.0,True,15700.0,1200.0
"Nov 30, 2025",Kepulauan Riau,5,14950.0,True,15700.0,1200.0
"Nov 30, 2025",Jambi,6,15400.0,True,15700.0,1200.0
"Nov 30, 2025",Bengkulu,7,15550.0,True,15700.0,1200.0
"Nov 30, 2025",Sumatera Selatan,8,15450.0,True,15700.0,1200.0
"Nov 30, 2025",Kepulauan Bangka Belitung,9,15300.0,True,15700.0,1200.0
"Nov 30, 2025",Lampung,10,14700.0,True,15700.0,1200.0
"Nov 30, 2025",Banten,11,14950.0,True,15700.0,1200.0
"Nov 30, 2025",Jawa Barat,12,14800.0,True,15700.0,1200.0
"Nov 30, 2025",DKI Jakarta,13,16300.0,True,15700.0,1200.0
"Nov 30, 2025",Jawa Tengah,14,15050.0,True,15700.0,1200.0
"Nov 30, 2025",DI Yogyakarta,15,14200.0,True,15700.0,1200.0
"Nov 30, 2025",Jawa Timur,16,14600.0,True,15700.0,1200.0
"Nov 30, 2025",Bali,17,15400.0,True,15700.0,1200.0
"Nov 30, 2025",Nusa Tenggara Barat,18,13850.0,True,15700.0,1200.0
"Nov 30, 2025",Nusa Tenggara Timur,19,15350.0,True,15700.0,1200.0
"Nov 30, 2025",Kalimantan Barat,20,16550.0,True,15700.0,1200.0
"Nov 30, 2025",Kalimantan Selatan,21,17550.0,True,15700.0,1200.0
"Nov 30, 2025",Kalimantan Tengah,22,17550.0,True,15700.0,1200.0
"Nov 30, 2025",Kalimantan Timur,23,16250.0,True,15700.0,1200.0
"Nov 30, 2025",Kalimantan Utara,24,17250.0,True,15700.0,1200.0
"Nov 30, 2025",Gorontalo,25,15650.0,True,15700.0,1200.0
"Nov 30, 2025",Sulawesi Selatan,26,14100.0,True,15700.0,1200.0
"Nov 30, 2025",Sulawesi Tenggara,27,15600.0,True,15700.0,1200.0
"Nov 30, 2025",Sulawesi Tengah,28,15400.0,True,15700.0,1200.0
"Nov 30, 2025",Sulawesi Utara,29,14900.0,True,15700.0,1200.0
"Nov 30, 2025",Sulawesi Barat,30,14350.0,True,15700.0,1200.0
"Nov 30, 2025",Maluku,31,16700.0,True,15700.0,1200.0
"Nov 30, 2025",Maluku Utara,32,17400.0,True,15700.0,1200.0
"Nov 30, 2025",Papua,33,18950.0,True,15700.0,1200.0
"Nov 30, 2025",Papua Barat,34,16850.0,True,15700.0,1200.0
"Dec 1, 2025",Aceh,1,14500.0,True,15700.0,1200.0
"Dec 1, 2025",Sumatera Utara,2,14700.0,True,15700.0,1200.0
"Dec 1, 2025",Sumatera Barat,3,17600.0,True,15700.0,1200.0
"Dec 1, 2025",Riau,4,16250.0,True,15700.0,1200.0
"Dec 1, 2025",Kepulauan Riau,5,14950.0,True,15700.0,1200.0
"Dec 1, 2025",Jambi,6,15400.0,True,15700.0,1200.0
"Dec 1, 2025",Bengkulu,7,15550.0,True,15700.0,1200.0
"Dec 1, 2025",Sumatera Selatan,8,15500.0,True,15700.0,1200.0
"Dec 1, 2025",Kepulauan Bangka Belitung,9,15300.0,True,15700.0,1200.0
"Dec 1, 2025",Lampung,10,14600.0,True,15700.0,1200.0
"Dec 1, 2025",Banten,11,14950.0,True,15700.0,1200.0
"Dec 1, 2025",Jawa Barat,12,14800.0,True,15700.0,1200.0
"Dec 1, 2025",DKI Jakarta,13,16300.0,True,15700.0,1200.0
"Dec 1, 2025",Jawa Tengah,14,15050.0,True,15700.0,1200.0
"Dec 1, 2025",DI Yogyakarta,15,14200.0,True,15700.0,1200.0
"Dec 1, 2025",Jawa Timur,16,14600.0,True,15700.0,1200.0
"Dec 1, 2025",Bali,17,15400.0,True,15700.0,1200.0
"Dec 1, 2025",Nusa Tenggara Barat,18,13850.0,True,15700.0,1200.0
"Dec 1, 2025",Nusa Tenggara Timur,19,15350.0,True,15700.0,1200.0
"Dec 1, 2025",Kalimantan Barat,20,16550.0,True,15700.0,1200.0
"Dec 1, 2025",Kalimantan Selatan,21,17550.0,True,15700.0,1200.0
"Dec 1, 2025",Kalimantan Tengah,22,17550.0,True,15700.0,1200.0
"Dec 1, 2025",Kalimantan Timur,23,16250.0,True,15700.0,1200.0
"Dec 1, 2025",Kalimantan Utara,24,17250.0,True,15700.0,1200.0
"Dec 1, 2025",Gorontalo,25,15650.0,True,15700.0,1200.0
"Dec 1, 2025",Sulawesi Selatan,26,14100.0,True,15700.0,1200.0
"Dec 1, 2025",Sulawesi Tenggara,27,15600.0,True,15700.0,1200.0
"Dec 1, 2025",Sulawesi Tengah,28,15400.0,True,15700.0,1200.0
"Dec 1, 2025",Sulawesi Utara,29,14900.0,True,15700.0,1200.0
"Dec 1, 2025",Sulawesi Barat,30,14350.0,True,15700.0,1200.0
"Dec 1, 2025",Maluku,31,16700.0,True,15700.0,1200.0
"Dec 1, 2025",Maluku Utara,32,17400.0,True,15700.0,1200.0
"Dec 1, 2025",Papua,33,18950.0,True,15700.0,1200.0
"Dec 1, 2025",Papua Barat,34,16850.0,True,15700.0,1200.0
"Dec 2, 2025",Aceh,1,14500.0,True,15700.0,1200.0
"Dec 2, 2025",Sumatera Utara,2,14700.0,True,15700.0,1200.0
"Dec 2, 2025",Sumatera Barat,3,17600.0,True,15700.0,1200.0
"Dec 2, 2025",Riau,4,16250.0,True,15700.0,1200.0
"Dec 2, 2025",Kepulauan Riau,5,14950.0,True,15700.0,1200.0
"Dec 2, 2025",Jambi,6,15400.0,True,15700.0,1200.0
"Dec 2, 2025",Bengkulu,7,15550.0,True,15700.0,1200.0
"Dec 2, 2025",Sumatera Selatan,8,15500.0,True,15700.0,1200.0
"Dec 2, 2025",Kepulauan Bangka Belitung,9,15300.0,True,15700.0,1200.0
"Dec 2, 2025",Lampung,10,14600.0,True,15700.0,1200.0
"Dec 2, 2025",Banten,11,14950.0,True,15700.0,1200.0
"Dec 2, 2025",Jawa Barat,12,14800.0,True,15700.0,1200.0
"Dec 2, 2025",DKI Jakarta,13,16300.0,True,15700.0,1200.0
"Dec 2, 2025",Jawa Tengah,14,15050.0,True,15700.0,1200.0
"Dec 2, 2025",DI Yogyakarta,15,14200.0,True,15700.0,1200.0
"Dec 2, 2025",Jawa Timur,16,14600.0,True,15700.0,1200.0
"Dec 2, 2025",Bali,17,15400.0,True,15700.0,1200.0
"Dec 2, 2025",Nusa Tenggara Barat,18,13850.0,True,15700.0,1200.0
"Dec 2, 2025",Nusa Tenggara Timur,19,15350.0,True,15700.0,1200.0
"Dec 2, 2025",Kalimantan Barat,20,16550.0,True,15700.0,1200.0
"Dec 2, 2025",Kalimantan Selatan,21,17550.0,True,15700.0,1200.0
"Dec 2, 2025",Kalimantan Tengah,22,17550.0,True,15700.0,1200.0
"Dec 2, 2025",Kalimantan Timur,23,16250.0,True,15700.0,1200.0
"Dec 2, 2025",Kalimantan Utara,24,17250.0,True,15700.0,1200.0
"Dec 2, 2025",Gorontalo,25,15650.0,True,15700.0,1200.0
"Dec 2, 2025",Sulawesi Selatan,26,14100.0,True,15700.0,1200.0
"Dec 2, 2025",Sulawesi Tenggara,27,15600.0,True,15700.0,1200.0
"Dec 2, 2025",Sulawesi Tengah,28,15400.0,True,15700.0,1200.0
"Dec 2, 2025",Sulawesi Utara,29,14850.0,True,15700.0,1200.0
"Dec 2, 2025",Sulawesi Barat,30,14350.0,True,15700.0,1200.0
"Dec 2, 2025",Maluku,31,16700.0,True,15700.0,1200.0
"Dec 2, 2025",Maluku Utara,32,17400.0,True,15700.0,1200.0
"Dec 2, 2025",Papua,33,18950.0,True,15700.0,1200.0
"Dec 2, 2025",Papua Barat,34,16850.0,True,15700.0,1200.0
"Dec 3, 2025",Aceh,1,14500.0,True,15700.0,1200.0
"Dec 3, 2025",Sumatera Utara,2,14750.0,True,15700.0,1200.0
"Dec 3, 2025",Sumatera Barat,3,17900.0,True,15700.0,1200.0
"Dec 3, 2025",Riau,4,16250.0,True,15700.0,1200.0
"Dec 3, 2025",Kepulauan Riau,5,14900.0,True,15700.0,1200.0
"Dec 3, 2025",Jambi,6,15400.0,True,15700.0,1200.0
"Dec 3, 2025",Bengkulu,7,15550.0,True,15700.0,1200.0
"Dec 3, 2025",Sumatera Selatan,8,15500.0,True,15700.0,1200.0
"Dec 3, 2025",Kepulauan Bangka Belitung,9,15300.0,True,15700.0,1200.0
"Dec 3, 2025",Lampung,10,14600.0,True,15700.0,1200.0
"Dec 3, 2025",Banten,11,14950.0,True,15700.0,1200.0
"Dec 3, 2025",Jawa Barat,12,14800.0,True,15700.0,1200.0
"Dec 3, 2025",DKI Jakarta,13,16300.0,True,15700.0,1200.0
"Dec 3, 2025",Jawa Tengah,14,15050.0,True,15700.0,1200.0
"Dec 3, 2025",DI Yogyakarta,15,14200.0,True,15700.0,1200.0
"Dec 3, 2025",Jawa Timur,16,14600.0,True,15700.0,1200.0
"Dec 3, 2025",Bali,17,15400.0,True,15700.0,1200.0
"Dec 3, 2025",Nusa Tenggara Barat,18,13850.0,True,15700.0,1200.0
"Dec 3, 2025",Nusa Tenggara Timur,19,15350.0,True,15700.0,1200.0
"Dec 3, 2025",Kalimantan Barat,20,16550.0,True,15700.0,1200.0
"Dec 3, 2025",Kalimantan Selatan,21,17550.0,True,15700.0,1200.0
"Dec 3, 2025",Kalimantan Tengah,22,17600.0,True,15700.0,1200.0
"Dec 3, 2025",Kalimantan Timur,23,16250.0,True,15700.0,1200.0
"Dec 3, 2025",Kalimantan Utara,24,17250.0,True,15700.0,1200.0
"Dec 3, 2025",Gorontalo,25,15650.0,True,15700.0,1200.0
"Dec 3, 2025",Sulawesi Selatan,26,14100.0,True,15700.0,1200.0
"Dec 3, 2025",Sulawesi Tenggara,27,15600.0,True,15700.0,1200.0
"Dec 3, 2025",Sulawesi Tengah,28,15400.0,True,15700.0,1200.0
"Dec 3, 2025",Sulawesi Utara,29,14850.0,True,15700.0,1200.0
"Dec 3, 2025",Sulawesi Barat,30,14350.0,True,15700.0,1200.0
"Dec 3, 2025",Maluku,31,16700.0,True,15700.0,1200.0
"Dec 3, 2025",Maluku Utara,32,17400.0,True,15700.0,1200.0
"Dec 3, 2025",Papua,33,18900.0,True,15700.0,1200.0
"Dec 3, 2025",Papua Barat,34,16850.0,True,15700.0,1200.0
"Dec 4, 2025",Aceh,1,14500.0,True,15700.0,1200.0
"Dec 4, 2025",Sumatera Utara,2,14750.0,True,15700.0,1200.0
"Dec 4, 2025",Sumatera Barat,3,17850.0,True,15700.0,1200.0
"Dec 4, 2025",Riau,4,16250.0,True,15700.0,1200.0
"Dec 4, 2025",Kepulauan Riau,5,14950.0,True,15700.0,1200.0
"Dec 4, 2025",Jambi,6,15400.0,True,15700.0,1200.0
"Dec 4, 2025",Bengkulu,7,15550.0,True,15700.0,1200.0
"Dec 4, 2025",Sumatera Selatan,8,15500.0,True,15700.0,1200.0
"Dec 4, 2025",Kepulauan Bangka Belitung,9,15300.0,True,15700.0,1200.0
"Dec 4, 2025",Lampung,10,14600.0,True,15700.0,1200.0
"Dec 4, 2025",Banten,11,14950.0,True,15700.0,1200.0
"Dec 4, 2025",Jawa Barat,12,14800.0,True,15700.0,1200.0
"Dec 4, 2025",DKI Jakarta,13,16300.0,True,15700.0,1200.0
"Dec 4, 2025",Jawa Tengah,14,15050.0,True,15700.0,1200.0
"Dec 4, 2025",DI Yogyakarta,15,14200.0,True,15700.0,1200.0
"Dec 4, 2025",Jawa Timur,16,14600.0,True,15700.0,1200.0
"Dec 4, 2025",Bali,17,15400.0,True,15700.0,1200.0
"Dec 4, 2025",Nusa Tenggara Barat,18,13850.0,True,15700.0,1200.0
"Dec 4, 2025",Nusa Tenggara Timur,19,15300.0,True,15700.0,1200.0
"Dec 4, 2025",Kalimantan Barat,20,16550.0,True,15700.0,1200.0
"Dec 4, 2025",Kalimantan Selatan,21,17550.0,True,15700.0,1200.0
"Dec 4, 2025",Kalimantan Tengah,22,17600.0,True,15700.0,1200.0
"Dec 4, 2025",Kalimantan Timur,23,16250.0,True,15700.0,1200.0
"Dec 4, 2025",Kalimantan Utara,24,17250.0,True,15700.0,1200.0
"Dec 4, 2025",Gorontalo,25,15650.0,True,15700.0,1200.0
"Dec 4, 2025",Sulawesi Selatan,26,14100.0,True,15700.0,1200.0
"Dec 4, 2025",Sulawesi Tenggara,27,15600.0,True,15700.0,1200.0
"Dec 4, 2025",Sulawesi Tengah,28,15400.0,True,15700.0,1200.0
"Dec 4, 2025",Sulawesi Utara,29,14850.0,True,15700.0,1200.0
"Dec 4, 2025",Sulawesi Barat,30,14300.0,True,15700.0,1200.0
"Dec 4, 2025",Maluku,31,16700.0,True,15700.0,1200.0
"Dec 4, 2025",Maluku Utara,32,17400.0,True,15700.0,1200.0
"Dec 4, 2025",Papua,33,18850.0,True,15700.0,1200.0
"Dec 4, 2025",Papua Barat,34,16850.0,True,15700.0,1200.0
"Dec 5, 2025",Aceh,1,14500.0,True,15700.0,1200.0
"Dec 5, 2025",Sumatera Utara,2,14750.0,True,15700.0,1200.0
"Dec 5, 2025",Sumatera Barat,3,17850.0,True,15700.0,1200.0
"Dec 5, 2025",Riau,4,16300.0,True,15700.0,1200.0
"Dec 5, 2025",Kepulauan Riau,5,14950.0,True,15700.0,1200.0
"Dec 5, 2025",Jambi,6,15400.0,True,15700.0,1200.0
"Dec 5, 2025",Bengkulu,7,15500.0,True,15700.0,1200.0
"Dec 5, 2025",Sumatera Selatan,8,15500.0,True,15700.0,1200.0
"Dec 5, 2025",Kepulauan Bangka Belitung,9,15300.0,True,15700.0,1200.0
"Dec 5, 2025",Lampung,10,14600.0,True,15700.0,1200.0
"Dec 5, 2025",Banten,11,14950.0,True,15700.0,1200.0
"Dec 5, 2025",Jawa Barat,12,14800.0,True,15700.0,1200.0
"Dec 5, 2025",DKI Jakarta,13,16300.0,True,15700.0,1200.0
"Dec 5, 2025",Jawa Tengah,14,15050.0,True,15700.0,1200.0
"Dec 5, 2025",DI Yogyakarta,15,14200.0,True,15700.0,1200.0
"Dec 5, 2025",Jawa Timur,16,14600.0,True,15700.0,1200.0
"Dec 5, 2025",Bali,17,15400.0,True,15700.0,1200.0
"Dec 5, 2025",Nusa Tenggara Barat,18,13850.0,True,15700.0,1200.0
"Dec 5, 2025",Nusa Tenggara Timur,19,15300.0,True,15700.0,1200.0
"Dec 5, 2025",Kalimantan Barat,20,16550.0,True,15700.0,1200.0
"Dec 5, 2025",Kalimantan Selatan,21,17550.0,True,15700.0,1200.0
"Dec 5, 2025",Kalimantan Tengah,22,17600.0,True,15700.0,1200.0
"Dec 5, 2025",Kalimantan Timur,23,16250.0,True,15700.0,1200.0
"Dec 5, 2025",Kalimantan Utara,24,17250.0,True,15700.0,1200.0
"Dec 5, 2025",Gorontalo,25,15650.0,True,15700.0,1200.0
"Dec 5, 2025",Sulawesi Selatan,26,14100.0,True,15700.0,1200.0
"Dec 5, 2025",Sulawesi Tenggara,27,15550.0,True,15700.0,1200.0
"Dec 5, 2025",Sulawesi Tengah,28,15400.0,True,15700.0,1200.0
"Dec 5, 2025",Sulawesi Utara,29,14850.0,True,15700.0,1200.0
"Dec 5, 2025",Sulawesi Barat,30,14300.0,True,15700.0,1200.0
"Dec 5, 2025",Maluku,31,16700.0,True,15700.0,1200.0
"Dec 5, 2025",Maluku Utara,32,17400.0,True,15700.0,1200.0
"Dec 5, 2025",Papua,33,18850.0,True,15700.0,1200.0
"Dec 5, 2025",Papua Barat,34,16850.0,True,15700.0,1200.0
"Dec 6, 2025",Aceh,1,14500.0,True,15700.0,1200.0
"Dec 6, 2025",Sumatera Utara,2,14750.0,True,15700.0,1200.0
"Dec 6, 2025",Sumatera Barat,3,17850.0,True,15700.0,1200.0
"Dec 6, 2025",Riau,4,16300.0,True,15700.0,1200.0
"Dec 6, 2025",Kepulauan Riau,5,14950.0,True,15700.0,1200.0
"Dec 6, 2025",Jambi,6,15400.0,True,15700.0,1200.0
"Dec 6, 2025",Bengkulu,7,15500.0,True,15700.0,1200.0
"Dec 6, 2025",Sumatera Selatan,8,15500.0,True,15700.0,1200.0
"Dec 6, 2025",Kepulauan Bangka Belitung,9,15300.0,True,15700.0,1200.0
"Dec 6, 2025",Lampung,10,14600.0,True,15700.0,1200.0
"Dec 6, 2025",Banten,11,14950.0,True,15700.0,1200.0
"Dec 6, 2025",Jawa Barat,12,14800.0,True,15700.0,1200.0
"Dec 6, 2025",DKI Jakarta,13,16300.0,True,15700.0,1200.0
"Dec 6, 2025",Jawa Tengah,14,15050.0,True,15700.0,1200.0
"Dec 6, 2025",DI Yogyakarta,15,14200.0,True,15700.0,1200.0
"Dec 6, 2025",Jawa Timur,16,14600.0,True,15700.0,1200.0
"Dec 6, 2025",Bali,17,15400.0,True,15700.0,1200.0
"Dec 6, 2025",Nusa Tenggara Barat,18,13850.0,True,15700.0,1200.0
"Dec 6, 2025",Nusa Tenggara Timur,19,15300.0,True,15700.0,1200.0
"Dec 6, 2025",Kalimantan Barat,20,16550.0,True,15700.0,1200.0
"Dec 6, 2025",Kalimantan Selatan,21,17550.0,True,15700.0,1200.0
"Dec 6, 2025",Kalimantan Tengah,22,17600.0,True,15700.0,1200.0
"Dec 6, 2025",Kalimantan Timur,23,16250.0,True,15700.0,1200.0
"Dec 6, 2025",Kalimantan Utara,24,17250.0,True,15700.0,1200.0
"Dec 6, 2025",Gorontalo,25,15650.0,True,15700.0,1200.0
"Dec 6, 2025",Sulawesi Selatan,26,14100.0,True,15700.0,1200.0
"Dec 6, 2025",Sulawesi Tenggara,27,15550.0,True,15700.0,1200.0
"Dec 6, 2025",Sulawesi Tengah,28,15400.0,True,15700.0,1200.0
"Dec 6, 2025",Sulawesi Utara,29,14850.0,True,15700.0,1200.0
"Dec 6, 2025",Sulawesi Barat,30,14300.0,True,15700.0,1200.0
"Dec 6, 2025",Maluku,31,16700.0,True,15700.0,1200.0
"Dec 6, 2025",Maluku Utara,32,17400.0,True,15700.0,1200.0
"Dec 6, 2025",Papua,33,18850.0,True,15700.0,1200.0
"Dec 6, 2025",Papua Barat,34,16850.0,True,15700.0,1200.0
"Dec 7, 2025",Aceh,1,14500.0,True,15700.0,1200.0
"Dec 7, 2025",Sumatera Utara,2,14750.0,True,15700.0,1200.0
"Dec 7, 2025",Sumatera Barat,3,17850.0,True,15700.0,1200.0
"Dec 7, 2025",Riau,4,16300.0,True,15700.0,1200.0
"Dec 7, 2025",Kepulauan Riau,5,14950.0,True,15700.0,1200.0
"Dec 7, 2025",Jambi,6,15400.0,True,15700.0,1200.0
"Dec 7, 2025",Bengkulu,7,15500.0,True,15700.0,1200.0
"Dec 7, 2025",Sumatera Selatan,8,15500.0,True,15700.0,1200.0
"Dec 7, 2025",Kepulauan Bangka Belitung,9,15300.0,True,15700.0,1200.0
"Dec 7, 2025",Lampung,10,14600.0,True,15700.0,1200.0
"Dec 7, 2025",Banten,11,14950.0,True,15700.0,1200.0
"Dec 7, 2025",Jawa Barat,12,14800.0,True,15700.0,1200.0
"Dec 7, 2025",DKI Jakarta,13,16300.0,True,15700.0,1200.0
"Dec 7, 2025",Jawa Tengah,14,15050.0,True,15700.0,1200.0
"Dec 7, 2025",DI Yogyakarta,15,14200.0,True,15700.0,1200.0
"Dec 7, 2025",Jawa Timur,16,14600.0,True,15700.0,1200.0
"Dec 7, 2025",Bali,17,15400.0,True,15700.0,1200.0
"Dec 7, 2025",Nusa Tenggara Barat,18,13850.0,True,15700.0,1200.0
"Dec 7, 2025",Nusa Tenggara Timur,19,15300.0,True,15700.0,1200.0
"Dec 7, 2025",Kalimantan Barat,20,16550.0,True,15700.0,1200.0
"Dec 7, 2025",Kalimantan Selatan,21,17550.0,True,15700.0,1200.0
"Dec 7, 2025",Kalimantan Tengah,22,17600.0,True,15700.0,1200.0
"Dec 7, 2025",Kalimantan Timur,23,16250.0,True,15700.0,1200.0
"Dec 7, 2025",Kalimantan Utara,24,17250.0,True,15700.0,1200.0
"Dec 7, 2025",Gorontalo,25,15650.0,True,15700.0,1200.0
"Dec 7, 2025",Sulawesi Selatan,26,14100.0,True,15700.0,1200.0
"Dec 7, 2025",Sulawesi Tenggara,27,15550.0,True,15700.0,1200.0
"Dec 7, 2025",Sulawesi Tengah,28,15400.0,True,15700.0,1200.0
"Dec 7, 2025",Sulawesi Utara,29,14850.0,True,15700.0,1200.0
"Dec 7, 2025",Sulawesi Barat,30,14300.0,True,15700.0,1200.0
"Dec 7, 2025",Maluku,31,16700.0,True,15700.0,1200.0
"Dec 7, 2025",Maluku Utara,32,17400.0,True,15700.0,1200.0
"Dec 7, 2025",Papua,33,18850.0,True,15700.0,1200.0
"Dec 7, 2025",Papua Barat,34,16850.0,True,15700.0,1200.0
"Dec 8, 2025",Aceh,1,14600.0,True,15700.0,1200.0
"Dec 8, 2025",Sumatera Utara,2,14750.0,True,15700.0,1200.0
"Dec 8, 2025",Sumatera Barat,3,17950.0,True,15700.0,1200.0
"Dec 8, 2025",Riau,4,16300.0,True,15700.0,1200.0
"Dec 8, 2025",Kepulauan Riau,5,14950.0,True,15700.0,1200.0
"Dec 8, 2025",Jambi,6,15400.0,True,15700.0,1200.0
"Dec 8, 2025",Bengkulu,7,15500.0,True,15700.0,1200.0
"Dec 8, 2025",Sumatera Selatan,8,15500.0,True,15700.0,1200.0
"Dec 8, 2025",Kepulauan Bangka Belitung,9,15300.0,True,15700.0,1200.0
"Dec 8, 2025",Lampung,10,14600.0,True,15700.0,1200.0
"Dec 8, 2025",Banten,11,14950.0,True,15700.0,1200.0
"Dec 8, 2025",Jawa Barat,12,14800.0,True,15700.0,1200.0
"Dec 8, 2025",DKI Jakarta,13,16300.0,True,15700.0,1200.0
"Dec 8, 2025",Jawa Tengah,14,15050.0,True,15700.0,1200.0
"Dec 8, 2025",DI Yogyakarta,15,14200.0,True,15700.0,1200.0
"Dec 8, 2025",Jawa Timur,16,14600.0,True,15700.0,1200.0
"Dec 8, 2025",Bali,17,15400.0,True,15700.0,1200.0
"Dec 8, 2025",Nusa Tenggara Barat,18,13850.0,True,15700.0,1200.0
"Dec 8, 2025",Nusa Tenggara Timur,19,15300.0,True,15700.0,1200.0
"Dec 8, 2025",Kalimantan Barat,20,16550.0,True,15700.0,1200.0
"Dec 8, 2025",Kalimantan Selatan,21,17550.0,True,15700.0,1200.0
"Dec 8, 2025",Kalimantan Tengah,22,17600.0,True,15700.0,1200.0
"Dec 8, 2025",Kalimantan Timur,23,16250.0,True,15700.0,1200.0
"Dec 8, 2025",Kalimantan Utara,24,17250.0,True,15700.0,1200.0
"Dec 8, 2025",Gorontalo,25,15650.0,True,15700.0,1200.0
"Dec 8, 2025",Sulawesi Selatan,26,14100.0,True,15700.0,1200.0
"Dec 8, 2025",Sulawesi Tenggara,27,15550.0,True,15700.0,1200.0
"Dec 8, 2025",Sulawesi Tengah,28,15400.0,True,15700.0,1200.0
"Dec 8, 2025",Sulawesi Utara,29,14850.0,True,15700.0,1200.0
"Dec 8, 2025",Sulawesi Barat,30,14300.0,True,15700.0,1200.0
"Dec 8, 2025",Maluku,31,16700.0,True,15700.0,1200.0
"Dec 8, 2025",Maluku Utara,32,17400.0,True,15700.0,1200.0
"Dec 8, 2025",Papua,33,18750.0,True,15700.0,1200.0
"Dec 8, 2025",Papua Barat,34,16850.0,True,15700.0,1200.0
"Dec 9, 2025",Aceh,1,14600.0,True,15700.0,1200.0
"Dec 9, 2025",Sumatera Utara,2,14800.0,True,15700.0,1200.0
"Dec 9, 2025",Sumatera Barat,3,17950.0,True,15700.0,1200.0
"Dec 9, 2025",Riau,4,16300.0,True,15700.0,1200.0
"Dec 9, 2025",Kepulauan Riau,5,14950.0,True,15700.0,1200.0
"Dec 9, 2025",Jambi,6,15400.0,True,15700.0,1200.0
"Dec 9, 2025",Bengkulu,7,15500.0,True,15700.0,1200.0
"Dec 9, 2025",Sumatera Selatan,8,15500.0,True,15700.0,1200.0
"Dec 9, 2025",Kepulauan Bangka Belitung,9,15300.0,True,15700.0,1200.0
"Dec 9, 2025",Lampung,10,14600.0,True,15700.0,1200.0
"Dec 9, 2025",Banten,11,14950.0,True,15700.0,1200.0
"Dec 9, 2025",Jawa Barat,12,14800.0,True,15700.0,1200.0
"Dec 9, 2025",DKI Jakarta,13,16300.0,True,15700.0,1200.0
"Dec 9, 2025",Jawa Tengah,14,15050.0,True,15700.0,1200.0
"Dec 9, 2025",DI Yogyakarta,15,14200.0,True,15700.0,1200.0
"Dec 9, 2025",Jawa Timur,16,14650.0,True,15700.0,1200.0
"Dec 9, 2025",Bali,17,15350.0,True,15700.0,1200.0
"Dec 9, 2025",Nusa Tenggara Barat,18,13850.0,True,15700.0,1200.0
"Dec 9, 2025",Nusa Tenggara Timur,19,15300.0,True,15700.0,1200.0
"Dec 9, 2025",Kalimantan Barat,20,16550.0,True,15700.0,1200.0
"Dec 9, 2025",Kalimantan Selatan,21,17550.0,True,15700.0,1200.0
"Dec 9, 2025",Kalimantan Tengah,22,17650.0,True,15700.0,1200.0
"Dec 9, 2025",Kalimantan Timur,23,16250.0,True,15700.0,1200.0
"Dec 9, 2025",Kalimantan Utara,24,17250.0,True,15700.0,1200.0
"Dec 9, 2025",Gorontalo,25,15650.0,True,15700.0,1200.0
"Dec 9, 2025",Sulawesi Selatan,26,14100.0,True,15700.0,1200.0
"Dec 9, 2025",Sulawesi Tenggara,27,15550.0,True,15700.0,1200.0
"Dec 9, 2025",Sulawesi Tengah,28,15400.0,True,15700.0,1200.0
"Dec 9, 2025",Sulawesi Utara,29,14850.0,True,15700.0,1200.0
"Dec 9, 2025",Sulawesi Barat,30,14300.0,True,15700.0,1200.0
"Dec 9, 2025",Maluku,31,16700.0,True,15700.0,1200.0
"Dec 9, 2025",Maluku Utara,32,17400.0,True,15700.0,1200.0
"Dec 9, 2025",Papua,33,18750.0,True,15700.0,1200.0
"Dec 9, 2025",Papua Barat,34,16850.0,True,15700.0,1200.0
"Dec 10, 2025",Aceh,1,14800.0,True,15750.0,1200.0
"Dec 10, 2025",Sumatera Utara,2,15050.0,True,15750.0,1200.0
"Dec 10, 2025",Sumatera Barat,3,17950.0,True,15750.0,1200.0
"Dec 10, 2025",Riau,4,16300.0,True,15750.0,1200.0
"Dec 10, 2025",Kepulauan Riau,5,14950.0,True,15750.0,1200.0
"Dec 10, 2025",Jambi,6,15400.0,True,15750.0,1200.0
"Dec 10, 2025",Bengkulu,7,15500.0,True,15750.0,1200.0
"Dec 10, 2025",Sumatera Selatan,8,15450.0,True,15750.0,1200.0
"Dec 10, 2025",Kepulauan Bangka Belitung,9,15300.0,True,15750.0,1200.0
"Dec 10, 2025",Lampung,10,14600.0,True,15750.0,1200.0
"Dec 10, 2025",Banten,11,14950.0,True,15750.0,1200.0
"Dec 10, 2025",Jawa Barat,12,14800.0,True,15750.0,1200.0
"Dec 10, 2025",DKI Jakarta,13,16300.0,True,15750.0,1200.0
"Dec 10, 2025",Jawa Tengah,14,15100.0,True,15750.0,1200.0
"Dec 10, 2025",DI Yogyakarta,15,14200.0,True,15750.0,1200.0
"Dec 10, 2025",Jawa Timur,16,14650.0,True,15750.0,1200.0
"Dec 10, 2025",Bali,17,15350.0,True,15750.0,1200.0
"Dec 10, 2025",Nusa Tenggara Barat,18,13850.0,True,15750.0,1200.0
"Dec 10, 2025",Nusa Tenggara Timur,19,15300.0,True,15750.0,1200.0
"Dec 10, 2025",Kalimantan Barat,20,16550.0,True,15750.0,1200.0
"Dec 10, 2025",Kalimantan Selatan,21,17550.0,True,15750.0,1200.0
"Dec 10, 2025",Kalimantan Tengah,22,17700.0,True,15750.0,1200.0
"Dec 10, 2025",Kalimantan Timur,23,16250.0,True,15750.0,1200.0
"Dec 10, 2025",Kalimantan Utara,24,17250.0,True,15750.0,1200.0
"Dec 10, 2025",Gorontalo,25,15650.0,True,15750.0,1200.0
"Dec 10, 2025",Sulawesi Selatan,26,14100.0,True,15750.0,1200.0
"Dec 10, 2025",Sulawesi Tenggara,27,15550.0,True,15750.0,1200.0
"Dec 10, 2025",Sulawesi Tengah,28,15400.0,True,15750.0,1200.0
"Dec 10, 2025",Sulawesi Utara,29,14900.0,True,15750.0,1200.0
"Dec 10, 2025",Sulawesi Barat,30,14300.0,True,15750.0,1200.0
"Dec 10, 2025",Maluku,31,16700.0,True,15750.0,1200.0
"Dec 10, 2025",Maluku Utara,32,17400.0,True,15750.0,1200.0
"Dec 10, 2025",Papua,33,18750.0,True,15750.0,1200.0
"Dec 10, 2025",Papua Barat,34,16850.0,True,15750.0,1200.0
"Dec 11, 2025",Aceh,1,14900.0,True,15750.0,1200.0
"Dec 11, 2025",Sumatera Utara,2,15000.0,True,15750.0,1200.0
"Dec 11, 2025",Sumatera Barat,3,17950.0,True,15750.0,1200.0
"Dec 11, 2025",Riau,4,16300.0,True,15750.0,1200.0
"Dec 11, 2025",Kepulauan Riau,5,14950.0,True,15750.0,1200.0
"Dec 11, 2025",Jambi,6,15400.0,True,15750.0,1200.0
"Dec 11, 2025",Bengkulu,7,15500.0,True,15750.0,1200.0
"Dec 11, 2025",Sumatera Selatan,8,15500.0,True,15750.0,1200.0
"Dec 11, 2025",Kepulauan Bangka Belitung,9,15300.0,True,15750.0,1200.0
"Dec 11, 2025",Lampung,10,14600.0,True,15750.0,1200.0
"Dec 11, 2025",Banten,11,14950.0,True,15750.0,1200.0
"Dec 11, 2025",Jawa Barat,12,14800.0,True,15750.0,1200.0
"Dec 11, 2025",DKI Jakarta,13,16300.0,True,15750.0,1200.0
"Dec 11, 2025",Jawa Tengah,14,15050.0,True,15750.0,1200.0
"Dec 11, 2025",DI Yogyakarta,15,14200.0,True,15750.0,1200.0
"Dec 11, 2025",Jawa Timur,16,14650.0,True,15750.0,1200.0
"Dec 11, 2025",Bali,17,15350.0,True,15750.0,1200.0
"Dec 11, 2025",Nusa Tenggara Barat,18,13850.0,True,15750.0,1200.0
"Dec 11, 2025",Nusa Tenggara Timur,19,15300.0,True,15750.0,1200.0
"Dec 11, 2025",Kalimantan Barat,20,16550.0,True,15750.0,1200.0
"Dec 11, 2025",Kalimantan Selatan,21,17550.0,True,15750.0,1200.0
"Dec 11, 2025",Kalimantan Tengah,22,17700.0,True,15750.0,1200.0
"Dec 11, 2025",Kalimantan Timur,23,16250.0,True,15750.0,1200.0
"Dec 11, 2025",Kalimantan Utara,24,17250.0,True,15750.0,1200.0
"Dec 11, 2025",Gorontalo,25,15650.0,True,15750.0,1200.0
"Dec 11, 2025",Sulawesi Selatan,26,14100.0,True,15750.0,1200.0
"Dec 11, 2025",Sulawesi Tenggara,27,15500.0,True,15750.0,1200.0
"Dec 11, 2025",Sulawesi Tengah,28,15400.0,True,15750.0,1200.0
"Dec 11, 2025",Sulawesi Utara,29,14900.0,True,15750.0,1200.0
"Dec 11, 2025",Sulawesi Barat,30,14300.0,True,15750.0,1200.0
"Dec 11, 2025",Maluku,31,16700.0,True,15750.0,1200.0
"Dec 11, 2025",Maluku Utara,32,17400.0,True,15750.0,1200.0
"Dec 11, 2025",Papua,33,18750.0,True,15750.0,1200.0
"Dec 11, 2025",Papua Barat,34,16850.0,True,15750.0,1200.0
"Dec 12, 2025",Aceh,1,14900.0,True,15750.0,1200.0
"Dec 12, 2025",Sumatera Utara,2,15000.0,True,15750.0,1200.0
"Dec 12, 2025",Sumatera Barat,3,17950.0,True,15750.0,1200.0
"Dec 12, 2025",Riau,4,16300.0,True,15750.0,1200.0
"Dec 12, 2025",Kepulauan Riau,5,14950.0,True,15750.0,1200.0
"Dec 12, 2025",Jambi,6,15400.0,True,15750.0,1200.0
"Dec 12, 2025",Bengkulu,7,15500.0,True,15750.0,1200.0
"Dec 12, 2025",Sumatera Selatan,8,15500.0,True,15750.0,1200.0
"Dec 12, 2025",Kepulauan Bangka Belitung,9,15300.0,True,15750.0,1200.0
"Dec 12, 2025",Lampung,10,14600.0,True,15750.0,1200.0
"Dec 12, 2025",Banten,11,14950.0,True,15750.0,1200.0
"Dec 12, 2025",Jawa Barat,12,14800.0,True,15750.0,1200.0
"Dec 12, 2025",DKI Jakarta,13,16300.0,True,15750.0,1200.0
"Dec 12, 2025",Jawa Tengah,14,15050.0,True,15750.0,1200.0
"Dec 12, 2025",DI Yogyakarta,15,14200.0,True,15750.0,1200.0
"Dec 12, 2025",Jawa Timur,16,14650.0,True,15750.0,1200.0
"Dec 12, 2025",Bali,17,15350.0,True,15750.0,1200.0
"Dec 12, 2025",Nusa Tenggara Barat,18,13850.0,True,15750.0,1200.0
"Dec 12, 2025",Nusa Tenggara Timur,19,15300.0,True,15750.0,1200.0
"Dec 12, 2025",Kalimantan Barat,20,16550.0,True,15750.0,1200.0
"Dec 12, 2025",Kalimantan Selatan,21,17550.0,True,15750.0,1200.0
"Dec 12, 2025",Kalimantan Tengah,22,17700.0,True,15750.0,1200.0
"Dec 12, 2025",Kalimantan Timur,23,16250.0,True,15750.0,1200.0
"Dec 12, 2025",Kalimantan Utara,24,17250.0,True,15750.0,1200.0
"Dec 12, 2025",Gorontalo,25,15650.0,True,15750.0,1200.0
"Dec 12, 2025",Sulawesi Selatan,26,14100.0,True,15750.0,1200.0
"Dec 12, 2025",Sulawesi Tenggara,27,15500.0,True,15750.0,1200.0
"Dec 12, 2025",Sulawesi Tengah,28,15400.0,True,15750.0,1200.0
"Dec 12, 2025",Sulawesi Utara,29,14900.0,True,15750.0,1200.0
"Dec 12, 2025",Sulawesi Barat,30,14300.0,True,15750.0,1200.0
"Dec 12, 2025",Maluku,31,16700.0,True,15750.0,1200.0
"Dec 12, 2025",Maluku Utara,32,17400.0,True,15750.0,1200.0
"Dec 12, 2025",Papua,33,18750.0,True,15750.0,1200.0
"Dec 12, 2025",Papua Barat,34,16850.0,True,15750.0,1200.0
"Dec 13, 2025",Aceh,1,14900.0,True,15750.0,1200.0
"Dec 13, 2025",Sumatera Utara,2,15000.0,True,15750.0,1200.0
"Dec 13, 2025",Sumatera Barat,3,17950.0,True,15750.0,1200.0
"Dec 13, 2025",Riau,4,16300.0,True,15750.0,1200.0
"Dec 13, 2025",Kepulauan Riau,5,14950.0,True,15750.0,1200.0
"Dec 13, 2025",Jambi,6,15400.0,True,15750.0,1200.0
"Dec 13, 2025",Bengkulu,7,15500.0,True,15750.0,1200.0
"Dec 13, 2025",Sumatera Selatan,8,15500.0,True,15750.0,1200.0
"Dec 13, 2025",Kepulauan Bangka Belitung,9,15300.0,True,15750.0,1200.0
"Dec 13, 2025",Lampung,10,14600.0,True,15750.0,1200.0
"Dec 13, 2025",Banten,11,14950.0,True,15750.0,1200.0
"Dec 13, 2025",Jawa Barat,12,14800.0,True,15750.0,1200.0
"Dec 13, 2025",DKI Jakarta,13,16300.0,True,15750.0,1200.0
"Dec 13, 2025",Jawa Tengah,14,15050.0,True,15750.0,1200.0
"Dec 13, 2025",DI Yogyakarta,15,14200.0,True,15750.0,1200.0
"Dec 13, 2025",Jawa Timur,16,14650.0,True,15750.0,1200.0
"Dec 13, 2025",Bali,17,15350.0,True,15750.0,1200.0
"Dec 13, 2025",Nusa Tenggara Barat,18,13850.0,True,15750.0,1200.0
"Dec 13, 2025",Nusa Tenggara Timur,19,15300.0,True,15750.0,1200.0
"Dec 13, 2025",Kalimantan Barat,20,16550.0,True,15750.0,1200.0
"Dec 13, 2025",Kalimantan Selatan,21,17550.0,True,15750.0,1200.0
"Dec 13, 2025",Kalimantan Tengah,22,17700.0,True,15750.0,1200.0
"Dec 13, 2025",Kalimantan Timur,23,16250.0,True,15750.0,1200.0
"Dec 13, 2025",Kalimantan Utara,24,17250.0,True,15750.0,1200.0
"Dec 13, 2025",Gorontalo,25,15650.0,True,15750.0,1200.0
"Dec 13, 2025",Sulawesi Selatan,26,14100.0,True,15750.0,1200.0
"Dec 13, 2025",Sulawesi Tenggara,27,15500.0,True,15750.0,1200.0
"Dec 13, 2025",Sulawesi Tengah,28,15400.0,True,15750.0,1200.0
"Dec 13, 2025",Sulawesi Utara,29,14900.0,True,15750.0,1200.0
"Dec 13, 2025",Sulawesi Barat,30,14300.0,True,15750.0,1200.0
"Dec 13, 2025",Maluku,31,16700.0,True,15750.0,1200.0
"Dec 13, 2025",Maluku Utara,32,17400.0,True,15750.0,1200.0
"Dec 13, 2025",Papua,33,18750.0,True,15750.0,1200.0
"Dec 13, 2025",Papua Barat,34,16850.0,True,15750.0,1200.0
"Dec 14, 2025",Aceh,1,14900.0,True,15750.0,1200.0
"Dec 14, 2025",Sumatera Utara,2,15000.0,True,15750.0,1200.0
"Dec 14, 2025",Sumatera Barat,3,17950.0,True,15750.0,1200.0
"Dec 14, 2025",Riau,4,16300.0,True,15750.0,1200.0
"Dec 14, 2025",Kepulauan Riau,5,14950.0,True,15750.0,1200.0
"Dec 14, 2025",Jambi,6,15400.0,True,15750.0,1200.0
"Dec 14, 2025",Bengkulu,7,15500.0,True,15750.0,1200.0
"Dec 14, 2025",Sumatera Selatan,8,15500.0,True,15750.0,1200.0
"Dec 14, 2025",Kepulauan Bangka Belitung,9,15300.0,True,15750.0,1200.0
"Dec 14, 2025",Lampung,10,14600.0,True,15750.0,1200.0
"Dec 14, 2025",Banten,11,14950.0,True,15750.0,1200.0
"Dec 14, 2025",Jawa Barat,12,14800.0,True,15750.0,1200.0
"Dec 14, 2025",DKI Jakarta,13,16300.0,True,15750.0,1200.0
"Dec 14, 2025",Jawa Tengah,14,15050.0,True,15750.0,1200.0
"Dec 14, 2025",DI Yogyakarta,15,14200.0,True,15750.0,1200.0
"Dec 14, 2025",Jawa Timur,16,14650.0,True,15750.0,1200.0
"Dec 14, 2025",Bali,17,15350.0,True,15750.0,1200.0
"Dec 14, 2025",Nusa Tenggara Barat,18,13850.0,True,15750.0,1200.0
"Dec 14, 2025",Nusa Tenggara Timur,19,15300.0,True,15750.0,1200.0
"Dec 14, 2025",Kalimantan Barat,20,16550.0,True,15750.0,1200.0
"Dec 14, 2025",Kalimantan Selatan,21,17550.0,True,15750.0,1200.0
"Dec 14, 2025",Kalimantan Tengah,22,17700.0,True,15750.0,1200.0
"Dec 14, 2025",Kalimantan Timur,23,16250.0,True,15750.0,1200.0
"Dec 14, 2025",Kalimantan Utara,24,17250.0,True,15750.0,1200.0
"Dec 14, 2025",Gorontalo,25,15650.0,True,15750.0,1200.0
"Dec 14, 2025",Sulawesi Selatan,26,14100.0,True,15750.0,1200.0
"Dec 14, 2025",Sulawesi Tenggara,27,15500.0,True,15750.0,1200.0
"Dec 14, 2025",Sulawesi Tengah,28,15400.0,True,15750.0,1200.0
"Dec 14, 2025",Sulawesi Utara,29,14900.0,True,15750.0,1200.0
"Dec 14, 2025",Sulawesi Barat,30,14300.0,True,15750.0,1200.0
"Dec 14, 2025",Maluku,31,16700.0,True,15750.0,1200.0
"Dec 14, 2025",Maluku Utara,32,17400.0,True,15750.0,1200.0
"Dec 14, 2025",Papua,33,18750.0,True,15750.0,1200.0
"Dec 14, 2025",Papua Barat,34,16850.0,True,15750.0,1200.0
"Dec 15, 2025",Aceh,1,14950.0,True,15750.0,1200.0
"Dec 15, 2025",Sumatera Utara,2,15100.0,True,15750.0,1200.0
"Dec 15, 2025",Sumatera Barat,3,17950.0,True,15750.0,1200.0
"Dec 15, 2025",Riau,4,16300.0,True,15750.0,1200.0
"Dec 15, 2025",Kepulauan Riau,5,14950.0,True,15750.0,1200.0
"Dec 15, 2025",Jambi,6,15400.0,True,15750.0,1200.0
"Dec 15, 2025",Bengkulu,7,15500.0,True,15750.0,1200.0
"Dec 15, 2025",Sumatera Selatan,8,15500.0,True,15750.0,1200.0
"Dec 15, 2025",Kepulauan Bangka Belitung,9,15300.0,True,15750.0,1200.0
"Dec 15, 2025",Lampung,10,14600.0,True,15750.0,1200.0
"Dec 15, 2025",Banten,11,14950.0,True,15750.0,1200.0
"Dec 15, 2025",Jawa Barat,12,14800.0,True,15750.0,1200.0
"Dec 15, 2025",DKI Jakarta,13,16300.0,True,15750.0,1200.0
"Dec 15, 2025",Jawa Tengah,14,15050.0,True,15750.0,1200.0
"Dec 15, 2025",DI Yogyakarta,15,14200.0,True,15750.0,1200.0
"Dec 15, 2025",Jawa Timur,16,14550.0,True,15750.0,1200.0
"Dec 15, 2025",Bali,17,15400.0,True,15750.0,1200.0
"Dec 15, 2025",Nusa Tenggara Barat,18,13850.0,True,15750.0,1200.0
"Dec 15, 2025",Nusa Tenggara Timur,19,15300.0,True,15750.0,1200.0
"Dec 15, 2025",Kalimantan Barat,20,16550.0,True,15750.0,1200.0
"Dec 15, 2025",Kalimantan Selatan,21,17550.0,True,15750.0,1200.0
"Dec 15, 2025",Kalimantan Tengah,22,17750.0,True,15750.0,1200.0
"Dec 15, 2025",Kalimantan Timur,23,16300.0,True,15750.0,1200.0
"Dec 15, 2025",Kalimantan Utara,24,17250.0,True,15750.0,1200.0
"Dec 15, 2025",Gorontalo,25,15550.0,True,15750.0,1200.0
"Dec 15, 2025",Sulawesi Selatan,26,14100.0,True,15750.0,1200.0
"Dec 15, 2025",Sulawesi Tenggara,27,15500.0,True,15750.0,1200.0
"Dec 15, 2025",Sulawesi Tengah,28,15400.0,True,15750.0,1200.0
"Dec 15, 2025",Sulawesi Utara,29,14900.0,True,15750.0,1200.0
"Dec 15, 2025",Sulawesi Barat,30,14350.0,True,15750.0,1200.0
"Dec 15, 2025",Maluku,31,16700.0,True,15750.0,1200.0
"Dec 15, 2025",Maluku Utara,32,17400.0,True,15750.0,1200.0
"Dec 15, 2025",Papua,33,18750.0,True,15750.0,1200.0
"Dec 15, 2025",Papua Barat,34,16850.0,True,15750.0,1200.0
"Dec 16, 2025",Aceh,1,14950.0,True,15750.0,1200.0
"Dec 16, 2025",Sumatera Utara,2,15150.0,True,15750.0,1200.0
"Dec 16, 2025",Sumatera Barat,3,17950.0,True,15750.0,1200.0
"Dec 16, 2025",Riau,4,16300.0,True,15750.0,1200.0
"Dec 16, 2025",Kepulauan Riau,5,15150.0,True,15750.0,1200.0
"Dec 16, 2025",Jambi,6,15400.0,True,15750.0,1200.0
"Dec 16, 2025",Bengkulu,7,15500.0,True,15750.0,1200.0
"Dec 16, 2025",Sumatera Selatan,8,15500.0,True,15750.0,1200.0
"Dec 16, 2025",Kepulauan Bangka Belitung,9,15300.0,True,15750.0,1200.0
"Dec 16, 2025",Lampung,10,14600.0,True,15750.0,1200.0
"Dec 16, 2025",Banten,11,14950.0,True,15750.0,1200.0
"Dec 16, 2025",Jawa Barat,12,14800.0,True,15750.0,1200.0
"Dec 16, 2025",DKI Jakarta,13,16300.0,True,15750.0,1200.0
"Dec 16, 2025",Jawa Tengah,14,15050.0,True,15750.0,1200.0
"Dec 16, 2025",DI Yogyakarta,15,14200.0,True,15750.0,1200.0
"Dec 16, 2025",Jawa Timur,16,14550.0,True,15750.0,1200.0
"Dec 16, 2025",Bali,17,15400.0,True,15750.0,1200.0
"Dec 16, 2025",Nusa Tenggara Barat,18,13850.0,True,15750.0,1200.0
"Dec 16, 2025",Nusa Tenggara Timur,19,15300.0,True,15750.0,1200.0
"Dec 16, 2025",Kalimantan Barat,20,16550.0,True,15750.0,1200.0
"Dec 16, 2025",Kalimantan Selatan,21,17550.0,True,15750.0,1200.0
"Dec 16, 2025",Kalimantan Tengah,22,17850.0,True,15750.0,1200.0
"Dec 16, 2025",Kalimantan Timur,23,16250.0,True,15750.0,1200.0
"Dec 16, 2025",Kalimantan Utara,24,17250.0,True,15750.0,1200.0
"Dec 16, 2025",Gorontalo,25,15500.0,True,15750.0,1200.0
"Dec 16, 2025",Sulawesi Selatan,26,14100.0,True,15750.0,1200.0
"Dec 16, 2025",Sulawesi Tenggara,27,15500.0,True,15750.0,1200.0
"Dec 16, 2025",Sulawesi Tengah,28,15400.0,True,15750.0,1200.0
"Dec 16, 2025",Sulawesi Utara,29,14900.0,True,15750.0,1200.0
"Dec 16, 2025",Sulawesi Barat,30,14350.0,True,15750.0,1200.0
"Dec 16, 2025",Maluku,31,16700.0,True,15750.0,1200.0
"Dec 16, 2025",Maluku Utara,32,17400.0,True,15750.0,1200.0
"Dec 16, 2025",Papua,33,18750.0,True,15750.0,1200.0
"Dec 16, 2025",Papua Barat,34,16850.0,True,15750.0,1200.0
"Dec 17, 2025",Aceh,1,14950.0,True,15750.0,1200.0
"Dec 17, 2025",Sumatera Utara,2,15150.0,True,15750.0,1200.0
"Dec 17, 2025",Sumatera Barat,3,17950.0,True,15750.0,1200.0
"Dec 17, 2025",Riau,4,16300.0,True,15750.0,1200.0
"Dec 17, 2025",Kepulauan Riau,5,15150.0,True,15750.0,1200.0
"Dec 17, 2025",Jambi,6,15400.0,True,15750.0,1200.0
"Dec 17, 2025",Bengkulu,7,15500.0,True,15750.0,1200.0
"Dec 17, 2025",Sumatera Selatan,8,15500.0,True,15750.0,1200.0
"Dec 17, 2025",Kepulauan Bangka Belitung,9,15300.0,True,15750.0,1200.0
"Dec 17, 2025",Lampung,10,14600.0,True,15750.0,1200.0
"Dec 17, 2025",Banten,11,14950.0,True,15750.0,1200.0
"Dec 17, 2025",Jawa Barat,12,14800.0,True,15750.0,1200.0
"Dec 17, 2025",DKI Jakarta,13,16300.0,True,15750.0,1200.0
"Dec 17, 2025",Jawa Tengah,14,15050.0,True,15750.0,1200.0
"Dec 17, 2025",DI Yogyakarta,15,14200.0,True,15750.0,1200.0
"Dec 17, 2025",Jawa Timur,16,14550.0,True,15750.0,1200.0
"Dec 17, 2025",Bali,17,15400.0,True,15750.0,1200.0
"Dec 17, 2025",Nusa Tenggara Barat,18,13850.0,True,15750.0,1200.0
"Dec 17, 2025",Nusa Tenggara Timur,19,15300.0,True,15750.0,1200.0
"Dec 17, 2025",Kalimantan Barat,20,16550.0,True,15750.0,1200.0
"Dec 17, 2025",Kalimantan Selatan,21,17550.0,True,15750.0,1200.0
"Dec 17, 2025",Kalimantan Tengah,22,17900.0,True,15750.0,1200.0
"Dec 17, 2025",Kalimantan Timur,23,16250.0,True,15750.0,1200.0
"Dec 17, 2025",Kalimantan Utara,24,17250.0,True,15750.0,1200.0
"Dec 17, 2025",Gorontalo,25,15500.0,True,15750.0,1200.0
"Dec 17, 2025",Sulawesi Selatan,26,14100.0,True,15750.0,1200.0
"Dec 17, 2025",Sulawesi Tenggara,27,15500.0,True,15750.0,1200.0
"Dec 17, 2025",Sulawesi Tengah,28,15400.0,True,15750.0,1200.0
"Dec 17, 2025",Sulawesi Utara,29,14900.0,True,15750.0,1200.0
"Dec 17, 2025",Sulawesi Barat,30,14350.0,True,15750.0,1200.0
"Dec 17, 2025",Maluku,31,16650.0,True,15750.0,1200.0
"Dec 17, 2025",Maluku Utara,32,17400.0,True,15750.0,1200.0
"Dec 17, 2025",Papua,33,18750.0,True,15750.0,1200.0
"Dec 17, 2025",Papua Barat,34,16850.0,True,15750.0,1200.0
"Dec 18, 2025",Aceh,1,14950.0,True,15750.0,1200.0
"Dec 18, 2025",Sumatera Utara,2,15150.0,True,15750.0,1200.0
"Dec 18, 2025",Sumatera Barat,3,17950.0,True,15750.0,1200.0
"Dec 18, 2025",Riau,4,16300.0,True,15750.0,1200.0
"Dec 18, 2025",Kepulauan Riau,5,15150.0,True,15750.0,1200.0
"Dec 18, 2025",Jambi,6,15400.0,True,15750.0,1200.0
"Dec 18, 2025",Bengkulu,7,15500.0,True,15750.0,1200.0
"Dec 18, 2025",Sumatera Selatan,8,15500.0,True,15750.0,1200.0
"Dec 18, 2025",Kepulauan Bangka Belitung,9,15300.0,True,15750.0,1200.0
"Dec 18, 2025",Lampung,10,14600.0,True,15750.0,1200.0
"Dec 18, 2025",Banten,11,14950.0,True,15750.0,1200.0
"Dec 18, 2025",Jawa Barat,12,14800.0,True,15750.0,1200.0
"Dec 18, 2025",DKI Jakarta,13,16300.0,True,15750.0,1200.0
"Dec 18, 2025",Jawa Tengah,14,15050.0,True,15750.0,1200.0
"Dec 18, 2025",DI Yogyakarta,15,14200.0,True,15750.0,1200.0
"Dec 18, 2025",Jawa Timur,16,14550.0,True,15750.0,1200.0
"Dec 18, 2025",Bali,17,15400.0,True,15750.0,1200.0
"Dec 18, 2025",Nusa Tenggara Barat,18,13850.0,True,15750.0,1200.0
"Dec 18, 2025",Nusa Tenggara Timur,19,15300.0,True,15750.0,1200.0
"Dec 18, 2025",Kalimantan Barat,20,16550.0,True,15750.0,1200.0
"Dec 18, 2025",Kalimantan Selatan,21,17550.0,True,15750.0,1200.0
"Dec 18, 2025",Kalimantan Tengah,22,17900.0,True,15750.0,1200.0
"Dec 18, 2025",Kalimantan Timur,23,16250.0,True,15750.0,1200.0
"Dec 18, 2025",Kalimantan Utara,24,17200.0,True,15750.0,1200.0
"Dec 18, 2025",Gorontalo,25,15500.0,True,15750.0,1200.0
"Dec 18, 2025",Sulawesi Selatan,26,14100.0,True,15750.0,1200.0
"Dec 18, 2025",Sulawesi Tenggara,27,15500.0,True,15750.0,1200.0
"Dec 18, 2025",Sulawesi Tengah,28,15400.0,True,15750.0,1200.0
"Dec 18, 2025",Sulawesi Utara,29,14900.0,True,15750.0,1200.0
"Dec 18, 2025",Sulawesi Barat,30,14350.0,True,15750.0,1200.0
"Dec 18, 2025",Maluku,31,16650.0,True,15750.0,1200.0
"Dec 18, 2025",Maluku Utara,32,17400.0,True,15750.0,1200.0
"Dec 18, 2025",Papua,33,18750.0,True,15750.0,1200.0
"Dec 18, 2025",Papua Barat,34,16850.0,True,15750.0,1200.0
"Dec 19, 2025",Aceh,1,14950.0,True,15750.0,1200.0
"Dec 19, 2025",Sumatera Utara,2,15150.0,True,15750.0,1200.0
"Dec 19, 2025",Sumatera Barat,3,17950.0,True,15750.0,1200.0
"Dec 19, 2025",Riau,4,16300.0,True,15750.0,1200.0
"Dec 19, 2025",Kepulauan Riau,5,15150.0,True,15750.0,1200.0
"Dec 19, 2025",Jambi,6,15400.0,True,15750.0,1200.0
"Dec 19, 2025",Bengkulu,7,15500.0,True,15750.0,1200.0
"Dec 19, 2025",Sumatera Selatan,8,15500.0,True,15750.0,1200.0
"Dec 19, 2025",Kepulauan Bangka Belitung,9,15300.0,True,15750.0,1200.0
"Dec 19, 2025",Lampung,10,14600.0,True,15750.0,1200.0
"Dec 19, 2025",Banten,11,14950.0,True,15750.0,1200.0
"Dec 19, 2025",Jawa Barat,12,14800.0,True,15750.0,1200.0
"Dec 19, 2025",DKI Jakarta,13,16300.0,True,15750.0,1200.0
"Dec 19, 2025",Jawa Tengah,14,15050.0,True,15750.0,1200.0
"Dec 19, 2025",DI Yogyakarta,15,14200.0,True,15750.0,1200.0
"Dec 19, 2025",Jawa Timur,16,14550.0,True,15750.0,1200.0
"Dec 19, 2025",Bali,17,15400.0,True,15750.0,1200.0
"Dec 19, 2025",Nusa Tenggara Barat,18,13850.0,True,15750.0,1200.0
"Dec 19, 2025",Nusa Tenggara Timur,19,15300.0,True,15750.0,1200.0
"Dec 19, 2025",Kalimantan Barat,20,16550.0,True,15750.0,1200.0
"Dec 19, 2025",Kalimantan Selatan,21,17550.0,True,15750.0,1200.0
"Dec 19, 2025",Kalimantan Tengah,22,17900.0,True,15750.0,1200.0
"Dec 19, 2025",Kalimantan Timur,23,16250.0,True,15750.0,1200.0
"Dec 19, 2025",Kalimantan Utara,24,17250.0,True,15750.0,1200.0
"Dec 19, 2025",Gorontalo,25,15500.0,True,15750.0,1200.0
"Dec 19, 2025",Sulawesi Selatan,26,14100.0,True,15750.0,1200.0
"Dec 19, 2025",Sulawesi Tenggara,27,15500.0,True,15750.0,1200.0
"Dec 19, 2025",Sulawesi Tengah,28,15400.0,True,15750.0,1200.0
"Dec 19, 2025",Sulawesi Utara,29,14950.0,True,15750.0,1200.0
"Dec 19, 2025",Sulawesi Barat,30,14350.0,True,15750.0,1200.0
"Dec 19, 2025",Maluku,31,16650.0,True,15750.0,1200.0
"Dec 19, 2025",Maluku Utara,32,17400.0,True,15750.0,1200.0
"Dec 19, 2025",Papua,33,18750.0,True,15750.0,1200.0
"Dec 19, 2025",Papua Barat,34,16850.0,True,15750.0,1200.0
"Dec 20, 2025",Aceh,1,0.0,False,,0.0
"Dec 20, 2025",Sumatera Utara,2,0.0,False,,0.0
"Dec 20, 2025",Sumatera Barat,3,0.0,False,,0.0
"Dec 20, 2025",Riau,4,0.0,False,,0.0
"Dec 20, 2025",Kepulauan Riau,5,0.0,False,,0.0
"Dec 20, 2025",Jambi,6,0.0,False,,0.0
"Dec 20, 2025",Bengkulu,7,0.0,False,,0.0
"Dec 20, 2025",Sumatera Selatan,8,0.0,False,,0.0
"Dec 20, 2025",Kepulauan Bangka Belitung,9,0.0,False,,0.0
"Dec 20, 2025",Lampung,10,0.0,False,,0.0
"Dec 20, 2025",Banten,11,0.0,False,,0.0
"Dec 20, 2025",Jawa Barat,12,0.0,False,,0.0
"Dec 20, 2025",DKI Jakarta,13,0.0,False,,0.0
"Dec 20, 2025",Jawa Tengah,14,0.0,False,,0.0
"Dec 20, 2025",DI Yogyakarta,15,0.0,False,,0.0
"Dec 20, 2025",Jawa Timur,16,0.0,False,,0.0
"Dec 20, 2025",Bali,17,0.0,False,,0.0
"Dec 20, 2025",Nusa Tenggara Barat,18,0.0,False,,0.0
"Dec 20, 2025",Nusa Tenggara Timur,19,0.0,False,,0.0
"Dec 20, 2025",Kalimantan Barat,20,0.0,False,,0.0
"Dec 20, 2025",Kalimantan Selatan,21,0.0,False,,0.0
"Dec 20, 2025",Kalimantan Tengah,22,0.0,False,,0.0
"Dec 20, 2025",Kalimantan Timur,23,0.0,False,,0.0
"Dec 20, 2025",Kalimantan Utara,24,0.0,False,,0.0
"Dec 20, 2025",Gorontalo,25,0.0,False,,0.0
"Dec 20, 2025",Sulawesi Selatan,26,0.0,False,,0.0
"Dec 20, 2025",Sulawesi Tenggara,27,0.0,False,,0.0
"Dec 20, 2025",Sulawesi Tengah,28,0.0,False,,0.0
"Dec 20, 2025",Sulawesi Utara,29,0.0,False,,0.0
"Dec 20, 2025",Sulawesi Barat,30,0.0,False,,0.0
"Dec 20, 2025",Maluku,31,0.0,False,,0.0
"Dec 20, 2025",Maluku Utara,32,0.0,False,,0.0
"Dec 20, 2025",Papua,33,0.0,False,,0.0
"Dec 20, 2025",Papua Barat,34,0.0,False,,0.0
"Dec 21, 2025",Aceh,1,0.0,False,,0.0
"Dec 21, 2025",Sumatera Utara,2,0.0,False,,0.0
"Dec 21, 2025",Sumatera Barat,3,0.0,False,,0.0
"Dec 21, 2025",Riau,4,0.0,False,,0.0
"Dec 21, 2025",Kepulauan Riau,5,0.0,False,,0.0
"Dec 21, 2025",Jambi,6,0.0,False,,0.0
"Dec 21, 2025",Bengkulu,7,0.0,False,,0.0
"Dec 21, 2025",Sumatera Selatan,8,0.0,False,,0.0
"Dec 21, 2025",Kepulauan Bangka Belitung,9,0.0,False,,0.0
"Dec 21, 2025",Lampung,10,0.0,False,,0.0
"Dec 21, 2025",Banten,11,0.0,False,,0.0
"Dec 21, 2025",Jawa Barat,12,0.0,False,,0.0
"Dec 21, 2025",DKI Jakarta,13,0.0,False,,0.0
"Dec 21, 2025",Jawa Tengah,14,0.0,False,,0.0
"Dec 21, 2025",DI Yogyakarta,15,0.0,False,,0.0
"Dec 21, 2025",Jawa Timur,16,0.0,False,,0.0
"Dec 21, 2025",Bali,17,0.0,False,,0.0
"Dec 21, 2025",Nusa Tenggara Barat,18,0.0,False,,0.0
"Dec 21, 2025",Nusa Tenggara Timur,19,0.0,False,,0.0
"Dec 21, 2025",Kalimantan Barat,20,0.0,False,,0.0
"Dec 21, 2025",Kalimantan Selatan,21,0.0,False,,0.0
"Dec 21, 2025",Kalimantan Tengah,22,0.0,False,,0.0
"Dec 21, 2025",Kalimantan Timur,23,0.0,False,,0.0
"Dec 21, 2025",Kalimantan Utara,24,0.0,False,,0.0
"Dec 21, 2025",Gorontalo,25,0.0,False,,0.0
"Dec 21, 2025",Sulawesi Selatan,26,0.0,False,,0.0
"Dec 21, 2025",Sulawesi Tenggara,27,0.0,False,,0.0
"Dec 21, 2025",Sulawesi Tengah,28,0.0,False,,0.0
"Dec 21, 2025",Sulawesi Utara,29,0.0,False,,0.0
"Dec 21, 2025",Sulawesi Barat,30,0.0,False,,0.0
"Dec 21, 2025",Maluku,31,0.0,False,,0.0
"Dec 21, 2025",Maluku Utara,32,0.0,False,,0.0
"Dec 21, 2025",Papua,33,0.0,False,,0.0
"Dec 21, 2025",Papua Barat,34,0.0,False,,0.0
"Dec 22, 2025",Aceh,1,15000.0,True,15750.0,1200.0
"Dec 22, 2025",Sumatera Utara,2,15100.0,True,15750.0,1200.0
"Dec 22, 2025",Sumatera Barat,3,18000.0,True,15750.0,1200.0
"Dec 22, 2025",Riau,4,16400.0,True,15750.0,1200.0
"Dec 22, 2025",Kepulauan Riau,5,15250.0,True,15750.0,1200.0
"Dec 22, 2025",Jambi,6,15400.0,True,15750.0,1200.0
"Dec 22, 2025",Bengkulu,7,15500.0,True,15750.0,1200.0
"Dec 22, 2025",Sumatera Selatan,8,15500.0,True,15750.0,1200.0
"Dec 22, 2025",Kepulauan Bangka Belitung,9,15300.0,True,15750.0,1200.0
"Dec 22, 2025",Lampung,10,14700.0,True,15750.0,1200.0
"Dec 22, 2025",Banten,11,14950.0,True,15750.0,1200.0
"Dec 22, 2025",Jawa Barat,12,14800.0,True,15750.0,1200.0
"Dec 22, 2025",DKI Jakarta,13,16300.0,True,15750.0,1200.0
"Dec 22, 2025",Jawa Tengah,14,15050.0,True,15750.0,1200.0
"Dec 22, 2025",DI Yogyakarta,15,14200.0,True,15750.0,1200.0
"Dec 22, 2025",Jawa Timur,16,14550.0,True,15750.0,1200.0
"Dec 22, 2025",Bali,17,15400.0,True,15750.0,1200.0
"Dec 22, 2025",Nusa Tenggara Barat,18,13850.0,True,15750.0,1200.0
"Dec 22, 2025",Nusa Tenggara Timur,19,15300.0,True,15750.0,1200.0
"Dec 22, 2025",Kalimantan Barat,20,16600.0,True,15750.0,1200.0
"Dec 22, 2025",Kalimantan Selatan,21,17550.0,True,15750.0,1200.0
"Dec 22, 2025",Kalimantan Tengah,22,17900.0,True,15750.0,1200.0
"Dec 22, 2025",Kalimantan Timur,23,16250.0,True,15750.0,1200.0
"Dec 22, 2025",Kalimantan Utara,24,17300.0,True,15750.0,1200.0
"Dec 22, 2025",Gorontalo,25,15550.0,True,15750.0,1200.0
"Dec 22, 2025",Sulawesi Selatan,26,14100.0,True,15750.0,1200.0
"Dec 22, 2025",Sulawesi Tenggara,27,15500.0,True,15750.0,1200.0
"Dec 22, 2025",Sulawesi Tengah,28,15400.0,True,15750.0,1200.0
"Dec 22, 2025",Sulawesi Utara,29,14950.0,True,15750.0,1200.0
"Dec 22, 2025",Sulawesi Barat,30,14350.0,True,15750.0,1200.0
"Dec 22, 2025",Maluku,31,16650.0,True,15750.0,1200.0
"Dec 22, 2025",Maluku Utara,32,17400.0,True,15750.0,1200.0
"Dec 22, 2025",Papua,33,18750.0,True,15750.0,1200.0
"Dec 22, 2025",Papua Barat,34,16850.0,True,15750.0,1200.0
"Dec 23, 2025",Aceh,1,15050.0,True,15750.0,1200.0
"Dec 23, 2025",Sumatera Utara,2,15100.0,True,15750.0,1200.0
"Dec 23, 2025",Sumatera Barat,3,18000.0,True,15750.0,1200.0
"Dec 23, 2025",Riau,4,16400.0,True,15750.0,1200.0
"Dec 23, 2025",Kepulauan Riau,5,15250.0,True,15750.0,1200.0
"Dec 23, 2025",Jambi,6,15400.0,True,15750.0,1200.0
"Dec 23, 2025",Bengkulu,7,15500.0,True,15750.0,1200.0
"Dec 23, 2025",Sumatera Selatan,8,15500.0,True,15750.0,1200.0
"Dec 23, 2025",Kepulauan Bangka Belitung,9,15300.0,True,15750.0,1200.0
"Dec 23, 2025",Lampung,10,14700.0,True,15750.0,1200.0
"Dec 23, 2025",Banten,11,14950.0,True,15750.0,1200.0
"Dec 23, 2025",Jawa Barat,12,14800.0,True,15750.0,1200.0
"Dec 23, 2025",DKI Jakarta,13,16300.0,True,15750.0,1200.0
"Dec 23, 2025",Jawa Tengah,14,15050.0,True,15750.0,1200.0
"Dec 23, 2025",DI Yogyakarta,15,14200.0,True,15750.0,1200.0
"Dec 23, 2025",Jawa Timur,16,14550.0,True,15750.0,1200.0
"Dec 23, 2025",Bali,17,15400.0,True,15750.0,1200.0
"Dec 23, 2025",Nusa Tenggara Barat,18,13850.0,True,15750.0,1200.0
"Dec 23, 2025",Nusa Tenggara Timur,19,15300.0,True,15750.0,1200.0
"Dec 23, 2025",Kalimantan Barat,20,16600.0,True,15750.0,1200.0
"Dec 23, 2025",Kalimantan Selatan,21,17550.0,True,15750.0,1200.0
"Dec 23, 2025",Kalimantan Tengah,22,17850.0,True,15750.0,1200.0
"Dec 23, 2025",Kalimantan Timur,23,16250.0,True,15750.0,1200.0
"Dec 23, 2025",Kalimantan Utara,24,17300.0,True,15750.0,1200.0
"Dec 23, 2025",Gorontalo,25,15500.0,True,15750.0,1200.0
"Dec 23, 2025",Sulawesi Selatan,26,14100.0,True,15750.0,1200.0
"Dec 23, 2025",Sulawesi Tenggara,27,15500.0,True,15750.0,1200.0
"Dec 23, 2025",Sulawesi Tengah,28,15400.0,True,15750.0,1200.0
"Dec 23, 2025",Sulawesi Utara,29,14950.0,True,15750.0,1200.0
"Dec 23, 2025",Sulawesi Barat,30,14350.0,True,15750.0,1200.0
"Dec 23, 2025",Maluku,31,16650.0,True,15750.0,1200.0
"Dec 23, 2025",Maluku Utara,32,17400.0,True,15750.0,1200.0
"Dec 23, 2025",Papua,33,18750.0,True,15750.0,1200.0
"Dec 23, 2025",Papua Barat,34,16850.0,True,15750.0,1200.0
"Dec 24, 2025",Aceh,1,15100.0,True,15750.0,1200.0
"Dec 24, 2025",Sumatera Utara,2,15150.0,True,15750.0,1200.0
"Dec 24, 2025",Sumatera Barat,3,18100.0,True,15750.0,1200.0
"Dec 24, 2025",Riau,4,16400.0,True,15750.0,1200.0
"Dec 24, 2025",Kepulauan Riau,5,15300.0,True,15750.0,1200.0
"Dec 24, 2025",Jambi,6,15400.0,True,15750.0,1200.0
"Dec 24, 2025",Bengkulu,7,15500.0,True,15750.0,1200.0
"Dec 24, 2025",Sumatera Selatan,8,15500.0,True,15750.0,1200.0
"Dec 24, 2025",Kepulauan Bangka Belitung,9,15300.0,True,15750.0,1200.0
"Dec 24, 2025",Lampung,10,14700.0,True,15750.0,1200.0
"Dec 24, 2025",Banten,11,14950.0,True,15750.0,1200.0
"Dec 24, 2025",Jawa Barat,12,14800.0,True,15750.0,1200.0
"Dec 24, 2025",DKI Jakarta,13,16300.0,True,15750.0,1200.0
"Dec 24, 2025",Jawa Tengah,14,15050.0,True,15750.0,1200.0
"Dec 24, 2025",DI Yogyakarta,15,14200.0,True,15750.0,1200.0
"Dec 24, 2025",Jawa Timur,16,14550.0,True,15750.0,1200.0
"Dec 24, 2025",Bali,17,15400.0,True,15750.0,1200.0
"Dec 24, 2025",Nusa Tenggara Barat,18,13850.0,True,15750.0,1200.0
"Dec 24, 2025",Nusa Tenggara Timur,19,15300.0,True,15750.0,1200.0
"Dec 24, 2025",Kalimantan Barat,20,16600.0,True,15750.0,1200.0
"Dec 24, 2025",Kalimantan Selatan,21,17550.0,True,15750.0,1200.0
"Dec 24, 2025",Kalimantan Tengah,22,17850.0,True,15750.0,1200.0
"Dec 24, 2025",Kalimantan Timur,23,16250.0,True,15750.0,1200.0
"Dec 24, 2025",Kalimantan Utara,24,17300.0,True,15750.0,1200.0
"Dec 24, 2025",Gorontalo,25,15450.0,True,15750.0,1200.0
"Dec 24, 2025",Sulawesi Selatan,26,14100.0,True,15750.0,1200.0
"Dec 24, 2025",Sulawesi Tenggara,27,15500.0,True,15750.0,1200.0
"Dec 24, 2025",Sulawesi Tengah,28,15400.0,True,15750.0,1200.0
"Dec 24, 2025",Sulawesi Utara,29,14950.0,True,15750.0,1200.0
"Dec 24, 2025",Sulawesi Barat,30,14350.0,True,15750.0,1200.0
"Dec 24, 2025",Maluku,31,16650.0,True,15750.0,1200.0
"Dec 24, 2025",Maluku Utara,32,17400.0,True,15750.0,1200.0
"Dec 24, 2025",Papua,33,18750.0,True,15750.0,1200.0
"Dec 24, 2025",Papua Barat,34,16850.0,True,15750.0,1200.0
"Dec 25, 2025",Aceh,1,15100.0,True,15800.0,2900.0
"Dec 25, 2025",Sumatera Utara,2,15150.0,True,15800.0,2900.0
"Dec 25, 2025",Sumatera Barat,3,18100.0,True,15800.0,2900.0
"Dec 25, 2025",Riau,4,16400.0,True,15800.0,2900.0
"Dec 25, 2025",Kepulauan Riau,5,15300.0,True,15800.0,2900.0
"Dec 25, 2025",Jambi,6,15400.0,True,15800.0,2900.0
"Dec 25, 2025",Bengkulu,7,15500.0,True,15800.0,2900.0
"Dec 25, 2025",Sumatera Selatan,8,15500.0,True,15800.0,2900.0
"Dec 25, 2025",Kepulauan Bangka Belitung,9,15300.0,True,15800.0,2900.0
"Dec 25, 2025",Lampung,10,14700.0,True,15800.0,2900.0
"Dec 25, 2025",Banten,11,0.0,False,15800.0,2900.0
"Dec 25, 2025",Jawa Barat,12,14800.0,True,15800.0,2900.0
"Dec 25, 2025",DKI Jakarta,13,16300.0,True,15800.0,2900.0
"Dec 25, 2025",Jawa Tengah,14,14850.0,True,15800.0,2900.0
"Dec 25, 2025",DI Yogyakarta,15,14200.0,True,15800.0,2900.0
"Dec 25, 2025",Jawa Timur,16,14550.0,True,15800.0,2900.0
"Dec 25, 2025",Bali,17,15400.0,True,15800.0,2900.0
"Dec 25, 2025",Nusa Tenggara Barat,18,13850.0,True,15800.0,2900.0
"Dec 25, 2025",Nusa Tenggara Timur,19,15300.0,True,15800.0,2900.0
"Dec 25, 2025",Kalimantan Barat,20,16600.0,True,15800.0,2900.0
"Dec 25, 2025",Kalimantan Selatan,21,17550.0,True,15800.0,2900.0
"Dec 25, 2025",Kalimantan Tengah,22,17850.0,True,15800.0,2900.0
"Dec 25, 2025",Kalimantan Timur,23,16250.0,True,15800.0,2900.0
"Dec 25, 2025",Kalimantan Utara,24,17300.0,True,15800.0,2900.0
"Dec 25, 2025",Gorontalo,25,15450.0,True,15800.0,2900.0
"Dec 25, 2025",Sulawesi Selatan,26,14100.0,True,15800.0,2900.0
"Dec 25, 2025",Sulawesi Tenggara,27,15500.0,True,15800.0,2900.0
"Dec 25, 2025",Sulawesi Tengah,28,15400.0,True,15800.0,2900.0
"Dec 25, 2025",Sulawesi Utara,29,14950.0,True,15800.0,2900.0
"Dec 25, 2025",Sulawesi Barat,30,14350.0,True,15800.0,2900.0
"Dec 25, 2025",Maluku,31,16650.0,True,15800.0,2900.0
"Dec 25, 2025",Maluku Utara,32,17400.0,True,15800.0,2900.0
"Dec 25, 2025",Papua,33,18750.0,True,15800.0,2900.0
"Dec 25, 2025",Papua Barat,34,16850.0,True,15800.0,2900.0
"Dec 26, 2025",Aceh,1,15100.0,True,15800.0,2900.0
"Dec 26, 2025",Sumatera Utara,2,15150.0,True,15800.0,2900.0
"Dec 26, 2025",Sumatera Barat,3,18100.0,True,15800.0,2900.0
"Dec 26, 2025",Riau,4,16400.0,True,15800.0,2900.0
"Dec 26, 2025",Kepulauan Riau,5,15300.0,True,15800.0,2900.0
"Dec 26, 2025",Jambi,6,15400.0,True,15800.0,2900.0
"Dec 26, 2025",Bengkulu,7,15500.0,True,15800.0,2900.0
"Dec 26, 2025",Sumatera Selatan,8,15500.0,True,15800.0,2900.0
"Dec 26, 2025",Kepulauan Bangka Belitung,9,15300.0,True,15800.0,2900.0
"Dec 26, 2025",Lampung,10,14700.0,True,15800.0,2900.0
"Dec 26, 2025",Banten,11,0.0,False,15800.0,2900.0
"Dec 26, 2025",Jawa Barat,12,14800.0,True,15800.0,2900.0
"Dec 26, 2025",DKI Jakarta,13,16300.0,True,15800.0,2900.0
"Dec 26, 2025",Jawa Tengah,14,15050.0,True,15800.0,2900.0
"Dec 26, 2025",DI Yogyakarta,15,14200.0,True,15800.0,2900.0
"Dec 26, 2025",Jawa Timur,16,14550.0,True,15800.0,2900.0
"Dec 26, 2025",Bali,17,15400.0,True,15800.0,2900.0
"Dec 26, 2025",Nusa Tenggara Barat,18,13850.0,True,15800.0,2900.0
"Dec 26, 2025",Nusa Tenggara Timur,19,15300.0,True,15800.0,2900.0
"Dec 26, 2025",Kalimantan Barat,20,16600.0,True,15800.0,2900.0
"Dec 26, 2025",Kalimantan Selatan,21,17550.0,True,15800.0,2900.0
"Dec 26, 2025",Kalimantan Tengah,22,17850.0,True,15800.0,2900.0
"Dec 26, 2025",Kalimantan Timur,23,16250.0,True,15800.0,2900.0
"Dec 26, 2025",Kalimantan Utara,24,17300.0,True,15800.0,2900.0
"Dec 26, 2025",Gorontalo,25,15450.0,True,15800.0,2900.0
"Dec 26, 2025",Sulawesi Selatan,26,14100.0,True,15800.0,2900.0
"Dec 26, 2025",Sulawesi Tenggara,27,15500.0,True,15800.0,2900.0
"Dec 26, 2025",Sulawesi Tengah,28,15400.0,True,15800.0,2900.0
"Dec 26, 2025",Sulawesi Utara,29,14950.0,True,15800.0,2900.0
"Dec 26, 2025",Sulawesi Barat,30,14350.0,True,15800.0,2900.0
"Dec 26, 2025",Maluku,31,16650.0,True,15800.0,2900.0
"Dec 26, 2025",Maluku Utara,32,17400.0,True,15800.0,2900.0
"Dec 26, 2025",Papua,33,18750.0,True,15800.0,2900.0
"Dec 26, 2025",Papua Barat,34,16850.0,True,15800.0,2900.0
"Dec 27, 2025",Aceh,1,15100.0,True,15800.0,2900.0
"Dec 27, 2025",Sumatera Utara,2,15150.0,True,15800.0,2900.0
"Dec 27, 2025",Sumatera Barat,3,18100.0,True,15800.0,2900.0
"Dec 27, 2025",Riau,4,16400.0,True,15800.0,2900.0
"Dec 27, 2025",Kepulauan Riau,5,15300.0,True,15800.0,2900.0
"Dec 27, 2025",Jambi,6,15400.0,True,15800.0,2900.0
"Dec 27, 2025",Bengkulu,7,15500.0,True,15800.0,2900.0
"Dec 27, 2025",Sumatera Selatan,8,15500.0,True,15800.0,2900.0
"Dec 27, 2025",Kepulauan Bangka Belitung,9,15300.0,True,15800.0,2900.0
"Dec 27, 2025",Lampung,10,14700.0,True,15800.0,2900.0
"Dec 27, 2025",Banten,11,0.0,False,15800.0,2900.0
"Dec 27, 2025",Jawa Barat,12,14800.0,True,15800.0,2900.0
"Dec 27, 2025",DKI Jakarta,13,16300.0,True,15800.0,2900.0
"Dec 27, 2025",Jawa Tengah,14,15050.0,True,15800.0,2900.0
"Dec 27, 2025",DI Yogyakarta,15,14200.0,True,15800.0,2900.0
"Dec 27, 2025",Jawa Timur,16,14550.0,True,15800.0,2900.0
"Dec 27, 2025",Bali,17,15400.0,True,15800.0,2900.0
"Dec 27, 2025",Nusa Tenggara Barat,18,13850.0,True,15800.0,2900.0
"Dec 27, 2025",Nusa Tenggara Timur,19,15300.0,True,15800.0,2900.0
"Dec 27, 2025",Kalimantan Barat,20,16600.0,True,15800.0,2900.0
"Dec 27, 2025",Kalimantan Selatan,21,17550.0,True,15800.0,2900.0
"Dec 27, 2025",Kalimantan Tengah,22,17850.0,True,15800.0,2900.0
"Dec 27, 2025",Kalimantan Timur,23,16250.0,True,15800.0,2900.0
"Dec 27, 2025",Kalimantan Utara,24,17300.0,True,15800.0,2900.0
"Dec 27, 2025",Gorontalo,25,15450.0,True,15800.0,2900.0
"Dec 27, 2025",Sulawesi Selatan,26,14100.0,True,15800.0,2900.0
"Dec 27, 2025",Sulawesi Tenggara,27,15500.0,True,15800.0,2900.0
"Dec 27, 2025",Sulawesi Tengah,28,15400.0,True,15800.0,2900.0
"Dec 27, 2025",Sulawesi Utara,29,14950.0,True,15800.0,2900.0
"Dec 27, 2025",Sulawesi Barat,30,14350.0,True,15800.0,2900.0
"Dec 27, 2025",Maluku,31,16650.0,True,15800.0,2900.0
"Dec 27, 2025",Maluku Utara,32,17400.0,True,15800.0,2900.0
"Dec 27, 2025",Papua,33,18750.0,True,15800.0,2900.0
"Dec 27, 2025",Papua Barat,34,16850.0,True,15800.0,2900.0
"Dec 28, 2025",Aceh,1,15100.0,True,15800.0,2900.0
"Dec 28, 2025",Sumatera Utara,2,15150.0,True,15800.0,2900.0
"Dec 28, 2025",Sumatera Barat,3,18100.0,True,15800.0,2900.0
"Dec 28, 2025",Riau,4,16400.0,True,15800.0,2900.0
"Dec 28, 2025",Kepulauan Riau,5,15300.0,True,15800.0,2900.0
"Dec 28, 2025",Jambi,6,15400.0,True,15800.0,2900.0
"Dec 28, 2025",Bengkulu,7,15500.0,True,15800.0,2900.0
"Dec 28, 2025",Sumatera Selatan,8,15500.0,True,15800.0,2900.0
"Dec 28, 2025",Kepulauan Bangka Belitung,9,15300.0,True,15800.0,2900.0
"Dec 28, 2025",Lampung,10,14700.0,True,15800.0,2900.0
"Dec 28, 2025",Banten,11,0.0,False,15800.0,2900.0
"Dec 28, 2025",Jawa Barat,12,14800.0,True,15800.0,2900.0
"Dec 28, 2025",DKI Jakarta,13,16300.0,True,15800.0,2900.0
"Dec 28, 2025",Jawa Tengah,14,15050.0,True,15800.0,2900.0
"Dec 28, 2025",DI Yogyakarta,15,14200.0,True,15800.0,2900.0
"Dec 28, 2025",Jawa Timur,16,14550.0,True,15800.0,2900.0
"Dec 28, 2025",Bali,17,15400.0,True,15800.0,2900.0
"Dec 28, 2025",Nusa Tenggara Barat,18,13850.0,True,15800.0,2900.0
"Dec 28, 2025",Nusa Tenggara Timur,19,15300.0,True,15800.0,2900.0
"Dec 28, 2025",Kalimantan Barat,20,16600.0,True,15800.0,2900.0
"Dec 28, 2025",Kalimantan Selatan,21,17550.0,True,15800.0,2900.0
"Dec 28, 2025",Kalimantan Tengah,22,17850.0,True,15800.0,2900.0
"Dec 28, 2025",Kalimantan Timur,23,16250.0,True,15800.0,2900.0
"Dec 28, 2025",Kalimantan Utara,24,17300.0,True,15800.0,2900.0
"Dec 28, 2025",Gorontalo,25,15450.0,True,15800.0,2900.0
"Dec 28, 2025",Sulawesi Selatan,26,14100.0,True,15800.0,2900.0
"Dec 28, 2025",Sulawesi Tenggara,27,15500.0,True,15800.0,2900.0
"Dec 28, 2025",Sulawesi Tengah,28,15400.0,True,15800.0,2900.0
"Dec 28, 2025",Sulawesi Utara,29,14950.0,True,15800.0,2900.0
"Dec 28, 2025",Sulawesi Barat,30,14350.0,True,15800.0,2900.0
"Dec 28, 2025",Maluku,31,16650.0,True,15800.0,2900.0
"Dec 28, 2025",Maluku Utara,32,17400.0,True,15800.0,2900.0
"Dec 28, 2025",Papua,33,18750.0,True,15800.0,2900.0
"Dec 28, 2025",Papua Barat,34,16850.0,True,15800.0,2900.0
"Dec 29, 2025",Aceh,1,15100.0,True,15750.0,1200.0
"Dec 29, 2025",Sumatera Utara,2,15150.0,True,15750.0,1200.0
"Dec 29, 2025",Sumatera Barat,3,18150.0,True,15750.0,1200.0
"Dec 29, 2025",Riau,4,16400.0,True,15750.0,1200.0
"Dec 29, 2025",Kepulauan Riau,5,15300.0,True,15750.0,1200.0
"Dec 29, 2025",Jambi,6,15400.0,True,15750.0,1200.0
"Dec 29, 2025",Bengkulu,7,15500.0,True,15750.0,1200.0
"Dec 29, 2025",Sumatera Selatan,8,15500.0,True,15750.0,1200.0
"Dec 29, 2025",Kepulauan Bangka Belitung,9,15300.0,True,15750.0,1200.0
"Dec 29, 2025",Lampung,10,14700.0,True,15750.0,1200.0
"Dec 29, 2025",Banten,11,14950.0,True,15750.0,1200.0
"Dec 29, 2025",Jawa Barat,12,14800.0,True,15750.0,1200.0
"Dec 29, 2025",DKI Jakarta,13,16300.0,True,15750.0,1200.0
"Dec 29, 2025",Jawa Tengah,14,15050.0,True,15750.0,1200.0
"Dec 29, 2025",DI Yogyakarta,15,14200.0,True,15750.0,1200.0
"Dec 29, 2025",Jawa Timur,16,14550.0,True,15750.0,1200.0
"Dec 29, 2025",Bali,17,15400.0,True,15750.0,1200.0
"Dec 29, 2025",Nusa Tenggara Barat,18,13850.0,True,15750.0,1200.0
"Dec 29, 2025",Nusa Tenggara Timur,19,15300.0,True,15750.0,1200.0
"Dec 29, 2025",Kalimantan Barat,20,16600.0,True,15750.0,1200.0
"Dec 29, 2025",Kalimantan Selatan,21,17550.0,True,15750.0,1200.0
"Dec 29, 2025",Kalimantan Tengah,22,17850.0,True,15750.0,1200.0
"Dec 29, 2025",Kalimantan Timur,23,16200.0,True,15750.0,1200.0
"Dec 29, 2025",Kalimantan Utara,24,17300.0,True,15750.0,1200.0
"Dec 29, 2025",Gorontalo,25,15550.0,True,15750.0,1200.0
"Dec 29, 2025",Sulawesi Selatan,26,14100.0,True,15750.0,1200.0
"Dec 29, 2025",Sulawesi Tenggara,27,15500.0,True,15750.0,1200.0
"Dec 29, 2025",Sulawesi Tengah,28,15400.0,True,15750.0,1200.0
"Dec 29, 2025",Sulawesi Utara,29,15000.0,True,15750.0,1200.0
"Dec 29, 2025",Sulawesi Barat,30,14350.0,True,15750.0,1200.0
"Dec 29, 2025",Maluku,31,16650.0,True,15750.0,1200.0
"Dec 29, 2025",Maluku Utara,32,17400.0,True,15750.0,1200.0
"Dec 29, 2025",Papua,33,18750.0,True,15750.0,1200.0
"Dec 29, 2025",Papua Barat,34,16850.0,True,15750.0,1200.0
"Dec 30, 2025",Aceh,1,15100.0,True,15750.0,1200.0
"Dec 30, 2025",Sumatera Utara,2,15150.0,True,15750.0,1200.0
"Dec 30, 2025",Sumatera Barat,3,18200.0,True,15750.0,1200.0
"Dec 30, 2025",Riau,4,16350.0,True,15750.0,1200.0
"Dec 30, 2025",Kepulauan Riau,5,15300.0,True,15750.0,1200.0
"Dec 30, 2025",Jambi,6,15400.0,True,15750.0,1200.0
"Dec 30, 2025",Bengkulu,7,15500.0,True,15750.0,1200.0
"Dec 30, 2025",Sumatera Selatan,8,15500.0,True,15750.0,1200.0
"Dec 30, 2025",Kepulauan Bangka Belitung,9,15300.0,True,15750.0,1200.0
"Dec 30, 2025",Lampung,10,14700.0,True,15750.0,1200.0
"Dec 30, 2025",Banten,11,14950.0,True,15750.0,1200.0
"Dec 30, 2025",Jawa Barat,12,14800.0,True,15750.0,1200.0
"Dec 30, 2025",DKI Jakarta,13,16300.0,True,15750.0,1200.0
"Dec 30, 2025",Jawa Tengah,14,15050.0,True,15750.0,1200.0
"Dec 30, 2025",DI Yogyakarta,15,14200.0,True,15750.0,1200.0
"Dec 30, 2025",Jawa Timur,16,14550.0,True,15750.0,1200.0
"Dec 30, 2025",Bali,17,15400.0,True,15750.0,1200.0
"Dec 30, 2025",Nusa Tenggara Barat,18,13850.0,True,15750.0,1200.0
"Dec 30, 2025",Nusa Tenggara Timur,19,15300.0,True,15750.0,1200.0
"Dec 30, 2025",Kalimantan Barat,20,16600.0,True,15750.0,1200.0
"Dec 30, 2025",Kalimantan Selatan,21,17550.0,True,15750.0,1200.0
"Dec 30, 2025",Kalimantan Tengah,22,17900.0,True,15750.0,1200.0
"Dec 30, 2025",Kalimantan Timur,23,16200.0,True,15750.0,1200.0
"Dec 30, 2025",Kalimantan Utara,24,17300.0,True,15750.0,1200.0
"Dec 30, 2025",Gorontalo,25,15500.0,True,15750.0,1200.0
"Dec 30, 2025",Sulawesi Selatan,26,14100.0,True,15750.0,1200.0
"Dec 30, 2025",Sulawesi Tenggara,27,15500.0,True,15750.0,1200.0
"Dec 30, 2025",Sulawesi Tengah,28,15350.0,True,15750.0,1200.0
"Dec 30, 2025",Sulawesi Utara,29,15000.0,True,15750.0,1200.0
"Dec 30, 2025",Sulawesi Barat,30,14350.0,True,15750.0,1200.0
"Dec 30, 2025",Maluku,31,16650.0,True,15750.0,1200.0
"Dec 30, 2025",Maluku Utara,32,17400.0,True,15750.0,1200.0
"Dec 30, 2025",Papua,33,18750.0,True,15750.0,1200.0
"Dec 30, 2025",Papua Barat,34,16850.0,True,15750.0,1200.0
"Dec 31, 2025",Aceh,1,15100.0,True,15750.0,1200.0
"Dec 31, 2025",Sumatera Utara,2,15100.0,True,15750.0,1200.0
"Dec 31, 2025",Sumatera Barat,3,18200.0,True,15750.0,1200.0
"Dec 31, 2025",Riau,4,16350.0,True,15750.0,1200.0
"Dec 31, 2025",Kepulauan Riau,5,15300.0,True,15750.0,1200.0
"Dec 31, 2025",Jambi,6,15400.0,True,15750.0,1200.0
"Dec 31, 2025",Bengkulu,7,15500.0,True,15750.0,1200.0
"Dec 31, 2025",Sumatera Selatan,8,15500.0,True,15750.0,1200.0
"Dec 31, 2025",Kepulauan Bangka Belitung,9,15300.0,True,15750.0,1200.0
"Dec 31, 2025",Lampung,10,14700.0,True,15750.0,1200.0
"Dec 31, 2025",Banten,11,14950.0,True,15750.0,1200.0
"Dec 31, 2025",Jawa Barat,12,14800.0,True,15750.0,1200.0
"Dec 31, 2025",DKI Jakarta,13,16300.0,True,15750.0,1200.0
"Dec 31, 2025",Jawa Tengah,14,15000.0,True,15750.0,1200.0
"Dec 31, 2025",DI Yogyakarta,15,14200.0,True,15750.0,1200.0
"Dec 31, 2025",Jawa Timur,16,14550.0,True,15750.0,1200.0
"Dec 31, 2025",Bali,17,15400.0,True,15750.0,1200.0
"Dec 31, 2025",Nusa Tenggara Barat,18,13850.0,True,15750.0,1200.0
"Dec 31, 2025",Nusa Tenggara Timur,19,15300.0,True,15750.0,1200.0
"Dec 31, 2025",Kalimantan Barat,20,16600.0,True,15750.0,1200.0
"Dec 31, 2025",Kalimantan Selatan,21,17550.0,True,15750.0,1200.0
"Dec 31, 2025",Kalimantan Tengah,22,17900.0,True,15750.0,1200.0
"Dec 31, 2025",Kalimantan Timur,23,16200.0,True,15750.0,1200.0
"Dec 31, 2025",Kalimantan Utara,24,17250.0,True,15750.0,1200.0
"Dec 31, 2025",Gorontalo,25,15500.0,True,15750.0,1200.0
"Dec 31, 2025",Sulawesi Selatan,26,14100.0,True,15750.0,1200.0
"Dec 31, 2025",Sulawesi Tenggara,27,15500.0,True,15750.0,1200.0
"Dec 31, 2025",Sulawesi Tengah,28,15350.0,True,15750.0,1200.0
"Dec 31, 2025",Sulawesi Utara,29,15000.0,True,15750.0,1200.0
"Dec 31, 2025",Sulawesi Barat,30,14350.0,True,15750.0,1200.0
"Dec 31, 2025",Maluku,31,16650.0,True,15750.0,1200.0
"Dec 31, 2025",Maluku Utara,32,17400.0,True,15750.0,1200.0
"Dec 31, 2025",Papua,33,18750.0,True,15750.0,1200.0
"Dec 31, 2025",Papua Barat,34,16850.0,True,15750.0,1200.0
