tanggal,provinsi,id_provinsi,harga,show,avg_api,stddev_api,bulan
2025-01-01,Aceh,1,13800.0,True,15050.0,5450.0,2025-01
2025-01-01,Sumatera Utara,2,13700.0,True,15050.0,5450.0,2025-01
2025-01-01,Kepulauan Riau,5,15150.0,True,15050.0,5450.0,2025-01
2025-01-01,Jambi,6,15050.0,True,15050.0,5450.0,2025-01
2025-01-01,Bengkulu,7,15150.0,True,15050.0,5450.0,2025-01
2025-01-01,Sumatera Selatan,8,14850.0,True,15050.0,5450.0,2025-01
2025-01-01,Lampung,10,14550.0,True,15050.0,5450.0,2025-01
2025-01-01,Banten,11,14800.0,True,15050.0,5450.0,2025-01
2025-01-01,Jawa Barat,12,14600.0,True,15050.0,5450.0,2025-01
2025-01-01,Jawa Tengah,14,14450.0,True,15050.0,5450.0,2025-01
2025-01-01,DI Yogyakarta,15,14150.0,True,15050.0,5450.0,2025-01
2025-01-01,Jawa Timur,16,14050.0,True,15050.0,5450.0,2025-01
2025-01-01,Bali,17,15000.0,True,15050.0,5450.0,2025-01
2025-01-01,Nusa Tenggara Barat,18,13750.0,True,15050.0,5450.0,2025-01
2025-01-01,Nusa Tenggara Timur,19,15450.0,True,15050.0,5450.0,2025-01
2025-01-01,Kalimantan Barat,20,16000.0,True,15050.0,5450.0,2025-01
2025-01-01,Kalimantan Selatan,21,17350.0,True,15050.0,5450.0,2025-01
2025-01-01,Kalimantan Tengah,22,18100.0,True,15050.0,5450.0,2025-01
2025-01-01,Kalimantan Timur,23,15950.0,True,15050.0,5450.0,2025-01
2025-01-01,Kalimantan Utara,24,16500.0,True,15050.0,5450.0,2025-01
2025-01-01,Gorontalo,25,14550.0,True,15050.0,5450.0,2025-01
2025-01-01,Sulawesi Selatan,26,13400.0,True,15050.0,5450.0,2025-01
2025-01-01,Sulawesi Tenggara,27,14700.0,True,15050.0,5450.0,2025-01
2025-01-01,Sulawesi Tengah,28,14800.0,True,15050.0,5450.0,2025-01
2025-01-01,Sulawesi Utara,29,14100.0,True,15050.0,5450.0,2025-01
2025-01-01,Sulawesi Barat,30,13250.0,True,15050.0,5450.0,2025-01
2025-01-01,Maluku,31,16100.0,True,15050.0,5450.0,2025-01
2025-01-01,Papua,33,16750.0,True,15050.0,5450.0,2025-01
2025-01-01,Papua Barat,34,16400.0,True,15050.0,5450.0,2025-01
2025-01-02,Aceh,1,13750.0,True,15250.0,1200.0,2025-01
2025-01-02,Sumatera Utara,2,13700.0,True,15250.0,1200.0,2025-01
2025-01-02,Sumatera Barat,3,17250.0,True,15250.0,1200.0,2025-01
2025-01-02,Riau,4,15900.0,True,15250.0,1200.0,2025-01
2025-01-02,Kepulauan Riau,5,15150.0,True,15250.0,1200.0,2025-01
2025-01-02,Jambi,6,15050.0,True,15250.0,1200.0,2025-01
2025-01-02,Bengkulu,7,15150.0,True,15250.0,1200.0,2025-01
2025-01-02,Sumatera Selatan,8,14900.0,True,15250.0,1200.0,2025-01
2025-01-02,Kepulauan Bangka Belitung,9,15000.0,True,15250.0,1200.0,2025-01
2025-01-02,Lampung,10,14550.0,True,15250.0,1200.0,2025-01
2025-01-02,Banten,11,14800.0,True,15250.0,1200.0,2025-01
2025-01-02,Jawa Barat,12,14600.0,True,15250.0,1200.0,2025-01
2025-01-02,DKI Jakarta,13,15550.0,True,15250.0,1200.0,2025-01
2025-01-02,Jawa Tengah,14,14550.0,True,15250.0,1200.0,2025-01
2025-01-02,DI Yogyakarta,15,14150.0,True,15250.0,1200.0,2025-01
2025-01-02,Jawa Timur,16,14100.0,True,15250.0,1200.0,2025-01
2025-01-02,Bali,17,15000.0,True,15250.0,1200.0,2025-01
2025-01-02,Nusa Tenggara Barat,18,13750.0,True,15250.0,1200.0,2025-01
2025-01-02,Nusa Tenggara Timur,19,15450.0,True,15250.0,1200.0,2025-01
2025-01-02,Kalimantan Barat,20,16500.0,True,15250.0,1200.0,2025-01
2025-01-02,Kalimantan Selatan,21,17350.0,True,15250.0,1200.0,2025-01
2025-01-02,Kalimantan Tengah,22,18100.0,True,15250.0,1200.0,2025-01
2025-01-02,Kalimantan Timur,23,15950.0,True,15250.0,1200.0,2025-01
2025-01-02,Kalimantan Utara,24,16650.0,True,15250.0,1200.0,2025-01
2025-01-02,Gorontalo,25,14550.0,True,15250.0,1200.0,2025-01
2025-01-02,Sulawesi Selatan,26,13400.0,True,15250.0,1200.0,2025-01
2025-01-02,Sulawesi Tenggara,27,14700.0,True,15250.0,1200.0,2025-01
2025-01-02,Sulawesi Tengah,28,14800.0,True,15250.0,1200.0,2025-01
2025-01-02,Sulawesi Utara,29,14100.0,True,15250.0,1200.0,2025-01
2025-01-02,Sulawesi Barat,30,13250.0,True,15250.0,1200.0,2025-01
2025-01-02,Maluku,31,16100.0,True,15250.0,1200.0,2025-01
2025-01-02,Maluku Utara,32,16700.0,True,15250.0,1200.0,2025-01
2025-01-02,Papua,33,16750.0,True,15250.0,1200.0,2025-01
2025-01-02,Papua Barat,34,16400.0,True,15250.0,1200.0,2025-01
2025-01-03,Aceh,1,13750.0,True,15200.0,1150.0,2025-01
2025-01-03,Sumatera Utara,2,13700.0,True,15200.0,1150.0,2025-01
2025-01-03,Sumatera Barat,3,17250.0,True,15200.0,1150.0,2025-01
2025-01-03,Riau,4,15900.0,True,15200.0,1150.0,2025-01
2025-01-03,Kepulauan Riau,5,15150.0,True,15200.0,1150.0,2025-01
2025-01-03,Jambi,6,15050.0,True,15200.0,1150.0,2025-01
2025-01-03,Bengkulu,7,15150.0,True,15200.0,1150.0,2025-01
2025-01-03,Sumatera Selatan,8,14900.0,True,15200.0,1150.0,2025-01
2025-01-03,Kepulauan Bangka Belitung,9,15000.0,True,15200.0,1150.0,2025-01
2025-01-03,Lampung,10,14550.0,True,15200.0,1150.0,2025-01
2025-01-03,Banten,11,14800.0,True,15200.0,1150.0,2025-01
2025-01-03,Jawa Barat,12,14600.0,True,15200.0,1150.0,2025-01
2025-01-03,DKI Jakarta,13,15500.0,True,15200.0,1150.0,2025-01
2025-01-03,Jawa Tengah,14,14550.0,True,15200.0,1150.0,2025-01
2025-01-03,DI Yogyakarta,15,14150.0,True,15200.0,1150.0,2025-01
2025-01-03,Jawa Timur,16,14100.0,True,15200.0,1150.0,2025-01
2025-01-03,Bali,17,15000.0,True,15200.0,1150.0,2025-01
2025-01-03,Nusa Tenggara Barat,18,13750.0,True,15200.0,1150.0,2025-01
2025-01-03,Nusa Tenggara Timur,19,15450.0,True,15200.0,1150.0,2025-01
2025-01-03,Kalimantan Barat,20,16500.0,True,15200.0,1150.0,2025-01
2025-01-03,Kalimantan Selatan,21,17350.0,True,15200.0,1150.0,2025-01
2025-01-03,Kalimantan Tengah,22,17600.0,True,15200.0,1150.0,2025-01
2025-01-03,Kalimantan Timur,23,15950.0,True,15200.0,1150.0,2025-01
2025-01-03,Kalimantan Utara,24,16650.0,True,15200.0,1150.0,2025-01
2025-01-03,Gorontalo,25,14550.0,True,15200.0,1150.0,2025-01
2025-01-03,Sulawesi Selatan,26,13400.0,True,15200.0,1150.0,2025-01
2025-01-03,Sulawesi Tenggara,27,14700.0,True,15200.0,1150.0,2025-01
2025-01-03,Sulawesi Tengah,28,14800.0,True,15200.0,1150.0,2025-01
2025-01-03,Sulawesi Utara,29,14000.0,True,15200.0,1150.0,2025-01
2025-01-03,Sulawesi Barat,30,13250.0,True,15200.0,1150.0,2025-01
2025-01-03,Maluku,31,16100.0,True,15200.0,1150.0,2025-01
2025-01-03,Maluku Utara,32,16700.0,True,15200.0,1150.0,2025-01
2025-01-03,Papua,33,16750.0,True,15200.0,1150.0,2025-01
2025-01-03,Papua Barat,34,16400.0,True,15200.0,1150.0,2025-01
2025-01-04,Aceh,1,13750.0,True,15200.0,1150.0,2025-01
2025-01-04,Sumatera Utara,2,13700.0,True,15200.0,1150.0,2025-01
2025-01-04,Sumatera Barat,3,17250.0,True,15200.0,1150.0,2025-01
2025-01-04,Riau,4,15900.0,True,15200.0,1150.0,2025-01
2025-01-04,Kepulauan Riau,5,15150.0,True,15200.0,1150.0,2025-01
2025-01-04,Jambi,6,15050.0,True,15200.0,1150.0,2025-01
2025-01-04,Bengkulu,7,15150.0,True,15200.0,1150.0,2025-01
2025-01-04,Sumatera Selatan,8,14900.0,True,15200.0,1150.0,2025-01
2025-01-04,Kepulauan Bangka Belitung,9,15000.0,True,15200.0,1150.0,2025-01
2025-01-04,Lampung,10,14550.0,True,15200.0,1150.0,2025-01
2025-01-04,Banten,11,14800.0,True,15200.0,1150.0,2025-01
2025-01-04,Jawa Barat,12,14600.0,True,15200.0,1150.0,2025-01
2025-01-04,DKI Jakarta,13,15500.0,True,15200.0,1150.0,2025-01
2025-01-04,Jawa Tengah,14,14550.0,True,15200.0,1150.0,2025-01
2025-01-04,DI Yogyakarta,15,14150.0,True,15200.0,1150.0,2025-01
2025-01-04,Jawa Timur,16,14100.0,True,15200.0,1150.0,2025-01
2025-01-04,Bali,17,15000.0,True,15200.0,1150.0,2025-01
2025-01-04,Nusa Tenggara Barat,18,13750.0,True,15200.0,1150.0,2025-01
2025-01-04,Nusa Tenggara Timur,19,15450.0,True,15200.0,1150.0,2025-01
2025-01-04,Kalimantan Barat,20,16500.0,True,15200.0,1150.0,2025-01
2025-01-04,Kalimantan Selatan,21,17350.0,True,15200.0,1150.0,2025-01
2025-01-04,Kalimantan Tengah,22,17600.0,True,15200.0,1150.0,2025-01
2025-01-04,Kalimantan Timur,23,15950.0,True,15200.0,1150.0,2025-01
2025-01-04,Kalimantan Utara,24,16650.0,True,15200.0,1150.0,2025-01
2025-01-04,Gorontalo,25,14550.0,True,15200.0,1150.0,2025-01
2025-01-04,Sulawesi Selatan,26,13400.0,True,15200.0,1150.0,2025-01
2025-01-04,Sulawesi Tenggara,27,14700.0,True,15200.0,1150.0,2025-01
2025-01-04,Sulawesi Tengah,28,14800.0,True,15200.0,1150.0,2025-01
2025-01-04,Sulawesi Utara,29,14000.0,True,15200.0,1150.0,2025-01
2025-01-04,Sulawesi Barat,30,13250.0,True,15200.0,1150.0,2025-01
2025-01-04,Maluku,31,16100.0,True,15200.0,1150.0,2025-01
2025-01-04,Maluku Utara,32,16700.0,True,15200.0,1150.0,2025-01
2025-01-04,Papua,33,16750.0,True,15200.0,1150.0,2025-01
2025-01-04,Papua Barat,34,16400.0,True,15200.0,1150.0,2025-01
2025-01-05,Aceh,1,13750.0,True,15200.0,1150.0,2025-01
2025-01-05,Sumatera Utara,2,13700.0,True,15200.0,1150.0,2025-01
2025-01-05,Sumatera Barat,3,17250.0,True,15200.0,1150.0,2025-01
2025-01-05,Riau,4,15900.0,True,15200.0,1150.0,2025-01
2025-01-05,Kepulauan Riau,5,15150.0,True,15200.0,1150.0,2025-01
2025-01-05,Jambi,6,15050.0,True,15200.0,1150.0,2025-01
2025-01-05,Bengkulu,7,15150.0,True,15200.0,1150.0,2025-01
2025-01-05,Sumatera Selatan,8,14900.0,True,15200.0,1150.0,2025-01
2025-01-05,Kepulauan Bangka Belitung,9,15000.0,True,15200.0,1150.0,2025-01
2025-01-05,Lampung,10,14550.0,True,15200.0,1150.0,2025-01
2025-01-05,Banten,11,14800.0,True,15200.0,1150.0,2025-01
2025-01-05,Jawa Barat,12,14600.0,True,15200.0,1150.0,2025-01
2025-01-05,DKI Jakarta,13,15500.0,True,15200.0,1150.0,2025-01
2025-01-05,Jawa Tengah,14,14550.0,True,15200.0,1150.0,2025-01
2025-01-05,DI Yogyakarta,15,14150.0,True,15200.0,1150.0,2025-01
2025-01-05,Jawa Timur,16,14100.0,True,15200.0,1150.0,2025-01
2025-01-05,Bali,17,15000.0,True,15200.0,1150.0,2025-01
2025-01-05,Nusa Tenggara Barat,18,13750.0,True,15200.0,1150.0,2025-01
2025-01-05,Nusa Tenggara Timur,19,15450.0,True,15200.0,1150.0,2025-01
2025-01-05,Kalimantan Barat,20,16500.0,True,15200.0,1150.0,2025-01
2025-01-05,Kalimantan Selatan,21,17350.0,True,15200.0,1150.0,2025-01
2025-01-05,Kalimantan Tengah,22,17600.0,True,15200.0,1150.0,2025-01
2025-01-05,Kalimantan Timur,23,15950.0,True,15200.0,1150.0,2025-01
2025-01-05,Kalimantan Utara,24,16650.0,True,15200.0,1150.0,2025-01
2025-01-05,Gorontalo,25,14550.0,True,15200.0,1150.0,2025-01
2025-01-05,Sulawesi Selatan,26,13400.0,True,15200.0,1150.0,2025-01
2025-01-05,Sulawesi Tenggara,27,14700.0,True,15200.0,1150.0,2025-01
2025-01-05,Sulawesi Tengah,28,14800.0,True,15200.0,1150.0,2025-01
2025-01-05,Sulawesi Utara,29,14000.0,True,15200.0,1150.0,2025-01
2025-01-05,Sulawesi Barat,30,13250.0,True,15200.0,1150.0,2025-01
2025-01-05,Maluku,31,16100.0,True,15200.0,1150.0,2025-01
2025-01-05,Maluku Utara,32,16700.0,True,15200.0,1150.0,2025-01
2025-01-05,Papua,33,16750.0,True,15200.0,1150.0,2025-01
2025-01-05,Papua Barat,34,16400.0,True,15200.0,1150.0,2025-01
2025-01-06,Aceh,1,13750.0,True,15150.0,1100.0,2025-01
2025-01-06,Sumatera Utara,2,13750.0,True,15150.0,1100.0,2025-01
2025-01-06,Sumatera Barat,3,17250.0,True,15150.0,1100.0,2025-01
2025-01-06,Riau,4,15900.0,True,15150.0,1100.0,2025-01
2025-01-06,Kepulauan Riau,5,15150.0,True,15150.0,1100.0,2025-01
2025-01-06,Jambi,6,15050.0,True,15150.0,1100.0,2025-01
2025-01-06,Bengkulu,7,15150.0,True,15150.0,1100.0,2025-01
2025-01-06,Sumatera Selatan,8,14900.0,True,15150.0,1100.0,2025-01
2025-01-06,Kepulauan Bangka Belitung,9,15000.0,True,15150.0,1100.0,2025-01
2025-01-06,Lampung,10,14550.0,True,15150.0,1100.0,2025-01
2025-01-06,Banten,11,14800.0,True,15150.0,1100.0,2025-01
2025-01-06,Jawa Barat,12,14600.0,True,15150.0,1100.0,2025-01
2025-01-06,DKI Jakarta,13,15700.0,True,15150.0,1100.0,2025-01
2025-01-06,Jawa Tengah,14,14550.0,True,15150.0,1100.0,2025-01
2025-01-06,DI Yogyakarta,15,14150.0,True,15150.0,1100.0,2025-01
2025-01-06,Jawa Timur,16,14050.0,True,15150.0,1100.0,2025-01
2025-01-06,Bali,17,15000.0,True,15150.0,1100.0,2025-01
2025-01-06,Nusa Tenggara Barat,18,13900.0,True,15150.0,1100.0,2025-01
2025-01-06,Nusa Tenggara Timur,19,15450.0,True,15150.0,1100.0,2025-01
2025-01-06,Kalimantan Barat,20,16500.0,True,15150.0,1100.0,2025-01
2025-01-06,Kalimantan Selatan,21,16500.0,True,15150.0,1100.0,2025-01
2025-01-06,Kalimantan Tengah,22,17600.0,True,15150.0,1100.0,2025-01
2025-01-06,Kalimantan Timur,23,15950.0,True,15150.0,1100.0,2025-01
2025-01-06,Kalimantan Utara,24,16200.0,True,15150.0,1100.0,2025-01
2025-01-06,Gorontalo,25,14550.0,True,15150.0,1100.0,2025-01
2025-01-06,Sulawesi Selatan,26,13400.0,True,15150.0,1100.0,2025-01
2025-01-06,Sulawesi Tenggara,27,14700.0,True,15150.0,1100.0,2025-01
2025-01-06,Sulawesi Tengah,28,14300.0,True,15150.0,1100.0,2025-01
2025-01-06,Sulawesi Utara,29,14050.0,True,15150.0,1100.0,2025-01
2025-01-06,Sulawesi Barat,30,13250.0,True,15150.0,1100.0,2025-01
2025-01-06,Maluku,31,16100.0,True,15150.0,1100.0,2025-01
2025-01-06,Maluku Utara,32,16700.0,True,15150.0,1100.0,2025-01
2025-01-06,Papua,33,16750.0,True,15150.0,1100.0,2025-01
2025-01-06,Papua Barat,34,16400.0,True,15150.0,1100.0,2025-01
2025-01-07,Aceh,1,13750.0,True,15200.0,1150.0,2025-01
2025-01-07,Sumatera Utara,2,13750.0,True,15200.0,1150.0,2025-01
2025-01-07,Sumatera Barat,3,17250.0,True,15200.0,1150.0,2025-01
2025-01-07,Riau,4,15900.0,True,15200.0,1150.0,2025-01
2025-01-07,Kepulauan Riau,5,15250.0,True,15200.0,1150.0,2025-01
2025-01-07,Jambi,6,15050.0,True,15200.0,1150.0,2025-01
2025-01-07,Bengkulu,7,15150.0,True,15200.0,1150.0,2025-01
2025-01-07,Sumatera Selatan,8,14950.0,True,15200.0,1150.0,2025-01
2025-01-07,Kepulauan Bangka Belitung,9,15000.0,True,15200.0,1150.0,2025-01
2025-01-07,Lampung,10,14550.0,True,15200.0,1150.0,2025-01
2025-01-07,Banten,11,14800.0,True,15200.0,1150.0,2025-01
2025-01-07,Jawa Barat,12,14600.0,True,15200.0,1150.0,2025-01
2025-01-07,DKI Jakarta,13,15700.0,True,15200.0,1150.0,2025-01
2025-01-07,Jawa Tengah,14,14550.0,True,15200.0,1150.0,2025-01
2025-01-07,DI Yogyakarta,15,14150.0,True,15200.0,1150.0,2025-01
2025-01-07,Jawa Timur,16,14050.0,True,15200.0,1150.0,2025-01
2025-01-07,Bali,17,15150.0,True,15200.0,1150.0,2025-01
2025-01-07,Nusa Tenggara Barat,18,13900.0,True,15200.0,1150.0,2025-01
2025-01-07,Nusa Tenggara Timur,19,15450.0,True,15200.0,1150.0,2025-01
2025-01-07,Kalimantan Barat,20,16500.0,True,15200.0,1150.0,2025-01
2025-01-07,Kalimantan Selatan,21,17350.0,True,15200.0,1150.0,2025-01
2025-01-07,Kalimantan Tengah,22,17600.0,True,15200.0,1150.0,2025-01
2025-01-07,Kalimantan Timur,23,15950.0,True,15200.0,1150.0,2025-01
2025-01-07,Kalimantan Utara,24,16600.0,True,15200.0,1150.0,2025-01
2025-01-07,Gorontalo,25,14550.0,True,15200.0,1150.0,2025-01
2025-01-07,Sulawesi Selatan,26,13400.0,True,15200.0,1150.0,2025-01
2025-01-07,Sulawesi Tenggara,27,14700.0,True,15200.0,1150.0,2025-01
2025-01-07,Sulawesi Tengah,28,14300.0,True,15200.0,1150.0,2025-01
2025-01-07,Sulawesi Utara,29,14050.0,True,15200.0,1150.0,2025-01
2025-01-07,Sulawesi Barat,30,13250.0,True,15200.0,1150.0,2025-01
2025-01-07,Maluku,31,16100.0,True,15200.0,1150.0,2025-01
2025-01-07,Maluku Utara,32,16700.0,True,15200.0,1150.0,2025-01
2025-01-07,Papua,33,16750.0,True,15200.0,1150.0,2025-01
2025-01-07,Papua Barat,34,16400.0,True,15200.0,1150.0,2025-01
2025-01-08,Aceh,1,13750.0,True,15200.0,1150.0,2025-01
2025-01-08,Sumatera Utara,2,13750.0,True,15200.0,1150.0,2025-01
2025-01-08,Sumatera Barat,3,17250.0,True,15200.0,1150.0,2025-01
2025-01-08,Riau,4,15900.0,True,15200.0,1150.0,2025-01
2025-01-08,Kepulauan Riau,5,15250.0,True,15200.0,1150.0,2025-01
2025-01-08,Jambi,6,15050.0,True,15200.0,1150.0,2025-01
2025-01-08,Bengkulu,7,15000.0,True,15200.0,1150.0,2025-01
2025-01-08,Sumatera Selatan,8,14950.0,True,15200.0,1150.0,2025-01
2025-01-08,Kepulauan Bangka Belitung,9,15000.0,True,15200.0,1150.0,2025-01
2025-01-08,Lampung,10,14550.0,True,15200.0,1150.0,2025-01
2025-01-08,Banten,11,14800.0,True,15200.0,1150.0,2025-01
2025-01-08,Jawa Barat,12,14650.0,True,15200.0,1150.0,2025-01
2025-01-08,DKI Jakarta,13,15700.0,True,15200.0,1150.0,2025-01
2025-01-08,Jawa Tengah,14,14550.0,True,15200.0,1150.0,2025-01
2025-01-08,DI Yogyakarta,15,14150.0,True,15200.0,1150.0,2025-01
2025-01-08,Jawa Timur,16,14050.0,True,15200.0,1150.0,2025-01
2025-01-08,Bali,17,15150.0,True,15200.0,1150.0,2025-01
2025-01-08,Nusa Tenggara Barat,18,13800.0,True,15200.0,1150.0,2025-01
2025-01-08,Nusa Tenggara Timur,19,15450.0,True,15200.0,1150.0,2025-01
2025-01-08,Kalimantan Barat,20,16500.0,True,15200.0,1150.0,2025-01
2025-01-08,Kalimantan Selatan,21,17350.0,True,15200.0,1150.0,2025-01
2025-01-08,Kalimantan Tengah,22,17600.0,True,15200.0,1150.0,2025-01
2025-01-08,Kalimantan Timur,23,16250.0,True,15200.0,1150.0,2025-01
2025-01-08,Kalimantan Utara,24,16600.0,True,15200.0,1150.0,2025-01
2025-01-08,Gorontalo,25,14550.0,True,15200.0,1150.0,2025-01
2025-01-08,Sulawesi Selatan,26,13400.0,True,15200.0,1150.0,2025-01
2025-01-08,Sulawesi Tenggara,27,14800.0,True,15200.0,1150.0,2025-01
2025-01-08,Sulawesi Tengah,28,14300.0,True,15200.0,1150.0,2025-01
2025-01-08,Sulawesi Utara,29,14050.0,True,15200.0,1150.0,2025-01
2025-01-08,Sulawesi Barat,30,13250.0,True,15200.0,1150.0,2025-01
2025-01-08,Maluku,31,16100.0,True,15200.0,1150.0,2025-01
2025-01-08,Maluku Utara,32,16700.0,True,15200.0,1150.0,2025-01
2025-01-08,Papua,33,16750.0,True,15200.0,1150.0,2025-01
2025-01-08,Papua Barat,34,16400.0,True,15200.0,1150.0,2025-01
2025-01-09,Aceh,1,13750.0,True,15150.0,2800.0,2025-01
2025-01-09,Sumatera Utara,2,13850.0,True,15150.0,2800.0,2025-01
2025-01-09,Sumatera Barat,3,17250.0,True,15150.0,2800.0,2025-01
2025-01-09,Riau,4,15900.0,True,15150.0,2800.0,2025-01
2025-01-09,Kepulauan Riau,5,15250.0,True,15150.0,2800.0,2025-01
2025-01-09,Jambi,6,15050.0,True,15150.0,2800.0,2025-01
2025-01-09,Bengkulu,7,15150.0,True,15150.0,2800.0,2025-01
2025-01-09,Sumatera Selatan,8,14950.0,True,15150.0,2800.0,2025-01
2025-01-09,Kepulauan Bangka Belitung,9,15000.0,True,15150.0,2800.0,2025-01
2025-01-09,Lampung,10,14550.0,True,15150.0,2800.0,2025-01
2025-01-09,Banten,11,14800.0,True,15150.0,2800.0,2025-01
2025-01-09,Jawa Barat,12,14650.0,True,15150.0,2800.0,2025-01
2025-01-09,DKI Jakarta,13,15700.0,True,15150.0,2800.0,2025-01
2025-01-09,Jawa Tengah,14,14550.0,True,15150.0,2800.0,2025-01
2025-01-09,DI Yogyakarta,15,14150.0,True,15150.0,2800.0,2025-01
2025-01-09,Jawa Timur,16,14100.0,True,15150.0,2800.0,2025-01
2025-01-09,Bali,17,15150.0,True,15150.0,2800.0,2025-01
2025-01-09,Nusa Tenggara Barat,18,13800.0,True,15150.0,2800.0,2025-01
2025-01-09,Nusa Tenggara Timur,19,15450.0,True,15150.0,2800.0,2025-01
2025-01-09,Kalimantan Barat,20,16500.0,True,15150.0,2800.0,2025-01
2025-01-09,Kalimantan Selatan,21,17350.0,True,15150.0,2800.0,2025-01
2025-01-09,Kalimantan Tengah,22,17600.0,True,15150.0,2800.0,2025-01
2025-01-09,Kalimantan Timur,23,15950.0,True,15150.0,2800.0,2025-01
2025-01-09,Gorontalo,25,14550.0,True,15150.0,2800.0,2025-01
2025-01-09,Sulawesi Selatan,26,13400.0,True,15150.0,2800.0,2025-01
2025-01-09,Sulawesi Tenggara,27,14800.0,True,15150.0,2800.0,2025-01
2025-01-09,Sulawesi Tengah,28,14250.0,True,15150.0,2800.0,2025-01
2025-01-09,Sulawesi Utara,29,14050.0,True,15150.0,2800.0,2025-01
2025-01-09,Sulawesi Barat,30,13250.0,True,15150.0,2800.0,2025-01
2025-01-09,Maluku,31,16100.0,True,15150.0,2800.0,2025-01
2025-01-09,Maluku Utara,32,16700.0,True,15150.0,2800.0,2025-01
2025-01-09,Papua,33,16750.0,True,15150.0,2800.0,2025-01
2025-01-09,Papua Barat,34,16400.0,True,15150.0,2800.0,2025-01
2025-01-10,Aceh,1,13750.0,True,15200.0,1150.0,2025-01
2025-01-10,Sumatera Utara,2,13750.0,True,15200.0,1150.0,2025-01
2025-01-10,Sumatera Barat,3,17250.0,True,15200.0,1150.0,2025-01
2025-01-10,Riau,4,15900.0,True,15200.0,1150.0,2025-01
2025-01-10,Kepulauan Riau,5,15250.0,True,15200.0,1150.0,2025-01
2025-01-10,Jambi,6,15050.0,True,15200.0,1150.0,2025-01
2025-01-10,Bengkulu,7,15150.0,True,15200.0,1150.0,2025-01
2025-01-10,Sumatera Selatan,8,14950.0,True,15200.0,1150.0,2025-01
2025-01-10,Kepulauan Bangka Belitung,9,15000.0,True,15200.0,1150.0,2025-01
2025-01-10,Lampung,10,14550.0,True,15200.0,1150.0,2025-01
2025-01-10,Banten,11,14800.0,True,15200.0,1150.0,2025-01
2025-01-10,Jawa Barat,12,14650.0,True,15200.0,1150.0,2025-01
2025-01-10,DKI Jakarta,13,15700.0,True,15200.0,1150.0,2025-01
2025-01-10,Jawa Tengah,14,14550.0,True,15200.0,1150.0,2025-01
2025-01-10,DI Yogyakarta,15,14150.0,True,15200.0,1150.0,2025-01
2025-01-10,Jawa Timur,16,14050.0,True,15200.0,1150.0,2025-01
2025-01-10,Bali,17,15150.0,True,15200.0,1150.0,2025-01
2025-01-10,Nusa Tenggara Barat,18,13850.0,True,15200.0,1150.0,2025-01
2025-01-10,Nusa Tenggara Timur,19,15450.0,True,15200.0,1150.0,2025-01
2025-01-10,Kalimantan Barat,20,16500.0,True,15200.0,1150.0,2025-01
2025-01-10,Kalimantan Selatan,21,17350.0,True,15200.0,1150.0,2025-01
2025-01-10,Kalimantan Tengah,22,17600.0,True,15200.0,1150.0,2025-01
2025-01-10,Kalimantan Timur,23,15950.0,True,15200.0,1150.0,2025-01
2025-01-10,Kalimantan Utara,24,16600.0,True,15200.0,1150.0,2025-01
2025-01-10,Gorontalo,25,14550.0,True,15200.0,1150.0,2025-01
2025-01-10,Sulawesi Selatan,26,13400.0,True,15200.0,1150.0,2025-01
2025-01-10,Sulawesi Tenggara,27,14800.0,True,15200.0,1150.0,2025-01
2025-01-10,Sulawesi Tengah,28,14350.0,True,15200.0,1150.0,2025-01
2025-01-10,Sulawesi Utara,29,14050.0,True,15200.0,1150.0,2025-01
2025-01-10,Sulawesi Barat,30,13250.0,True,15200.0,1150.0,2025-01
2025-01-10,Maluku,31,16100.0,True,15200.0,1150.0,2025-01
2025-01-10,Maluku Utara,32,16700.0,True,15200.0,1150.0,2025-01
2025-01-10,Papua,33,16750.0,True,15200.0,1150.0,2025-01
2025-01-10,Papua Barat,34,16400.0,True,15200.0,1150.0,2025-01
2025-01-11,Aceh,1,13750.0,True,15200.0,1150.0,2025-01
2025-01-11,Sumatera Utara,2,13750.0,True,15200.0,1150.0,2025-01
2025-01-11,Sumatera Barat,3,17250.0,True,15200.0,1150.0,2025-01
2025-01-11,Riau,4,15900.0,True,15200.0,1150.0,2025-01
2025-01-11,Kepulauan Riau,5,15250.0,True,15200.0,1150.0,2025-01
2025-01-11,Jambi,6,15050.0,True,15200.0,1150.0,2025-01
2025-01-11,Bengkulu,7,15150.0,True,15200.0,1150.0,2025-01
2025-01-11,Sumatera Selatan,8,14950.0,True,15200.0,1150.0,2025-01
2025-01-11,Kepulauan Bangka Belitung,9,15000.0,True,15200.0,1150.0,2025-01
2025-01-11,Lampung,10,14550.0,True,15200.0,1150.0,2025-01
2025-01-11,Banten,11,14800.0,True,15200.0,1150.0,2025-01
2025-01-11,Jawa Barat,12,14650.0,True,15200.0,1150.0,2025-01
2025-01-11,DKI Jakarta,13,15700.0,True,15200.0,1150.0,2025-01
2025-01-11,Jawa Tengah,14,14550.0,True,15200.0,1150.0,2025-01
2025-01-11,DI Yogyakarta,15,14150.0,True,15200.0,1150.0,2025-01
2025-01-11,Jawa Timur,16,14050.0,True,15200.0,1150.0,2025-01
2025-01-11,Bali,17,15150.0,True,15200.0,1150.0,2025-01
2025-01-11,Nusa Tenggara Barat,18,13850.0,True,15200.0,1150.0,2025-01
2025-01-11,Nusa Tenggara Timur,19,15450.0,True,15200.0,1150.0,2025-01
2025-01-11,Kalimantan Barat,20,16500.0,True,15200.0,1150.0,2025-01
2025-01-11,Kalimantan Selatan,21,17350.0,True,15200.0,1150.0,2025-01
2025-01-11,Kalimantan Tengah,22,17600.0,True,15200.0,1150.0,2025-01
2025-01-11,Kalimantan Timur,23,15950.0,True,15200.0,1150.0,2025-01
2025-01-11,Kalimantan Utara,24,16600.0,True,15200.0,1150.0,2025-01
2025-01-11,Gorontalo,25,14550.0,True,15200.0,1150.0,2025-01
2025-01-11,Sulawesi Selatan,26,13400.0,True,15200.0,1150.0,2025-01
2025-01-11,Sulawesi Tenggara,27,14800.0,True,15200.0,1150.0,2025-01
2025-01-11,Sulawesi Tengah,28,14350.0,True,15200.0,1150.0,2025-01
2025-01-11,Sulawesi Utara,29,14050.0,True,15200.0,1150.0,2025-01
2025-01-11,Sulawesi Barat,30,13250.0,True,15200.0,1150.0,2025-01
2025-01-11,Maluku,31,16100.0,True,15200.0,1150.0,2025-01
2025-01-11,Maluku Utara,32,16700.0,True,15200.0,1150.0,2025-01
2025-01-11,Papua,33,16750.0,True,15200.0,1150.0,2025-01
2025-01-11,Papua Barat,34,16400.0,True,15200.0,1150.0,2025-01
2025-01-12,Aceh,1,13750.0,True,15200.0,1150.0,2025-01
2025-01-12,Sumatera Utara,2,13750.0,True,15200.0,1150.0,2025-01
2025-01-12,Sumatera Barat,3,17250.0,True,15200.0,1150.0,2025-01
2025-01-12,Riau,4,15900.0,True,15200.0,1150.0,2025-01
2025-01-12,Kepulauan Riau,5,15250.0,True,15200.0,1150.0,2025-01
2025-01-12,Jambi,6,15050.0,True,15200.0,1150.0,2025-01
2025-01-12,Bengkulu,7,15150.0,True,15200.0,1150.0,2025-01
2025-01-12,Sumatera Selatan,8,14950.0,True,15200.0,1150.0,2025-01
2025-01-12,Kepulauan Bangka Belitung,9,15000.0,True,15200.0,1150.0,2025-01
2025-01-12,Lampung,10,14550.0,True,15200.0,1150.0,2025-01
2025-01-12,Banten,11,14800.0,True,15200.0,1150.0,2025-01
2025-01-12,Jawa Barat,12,14650.0,True,15200.0,1150.0,2025-01
2025-01-12,DKI Jakarta,13,15700.0,True,15200.0,1150.0,2025-01
2025-01-12,Jawa Tengah,14,14550.0,True,15200.0,1150.0,2025-01
2025-01-12,DI Yogyakarta,15,14150.0,True,15200.0,1150.0,2025-01
2025-01-12,Jawa Timur,16,14050.0,True,15200.0,1150.0,2025-01
2025-01-12,Bali,17,15150.0,True,15200.0,1150.0,2025-01
2025-01-12,Nusa Tenggara Barat,18,13850.0,True,15200.0,1150.0,2025-01
2025-01-12,Nusa Tenggara Timur,19,15450.0,True,15200.0,1150.0,2025-01
2025-01-12,Kalimantan Barat,20,16500.0,True,15200.0,1150.0,2025-01
2025-01-12,Kalimantan Selatan,21,17350.0,True,15200.0,1150.0,2025-01
2025-01-12,Kalimantan Tengah,22,17600.0,True,15200.0,1150.0,2025-01
2025-01-12,Kalimantan Timur,23,15950.0,True,15200.0,1150.0,2025-01
2025-01-12,Kalimantan Utara,24,16600.0,True,15200.0,1150.0,2025-01
2025-01-12,Gorontalo,25,14550.0,True,15200.0,1150.0,2025-01
2025-01-12,Sulawesi Selatan,26,13400.0,True,15200.0,1150.0,2025-01
2025-01-12,Sulawesi Tenggara,27,14800.0,True,15200.0,1150.0,2025-01
2025-01-12,Sulawesi Tengah,28,14350.0,True,15200.0,1150.0,2025-01
2025-01-12,Sulawesi Utara,29,14050.0,True,15200.0,1150.0,2025-01
2025-01-12,Sulawesi Barat,30,13250.0,True,15200.0,1150.0,2025-01
2025-01-12,Maluku,31,16100.0,True,15200.0,1150.0,2025-01
2025-01-12,Maluku Utara,32,16700.0,True,15200.0,1150.0,2025-01
2025-01-12,Papua,33,16750.0,True,15200.0,1150.0,2025-01
2025-01-12,Papua Barat,34,16400.0,True,15200.0,1150.0,2025-01
2025-01-13,Aceh,1,13750.0,True,15200.0,1150.0,2025-01
2025-01-13,Sumatera Utara,2,13750.0,True,15200.0,1150.0,2025-01
2025-01-13,Sumatera Barat,3,17250.0,True,15200.0,1150.0,2025-01
2025-01-13,Riau,4,15900.0,True,15200.0,1150.0,2025-01
2025-01-13,Kepulauan Riau,5,15250.0,True,15200.0,1150.0,2025-01
2025-01-13,Jambi,6,15050.0,True,15200.0,1150.0,2025-01
2025-01-13,Bengkulu,7,15150.0,True,15200.0,1150.0,2025-01
2025-01-13,Sumatera Selatan,8,14950.0,True,15200.0,1150.0,2025-01
2025-01-13,Kepulauan Bangka Belitung,9,15000.0,True,15200.0,1150.0,2025-01
2025-01-13,Lampung,10,14550.0,True,15200.0,1150.0,2025-01
2025-01-13,Banten,11,14800.0,True,15200.0,1150.0,2025-01
2025-01-13,Jawa Barat,12,14650.0,True,15200.0,1150.0,2025-01
2025-01-13,DKI Jakarta,13,15700.0,True,15200.0,1150.0,2025-01
2025-01-13,Jawa Tengah,14,14550.0,True,15200.0,1150.0,2025-01
2025-01-13,DI Yogyakarta,15,14150.0,True,15200.0,1150.0,2025-01
2025-01-13,Jawa Timur,16,14050.0,True,15200.0,1150.0,2025-01
2025-01-13,Bali,17,15150.0,True,15200.0,1150.0,2025-01
2025-01-13,Nusa Tenggara Barat,18,13900.0,True,15200.0,1150.0,2025-01
2025-01-13,Nusa Tenggara Timur,19,15450.0,True,15200.0,1150.0,2025-01
2025-01-13,Kalimantan Barat,20,16500.0,True,15200.0,1150.0,2025-01
2025-01-13,Kalimantan Selatan,21,17350.0,True,15200.0,1150.0,2025-01
2025-01-13,Kalimantan Tengah,22,17600.0,True,15200.0,1150.0,2025-01
2025-01-13,Kalimantan Timur,23,15950.0,True,15200.0,1150.0,2025-01
2025-01-13,Kalimantan Utara,24,16600.0,True,15200.0,1150.0,2025-01
2025-01-13,Gorontalo,25,14550.0,True,15200.0,1150.0,2025-01
2025-01-13,Sulawesi Selatan,26,13400.0,True,15200.0,1150.0,2025-01
2025-01-13,Sulawesi Tenggara,27,14800.0,True,15200.0,1150.0,2025-01
2025-01-13,Sulawesi Tengah,28,14500.0,True,15200.0,1150.0,2025-01
2025-01-13,Sulawesi Utara,29,14050.0,True,15200.0,1150.0,2025-01
2025-01-13,Sulawesi Barat,30,13300.0,True,15200.0,1150.0,2025-01
2025-01-13,Maluku,31,16100.0,True,15200.0,1150.0,2025-01
2025-01-13,Maluku Utara,32,16700.0,True,15200.0,1150.0,2025-01
2025-01-13,Papua,33,16750.0,True,15200.0,1150.0,2025-01
2025-01-13,Papua Barat,34,16350.0,True,15200.0,1150.0,2025-01
2025-01-14,Aceh,1,13750.0,True,15200.0,1150.0,2025-01
2025-01-14,Sumatera Utara,2,13750.0,True,15200.0,1150.0,2025-01
2025-01-14,Sumatera Barat,3,17250.0,True,15200.0,1150.0,2025-01
2025-01-14,Riau,4,15900.0,True,15200.0,1150.0,2025-01
2025-01-14,Kepulauan Riau,5,15250.0,True,15200.0,1150.0,2025-01
2025-01-14,Jambi,6,15050.0,True,15200.0,1150.0,2025-01
2025-01-14,Bengkulu,7,15150.0,True,15200.0,1150.0,2025-01
2025-01-14,Sumatera Selatan,8,14950.0,True,15200.0,1150.0,2025-01
2025-01-14,Kepulauan Bangka Belitung,9,15000.0,True,15200.0,1150.0,2025-01
2025-01-14,Lampung,10,14550.0,True,15200.0,1150.0,2025-01
2025-01-14,Banten,11,14800.0,True,15200.0,1150.0,2025-01
2025-01-14,Jawa Barat,12,14650.0,True,15200.0,1150.0,2025-01
2025-01-14,DKI Jakarta,13,15700.0,True,15200.0,1150.0,2025-01
2025-01-14,Jawa Tengah,14,14500.0,True,15200.0,1150.0,2025-01
2025-01-14,DI Yogyakarta,15,14150.0,True,15200.0,1150.0,2025-01
2025-01-14,Jawa Timur,16,14100.0,True,15200.0,1150.0,2025-01
2025-01-14,Bali,17,15150.0,True,15200.0,1150.0,2025-01
2025-01-14,Nusa Tenggara Barat,18,13900.0,True,15200.0,1150.0,2025-01
2025-01-14,Nusa Tenggara Timur,19,15450.0,True,15200.0,1150.0,2025-01
2025-01-14,Kalimantan Barat,20,16500.0,True,15200.0,1150.0,2025-01
2025-01-14,Kalimantan Selatan,21,17350.0,True,15200.0,1150.0,2025-01
2025-01-14,Kalimantan Tengah,22,17600.0,True,15200.0,1150.0,2025-01
2025-01-14,Kalimantan Timur,23,15950.0,True,15200.0,1150.0,2025-01
2025-01-14,Kalimantan Utara,24,16600.0,True,15200.0,1150.0,2025-01
2025-01-14,Gorontalo,25,14550.0,True,15200.0,1150.0,2025-01
2025-01-14,Sulawesi Selatan,26,13400.0,True,15200.0,1150.0,2025-01
2025-01-14,Sulawesi Tenggara,27,14800.0,True,15200.0,1150.0,2025-01
2025-01-14,Sulawesi Tengah,28,14500.0,True,15200.0,1150.0,2025-01
2025-01-14,Sulawesi Utara,29,14050.0,True,15200.0,1150.0,2025-01
2025-01-14,Sulawesi Barat,30,13300.0,True,15200.0,1150.0,2025-01
2025-01-14,Maluku,31,16100.0,True,15200.0,1150.0,2025-01
2025-01-14,Maluku Utara,32,16700.0,True,15200.0,1150.0,2025-01
2025-01-14,Papua,33,16750.0,True,15200.0,1150.0,2025-01
2025-01-14,Papua Barat,34,16350.0,True,15200.0,1150.0,2025-01
2025-01-15,Aceh,1,13750.0,True,15250.0,1150.0,2025-01
2025-01-15,Sumatera Utara,2,13750.0,True,15250.0,1150.0,2025-01
2025-01-15,Sumatera Barat,3,17250.0,True,15250.0,1150.0,2025-01
2025-01-15,Riau,4,15900.0,True,15250.0,1150.0,2025-01
2025-01-15,Kepulauan Riau,5,15250.0,True,15250.0,1150.0,2025-01
2025-01-15,Jambi,6,15050.0,True,15250.0,1150.0,2025-01
2025-01-15,Bengkulu,7,15150.0,True,15250.0,1150.0,2025-01
2025-01-15,Sumatera Selatan,8,14950.0,True,15250.0,1150.0,2025-01
2025-01-15,Kepulauan Bangka Belitung,9,15000.0,True,15250.0,1150.0,2025-01
2025-01-15,Lampung,10,14550.0,True,15250.0,1150.0,2025-01
2025-01-15,Banten,11,14800.0,True,15250.0,1150.0,2025-01
2025-01-15,Jawa Barat,12,14650.0,True,15250.0,1150.0,2025-01
2025-01-15,DKI Jakarta,13,15700.0,True,15250.0,1150.0,2025-01
2025-01-15,Jawa Tengah,14,14550.0,True,15250.0,1150.0,2025-01
2025-01-15,DI Yogyakarta,15,14150.0,True,15250.0,1150.0,2025-01
2025-01-15,Jawa Timur,16,14100.0,True,15250.0,1150.0,2025-01
2025-01-15,Bali,17,15150.0,True,15250.0,1150.0,2025-01
2025-01-15,Nusa Tenggara Barat,18,13900.0,True,15250.0,1150.0,2025-01
2025-01-15,Nusa Tenggara Timur,19,15450.0,True,15250.0,1150.0,2025-01
2025-01-15,Kalimantan Barat,20,16750.0,True,15250.0,1150.0,2025-01
2025-01-15,Kalimantan Selatan,21,17350.0,True,15250.0,1150.0,2025-01
2025-01-15,Kalimantan Tengah,22,17600.0,True,15250.0,1150.0,2025-01
2025-01-15,Kalimantan Timur,23,15950.0,True,15250.0,1150.0,2025-01
2025-01-15,Kalimantan Utara,24,16550.0,True,15250.0,1150.0,2025-01
2025-01-15,Gorontalo,25,14550.0,True,15250.0,1150.0,2025-01
2025-01-15,Sulawesi Selatan,26,13400.0,True,15250.0,1150.0,2025-01
2025-01-15,Sulawesi Tenggara,27,14850.0,True,15250.0,1150.0,2025-01
2025-01-15,Sulawesi Tengah,28,14500.0,True,15250.0,1150.0,2025-01
2025-01-15,Sulawesi Utara,29,14050.0,True,15250.0,1150.0,2025-01
2025-01-15,Sulawesi Barat,30,13300.0,True,15250.0,1150.0,2025-01
2025-01-15,Maluku,31,16100.0,True,15250.0,1150.0,2025-01
2025-01-15,Maluku Utara,32,16700.0,True,15250.0,1150.0,2025-01
2025-01-15,Papua,33,16750.0,True,15250.0,1150.0,2025-01
2025-01-15,Papua Barat,34,16350.0,True,15250.0,1150.0,2025-01
2025-01-16,Aceh,1,13750.0,True,15250.0,1150.0,2025-01
2025-01-16,Sumatera Utara,2,13850.0,True,15250.0,1150.0,2025-01
2025-01-16,Sumatera Barat,3,17250.0,True,15250.0,1150.0,2025-01
2025-01-16,Riau,4,15900.0,True,15250.0,1150.0,2025-01
2025-01-16,Kepulauan Riau,5,15250.0,True,15250.0,1150.0,2025-01
2025-01-16,Jambi,6,15050.0,True,15250.0,1150.0,2025-01
2025-01-16,Bengkulu,7,15150.0,True,15250.0,1150.0,2025-01
2025-01-16,Sumatera Selatan,8,14950.0,True,15250.0,1150.0,2025-01
2025-01-16,Kepulauan Bangka Belitung,9,15000.0,True,15250.0,1150.0,2025-01
2025-01-16,Lampung,10,14550.0,True,15250.0,1150.0,2025-01
2025-01-16,Banten,11,14800.0,True,15250.0,1150.0,2025-01
2025-01-16,Jawa Barat,12,14650.0,True,15250.0,1150.0,2025-01
2025-01-16,DKI Jakarta,13,15700.0,True,15250.0,1150.0,2025-01
2025-01-16,Jawa Tengah,14,14550.0,True,15250.0,1150.0,2025-01
2025-01-16,DI Yogyakarta,15,14150.0,True,15250.0,1150.0,2025-01
2025-01-16,Jawa Timur,16,14100.0,True,15250.0,1150.0,2025-01
2025-01-16,Bali,17,15150.0,True,15250.0,1150.0,2025-01
2025-01-16,Nusa Tenggara Barat,18,13900.0,True,15250.0,1150.0,2025-01
2025-01-16,Nusa Tenggara Timur,19,15450.0,True,15250.0,1150.0,2025-01
2025-01-16,Kalimantan Barat,20,16750.0,True,15250.0,1150.0,2025-01
2025-01-16,Kalimantan Selatan,21,17350.0,True,15250.0,1150.0,2025-01
2025-01-16,Kalimantan Tengah,22,17600.0,True,15250.0,1150.0,2025-01
2025-01-16,Kalimantan Timur,23,15950.0,True,15250.0,1150.0,2025-01
2025-01-16,Kalimantan Utara,24,16550.0,True,15250.0,1150.0,2025-01
2025-01-16,Gorontalo,25,14550.0,True,15250.0,1150.0,2025-01
2025-01-16,Sulawesi Selatan,26,13400.0,True,15250.0,1150.0,2025-01
2025-01-16,Sulawesi Tenggara,27,14850.0,True,15250.0,1150.0,2025-01
2025-01-16,Sulawesi Tengah,28,14500.0,True,15250.0,1150.0,2025-01
2025-01-16,Sulawesi Utara,29,14050.0,True,15250.0,1150.0,2025-01
2025-01-16,Sulawesi Barat,30,13300.0,True,15250.0,1150.0,2025-01
2025-01-16,Maluku,31,16100.0,True,15250.0,1150.0,2025-01
2025-01-16,Maluku Utara,32,16700.0,True,15250.0,1150.0,2025-01
2025-01-16,Papua,33,16800.0,True,15250.0,1150.0,2025-01
2025-01-16,Papua Barat,34,16400.0,True,15250.0,1150.0,2025-01
2025-01-17,Aceh,1,13750.0,True,15250.0,1150.0,2025-01
2025-01-17,Sumatera Utara,2,13750.0,True,15250.0,1150.0,2025-01
2025-01-17,Sumatera Barat,3,17250.0,True,15250.0,1150.0,2025-01
2025-01-17,Riau,4,15900.0,True,15250.0,1150.0,2025-01
2025-01-17,Kepulauan Riau,5,15250.0,True,15250.0,1150.0,2025-01
2025-01-17,Jambi,6,15050.0,True,15250.0,1150.0,2025-01
2025-01-17,Bengkulu,7,15150.0,True,15250.0,1150.0,2025-01
2025-01-17,Sumatera Selatan,8,14950.0,True,15250.0,1150.0,2025-01
2025-01-17,Kepulauan Bangka Belitung,9,15000.0,True,15250.0,1150.0,2025-01
2025-01-17,Lampung,10,14550.0,True,15250.0,1150.0,2025-01
2025-01-17,Banten,11,15150.0,True,15250.0,1150.0,2025-01
2025-01-17,Jawa Barat,12,14650.0,True,15250.0,1150.0,2025-01
2025-01-17,DKI Jakarta,13,15700.0,True,15250.0,1150.0,2025-01
2025-01-17,Jawa Tengah,14,14550.0,True,15250.0,1150.0,2025-01
2025-01-17,DI Yogyakarta,15,14150.0,True,15250.0,1150.0,2025-01
2025-01-17,Jawa Timur,16,14100.0,True,15250.0,1150.0,2025-01
2025-01-17,Bali,17,15150.0,True,15250.0,1150.0,2025-01
2025-01-17,Nusa Tenggara Barat,18,13900.0,True,15250.0,1150.0,2025-01
2025-01-17,Nusa Tenggara Timur,19,15450.0,True,15250.0,1150.0,2025-01
2025-01-17,Kalimantan Barat,20,16500.0,True,15250.0,1150.0,2025-01
2025-01-17,Kalimantan Selatan,21,17350.0,True,15250.0,1150.0,2025-01
2025-01-17,Kalimantan Tengah,22,17600.0,True,15250.0,1150.0,2025-01
2025-01-17,Kalimantan Timur,23,15950.0,True,15250.0,1150.0,2025-01
2025-01-17,Kalimantan Utara,24,16550.0,True,15250.0,1150.0,2025-01
2025-01-17,Gorontalo,25,14550.0,True,15250.0,1150.0,2025-01
2025-01-17,Sulawesi Selatan,26,13400.0,True,15250.0,1150.0,2025-01
2025-01-17,Sulawesi Tenggara,27,14850.0,True,15250.0,1150.0,2025-01
2025-01-17,Sulawesi Tengah,28,14500.0,True,15250.0,1150.0,2025-01
2025-01-17,Sulawesi Utara,29,14050.0,True,15250.0,1150.0,2025-01
2025-01-17,Sulawesi Barat,30,13300.0,True,15250.0,1150.0,2025-01
2025-01-17,Maluku,31,16100.0,True,15250.0,1150.0,2025-01
2025-01-17,Maluku Utara,32,16700.0,True,15250.0,1150.0,2025-01
2025-01-17,Papua,33,16750.0,True,15250.0,1150.0,2025-01
2025-01-17,Papua Barat,34,16400.0,True,15250.0,1150.0,2025-01
2025-01-20,Aceh,1,13750.0,True,15250.0,1150.0,2025-01
2025-01-20,Sumatera Utara,2,13750.0,True,15250.0,1150.0,2025-01
2025-01-20,Sumatera Barat,3,17250.0,True,15250.0,1150.0,2025-01
2025-01-20,Riau,4,15950.0,True,15250.0,1150.0,2025-01
2025-01-20,Kepulauan Riau,5,15200.0,True,15250.0,1150.0,2025-01
2025-01-20,Jambi,6,15050.0,True,15250.0,1150.0,2025-01
2025-01-20,Bengkulu,7,15150.0,True,15250.0,1150.0,2025-01
2025-01-20,Sumatera Selatan,8,14950.0,True,15250.0,1150.0,2025-01
2025-01-20,Kepulauan Bangka Belitung,9,15050.0,True,15250.0,1150.0,2025-01
2025-01-20,Lampung,10,14550.0,True,15250.0,1150.0,2025-01
2025-01-20,Banten,11,15150.0,True,15250.0,1150.0,2025-01
2025-01-20,Jawa Barat,12,14650.0,True,15250.0,1150.0,2025-01
2025-01-20,DKI Jakarta,13,15700.0,True,15250.0,1150.0,2025-01
2025-01-20,Jawa Tengah,14,14550.0,True,15250.0,1150.0,2025-01
2025-01-20,DI Yogyakarta,15,14150.0,True,15250.0,1150.0,2025-01
2025-01-20,Jawa Timur,16,14100.0,True,15250.0,1150.0,2025-01
2025-01-20,Bali,17,15150.0,True,15250.0,1150.0,2025-01
2025-01-20,Nusa Tenggara Barat,18,13950.0,True,15250.0,1150.0,2025-01
2025-01-20,Nusa Tenggara Timur,19,15450.0,True,15250.0,1150.0,2025-01
2025-01-20,Kalimantan Barat,20,16500.0,True,15250.0,1150.0,2025-01
2025-01-20,Kalimantan Selatan,21,17350.0,True,15250.0,1150.0,2025-01
2025-01-20,Kalimantan Tengah,22,17600.0,True,15250.0,1150.0,2025-01
2025-01-20,Kalimantan Timur,23,15950.0,True,15250.0,1150.0,2025-01
2025-01-20,Kalimantan Utara,24,16550.0,True,15250.0,1150.0,2025-01
2025-01-20,Gorontalo,25,14550.0,True,15250.0,1150.0,2025-01
2025-01-20,Sulawesi Selatan,26,13400.0,True,15250.0,1150.0,2025-01
2025-01-20,Sulawesi Tenggara,27,14900.0,True,15250.0,1150.0,2025-01
2025-01-20,Sulawesi Tengah,28,14550.0,True,15250.0,1150.0,2025-01
2025-01-20,Sulawesi Utara,29,14050.0,True,15250.0,1150.0,2025-01
2025-01-20,Sulawesi Barat,30,13300.0,True,15250.0,1150.0,2025-01
2025-01-20,Maluku,31,16100.0,True,15250.0,1150.0,2025-01
2025-01-20,Maluku Utara,32,16700.0,True,15250.0,1150.0,2025-01
2025-01-20,Papua,33,16750.0,True,15250.0,1150.0,2025-01
2025-01-20,Papua Barat,34,16400.0,True,15250.0,1150.0,2025-01
2025-01-21,Aceh,1,13750.0,True,15250.0,1150.0,2025-01
2025-01-21,Sumatera Utara,2,13800.0,True,15250.0,1150.0,2025-01
2025-01-21,Sumatera Barat,3,17250.0,True,15250.0,1150.0,2025-01
2025-01-21,Riau,4,15950.0,True,15250.0,1150.0,2025-01
2025-01-21,Kepulauan Riau,5,15200.0,True,15250.0,1150.0,2025-01
2025-01-21,Jambi,6,15050.0,True,15250.0,1150.0,2025-01
2025-01-21,Bengkulu,7,15150.0,True,15250.0,1150.0,2025-01
2025-01-21,Sumatera Selatan,8,14950.0,True,15250.0,1150.0,2025-01
2025-01-21,Kepulauan Bangka Belitung,9,15050.0,True,15250.0,1150.0,2025-01
2025-01-21,Lampung,10,14500.0,True,15250.0,1150.0,2025-01
2025-01-21,Banten,11,15150.0,True,15250.0,1150.0,2025-01
2025-01-21,Jawa Barat,12,14600.0,True,15250.0,1150.0,2025-01
2025-01-21,DKI Jakarta,13,15700.0,True,15250.0,1150.0,2025-01
2025-01-21,Jawa Tengah,14,14550.0,True,15250.0,1150.0,2025-01
2025-01-21,DI Yogyakarta,15,14150.0,True,15250.0,1150.0,2025-01
2025-01-21,Jawa Timur,16,14100.0,True,15250.0,1150.0,2025-01
2025-01-21,Bali,17,15150.0,True,15250.0,1150.0,2025-01
2025-01-21,Nusa Tenggara Barat,18,13950.0,True,15250.0,1150.0,2025-01
2025-01-21,Nusa Tenggara Timur,19,15350.0,True,15250.0,1150.0,2025-01
2025-01-21,Kalimantan Barat,20,16500.0,True,15250.0,1150.0,2025-01
2025-01-21,Kalimantan Selatan,21,17350.0,True,15250.0,1150.0,2025-01
2025-01-21,Kalimantan Tengah,22,17600.0,True,15250.0,1150.0,2025-01
2025-01-21,Kalimantan Timur,23,15950.0,True,15250.0,1150.0,2025-01
2025-01-21,Kalimantan Utara,24,16550.0,True,15250.0,1150.0,2025-01
2025-01-21,Gorontalo,25,14550.0,True,15250.0,1150.0,2025-01
2025-01-21,Sulawesi Selatan,26,13400.0,True,15250.0,1150.0,2025-01
2025-01-21,Sulawesi Tenggara,27,14900.0,True,15250.0,1150.0,2025-01
2025-01-21,Sulawesi Tengah,28,14550.0,True,15250.0,1150.0,2025-01
2025-01-21,Sulawesi Utara,29,14050.0,True,15250.0,1150.0,2025-01
2025-01-21,Sulawesi Barat,30,13300.0,True,15250.0,1150.0,2025-01
2025-01-21,Maluku,31,16100.0,True,15250.0,1150.0,2025-01
2025-01-21,Maluku Utara,32,16700.0,True,15250.0,1150.0,2025-01
2025-01-21,Papua,33,16750.0,True,15250.0,1150.0,2025-01
2025-01-21,Papua Barat,34,16400.0,True,15250.0,1150.0,2025-01
2025-01-22,Aceh,1,13750.0,True,15250.0,1150.0,2025-01
2025-01-22,Sumatera Utara,2,13800.0,True,15250.0,1150.0,2025-01
2025-01-22,Sumatera Barat,3,17150.0,True,15250.0,1150.0,2025-01
2025-01-22,Riau,4,15950.0,True,15250.0,1150.0,2025-01
2025-01-22,Kepulauan Riau,5,15200.0,True,15250.0,1150.0,2025-01
2025-01-22,Jambi,6,15050.0,True,15250.0,1150.0,2025-01
2025-01-22,Bengkulu,7,15150.0,True,15250.0,1150.0,2025-01
2025-01-22,Sumatera Selatan,8,14950.0,True,15250.0,1150.0,2025-01
2025-01-22,Kepulauan Bangka Belitung,9,15050.0,True,15250.0,1150.0,2025-01
2025-01-22,Lampung,10,14500.0,True,15250.0,1150.0,2025-01
2025-01-22,Banten,11,15150.0,True,15250.0,1150.0,2025-01
2025-01-22,Jawa Barat,12,14600.0,True,15250.0,1150.0,2025-01
2025-01-22,DKI Jakarta,13,15700.0,True,15250.0,1150.0,2025-01
2025-01-22,Jawa Tengah,14,14550.0,True,15250.0,1150.0,2025-01
2025-01-22,DI Yogyakarta,15,14150.0,True,15250.0,1150.0,2025-01
2025-01-22,Jawa Timur,16,14100.0,True,15250.0,1150.0,2025-01
2025-01-22,Bali,17,15150.0,True,15250.0,1150.0,2025-01
2025-01-22,Nusa Tenggara Barat,18,13950.0,True,15250.0,1150.0,2025-01
2025-01-22,Nusa Tenggara Timur,19,15350.0,True,15250.0,1150.0,2025-01
2025-01-22,Kalimantan Barat,20,16500.0,True,15250.0,1150.0,2025-01
2025-01-22,Kalimantan Selatan,21,17350.0,True,15250.0,1150.0,2025-01
2025-01-22,Kalimantan Tengah,22,17550.0,True,15250.0,1150.0,2025-01
2025-01-22,Kalimantan Timur,23,15900.0,True,15250.0,1150.0,2025-01
2025-01-22,Kalimantan Utara,24,16550.0,True,15250.0,1150.0,2025-01
2025-01-22,Gorontalo,25,14550.0,True,15250.0,1150.0,2025-01
2025-01-22,Sulawesi Selatan,26,13400.0,True,15250.0,1150.0,2025-01
2025-01-22,Sulawesi Tenggara,27,14900.0,True,15250.0,1150.0,2025-01
2025-01-22,Sulawesi Tengah,28,14550.0,True,15250.0,1150.0,2025-01
2025-01-22,Sulawesi Utara,29,14050.0,True,15250.0,1150.0,2025-01
2025-01-22,Sulawesi Barat,30,13300.0,True,15250.0,1150.0,2025-01
2025-01-22,Maluku,31,16100.0,True,15250.0,1150.0,2025-01
2025-01-22,Maluku Utara,32,16700.0,True,15250.0,1150.0,2025-01
2025-01-22,Papua,33,16750.0,True,15250.0,1150.0,2025-01
2025-01-22,Papua Barat,34,16400.0,True,15250.0,1150.0,2025-01
2025-01-23,Aceh,1,13750.0,True,15250.0,1150.0,2025-01
2025-01-23,Sumatera Utara,2,13800.0,True,15250.0,1150.0,2025-01
2025-01-23,Sumatera Barat,3,17150.0,True,15250.0,1150.0,2025-01
2025-01-23,Riau,4,15950.0,True,15250.0,1150.0,2025-01
2025-01-23,Kepulauan Riau,5,15200.0,True,15250.0,1150.0,2025-01
2025-01-23,Jambi,6,15050.0,True,15250.0,1150.0,2025-01
2025-01-23,Bengkulu,7,15150.0,True,15250.0,1150.0,2025-01
2025-01-23,Sumatera Selatan,8,14950.0,True,15250.0,1150.0,2025-01
2025-01-23,Kepulauan Bangka Belitung,9,15050.0,True,15250.0,1150.0,2025-01
2025-01-23,Lampung,10,14500.0,True,15250.0,1150.0,2025-01
2025-01-23,Banten,11,15150.0,True,15250.0,1150.0,2025-01
2025-01-23,Jawa Barat,12,14600.0,True,15250.0,1150.0,2025-01
2025-01-23,DKI Jakarta,13,15700.0,True,15250.0,1150.0,2025-01
2025-01-23,Jawa Tengah,14,14550.0,True,15250.0,1150.0,2025-01
2025-01-23,DI Yogyakarta,15,14150.0,True,15250.0,1150.0,2025-01
2025-01-23,Jawa Timur,16,14150.0,True,15250.0,1150.0,2025-01
2025-01-23,Bali,17,15150.0,True,15250.0,1150.0,2025-01
2025-01-23,Nusa Tenggara Barat,18,13950.0,True,15250.0,1150.0,2025-01
2025-01-23,Nusa Tenggara Timur,19,15350.0,True,15250.0,1150.0,2025-01
2025-01-23,Kalimantan Barat,20,16500.0,True,15250.0,1150.0,2025-01
2025-01-23,Kalimantan Selatan,21,17350.0,True,15250.0,1150.0,2025-01
2025-01-23,Kalimantan Tengah,22,17550.0,True,15250.0,1150.0,2025-01
2025-01-23,Kalimantan Timur,23,15900.0,True,15250.0,1150.0,2025-01
2025-01-23,Kalimantan Utara,24,16550.0,True,15250.0,1150.0,2025-01
2025-01-23,Gorontalo,25,14550.0,True,15250.0,1150.0,2025-01
2025-01-23,Sulawesi Selatan,26,13400.0,True,15250.0,1150.0,2025-01
2025-01-23,Sulawesi Tenggara,27,14900.0,True,15250.0,1150.0,2025-01
2025-01-23,Sulawesi Tengah,28,14550.0,True,15250.0,1150.0,2025-01
2025-01-23,Sulawesi Utara,29,14050.0,True,15250.0,1150.0,2025-01
2025-01-23,Sulawesi Barat,30,13350.0,True,15250.0,1150.0,2025-01
2025-01-23,Maluku,31,16100.0,True,15250.0,1150.0,2025-01
2025-01-23,Maluku Utara,32,16700.0,True,15250.0,1150.0,2025-01
2025-01-23,Papua,33,16750.0,True,15250.0,1150.0,2025-01
2025-01-23,Papua Barat,34,16400.0,True,15250.0,1150.0,2025-01
2025-01-24,Aceh,1,13750.0,True,15250.0,1150.0,2025-01
2025-01-24,Sumatera Utara,2,13800.0,True,15250.0,1150.0,2025-01
2025-01-24,Sumatera Barat,3,17150.0,True,15250.0,1150.0,2025-01
2025-01-24,Riau,4,15950.0,True,15250.0,1150.0,2025-01
2025-01-24,Kepulauan Riau,5,15200.0,True,15250.0,1150.0,2025-01
2025-01-24,Jambi,6,15050.0,True,15250.0,1150.0,2025-01
2025-01-24,Bengkulu,7,15150.0,True,15250.0,1150.0,2025-01
2025-01-24,Sumatera Selatan,8,14950.0,True,15250.0,1150.0,2025-01
2025-01-24,Kepulauan Bangka Belitung,9,15050.0,True,15250.0,1150.0,2025-01
2025-01-24,Lampung,10,14500.0,True,15250.0,1150.0,2025-01
2025-01-24,Banten,11,15150.0,True,15250.0,1150.0,2025-01
2025-01-24,Jawa Barat,12,14600.0,True,15250.0,1150.0,2025-01
2025-01-24,DKI Jakarta,13,15700.0,True,15250.0,1150.0,2025-01
2025-01-24,Jawa Tengah,14,14550.0,True,15250.0,1150.0,2025-01
2025-01-24,DI Yogyakarta,15,14150.0,True,15250.0,1150.0,2025-01
2025-01-24,Jawa Timur,16,14150.0,True,15250.0,1150.0,2025-01
2025-01-24,Bali,17,15150.0,True,15250.0,1150.0,2025-01
2025-01-24,Nusa Tenggara Barat,18,13950.0,True,15250.0,1150.0,2025-01
2025-01-24,Nusa Tenggara Timur,19,15350.0,True,15250.0,1150.0,2025-01
2025-01-24,Kalimantan Barat,20,16500.0,True,15250.0,1150.0,2025-01
2025-01-24,Kalimantan Selatan,21,17350.0,True,15250.0,1150.0,2025-01
2025-01-24,Kalimantan Tengah,22,17550.0,True,15250.0,1150.0,2025-01
2025-01-24,Kalimantan Timur,23,15900.0,True,15250.0,1150.0,2025-01
2025-01-24,Kalimantan Utara,24,16550.0,True,15250.0,1150.0,2025-01
2025-01-24,Gorontalo,25,14550.0,True,15250.0,1150.0,2025-01
2025-01-24,Sulawesi Selatan,26,13400.0,True,15250.0,1150.0,2025-01
2025-01-24,Sulawesi Tenggara,27,14900.0,True,15250.0,1150.0,2025-01
2025-01-24,Sulawesi Tengah,28,14550.0,True,15250.0,1150.0,2025-01
2025-01-24,Sulawesi Utara,29,14050.0,True,15250.0,1150.0,2025-01
2025-01-24,Sulawesi Barat,30,13350.0,True,15250.0,1150.0,2025-01
2025-01-24,Maluku,31,16100.0,True,15250.0,1150.0,2025-01
2025-01-24,Maluku Utara,32,16700.0,True,15250.0,1150.0,2025-01
2025-01-24,Papua,33,16750.0,True,15250.0,1150.0,2025-01
2025-01-24,Papua Barat,34,16400.0,True,15250.0,1150.0,2025-01
2025-01-27,Aceh,1,13750.0,True,15150.0,3700.0,2025-01
2025-01-27,Sumatera Utara,2,13800.0,True,15150.0,3700.0,2025-01
2025-01-27,Sumatera Barat,3,17150.0,True,15150.0,3700.0,2025-01
2025-01-27,Riau,4,15950.0,True,15150.0,3700.0,2025-01
2025-01-27,Kepulauan Riau,5,15200.0,True,15150.0,3700.0,2025-01
2025-01-27,Jambi,6,15050.0,True,15150.0,3700.0,2025-01
2025-01-27,Bengkulu,7,15150.0,True,15150.0,3700.0,2025-01
2025-01-27,Sumatera Selatan,8,14950.0,True,15150.0,3700.0,2025-01
2025-01-27,Kepulauan Bangka Belitung,9,15050.0,True,15150.0,3700.0,2025-01
2025-01-27,Lampung,10,14500.0,True,15150.0,3700.0,2025-01
2025-01-27,Banten,11,15150.0,True,15150.0,3700.0,2025-01
2025-01-27,Jawa Barat,12,14650.0,True,15150.0,3700.0,2025-01
2025-01-27,DKI Jakarta,13,15700.0,True,15150.0,3700.0,2025-01
2025-01-27,Jawa Tengah,14,14500.0,True,15150.0,3700.0,2025-01
2025-01-27,DI Yogyakarta,15,14150.0,True,15150.0,3700.0,2025-01
2025-01-27,Jawa Timur,16,14150.0,True,15150.0,3700.0,2025-01
2025-01-27,Bali,17,15150.0,True,15150.0,3700.0,2025-01
2025-01-27,Nusa Tenggara Barat,18,13950.0,True,15150.0,3700.0,2025-01
2025-01-27,Nusa Tenggara Timur,19,15350.0,True,15150.0,3700.0,2025-01
2025-01-27,Kalimantan Selatan,21,17350.0,True,15150.0,3700.0,2025-01
2025-01-27,Kalimantan Tengah,22,17550.0,True,15150.0,3700.0,2025-01
2025-01-27,Kalimantan Timur,23,15900.0,True,15150.0,3700.0,2025-01
2025-01-27,Kalimantan Utara,24,16550.0,True,15150.0,3700.0,2025-01
2025-01-27,Gorontalo,25,14550.0,True,15150.0,3700.0,2025-01
2025-01-27,Sulawesi Selatan,26,13400.0,True,15150.0,3700.0,2025-01
2025-01-27,Sulawesi Tenggara,27,14900.0,True,15150.0,3700.0,2025-01
2025-01-27,Sulawesi Tengah,28,14550.0,True,15150.0,3700.0,2025-01
2025-01-27,Sulawesi Utara,29,14050.0,True,15150.0,3700.0,2025-01
2025-01-27,Sulawesi Barat,30,13400.0,True,15150.0,3700.0,2025-01
2025-01-27,Maluku,31,16100.0,True,15150.0,3700.0,2025-01
2025-01-27,Papua,33,16150.0,True,15150.0,3700.0,2025-01
2025-01-27,Papua Barat,34,16400.0,True,15150.0,3700.0,2025-01
2025-01-28,Aceh,1,13750.0,True,15150.0,3700.0,2025-01
2025-01-28,Sumatera Utara,2,13800.0,True,15150.0,3700.0,2025-01
2025-01-28,Sumatera Barat,3,17150.0,True,15150.0,3700.0,2025-01
2025-01-28,Riau,4,15950.0,True,15150.0,3700.0,2025-01
2025-01-28,Kepulauan Riau,5,15200.0,True,15150.0,3700.0,2025-01
2025-01-28,Jambi,6,15050.0,True,15150.0,3700.0,2025-01
2025-01-28,Bengkulu,7,15150.0,True,15150.0,3700.0,2025-01
2025-01-28,Sumatera Selatan,8,14950.0,True,15150.0,3700.0,2025-01
2025-01-28,Kepulauan Bangka Belitung,9,15050.0,True,15150.0,3700.0,2025-01
2025-01-28,Lampung,10,14500.0,True,15150.0,3700.0,2025-01
2025-01-28,Banten,11,15150.0,True,15150.0,3700.0,2025-01
2025-01-28,Jawa Barat,12,14650.0,True,15150.0,3700.0,2025-01
2025-01-28,DKI Jakarta,13,15700.0,True,15150.0,3700.0,2025-01
2025-01-28,Jawa Tengah,14,14500.0,True,15150.0,3700.0,2025-01
2025-01-28,DI Yogyakarta,15,14150.0,True,15150.0,3700.0,2025-01
2025-01-28,Jawa Timur,16,14150.0,True,15150.0,3700.0,2025-01
2025-01-28,Bali,17,15150.0,True,15150.0,3700.0,2025-01
2025-01-28,Nusa Tenggara Barat,18,13950.0,True,15150.0,3700.0,2025-01
2025-01-28,Nusa Tenggara Timur,19,15350.0,True,15150.0,3700.0,2025-01
2025-01-28,Kalimantan Selatan,21,17350.0,True,15150.0,3700.0,2025-01
2025-01-28,Kalimantan Tengah,22,17550.0,True,15150.0,3700.0,2025-01
2025-01-28,Kalimantan Timur,23,15900.0,True,15150.0,3700.0,2025-01
2025-01-28,Kalimantan Utara,24,16550.0,True,15150.0,3700.0,2025-01
2025-01-28,Gorontalo,25,14550.0,True,15150.0,3700.0,2025-01
2025-01-28,Sulawesi Selatan,26,13350.0,True,15150.0,3700.0,2025-01
2025-01-28,Sulawesi Tenggara,27,14900.0,True,15150.0,3700.0,2025-01
2025-01-28,Sulawesi Tengah,28,14550.0,True,15150.0,3700.0,2025-01
2025-01-28,Sulawesi Utara,29,14050.0,True,15150.0,3700.0,2025-01
2025-01-28,Sulawesi Barat,30,13350.0,True,15150.0,3700.0,2025-01
2025-01-28,Maluku,31,16100.0,True,15150.0,3700.0,2025-01
2025-01-28,Papua,33,16150.0,True,15150.0,3700.0,2025-01
2025-01-28,Papua Barat,34,16500.0,True,15150.0,3700.0,2025-01
2025-01-29,Aceh,1,13750.0,True,15150.0,3700.0,2025-01
2025-01-29,Sumatera Utara,2,13800.0,True,15150.0,3700.0,2025-01
2025-01-29,Sumatera Barat,3,17150.0,True,15150.0,3700.0,2025-01
2025-01-29,Riau,4,15950.0,True,15150.0,3700.0,2025-01
2025-01-29,Kepulauan Riau,5,15200.0,True,15150.0,3700.0,2025-01
2025-01-29,Jambi,6,15050.0,True,15150.0,3700.0,2025-01
2025-01-29,Bengkulu,7,15150.0,True,15150.0,3700.0,2025-01
2025-01-29,Sumatera Selatan,8,14950.0,True,15150.0,3700.0,2025-01
2025-01-29,Kepulauan Bangka Belitung,9,15050.0,True,15150.0,3700.0,2025-01
2025-01-29,Lampung,10,14500.0,True,15150.0,3700.0,2025-01
2025-01-29,Banten,11,15150.0,True,15150.0,3700.0,2025-01
2025-01-29,Jawa Barat,12,14650.0,True,15150.0,3700.0,2025-01
2025-01-29,DKI Jakarta,13,15700.0,True,15150.0,3700.0,2025-01
2025-01-29,Jawa Tengah,14,14500.0,True,15150.0,3700.0,2025-01
2025-01-29,DI Yogyakarta,15,14150.0,True,15150.0,3700.0,2025-01
2025-01-29,Jawa Timur,16,14150.0,True,15150.0,3700.0,2025-01
2025-01-29,Bali,17,15150.0,True,15150.0,3700.0,2025-01
2025-01-29,Nusa Tenggara Barat,18,13950.0,True,15150.0,3700.0,2025-01
2025-01-29,Nusa Tenggara Timur,19,15350.0,True,15150.0,3700.0,2025-01
2025-01-29,Kalimantan Selatan,21,17350.0,True,15150.0,3700.0,2025-01
2025-01-29,Kalimantan Tengah,22,17550.0,True,15150.0,3700.0,2025-01
2025-01-29,Kalimantan Timur,23,15900.0,True,15150.0,3700.0,2025-01
2025-01-29,Kalimantan Utara,24,16550.0,True,15150.0,3700.0,2025-01
2025-01-29,Gorontalo,25,14550.0,True,15150.0,3700.0,2025-01
2025-01-29,Sulawesi Selatan,26,13400.0,True,15150.0,3700.0,2025-01
2025-01-29,Sulawesi Tenggara,27,14900.0,True,15150.0,3700.0,2025-01
2025-01-29,Sulawesi Tengah,28,14550.0,True,15150.0,3700.0,2025-01
2025-01-29,Sulawesi Utara,29,14050.0,True,15150.0,3700.0,2025-01
2025-01-29,Sulawesi Barat,30,13350.0,True,15150.0,3700.0,2025-01
2025-01-29,Maluku,31,16100.0,True,15150.0,3700.0,2025-01
2025-01-29,Papua,33,16150.0,True,15150.0,3700.0,2025-01
2025-01-29,Papua Barat,34,16500.0,True,15150.0,3700.0,2025-01
2025-01-30,Aceh,1,13750.0,True,15250.0,1150.0,2025-01
2025-01-30,Sumatera Utara,2,13800.0,True,15250.0,1150.0,2025-01
2025-01-30,Sumatera Barat,3,17150.0,True,15250.0,1150.0,2025-01
2025-01-30,Riau,4,15950.0,True,15250.0,1150.0,2025-01
2025-01-30,Kepulauan Riau,5,15200.0,True,15250.0,1150.0,2025-01
2025-01-30,Jambi,6,15050.0,True,15250.0,1150.0,2025-01
2025-01-30,Bengkulu,7,15150.0,True,15250.0,1150.0,2025-01
2025-01-30,Sumatera Selatan,8,14950.0,True,15250.0,1150.0,2025-01
2025-01-30,Kepulauan Bangka Belitung,9,15050.0,True,15250.0,1150.0,2025-01
2025-01-30,Lampung,10,14500.0,True,15250.0,1150.0,2025-01
2025-01-30,Banten,11,15150.0,True,15250.0,1150.0,2025-01
2025-01-30,Jawa Barat,12,14600.0,True,15250.0,1150.0,2025-01
2025-01-30,DKI Jakarta,13,15700.0,True,15250.0,1150.0,2025-01
2025-01-30,Jawa Tengah,14,14550.0,True,15250.0,1150.0,2025-01
2025-01-30,DI Yogyakarta,15,14150.0,True,15250.0,1150.0,2025-01
2025-01-30,Jawa Timur,16,14150.0,True,15250.0,1150.0,2025-01
2025-01-30,Bali,17,15150.0,True,15250.0,1150.0,2025-01
2025-01-30,Nusa Tenggara Barat,18,13950.0,True,15250.0,1150.0,2025-01
2025-01-30,Nusa Tenggara Timur,19,15400.0,True,15250.0,1150.0,2025-01
2025-01-30,Kalimantan Barat,20,16500.0,True,15250.0,1150.0,2025-01
2025-01-30,Kalimantan Selatan,21,17350.0,True,15250.0,1150.0,2025-01
2025-01-30,Kalimantan Tengah,22,17450.0,True,15250.0,1150.0,2025-01
2025-01-30,Kalimantan Timur,23,15950.0,True,15250.0,1150.0,2025-01
2025-01-30,Kalimantan Utara,24,16550.0,True,15250.0,1150.0,2025-01
2025-01-30,Gorontalo,25,14500.0,True,15250.0,1150.0,2025-01
2025-01-30,Sulawesi Selatan,26,13400.0,True,15250.0,1150.0,2025-01
2025-01-30,Sulawesi Tenggara,27,14900.0,True,15250.0,1150.0,2025-01
2025-01-30,Sulawesi Tengah,28,14550.0,True,15250.0,1150.0,2025-01
2025-01-30,Sulawesi Utara,29,14050.0,True,15250.0,1150.0,2025-01
2025-01-30,Sulawesi Barat,30,13350.0,True,15250.0,1150.0,2025-01
2025-01-30,Maluku,31,16050.0,True,15250.0,1150.0,2025-01
2025-01-30,Maluku Utara,32,16700.0,True,15250.0,1150.0,2025-01
2025-01-30,Papua,33,16750.0,True,15250.0,1150.0,2025-01
2025-01-30,Papua Barat,34,16500.0,True,15250.0,1150.0,2025-01
2025-01-31,Aceh,1,13750.0,True,15250.0,1150.0,2025-01
2025-01-31,Sumatera Utara,2,13800.0,True,15250.0,1150.0,2025-01
2025-01-31,Sumatera Barat,3,17150.0,True,15250.0,1150.0,2025-01
2025-01-31,Riau,4,15950.0,True,15250.0,1150.0,2025-01
2025-01-31,Kepulauan Riau,5,15200.0,True,15250.0,1150.0,2025-01
2025-01-31,Jambi,6,15050.0,True,15250.0,1150.0,2025-01
2025-01-31,Bengkulu,7,15150.0,True,15250.0,1150.0,2025-01
2025-01-31,Sumatera Selatan,8,14950.0,True,15250.0,1150.0,2025-01
2025-01-31,Kepulauan Bangka Belitung,9,15050.0,True,15250.0,1150.0,2025-01
2025-01-31,Lampung,10,14500.0,True,15250.0,1150.0,2025-01
2025-01-31,Banten,11,15150.0,True,15250.0,1150.0,2025-01
2025-01-31,Jawa Barat,12,14600.0,True,15250.0,1150.0,2025-01
2025-01-31,DKI Jakarta,13,15700.0,True,15250.0,1150.0,2025-01
2025-01-31,Jawa Tengah,14,14550.0,True,15250.0,1150.0,2025-01
2025-01-31,DI Yogyakarta,15,14150.0,True,15250.0,1150.0,2025-01
2025-01-31,Jawa Timur,16,14150.0,True,15250.0,1150.0,2025-01
2025-01-31,Bali,17,15150.0,True,15250.0,1150.0,2025-01
2025-01-31,Nusa Tenggara Barat,18,13950.0,True,15250.0,1150.0,2025-01
2025-01-31,Nusa Tenggara Timur,19,15400.0,True,15250.0,1150.0,2025-01
2025-01-31,Kalimantan Barat,20,16500.0,True,15250.0,1150.0,2025-01
2025-01-31,Kalimantan Selatan,21,17350.0,True,15250.0,1150.0,2025-01
2025-01-31,Kalimantan Tengah,22,17450.0,True,15250.0,1150.0,2025-01
2025-01-31,Kalimantan Timur,23,15950.0,True,15250.0,1150.0,2025-01
2025-01-31,Kalimantan Utara,24,16550.0,True,15250.0,1150.0,2025-01
2025-01-31,Gorontalo,25,14500.0,True,15250.0,1150.0,2025-01
2025-01-31,Sulawesi Selatan,26,13400.0,True,15250.0,1150.0,2025-01
2025-01-31,Sulawesi Tenggara,27,14900.0,True,15250.0,1150.0,2025-01
2025-01-31,Sulawesi Tengah,28,15000.0,True,15250.0,1150.0,2025-01
2025-01-31,Sulawesi Utara,29,14050.0,True,15250.0,1150.0,2025-01
2025-01-31,Sulawesi Barat,30,13250.0,True,15250.0,1150.0,2025-01
2025-01-31,Maluku,31,16050.0,True,15250.0,1150.0,2025-01
2025-01-31,Maluku Utara,32,16700.0,True,15250.0,1150.0,2025-01
2025-01-31,Papua,33,16750.0,True,15250.0,1150.0,2025-01
2025-01-31,Papua Barat,34,16500.0,True,15250.0,1150.0,2025-01
2025-02-01,Aceh,1,13750.0,True,15250.0,1150.0,2025-02
2025-02-01,Sumatera Utara,2,13800.0,True,15250.0,1150.0,2025-02
2025-02-01,Sumatera Barat,3,17150.0,True,15250.0,1150.0,2025-02
2025-02-01,Riau,4,15950.0,True,15250.0,1150.0,2025-02
2025-02-01,Kepulauan Riau,5,15200.0,True,15250.0,1150.0,2025-02
2025-02-01,Jambi,6,15050.0,True,15250.0,1150.0,2025-02
2025-02-01,Bengkulu,7,15150.0,True,15250.0,1150.0,2025-02
2025-02-01,Sumatera Selatan,8,14950.0,True,15250.0,1150.0,2025-02
2025-02-01,Kepulauan Bangka Belitung,9,15050.0,True,15250.0,1150.0,2025-02
2025-02-01,Lampung,10,14500.0,True,15250.0,1150.0,2025-02
2025-02-01,Banten,11,15150.0,True,15250.0,1150.0,2025-02
2025-02-01,Jawa Barat,12,14600.0,True,15250.0,1150.0,2025-02
2025-02-01,DKI Jakarta,13,15700.0,True,15250.0,1150.0,2025-02
2025-02-01,Jawa Tengah,14,14550.0,True,15250.0,1150.0,2025-02
2025-02-01,DI Yogyakarta,15,14150.0,True,15250.0,1150.0,2025-02
2025-02-01,Jawa Timur,16,14150.0,True,15250.0,1150.0,2025-02
2025-02-01,Bali,17,15150.0,True,15250.0,1150.0,2025-02
2025-02-01,Nusa Tenggara Barat,18,13950.0,True,15250.0,1150.0,2025-02
2025-02-01,Nusa Tenggara Timur,19,15400.0,True,15250.0,1150.0,2025-02
2025-02-01,Kalimantan Barat,20,16500.0,True,15250.0,1150.0,2025-02
2025-02-01,Kalimantan Selatan,21,17350.0,True,15250.0,1150.0,2025-02
2025-02-01,Kalimantan Tengah,22,17450.0,True,15250.0,1150.0,2025-02
2025-02-01,Kalimantan Timur,23,15950.0,True,15250.0,1150.0,2025-02
2025-02-01,Kalimantan Utara,24,16550.0,True,15250.0,1150.0,2025-02
2025-02-01,Gorontalo,25,14500.0,True,15250.0,1150.0,2025-02
2025-02-01,Sulawesi Selatan,26,13400.0,True,15250.0,1150.0,2025-02
2025-02-01,Sulawesi Tenggara,27,14900.0,True,15250.0,1150.0,2025-02
2025-02-01,Sulawesi Tengah,28,15000.0,True,15250.0,1150.0,2025-02
2025-02-01,Sulawesi Utara,29,14050.0,True,15250.0,1150.0,2025-02
2025-02-01,Sulawesi Barat,30,13250.0,True,15250.0,1150.0,2025-02
2025-02-01,Maluku,31,16050.0,True,15250.0,1150.0,2025-02
2025-02-01,Maluku Utara,32,16700.0,True,15250.0,1150.0,2025-02
2025-02-01,Papua,33,16750.0,True,15250.0,1150.0,2025-02
2025-02-01,Papua Barat,34,16500.0,True,15250.0,1150.0,2025-02
2025-02-02,Aceh,1,13750.0,True,15250.0,1150.0,2025-02
2025-02-02,Sumatera Utara,2,13800.0,True,15250.0,1150.0,2025-02
2025-02-02,Sumatera Barat,3,17150.0,True,15250.0,1150.0,2025-02
2025-02-02,Riau,4,15950.0,True,15250.0,1150.0,2025-02
2025-02-02,Kepulauan Riau,5,15200.0,True,15250.0,1150.0,2025-02
2025-02-02,Jambi,6,15050.0,True,15250.0,1150.0,2025-02
2025-02-02,Bengkulu,7,15150.0,True,15250.0,1150.0,2025-02
2025-02-02,Sumatera Selatan,8,14950.0,True,15250.0,1150.0,2025-02
2025-02-02,Kepulauan Bangka Belitung,9,15050.0,True,15250.0,1150.0,2025-02
2025-02-02,Lampung,10,14500.0,True,15250.0,1150.0,2025-02
2025-02-02,Banten,11,15150.0,True,15250.0,1150.0,2025-02
2025-02-02,Jawa Barat,12,14600.0,True,15250.0,1150.0,2025-02
2025-02-02,DKI Jakarta,13,15700.0,True,15250.0,1150.0,2025-02
2025-02-02,Jawa Tengah,14,14550.0,True,15250.0,1150.0,2025-02
2025-02-02,DI Yogyakarta,15,14150.0,True,15250.0,1150.0,2025-02
2025-02-02,Jawa Timur,16,14150.0,True,15250.0,1150.0,2025-02
2025-02-02,Bali,17,15150.0,True,15250.0,1150.0,2025-02
2025-02-02,Nusa Tenggara Barat,18,13950.0,True,15250.0,1150.0,2025-02
2025-02-02,Nusa Tenggara Timur,19,15400.0,True,15250.0,1150.0,2025-02
2025-02-02,Kalimantan Barat,20,16500.0,True,15250.0,1150.0,2025-02
2025-02-02,Kalimantan Selatan,21,17350.0,True,15250.0,1150.0,2025-02
2025-02-02,Kalimantan Tengah,22,17450.0,True,15250.0,1150.0,2025-02
2025-02-02,Kalimantan Timur,23,15950.0,True,15250.0,1150.0,2025-02
2025-02-02,Kalimantan Utara,24,16550.0,True,15250.0,1150.0,2025-02
2025-02-02,Gorontalo,25,14500.0,True,15250.0,1150.0,2025-02
2025-02-02,Sulawesi Selatan,26,13400.0,True,15250.0,1150.0,2025-02
2025-02-02,Sulawesi Tenggara,27,14900.0,True,15250.0,1150.0,2025-02
2025-02-02,Sulawesi Tengah,28,15000.0,True,15250.0,1150.0,2025-02
2025-02-02,Sulawesi Utara,29,14050.0,True,15250.0,1150.0,2025-02
2025-02-02,Sulawesi Barat,30,13250.0,True,15250.0,1150.0,2025-02
2025-02-02,Maluku,31,16050.0,True,15250.0,1150.0,2025-02
2025-02-02,Maluku Utara,32,16700.0,True,15250.0,1150.0,2025-02
2025-02-02,Papua,33,16750.0,True,15250.0,1150.0,2025-02
2025-02-02,Papua Barat,34,16500.0,True,15250.0,1150.0,2025-02
2025-02-03,Aceh,1,13750.0,True,15250.0,1100.0,2025-02
2025-02-03,Sumatera Utara,2,13700.0,True,15250.0,1100.0,2025-02
2025-02-03,Sumatera Barat,3,17100.0,True,15250.0,1100.0,2025-02
2025-02-03,Riau,4,15950.0,True,15250.0,1100.0,2025-02
2025-02-03,Kepulauan Riau,5,15200.0,True,15250.0,1100.0,2025-02
2025-02-03,Jambi,6,15050.0,True,15250.0,1100.0,2025-02
2025-02-03,Bengkulu,7,15150.0,True,15250.0,1100.0,2025-02
2025-02-03,Sumatera Selatan,8,14950.0,True,15250.0,1100.0,2025-02
2025-02-03,Kepulauan Bangka Belitung,9,15050.0,True,15250.0,1100.0,2025-02
2025-02-03,Lampung,10,14500.0,True,15250.0,1100.0,2025-02
2025-02-03,Banten,11,15150.0,True,15250.0,1100.0,2025-02
2025-02-03,Jawa Barat,12,14600.0,True,15250.0,1100.0,2025-02
2025-02-03,DKI Jakarta,13,15700.0,True,15250.0,1100.0,2025-02
2025-02-03,Jawa Tengah,14,14550.0,True,15250.0,1100.0,2025-02
2025-02-03,DI Yogyakarta,15,14150.0,True,15250.0,1100.0,2025-02
2025-02-03,Jawa Timur,16,14150.0,True,15250.0,1100.0,2025-02
2025-02-03,Bali,17,15150.0,True,15250.0,1100.0,2025-02
2025-02-03,Nusa Tenggara Barat,18,13950.0,True,15250.0,1100.0,2025-02
2025-02-03,Nusa Tenggara Timur,19,15400.0,True,15250.0,1100.0,2025-02
2025-02-03,Kalimantan Barat,20,16500.0,True,15250.0,1100.0,2025-02
2025-02-03,Kalimantan Selatan,21,16900.0,True,15250.0,1100.0,2025-02
2025-02-03,Kalimantan Tengah,22,17450.0,True,15250.0,1100.0,2025-02
2025-02-03,Kalimantan Timur,23,15950.0,True,15250.0,1100.0,2025-02
2025-02-03,Kalimantan Utara,24,16550.0,True,15250.0,1100.0,2025-02
2025-02-03,Gorontalo,25,14650.0,True,15250.0,1100.0,2025-02
2025-02-03,Sulawesi Selatan,26,13500.0,True,15250.0,1100.0,2025-02
2025-02-03,Sulawesi Tenggara,27,14900.0,True,15250.0,1100.0,2025-02
2025-02-03,Sulawesi Tengah,28,14600.0,True,15250.0,1100.0,2025-02
2025-02-03,Sulawesi Utara,29,14050.0,True,15250.0,1100.0,2025-02
2025-02-03,Sulawesi Barat,30,13400.0,True,15250.0,1100.0,2025-02
2025-02-03,Maluku,31,16050.0,True,15250.0,1100.0,2025-02
2025-02-03,Maluku Utara,32,16700.0,True,15250.0,1100.0,2025-02
2025-02-03,Papua,33,16750.0,True,15250.0,1100.0,2025-02
2025-02-03,Papua Barat,34,16500.0,True,15250.0,1100.0,2025-02
2025-02-04,Aceh,1,13750.0,True,15250.0,1100.0,2025-02
2025-02-04,Sumatera Utara,2,13750.0,True,15250.0,1100.0,2025-02
2025-02-04,Sumatera Barat,3,17100.0,True,15250.0,1100.0,2025-02
2025-02-04,Riau,4,15950.0,True,15250.0,1100.0,2025-02
2025-02-04,Kepulauan Riau,5,15200.0,True,15250.0,1100.0,2025-02
2025-02-04,Jambi,6,15050.0,True,15250.0,1100.0,2025-02
2025-02-04,Bengkulu,7,15150.0,True,15250.0,1100.0,2025-02
2025-02-04,Sumatera Selatan,8,14950.0,True,15250.0,1100.0,2025-02
2025-02-04,Kepulauan Bangka Belitung,9,15050.0,True,15250.0,1100.0,2025-02
2025-02-04,Lampung,10,14500.0,True,15250.0,1100.0,2025-02
2025-02-04,Banten,11,15150.0,True,15250.0,1100.0,2025-02
2025-02-04,Jawa Barat,12,14550.0,True,15250.0,1100.0,2025-02
2025-02-04,DKI Jakarta,13,15700.0,True,15250.0,1100.0,2025-02
2025-02-04,Jawa Tengah,14,14550.0,True,15250.0,1100.0,2025-02
2025-02-04,DI Yogyakarta,15,14150.0,True,15250.0,1100.0,2025-02
2025-02-04,Jawa Timur,16,14150.0,True,15250.0,1100.0,2025-02
2025-02-04,Bali,17,15150.0,True,15250.0,1100.0,2025-02
2025-02-04,Nusa Tenggara Barat,18,13950.0,True,15250.0,1100.0,2025-02
2025-02-04,Nusa Tenggara Timur,19,15400.0,True,15250.0,1100.0,2025-02
2025-02-04,Kalimantan Barat,20,16500.0,True,15250.0,1100.0,2025-02
2025-02-04,Kalimantan Selatan,21,17350.0,True,15250.0,1100.0,2025-02
2025-02-04,Kalimantan Tengah,22,17450.0,True,15250.0,1100.0,2025-02
2025-02-04,Kalimantan Timur,23,15900.0,True,15250.0,1100.0,2025-02
2025-02-04,Kalimantan Utara,24,16550.0,True,15250.0,1100.0,2025-02
2025-02-04,Gorontalo,25,14650.0,True,15250.0,1100.0,2025-02
2025-02-04,Sulawesi Selatan,26,13500.0,True,15250.0,1100.0,2025-02
2025-02-04,Sulawesi Tenggara,27,14900.0,True,15250.0,1100.0,2025-02
2025-02-04,Sulawesi Tengah,28,14650.0,True,15250.0,1100.0,2025-02
2025-02-04,Sulawesi Utara,29,14050.0,True,15250.0,1100.0,2025-02
2025-02-04,Sulawesi Barat,30,13400.0,True,15250.0,1100.0,2025-02
2025-02-04,Maluku,31,16050.0,True,15250.0,1100.0,2025-02
2025-02-04,Maluku Utara,32,16700.0,True,15250.0,1100.0,2025-02
2025-02-04,Papua,33,16750.0,True,15250.0,1100.0,2025-02
2025-02-04,Papua Barat,34,16500.0,True,15250.0,1100.0,2025-02
2025-02-05,Aceh,1,13750.0,True,15250.0,1100.0,2025-02
2025-02-05,Sumatera Utara,2,13900.0,True,15250.0,1100.0,2025-02
2025-02-05,Sumatera Barat,3,17100.0,True,15250.0,1100.0,2025-02
2025-02-05,Riau,4,15950.0,True,15250.0,1100.0,2025-02
2025-02-05,Kepulauan Riau,5,15200.0,True,15250.0,1100.0,2025-02
2025-02-05,Jambi,6,15050.0,True,15250.0,1100.0,2025-02
2025-02-05,Bengkulu,7,15150.0,True,15250.0,1100.0,2025-02
2025-02-05,Sumatera Selatan,8,14950.0,True,15250.0,1100.0,2025-02
2025-02-05,Kepulauan Bangka Belitung,9,15050.0,True,15250.0,1100.0,2025-02
2025-02-05,Lampung,10,14500.0,True,15250.0,1100.0,2025-02
2025-02-05,Banten,11,15150.0,True,15250.0,1100.0,2025-02
2025-02-05,Jawa Barat,12,14550.0,True,15250.0,1100.0,2025-02
2025-02-05,DKI Jakarta,13,15700.0,True,15250.0,1100.0,2025-02
2025-02-05,Jawa Tengah,14,14550.0,True,15250.0,1100.0,2025-02
2025-02-05,DI Yogyakarta,15,14150.0,True,15250.0,1100.0,2025-02
2025-02-05,Jawa Timur,16,14150.0,True,15250.0,1100.0,2025-02
2025-02-05,Bali,17,15150.0,True,15250.0,1100.0,2025-02
2025-02-05,Nusa Tenggara Barat,18,13950.0,True,15250.0,1100.0,2025-02
2025-02-05,Nusa Tenggara Timur,19,15400.0,True,15250.0,1100.0,2025-02
2025-02-05,Kalimantan Barat,20,16500.0,True,15250.0,1100.0,2025-02
2025-02-05,Kalimantan Selatan,21,17350.0,True,15250.0,1100.0,2025-02
2025-02-05,Kalimantan Tengah,22,17450.0,True,15250.0,1100.0,2025-02
2025-02-05,Kalimantan Timur,23,15900.0,True,15250.0,1100.0,2025-02
2025-02-05,Kalimantan Utara,24,16550.0,True,15250.0,1100.0,2025-02
2025-02-05,Gorontalo,25,14650.0,True,15250.0,1100.0,2025-02
2025-02-05,Sulawesi Selatan,26,13500.0,True,15250.0,1100.0,2025-02
2025-02-05,Sulawesi Tenggara,27,14900.0,True,15250.0,1100.0,2025-02
2025-02-05,Sulawesi Tengah,28,14650.0,True,15250.0,1100.0,2025-02
2025-02-05,Sulawesi Utara,29,14050.0,True,15250.0,1100.0,2025-02
2025-02-05,Sulawesi Barat,30,13400.0,True,15250.0,1100.0,2025-02
2025-02-05,Maluku,31,16050.0,True,15250.0,1100.0,2025-02
2025-02-05,Maluku Utara,32,16700.0,True,15250.0,1100.0,2025-02
2025-02-05,Papua,33,16800.0,True,15250.0,1100.0,2025-02
2025-02-05,Papua Barat,34,16500.0,True,15250.0,1100.0,2025-02
2025-02-06,Aceh,1,13750.0,True,15250.0,1100.0,2025-02
2025-02-06,Sumatera Utara,2,13900.0,True,15250.0,1100.0,2025-02
2025-02-06,Sumatera Barat,3,17100.0,True,15250.0,1100.0,2025-02
2025-02-06,Riau,4,15950.0,True,15250.0,1100.0,2025-02
2025-02-06,Kepulauan Riau,5,15200.0,True,15250.0,1100.0,2025-02
2025-02-06,Jambi,6,15050.0,True,15250.0,1100.0,2025-02
2025-02-06,Bengkulu,7,15150.0,True,15250.0,1100.0,2025-02
2025-02-06,Sumatera Selatan,8,14950.0,True,15250.0,1100.0,2025-02
2025-02-06,Kepulauan Bangka Belitung,9,15100.0,True,15250.0,1100.0,2025-02
2025-02-06,Lampung,10,14500.0,True,15250.0,1100.0,2025-02
2025-02-06,Banten,11,15150.0,True,15250.0,1100.0,2025-02
2025-02-06,Jawa Barat,12,14550.0,True,15250.0,1100.0,2025-02
2025-02-06,DKI Jakarta,13,15700.0,True,15250.0,1100.0,2025-02
2025-02-06,Jawa Tengah,14,14550.0,True,15250.0,1100.0,2025-02
2025-02-06,DI Yogyakarta,15,14150.0,True,15250.0,1100.0,2025-02
2025-02-06,Jawa Timur,16,14150.0,True,15250.0,1100.0,2025-02
2025-02-06,Bali,17,15150.0,True,15250.0,1100.0,2025-02
2025-02-06,Nusa Tenggara Barat,18,13950.0,True,15250.0,1100.0,2025-02
2025-02-06,Nusa Tenggara Timur,19,15400.0,True,15250.0,1100.0,2025-02
2025-02-06,Kalimantan Barat,20,16500.0,True,15250.0,1100.0,2025-02
2025-02-06,Kalimantan Selatan,21,17300.0,True,15250.0,1100.0,2025-02
2025-02-06,Kalimantan Tengah,22,17450.0,True,15250.0,1100.0,2025-02
2025-02-06,Kalimantan Timur,23,15900.0,True,15250.0,1100.0,2025-02
2025-02-06,Kalimantan Utara,24,16550.0,True,15250.0,1100.0,2025-02
2025-02-06,Gorontalo,25,14650.0,True,15250.0,1100.0,2025-02
2025-02-06,Sulawesi Selatan,26,13500.0,True,15250.0,1100.0,2025-02
2025-02-06,Sulawesi Tenggara,27,14900.0,True,15250.0,1100.0,2025-02
2025-02-06,Sulawesi Tengah,28,14650.0,True,15250.0,1100.0,2025-02
2025-02-06,Sulawesi Utara,29,14050.0,True,15250.0,1100.0,2025-02
2025-02-06,Sulawesi Barat,30,13450.0,True,15250.0,1100.0,2025-02
2025-02-06,Maluku,31,16050.0,True,15250.0,1100.0,2025-02
2025-02-06,Maluku Utara,32,16700.0,True,15250.0,1100.0,2025-02
2025-02-06,Papua,33,16750.0,True,15250.0,1100.0,2025-02
2025-02-06,Papua Barat,34,16500.0,True,15250.0,1100.0,2025-02
2025-02-07,Aceh,1,13750.0,True,15200.0,2750.0,2025-02
2025-02-07,Sumatera Utara,2,13900.0,True,15200.0,2750.0,2025-02
2025-02-07,Sumatera Barat,3,17100.0,True,15200.0,2750.0,2025-02
2025-02-07,Riau,4,15950.0,True,15200.0,2750.0,2025-02
2025-02-07,Kepulauan Riau,5,15200.0,True,15200.0,2750.0,2025-02
2025-02-07,Jambi,6,15050.0,True,15200.0,2750.0,2025-02
2025-02-07,Bengkulu,7,15150.0,True,15200.0,2750.0,2025-02
2025-02-07,Sumatera Selatan,8,14950.0,True,15200.0,2750.0,2025-02
2025-02-07,Kepulauan Bangka Belitung,9,15100.0,True,15200.0,2750.0,2025-02
2025-02-07,Lampung,10,14500.0,True,15200.0,2750.0,2025-02
2025-02-07,Banten,11,15150.0,True,15200.0,2750.0,2025-02
2025-02-07,Jawa Barat,12,14550.0,True,15200.0,2750.0,2025-02
2025-02-07,DKI Jakarta,13,15700.0,True,15200.0,2750.0,2025-02
2025-02-07,Jawa Tengah,14,14550.0,True,15200.0,2750.0,2025-02
2025-02-07,DI Yogyakarta,15,14150.0,True,15200.0,2750.0,2025-02
2025-02-07,Jawa Timur,16,14150.0,True,15200.0,2750.0,2025-02
2025-02-07,Bali,17,15150.0,True,15200.0,2750.0,2025-02
2025-02-07,Nusa Tenggara Barat,18,13950.0,True,15200.0,2750.0,2025-02
2025-02-07,Nusa Tenggara Timur,19,15400.0,True,15200.0,2750.0,2025-02
2025-02-07,Kalimantan Barat,20,16500.0,True,15200.0,2750.0,2025-02
2025-02-07,Kalimantan Selatan,21,16500.0,True,15200.0,2750.0,2025-02
2025-02-07,Kalimantan Tengah,22,17450.0,True,15200.0,2750.0,2025-02
2025-02-07,Kalimantan Timur,23,15900.0,True,15200.0,2750.0,2025-02
2025-02-07,Gorontalo,25,14650.0,True,15200.0,2750.0,2025-02
2025-02-07,Sulawesi Selatan,26,13500.0,True,15200.0,2750.0,2025-02
2025-02-07,Sulawesi Tenggara,27,14900.0,True,15200.0,2750.0,2025-02
2025-02-07,Sulawesi Tengah,28,14650.0,True,15200.0,2750.0,2025-02
2025-02-07,Sulawesi Utara,29,14050.0,True,15200.0,2750.0,2025-02
2025-02-07,Sulawesi Barat,30,13450.0,True,15200.0,2750.0,2025-02
2025-02-07,Maluku,31,16050.0,True,15200.0,2750.0,2025-02
2025-02-07,Maluku Utara,32,16700.0,True,15200.0,2750.0,2025-02
2025-02-07,Papua,33,16750.0,True,15200.0,2750.0,2025-02
2025-02-07,Papua Barat,34,16500.0,True,15200.0,2750.0,2025-02
2025-02-08,Aceh,1,13750.0,True,15200.0,2750.0,2025-02
2025-02-08,Sumatera Utara,2,13900.0,True,15200.0,2750.0,2025-02
2025-02-08,Sumatera Barat,3,17100.0,True,15200.0,2750.0,2025-02
2025-02-08,Riau,4,15950.0,True,15200.0,2750.0,2025-02
2025-02-08,Kepulauan Riau,5,15200.0,True,15200.0,2750.0,2025-02
2025-02-08,Jambi,6,15050.0,True,15200.0,2750.0,2025-02
2025-02-08,Bengkulu,7,15150.0,True,15200.0,2750.0,2025-02
2025-02-08,Sumatera Selatan,8,14950.0,True,15200.0,2750.0,2025-02
2025-02-08,Kepulauan Bangka Belitung,9,15100.0,True,15200.0,2750.0,2025-02
2025-02-08,Lampung,10,14500.0,True,15200.0,2750.0,2025-02
2025-02-08,Banten,11,15150.0,True,15200.0,2750.0,2025-02
2025-02-08,Jawa Barat,12,14550.0,True,15200.0,2750.0,2025-02
2025-02-08,DKI Jakarta,13,15700.0,True,15200.0,2750.0,2025-02
2025-02-08,Jawa Tengah,14,14550.0,True,15200.0,2750.0,2025-02
2025-02-08,DI Yogyakarta,15,14150.0,True,15200.0,2750.0,2025-02
2025-02-08,Jawa Timur,16,14150.0,True,15200.0,2750.0,2025-02
2025-02-08,Bali,17,15150.0,True,15200.0,2750.0,2025-02
2025-02-08,Nusa Tenggara Barat,18,13950.0,True,15200.0,2750.0,2025-02
2025-02-08,Nusa Tenggara Timur,19,15400.0,True,15200.0,2750.0,2025-02
2025-02-08,Kalimantan Barat,20,16500.0,True,15200.0,2750.0,2025-02
2025-02-08,Kalimantan Selatan,21,16500.0,True,15200.0,2750.0,2025-02
2025-02-08,Kalimantan Tengah,22,17450.0,True,15200.0,2750.0,2025-02
2025-02-08,Kalimantan Timur,23,15900.0,True,15200.0,2750.0,2025-02
2025-02-08,Gorontalo,25,14650.0,True,15200.0,2750.0,2025-02
2025-02-08,Sulawesi Selatan,26,13500.0,True,15200.0,2750.0,2025-02
2025-02-08,Sulawesi Tenggara,27,14900.0,True,15200.0,2750.0,2025-02
2025-02-08,Sulawesi Tengah,28,14650.0,True,15200.0,2750.0,2025-02
2025-02-08,Sulawesi Utara,29,14050.0,True,15200.0,2750.0,2025-02
2025-02-08,Sulawesi Barat,30,13450.0,True,15200.0,2750.0,2025-02
2025-02-08,Maluku,31,16050.0,True,15200.0,2750.0,2025-02
2025-02-08,Maluku Utara,32,16700.0,True,15200.0,2750.0,2025-02
2025-02-08,Papua,33,16750.0,True,15200.0,2750.0,2025-02
2025-02-08,Papua Barat,34,16500.0,True,15200.0,2750.0,2025-02
2025-02-09,Aceh,1,13750.0,True,15200.0,2750.0,2025-02
2025-02-09,Sumatera Utara,2,13900.0,True,15200.0,2750.0,2025-02
2025-02-09,Sumatera Barat,3,17100.0,True,15200.0,2750.0,2025-02
2025-02-09,Riau,4,15950.0,True,15200.0,2750.0,2025-02
2025-02-09,Kepulauan Riau,5,15200.0,True,15200.0,2750.0,2025-02
2025-02-09,Jambi,6,15050.0,True,15200.0,2750.0,2025-02
2025-02-09,Bengkulu,7,15150.0,True,15200.0,2750.0,2025-02
2025-02-09,Sumatera Selatan,8,14950.0,True,15200.0,2750.0,2025-02
2025-02-09,Kepulauan Bangka Belitung,9,15100.0,True,15200.0,2750.0,2025-02
2025-02-09,Lampung,10,14500.0,True,15200.0,2750.0,2025-02
2025-02-09,Banten,11,15150.0,True,15200.0,2750.0,2025-02
2025-02-09,Jawa Barat,12,14550.0,True,15200.0,2750.0,2025-02
2025-02-09,DKI Jakarta,13,15700.0,True,15200.0,2750.0,2025-02
2025-02-09,Jawa Tengah,14,14550.0,True,15200.0,2750.0,2025-02
2025-02-09,DI Yogyakarta,15,14150.0,True,15200.0,2750.0,2025-02
2025-02-09,Jawa Timur,16,14150.0,True,15200.0,2750.0,2025-02
2025-02-09,Bali,17,15150.0,True,15200.0,2750.0,2025-02
2025-02-09,Nusa Tenggara Barat,18,13950.0,True,15200.0,2750.0,2025-02
2025-02-09,Nusa Tenggara Timur,19,15400.0,True,15200.0,2750.0,2025-02
2025-02-09,Kalimantan Barat,20,16500.0,True,15200.0,2750.0,2025-02
2025-02-09,Kalimantan Selatan,21,16500.0,True,15200.0,2750.0,2025-02
2025-02-09,Kalimantan Tengah,22,17450.0,True,15200.0,2750.0,2025-02
2025-02-09,Kalimantan Timur,23,15900.0,True,15200.0,2750.0,2025-02
2025-02-09,Gorontalo,25,14650.0,True,15200.0,2750.0,2025-02
2025-02-09,Sulawesi Selatan,26,13500.0,True,15200.0,2750.0,2025-02
2025-02-09,Sulawesi Tenggara,27,14900.0,True,15200.0,2750.0,2025-02
2025-02-09,Sulawesi Tengah,28,14650.0,True,15200.0,2750.0,2025-02
2025-02-09,Sulawesi Utara,29,14050.0,True,15200.0,2750.0,2025-02
2025-02-09,Sulawesi Barat,30,13450.0,True,15200.0,2750.0,2025-02
2025-02-09,Maluku,31,16050.0,True,15200.0,2750.0,2025-02
2025-02-09,Maluku Utara,32,16700.0,True,15200.0,2750.0,2025-02
2025-02-09,Papua,33,16750.0,True,15200.0,2750.0,2025-02
2025-02-09,Papua Barat,34,16500.0,True,15200.0,2750.0,2025-02
2025-02-10,Aceh,1,13750.0,True,15250.0,1100.0,2025-02
2025-02-10,Sumatera Utara,2,13900.0,True,15250.0,1100.0,2025-02
2025-02-10,Sumatera Barat,3,17100.0,True,15250.0,1100.0,2025-02
2025-02-10,Riau,4,15950.0,True,15250.0,1100.0,2025-02
2025-02-10,Kepulauan Riau,5,15200.0,True,15250.0,1100.0,2025-02
2025-02-10,Jambi,6,15050.0,True,15250.0,1100.0,2025-02
2025-02-10,Bengkulu,7,15150.0,True,15250.0,1100.0,2025-02
2025-02-10,Sumatera Selatan,8,14950.0,True,15250.0,1100.0,2025-02
2025-02-10,Kepulauan Bangka Belitung,9,15050.0,True,15250.0,1100.0,2025-02
2025-02-10,Lampung,10,14500.0,True,15250.0,1100.0,2025-02
2025-02-10,Banten,11,15150.0,True,15250.0,1100.0,2025-02
2025-02-10,Jawa Barat,12,14550.0,True,15250.0,1100.0,2025-02
2025-02-10,DKI Jakarta,13,15700.0,True,15250.0,1100.0,2025-02
2025-02-10,Jawa Tengah,14,14500.0,True,15250.0,1100.0,2025-02
2025-02-10,DI Yogyakarta,15,14150.0,True,15250.0,1100.0,2025-02
2025-02-10,Jawa Timur,16,14150.0,True,15250.0,1100.0,2025-02
2025-02-10,Bali,17,15150.0,True,15250.0,1100.0,2025-02
2025-02-10,Nusa Tenggara Barat,18,13950.0,True,15250.0,1100.0,2025-02
2025-02-10,Nusa Tenggara Timur,19,15400.0,True,15250.0,1100.0,2025-02
2025-02-10,Kalimantan Barat,20,16500.0,True,15250.0,1100.0,2025-02
2025-02-10,Kalimantan Selatan,21,17300.0,True,15250.0,1100.0,2025-02
2025-02-10,Kalimantan Tengah,22,17450.0,True,15250.0,1100.0,2025-02
2025-02-10,Kalimantan Timur,23,15900.0,True,15250.0,1100.0,2025-02
2025-02-10,Kalimantan Utara,24,16550.0,True,15250.0,1100.0,2025-02
2025-02-10,Gorontalo,25,14700.0,True,15250.0,1100.0,2025-02
2025-02-10,Sulawesi Selatan,26,13500.0,True,15250.0,1100.0,2025-02
2025-02-10,Sulawesi Tenggara,27,14900.0,True,15250.0,1100.0,2025-02
2025-02-10,Sulawesi Tengah,28,14650.0,True,15250.0,1100.0,2025-02
2025-02-10,Sulawesi Utara,29,14100.0,True,15250.0,1100.0,2025-02
2025-02-10,Sulawesi Barat,30,13450.0,True,15250.0,1100.0,2025-02
2025-02-10,Maluku,31,16050.0,True,15250.0,1100.0,2025-02
2025-02-10,Maluku Utara,32,16700.0,True,15250.0,1100.0,2025-02
2025-02-10,Papua,33,16750.0,True,15250.0,1100.0,2025-02
2025-02-10,Papua Barat,34,16500.0,True,15250.0,1100.0,2025-02
2025-02-11,Aceh,1,13600.0,True,14950.0,6400.0,2025-02
2025-02-11,Sumatera Utara,2,13850.0,True,14950.0,6400.0,2025-02
2025-02-11,Riau,4,15950.0,True,14950.0,6400.0,2025-02
2025-02-11,Kepulauan Riau,5,15200.0,True,14950.0,6400.0,2025-02
2025-02-11,Jambi,6,15050.0,True,14950.0,6400.0,2025-02
2025-02-11,Sumatera Selatan,8,14950.0,True,14950.0,6400.0,2025-02
2025-02-11,Lampung,10,14500.0,True,14950.0,6400.0,2025-02
2025-02-11,Banten,11,14850.0,True,14950.0,6400.0,2025-02
2025-02-11,Jawa Barat,12,14550.0,True,14950.0,6400.0,2025-02
2025-02-11,Jawa Tengah,14,14400.0,True,14950.0,6400.0,2025-02
2025-02-11,DI Yogyakarta,15,14150.0,True,14950.0,6400.0,2025-02
2025-02-11,Jawa Timur,16,14250.0,True,14950.0,6400.0,2025-02
2025-02-11,Bali,17,15050.0,True,14950.0,6400.0,2025-02
2025-02-11,Nusa Tenggara Barat,18,13850.0,True,14950.0,6400.0,2025-02
2025-02-11,Nusa Tenggara Timur,19,15400.0,True,14950.0,6400.0,2025-02
2025-02-11,Kalimantan Tengah,22,17450.0,True,14950.0,6400.0,2025-02
2025-02-11,Kalimantan Timur,23,16200.0,True,14950.0,6400.0,2025-02
2025-02-11,Kalimantan Utara,24,16550.0,True,14950.0,6400.0,2025-02
2025-02-11,Gorontalo,25,14700.0,True,14950.0,6400.0,2025-02
2025-02-11,Sulawesi Selatan,26,13500.0,True,14950.0,6400.0,2025-02
2025-02-11,Sulawesi Tenggara,27,14950.0,True,14950.0,6400.0,2025-02
2025-02-11,Sulawesi Tengah,28,14650.0,True,14950.0,6400.0,2025-02
2025-02-11,Sulawesi Utara,29,14100.0,True,14950.0,6400.0,2025-02
2025-02-11,Sulawesi Barat,30,13450.0,True,14950.0,6400.0,2025-02
2025-02-11,Maluku Utara,32,16700.0,True,14950.0,6400.0,2025-02
2025-02-11,Papua,33,16750.0,True,14950.0,6400.0,2025-02
2025-02-12,Aceh,1,13750.0,True,15250.0,1100.0,2025-02
2025-02-12,Sumatera Utara,2,13900.0,True,15250.0,1100.0,2025-02
2025-02-12,Sumatera Barat,3,17100.0,True,15250.0,1100.0,2025-02
2025-02-12,Riau,4,15950.0,True,15250.0,1100.0,2025-02
2025-02-12,Kepulauan Riau,5,15200.0,True,15250.0,1100.0,2025-02
2025-02-12,Jambi,6,15050.0,True,15250.0,1100.0,2025-02
2025-02-12,Bengkulu,7,15150.0,True,15250.0,1100.0,2025-02
2025-02-12,Sumatera Selatan,8,14950.0,True,15250.0,1100.0,2025-02
2025-02-12,Kepulauan Bangka Belitung,9,15050.0,True,15250.0,1100.0,2025-02
2025-02-12,Lampung,10,14500.0,True,15250.0,1100.0,2025-02
2025-02-12,Banten,11,14850.0,True,15250.0,1100.0,2025-02
2025-02-12,Jawa Barat,12,14550.0,True,15250.0,1100.0,2025-02
2025-02-12,DKI Jakarta,13,15700.0,True,15250.0,1100.0,2025-02
2025-02-12,Jawa Tengah,14,14500.0,True,15250.0,1100.0,2025-02
2025-02-12,DI Yogyakarta,15,14150.0,True,15250.0,1100.0,2025-02
2025-02-12,Jawa Timur,16,14150.0,True,15250.0,1100.0,2025-02
2025-02-12,Bali,17,15200.0,True,15250.0,1100.0,2025-02
2025-02-12,Nusa Tenggara Barat,18,13850.0,True,15250.0,1100.0,2025-02
2025-02-12,Nusa Tenggara Timur,19,15400.0,True,15250.0,1100.0,2025-02
2025-02-12,Kalimantan Barat,20,16550.0,True,15250.0,1100.0,2025-02
2025-02-12,Kalimantan Selatan,21,17300.0,True,15250.0,1100.0,2025-02
2025-02-12,Kalimantan Tengah,22,17450.0,True,15250.0,1100.0,2025-02
2025-02-12,Kalimantan Timur,23,15900.0,True,15250.0,1100.0,2025-02
2025-02-12,Kalimantan Utara,24,16550.0,True,15250.0,1100.0,2025-02
2025-02-12,Gorontalo,25,14700.0,True,15250.0,1100.0,2025-02
2025-02-12,Sulawesi Selatan,26,13500.0,True,15250.0,1100.0,2025-02
2025-02-12,Sulawesi Tenggara,27,14950.0,True,15250.0,1100.0,2025-02
2025-02-12,Sulawesi Tengah,28,14650.0,True,15250.0,1100.0,2025-02
2025-02-12,Sulawesi Utara,29,14100.0,True,15250.0,1100.0,2025-02
2025-02-12,Sulawesi Barat,30,13500.0,True,15250.0,1100.0,2025-02
2025-02-12,Maluku,31,16100.0,True,15250.0,1100.0,2025-02
2025-02-12,Maluku Utara,32,16700.0,True,15250.0,1100.0,2025-02
2025-02-12,Papua,33,16800.0,True,15250.0,1100.0,2025-02
2025-02-12,Papua Barat,34,16500.0,True,15250.0,1100.0,2025-02
2025-02-13,Aceh,1,13750.0,True,15200.0,2800.0,2025-02
2025-02-13,Sumatera Utara,2,13900.0,True,15200.0,2800.0,2025-02
2025-02-13,Sumatera Barat,3,17100.0,True,15200.0,2800.0,2025-02
2025-02-13,Riau,4,15950.0,True,15200.0,2800.0,2025-02
2025-02-13,Kepulauan Riau,5,15200.0,True,15200.0,2800.0,2025-02
2025-02-13,Jambi,6,15050.0,True,15200.0,2800.0,2025-02
2025-02-13,Bengkulu,7,15150.0,True,15200.0,2800.0,2025-02
2025-02-13,Sumatera Selatan,8,15000.0,True,15200.0,2800.0,2025-02
2025-02-13,Kepulauan Bangka Belitung,9,15050.0,True,15200.0,2800.0,2025-02
2025-02-13,Lampung,10,14500.0,True,15200.0,2800.0,2025-02
2025-02-13,Banten,11,14850.0,True,15200.0,2800.0,2025-02
2025-02-13,Jawa Barat,12,14550.0,True,15200.0,2800.0,2025-02
2025-02-13,DKI Jakarta,13,15700.0,True,15200.0,2800.0,2025-02
2025-02-13,Jawa Tengah,14,14550.0,True,15200.0,2800.0,2025-02
2025-02-13,DI Yogyakarta,15,14150.0,True,15200.0,2800.0,2025-02
2025-02-13,Jawa Timur,16,14150.0,True,15200.0,2800.0,2025-02
2025-02-13,Bali,17,15200.0,True,15200.0,2800.0,2025-02
2025-02-13,Nusa Tenggara Barat,18,13850.0,True,15200.0,2800.0,2025-02
2025-02-13,Nusa Tenggara Timur,19,15400.0,True,15200.0,2800.0,2025-02
2025-02-13,Kalimantan Barat,20,16550.0,True,15200.0,2800.0,2025-02
2025-02-13,Kalimantan Selatan,21,17300.0,True,15200.0,2800.0,2025-02
2025-02-13,Kalimantan Tengah,22,17450.0,True,15200.0,2800.0,2025-02
2025-02-13,Kalimantan Timur,23,15900.0,True,15200.0,2800.0,2025-02
2025-02-13,Kalimantan Utara,24,16550.0,True,15200.0,2800.0,2025-02
2025-02-13,Gorontalo,25,14700.0,True,15200.0,2800.0,2025-02
2025-02-13,Sulawesi Selatan,26,13500.0,True,15200.0,2800.0,2025-02
2025-02-13,Sulawesi Tenggara,27,14950.0,True,15200.0,2800.0,2025-02
2025-02-13,Sulawesi Tengah,28,14650.0,True,15200.0,2800.0,2025-02
2025-02-13,Sulawesi Utara,29,14100.0,True,15200.0,2800.0,2025-02
2025-02-13,Sulawesi Barat,30,13450.0,True,15200.0,2800.0,2025-02
2025-02-13,Maluku Utara,32,16700.0,True,15200.0,2800.0,2025-02
2025-02-13,Papua,33,16800.0,True,15200.0,2800.0,2025-02
2025-02-13,Papua Barat,34,16450.0,True,15200.0,2800.0,2025-02
2025-02-14,Aceh,1,13750.0,True,15250.0,1100.0,2025-02
2025-02-14,Sumatera Utara,2,13900.0,True,15250.0,1100.0,2025-02
2025-02-14,Sumatera Barat,3,17100.0,True,15250.0,1100.0,2025-02
2025-02-14,Riau,4,15950.0,True,15250.0,1100.0,2025-02
2025-02-14,Kepulauan Riau,5,15200.0,True,15250.0,1100.0,2025-02
2025-02-14,Jambi,6,15050.0,True,15250.0,1100.0,2025-02
2025-02-14,Bengkulu,7,15200.0,True,15250.0,1100.0,2025-02
2025-02-14,Sumatera Selatan,8,14900.0,True,15250.0,1100.0,2025-02
2025-02-14,Kepulauan Bangka Belitung,9,15050.0,True,15250.0,1100.0,2025-02
2025-02-14,Lampung,10,14500.0,True,15250.0,1100.0,2025-02
2025-02-14,Banten,11,14850.0,True,15250.0,1100.0,2025-02
2025-02-14,Jawa Barat,12,14550.0,True,15250.0,1100.0,2025-02
2025-02-14,DKI Jakarta,13,15700.0,True,15250.0,1100.0,2025-02
2025-02-14,Jawa Tengah,14,14550.0,True,15250.0,1100.0,2025-02
2025-02-14,DI Yogyakarta,15,14150.0,True,15250.0,1100.0,2025-02
2025-02-14,Jawa Timur,16,14150.0,True,15250.0,1100.0,2025-02
2025-02-14,Bali,17,15200.0,True,15250.0,1100.0,2025-02
2025-02-14,Nusa Tenggara Barat,18,13850.0,True,15250.0,1100.0,2025-02
2025-02-14,Nusa Tenggara Timur,19,15400.0,True,15250.0,1100.0,2025-02
2025-02-14,Kalimantan Barat,20,16550.0,True,15250.0,1100.0,2025-02
2025-02-14,Kalimantan Selatan,21,17300.0,True,15250.0,1100.0,2025-02
2025-02-14,Kalimantan Tengah,22,17450.0,True,15250.0,1100.0,2025-02
2025-02-14,Kalimantan Timur,23,15900.0,True,15250.0,1100.0,2025-02
2025-02-14,Kalimantan Utara,24,16550.0,True,15250.0,1100.0,2025-02
2025-02-14,Gorontalo,25,14700.0,True,15250.0,1100.0,2025-02
2025-02-14,Sulawesi Selatan,26,13500.0,True,15250.0,1100.0,2025-02
2025-02-14,Sulawesi Tenggara,27,14950.0,True,15250.0,1100.0,2025-02
2025-02-14,Sulawesi Tengah,28,14650.0,True,15250.0,1100.0,2025-02
2025-02-14,Sulawesi Utara,29,14100.0,True,15250.0,1100.0,2025-02
2025-02-14,Sulawesi Barat,30,13450.0,True,15250.0,1100.0,2025-02
2025-02-14,Maluku,31,16100.0,True,15250.0,1100.0,2025-02
2025-02-14,Maluku Utara,32,16700.0,True,15250.0,1100.0,2025-02
2025-02-14,Papua,33,16800.0,True,15250.0,1100.0,2025-02
2025-02-14,Papua Barat,34,16450.0,True,15250.0,1100.0,2025-02
2025-02-15,Aceh,1,13750.0,True,15250.0,1100.0,2025-02
2025-02-15,Sumatera Utara,2,13900.0,True,15250.0,1100.0,2025-02
2025-02-15,Sumatera Barat,3,17100.0,True,15250.0,1100.0,2025-02
2025-02-15,Riau,4,15950.0,True,15250.0,1100.0,2025-02
2025-02-15,Kepulauan Riau,5,15200.0,True,15250.0,1100.0,2025-02
2025-02-15,Jambi,6,15050.0,True,15250.0,1100.0,2025-02
2025-02-15,Bengkulu,7,15200.0,True,15250.0,1100.0,2025-02
2025-02-15,Sumatera Selatan,8,14900.0,True,15250.0,1100.0,2025-02
2025-02-15,Kepulauan Bangka Belitung,9,15050.0,True,15250.0,1100.0,2025-02
2025-02-15,Lampung,10,14500.0,True,15250.0,1100.0,2025-02
2025-02-15,Banten,11,14850.0,True,15250.0,1100.0,2025-02
2025-02-15,Jawa Barat,12,14550.0,True,15250.0,1100.0,2025-02
2025-02-15,DKI Jakarta,13,15700.0,True,15250.0,1100.0,2025-02
2025-02-15,Jawa Tengah,14,14550.0,True,15250.0,1100.0,2025-02
2025-02-15,DI Yogyakarta,15,14150.0,True,15250.0,1100.0,2025-02
2025-02-15,Jawa Timur,16,14150.0,True,15250.0,1100.0,2025-02
2025-02-15,Bali,17,15200.0,True,15250.0,1100.0,2025-02
2025-02-15,Nusa Tenggara Barat,18,13850.0,True,15250.0,1100.0,2025-02
2025-02-15,Nusa Tenggara Timur,19,15400.0,True,15250.0,1100.0,2025-02
2025-02-15,Kalimantan Barat,20,16550.0,True,15250.0,1100.0,2025-02
2025-02-15,Kalimantan Selatan,21,17300.0,True,15250.0,1100.0,2025-02
2025-02-15,Kalimantan Tengah,22,17450.0,True,15250.0,1100.0,2025-02
2025-02-15,Kalimantan Timur,23,15900.0,True,15250.0,1100.0,2025-02
2025-02-15,Kalimantan Utara,24,16550.0,True,15250.0,1100.0,2025-02
2025-02-15,Gorontalo,25,14700.0,True,15250.0,1100.0,2025-02
2025-02-15,Sulawesi Selatan,26,13500.0,True,15250.0,1100.0,2025-02
2025-02-15,Sulawesi Tenggara,27,14950.0,True,15250.0,1100.0,2025-02
2025-02-15,Sulawesi Tengah,28,14650.0,True,15250.0,1100.0,2025-02
2025-02-15,Sulawesi Utara,29,14100.0,True,15250.0,1100.0,2025-02
2025-02-15,Sulawesi Barat,30,13450.0,True,15250.0,1100.0,2025-02
2025-02-15,Maluku,31,16100.0,True,15250.0,1100.0,2025-02
2025-02-15,Maluku Utara,32,16700.0,True,15250.0,1100.0,2025-02
2025-02-15,Papua,33,16800.0,True,15250.0,1100.0,2025-02
2025-02-15,Papua Barat,34,16450.0,True,15250.0,1100.0,2025-02
2025-02-16,Aceh,1,13750.0,True,15250.0,1100.0,2025-02
2025-02-16,Sumatera Utara,2,13900.0,True,15250.0,1100.0,2025-02
2025-02-16,Sumatera Barat,3,17100.0,True,15250.0,1100.0,2025-02
2025-02-16,Riau,4,15950.0,True,15250.0,1100.0,2025-02
2025-02-16,Kepulauan Riau,5,15200.0,True,15250.0,1100.0,2025-02
2025-02-16,Jambi,6,15050.0,True,15250.0,1100.0,2025-02
2025-02-16,Bengkulu,7,15200.0,True,15250.0,1100.0,2025-02
2025-02-16,Sumatera Selatan,8,14900.0,True,15250.0,1100.0,2025-02
2025-02-16,Kepulauan Bangka Belitung,9,15050.0,True,15250.0,1100.0,2025-02
2025-02-16,Lampung,10,14500.0,True,15250.0,1100.0,2025-02
2025-02-16,Banten,11,14850.0,True,15250.0,1100.0,2025-02
2025-02-16,Jawa Barat,12,14550.0,True,15250.0,1100.0,2025-02
2025-02-16,DKI Jakarta,13,15700.0,True,15250.0,1100.0,2025-02
2025-02-16,Jawa Tengah,14,14550.0,True,15250.0,1100.0,2025-02
2025-02-16,DI Yogyakarta,15,14150.0,True,15250.0,1100.0,2025-02
2025-02-16,Jawa Timur,16,14150.0,True,15250.0,1100.0,2025-02
2025-02-16,Bali,17,15200.0,True,15250.0,1100.0,2025-02
2025-02-16,Nusa Tenggara Barat,18,13850.0,True,15250.0,1100.0,2025-02
2025-02-16,Nusa Tenggara Timur,19,15400.0,True,15250.0,1100.0,2025-02
2025-02-16,Kalimantan Barat,20,16550.0,True,15250.0,1100.0,2025-02
2025-02-16,Kalimantan Selatan,21,17300.0,True,15250.0,1100.0,2025-02
2025-02-16,Kalimantan Tengah,22,17450.0,True,15250.0,1100.0,2025-02
2025-02-16,Kalimantan Timur,23,15900.0,True,15250.0,1100.0,2025-02
2025-02-16,Kalimantan Utara,24,16550.0,True,15250.0,1100.0,2025-02
2025-02-16,Gorontalo,25,14700.0,True,15250.0,1100.0,2025-02
2025-02-16,Sulawesi Selatan,26,13500.0,True,15250.0,1100.0,2025-02
2025-02-16,Sulawesi Tenggara,27,14950.0,True,15250.0,1100.0,2025-02
2025-02-16,Sulawesi Tengah,28,14650.0,True,15250.0,1100.0,2025-02
2025-02-16,Sulawesi Utara,29,14100.0,True,15250.0,1100.0,2025-02
2025-02-16,Sulawesi Barat,30,13450.0,True,15250.0,1100.0,2025-02
2025-02-16,Maluku,31,16100.0,True,15250.0,1100.0,2025-02
2025-02-16,Maluku Utara,32,16700.0,True,15250.0,1100.0,2025-02
2025-02-16,Papua,33,16800.0,True,15250.0,1100.0,2025-02
2025-02-16,Papua Barat,34,16450.0,True,15250.0,1100.0,2025-02
2025-02-17,Aceh,1,13750.0,True,15250.0,1100.0,2025-02
2025-02-17,Sumatera Utara,2,13900.0,True,15250.0,1100.0,2025-02
2025-02-17,Sumatera Barat,3,17050.0,True,15250.0,1100.0,2025-02
2025-02-17,Riau,4,16050.0,True,15250.0,1100.0,2025-02
2025-02-17,Kepulauan Riau,5,15200.0,True,15250.0,1100.0,2025-02
2025-02-17,Jambi,6,15050.0,True,15250.0,1100.0,2025-02
2025-02-17,Bengkulu,7,15200.0,True,15250.0,1100.0,2025-02
2025-02-17,Sumatera Selatan,8,14950.0,True,15250.0,1100.0,2025-02
2025-02-17,Kepulauan Bangka Belitung,9,15050.0,True,15250.0,1100.0,2025-02
2025-02-17,Lampung,10,14500.0,True,15250.0,1100.0,2025-02
2025-02-17,Banten,11,14850.0,True,15250.0,1100.0,2025-02
2025-02-17,Jawa Barat,12,14600.0,True,15250.0,1100.0,2025-02
2025-02-17,DKI Jakarta,13,15700.0,True,15250.0,1100.0,2025-02
2025-02-17,Jawa Tengah,14,14550.0,True,15250.0,1100.0,2025-02
2025-02-17,DI Yogyakarta,15,14150.0,True,15250.0,1100.0,2025-02
2025-02-17,Jawa Timur,16,14150.0,True,15250.0,1100.0,2025-02
2025-02-17,Bali,17,15250.0,True,15250.0,1100.0,2025-02
2025-02-17,Nusa Tenggara Barat,18,13850.0,True,15250.0,1100.0,2025-02
2025-02-17,Nusa Tenggara Timur,19,15400.0,True,15250.0,1100.0,2025-02
2025-02-17,Kalimantan Barat,20,16550.0,True,15250.0,1100.0,2025-02
2025-02-17,Kalimantan Selatan,21,17300.0,True,15250.0,1100.0,2025-02
2025-02-17,Kalimantan Tengah,22,17450.0,True,15250.0,1100.0,2025-02
2025-02-17,Kalimantan Timur,23,15900.0,True,15250.0,1100.0,2025-02
2025-02-17,Kalimantan Utara,24,16550.0,True,15250.0,1100.0,2025-02
2025-02-17,Gorontalo,25,14750.0,True,15250.0,1100.0,2025-02
2025-02-17,Sulawesi Selatan,26,13500.0,True,15250.0,1100.0,2025-02
2025-02-17,Sulawesi Tenggara,27,14950.0,True,15250.0,1100.0,2025-02
2025-02-17,Sulawesi Tengah,28,14650.0,True,15250.0,1100.0,2025-02
2025-02-17,Sulawesi Utara,29,14100.0,True,15250.0,1100.0,2025-02
2025-02-17,Sulawesi Barat,30,13500.0,True,15250.0,1100.0,2025-02
2025-02-17,Maluku,31,16200.0,True,15250.0,1100.0,2025-02
2025-02-17,Maluku Utara,32,16700.0,True,15250.0,1100.0,2025-02
2025-02-17,Papua,33,16800.0,True,15250.0,1100.0,2025-02
2025-02-17,Papua Barat,34,16450.0,True,15250.0,1100.0,2025-02
2025-02-18,Aceh,1,13750.0,True,15250.0,2800.0,2025-02
2025-02-18,Sumatera Utara,2,13900.0,True,15250.0,2800.0,2025-02
2025-02-18,Sumatera Barat,3,17050.0,True,15250.0,2800.0,2025-02
2025-02-18,Riau,4,16050.0,True,15250.0,2800.0,2025-02
2025-02-18,Kepulauan Riau,5,15200.0,True,15250.0,2800.0,2025-02
2025-02-18,Jambi,6,15050.0,True,15250.0,2800.0,2025-02
2025-02-18,Bengkulu,7,15200.0,True,15250.0,2800.0,2025-02
2025-02-18,Sumatera Selatan,8,14950.0,True,15250.0,2800.0,2025-02
2025-02-18,Kepulauan Bangka Belitung,9,15050.0,True,15250.0,2800.0,2025-02
2025-02-18,Lampung,10,14500.0,True,15250.0,2800.0,2025-02
2025-02-18,Banten,11,14850.0,True,15250.0,2800.0,2025-02
2025-02-18,Jawa Barat,12,14550.0,True,15250.0,2800.0,2025-02
2025-02-18,DKI Jakarta,13,15700.0,True,15250.0,2800.0,2025-02
2025-02-18,Jawa Tengah,14,14550.0,True,15250.0,2800.0,2025-02
2025-02-18,DI Yogyakarta,15,14150.0,True,15250.0,2800.0,2025-02
2025-02-18,Jawa Timur,16,14150.0,True,15250.0,2800.0,2025-02
2025-02-18,Bali,17,15250.0,True,15250.0,2800.0,2025-02
2025-02-18,Nusa Tenggara Barat,18,13850.0,True,15250.0,2800.0,2025-02
2025-02-18,Nusa Tenggara Timur,19,15400.0,True,15250.0,2800.0,2025-02
2025-02-18,Kalimantan Barat,20,16550.0,True,15250.0,2800.0,2025-02
2025-02-18,Kalimantan Selatan,21,17300.0,True,15250.0,2800.0,2025-02
2025-02-18,Kalimantan Tengah,22,17450.0,True,15250.0,2800.0,2025-02
2025-02-18,Kalimantan Timur,23,15900.0,True,15250.0,2800.0,2025-02
2025-02-18,Kalimantan Utara,24,16550.0,True,15250.0,2800.0,2025-02
2025-02-18,Gorontalo,25,14750.0,True,15250.0,2800.0,2025-02
2025-02-18,Sulawesi Selatan,26,13500.0,True,15250.0,2800.0,2025-02
2025-02-18,Sulawesi Tenggara,27,14950.0,True,15250.0,2800.0,2025-02
2025-02-18,Sulawesi Utara,29,14100.0,True,15250.0,2800.0,2025-02
2025-02-18,Sulawesi Barat,30,13500.0,True,15250.0,2800.0,2025-02
2025-02-18,Maluku,31,16200.0,True,15250.0,2800.0,2025-02
2025-02-18,Maluku Utara,32,16700.0,True,15250.0,2800.0,2025-02
2025-02-18,Papua,33,16800.0,True,15250.0,2800.0,2025-02
2025-02-18,Papua Barat,34,16450.0,True,15250.0,2800.0,2025-02
2025-02-19,Aceh,1,13750.0,True,15250.0,1150.0,2025-02
2025-02-19,Sumatera Utara,2,13800.0,True,15250.0,1150.0,2025-02
2025-02-19,Sumatera Barat,3,17050.0,True,15250.0,1150.0,2025-02
2025-02-19,Riau,4,16050.0,True,15250.0,1150.0,2025-02
2025-02-19,Kepulauan Riau,5,15200.0,True,15250.0,1150.0,2025-02
2025-02-19,Jambi,6,15050.0,True,15250.0,1150.0,2025-02
2025-02-19,Bengkulu,7,15200.0,True,15250.0,1150.0,2025-02
2025-02-19,Sumatera Selatan,8,14950.0,True,15250.0,1150.0,2025-02
2025-02-19,Kepulauan Bangka Belitung,9,15050.0,True,15250.0,1150.0,2025-02
2025-02-19,Lampung,10,14500.0,True,15250.0,1150.0,2025-02
2025-02-19,Banten,11,14850.0,True,15250.0,1150.0,2025-02
2025-02-19,Jawa Barat,12,14550.0,True,15250.0,1150.0,2025-02
2025-02-19,DKI Jakarta,13,15700.0,True,15250.0,1150.0,2025-02
2025-02-19,Jawa Tengah,14,14500.0,True,15250.0,1150.0,2025-02
2025-02-19,DI Yogyakarta,15,14150.0,True,15250.0,1150.0,2025-02
2025-02-19,Jawa Timur,16,14150.0,True,15250.0,1150.0,2025-02
2025-02-19,Bali,17,15250.0,True,15250.0,1150.0,2025-02
2025-02-19,Nusa Tenggara Barat,18,13850.0,True,15250.0,1150.0,2025-02
2025-02-19,Nusa Tenggara Timur,19,15400.0,True,15250.0,1150.0,2025-02
2025-02-19,Kalimantan Barat,20,16550.0,True,15250.0,1150.0,2025-02
2025-02-19,Kalimantan Selatan,21,17300.0,True,15250.0,1150.0,2025-02
2025-02-19,Kalimantan Tengah,22,17450.0,True,15250.0,1150.0,2025-02
2025-02-19,Kalimantan Timur,23,16200.0,True,15250.0,1150.0,2025-02
2025-02-19,Kalimantan Utara,24,16550.0,True,15250.0,1150.0,2025-02
2025-02-19,Gorontalo,25,14750.0,True,15250.0,1150.0,2025-02
2025-02-19,Sulawesi Selatan,26,13500.0,True,15250.0,1150.0,2025-02
2025-02-19,Sulawesi Tenggara,27,14950.0,True,15250.0,1150.0,2025-02
2025-02-19,Sulawesi Tengah,28,14650.0,True,15250.0,1150.0,2025-02
2025-02-19,Sulawesi Utara,29,14100.0,True,15250.0,1150.0,2025-02
2025-02-19,Sulawesi Barat,30,13500.0,True,15250.0,1150.0,2025-02
2025-02-19,Maluku,31,16200.0,True,15250.0,1150.0,2025-02
2025-02-19,Maluku Utara,32,16700.0,True,15250.0,1150.0,2025-02
2025-02-19,Papua,33,16800.0,True,15250.0,1150.0,2025-02
2025-02-19,Papua Barat,34,16450.0,True,15250.0,1150.0,2025-02
2025-02-20,Aceh,1,13750.0,True,15250.0,1100.0,2025-02
2025-02-20,Sumatera Utara,2,13900.0,True,15250.0,1100.0,2025-02
2025-02-20,Sumatera Barat,3,17050.0,True,15250.0,1100.0,2025-02
2025-02-20,Riau,4,16050.0,True,15250.0,1100.0,2025-02
2025-02-20,Kepulauan Riau,5,15200.0,True,15250.0,1100.0,2025-02
2025-02-20,Jambi,6,15050.0,True,15250.0,1100.0,2025-02
2025-02-20,Bengkulu,7,15200.0,True,15250.0,1100.0,2025-02
2025-02-20,Sumatera Selatan,8,14950.0,True,15250.0,1100.0,2025-02
2025-02-20,Kepulauan Bangka Belitung,9,15050.0,True,15250.0,1100.0,2025-02
2025-02-20,Lampung,10,14500.0,True,15250.0,1100.0,2025-02
2025-02-20,Banten,11,14850.0,True,15250.0,1100.0,2025-02
2025-02-20,Jawa Barat,12,14550.0,True,15250.0,1100.0,2025-02
2025-02-20,DKI Jakarta,13,15700.0,True,15250.0,1100.0,2025-02
2025-02-20,Jawa Tengah,14,14550.0,True,15250.0,1100.0,2025-02
2025-02-20,DI Yogyakarta,15,14150.0,True,15250.0,1100.0,2025-02
2025-02-20,Jawa Timur,16,14150.0,True,15250.0,1100.0,2025-02
2025-02-20,Bali,17,15150.0,True,15250.0,1100.0,2025-02
2025-02-20,Nusa Tenggara Barat,18,13850.0,True,15250.0,1100.0,2025-02
2025-02-20,Nusa Tenggara Timur,19,15400.0,True,15250.0,1100.0,2025-02
2025-02-20,Kalimantan Barat,20,16550.0,True,15250.0,1100.0,2025-02
2025-02-20,Kalimantan Selatan,21,17300.0,True,15250.0,1100.0,2025-02
2025-02-20,Kalimantan Tengah,22,17450.0,True,15250.0,1100.0,2025-02
2025-02-20,Kalimantan Timur,23,15950.0,True,15250.0,1100.0,2025-02
2025-02-20,Kalimantan Utara,24,16550.0,True,15250.0,1100.0,2025-02
2025-02-20,Gorontalo,25,14750.0,True,15250.0,1100.0,2025-02
2025-02-20,Sulawesi Selatan,26,13500.0,True,15250.0,1100.0,2025-02
2025-02-20,Sulawesi Tenggara,27,14950.0,True,15250.0,1100.0,2025-02
2025-02-20,Sulawesi Tengah,28,14650.0,True,15250.0,1100.0,2025-02
2025-02-20,Sulawesi Utara,29,14100.0,True,15250.0,1100.0,2025-02
2025-02-20,Sulawesi Barat,30,13500.0,True,15250.0,1100.0,2025-02
2025-02-20,Maluku,31,16200.0,True,15250.0,1100.0,2025-02
2025-02-20,Maluku Utara,32,16700.0,True,15250.0,1100.0,2025-02
2025-02-20,Papua,33,16800.0,True,15250.0,1100.0,2025-02
2025-02-20,Papua Barat,34,16450.0,True,15250.0,1100.0,2025-02
2025-02-21,Aceh,1,13750.0,True,15150.0,4450.0,2025-02
2025-02-21,Sumatera Utara,2,13800.0,True,15150.0,4450.0,2025-02
2025-02-21,Sumatera Barat,3,17050.0,True,15150.0,4450.0,2025-02
2025-02-21,Riau,4,16050.0,True,15150.0,4450.0,2025-02
2025-02-21,Kepulauan Riau,5,15200.0,True,15150.0,4450.0,2025-02
2025-02-21,Jambi,6,15050.0,True,15150.0,4450.0,2025-02
2025-02-21,Bengkulu,7,15200.0,True,15150.0,4450.0,2025-02
2025-02-21,Sumatera Selatan,8,14950.0,True,15150.0,4450.0,2025-02
2025-02-21,Kepulauan Bangka Belitung,9,15050.0,True,15150.0,4450.0,2025-02
2025-02-21,Lampung,10,14500.0,True,15150.0,4450.0,2025-02
2025-02-21,Banten,11,14850.0,True,15150.0,4450.0,2025-02
2025-02-21,Jawa Barat,12,14550.0,True,15150.0,4450.0,2025-02
2025-02-21,DKI Jakarta,13,15700.0,True,15150.0,4450.0,2025-02
2025-02-21,Jawa Tengah,14,14550.0,True,15150.0,4450.0,2025-02
2025-02-21,DI Yogyakarta,15,14150.0,True,15150.0,4450.0,2025-02
2025-02-21,Jawa Timur,16,14200.0,True,15150.0,4450.0,2025-02
2025-02-21,Bali,17,15150.0,True,15150.0,4450.0,2025-02
2025-02-21,Nusa Tenggara Barat,18,13850.0,True,15150.0,4450.0,2025-02
2025-02-21,Nusa Tenggara Timur,19,15400.0,True,15150.0,4450.0,2025-02
2025-02-21,Kalimantan Barat,20,16850.0,True,15150.0,4450.0,2025-02
2025-02-21,Kalimantan Tengah,22,17450.0,True,15150.0,4450.0,2025-02
2025-02-21,Kalimantan Timur,23,15950.0,True,15150.0,4450.0,2025-02
2025-02-21,Gorontalo,25,14750.0,True,15150.0,4450.0,2025-02
2025-02-21,Sulawesi Selatan,26,13500.0,True,15150.0,4450.0,2025-02
2025-02-21,Sulawesi Tenggara,27,14950.0,True,15150.0,4450.0,2025-02
2025-02-21,Sulawesi Utara,29,14100.0,True,15150.0,4450.0,2025-02
2025-02-21,Sulawesi Barat,30,13500.0,True,15150.0,4450.0,2025-02
2025-02-21,Maluku,31,16200.0,True,15150.0,4450.0,2025-02
2025-02-21,Maluku Utara,32,16700.0,True,15150.0,4450.0,2025-02
2025-02-21,Papua,33,16800.0,True,15150.0,4450.0,2025-02
2025-02-21,Papua Barat,34,16450.0,True,15150.0,4450.0,2025-02
2025-02-22,Aceh,1,13750.0,True,15150.0,4450.0,2025-02
2025-02-22,Sumatera Utara,2,13800.0,True,15150.0,4450.0,2025-02
2025-02-22,Sumatera Barat,3,17050.0,True,15150.0,4450.0,2025-02
2025-02-22,Riau,4,16050.0,True,15150.0,4450.0,2025-02
2025-02-22,Kepulauan Riau,5,15200.0,True,15150.0,4450.0,2025-02
2025-02-22,Jambi,6,15050.0,True,15150.0,4450.0,2025-02
2025-02-22,Bengkulu,7,15200.0,True,15150.0,4450.0,2025-02
2025-02-22,Sumatera Selatan,8,14950.0,True,15150.0,4450.0,2025-02
2025-02-22,Kepulauan Bangka Belitung,9,15050.0,True,15150.0,4450.0,2025-02
2025-02-22,Lampung,10,14500.0,True,15150.0,4450.0,2025-02
2025-02-22,Banten,11,14850.0,True,15150.0,4450.0,2025-02
2025-02-22,Jawa Barat,12,14550.0,True,15150.0,4450.0,2025-02
2025-02-22,DKI Jakarta,13,15700.0,True,15150.0,4450.0,2025-02
2025-02-22,Jawa Tengah,14,14550.0,True,15150.0,4450.0,2025-02
2025-02-22,DI Yogyakarta,15,14150.0,True,15150.0,4450.0,2025-02
2025-02-22,Jawa Timur,16,14200.0,True,15150.0,4450.0,2025-02
2025-02-22,Bali,17,15150.0,True,15150.0,4450.0,2025-02
2025-02-22,Nusa Tenggara Barat,18,13850.0,True,15150.0,4450.0,2025-02
2025-02-22,Nusa Tenggara Timur,19,15400.0,True,15150.0,4450.0,2025-02
2025-02-22,Kalimantan Barat,20,16850.0,True,15150.0,4450.0,2025-02
2025-02-22,Kalimantan Tengah,22,17450.0,True,15150.0,4450.0,2025-02
2025-02-22,Kalimantan Timur,23,15950.0,True,15150.0,4450.0,2025-02
2025-02-22,Gorontalo,25,14750.0,True,15150.0,4450.0,2025-02
2025-02-22,Sulawesi Selatan,26,13500.0,True,15150.0,4450.0,2025-02
2025-02-22,Sulawesi Tenggara,27,14950.0,True,15150.0,4450.0,2025-02
2025-02-22,Sulawesi Utara,29,14100.0,True,15150.0,4450.0,2025-02
2025-02-22,Sulawesi Barat,30,13500.0,True,15150.0,4450.0,2025-02
2025-02-22,Maluku,31,16200.0,True,15150.0,4450.0,2025-02
2025-02-22,Maluku Utara,32,16700.0,True,15150.0,4450.0,2025-02
2025-02-22,Papua,33,16800.0,True,15150.0,4450.0,2025-02
2025-02-22,Papua Barat,34,16450.0,True,15150.0,4450.0,2025-02
2025-02-23,Aceh,1,13750.0,True,15150.0,4450.0,2025-02
2025-02-23,Sumatera Utara,2,13800.0,True,15150.0,4450.0,2025-02
2025-02-23,Sumatera Barat,3,17050.0,True,15150.0,4450.0,2025-02
2025-02-23,Riau,4,16050.0,True,15150.0,4450.0,2025-02
2025-02-23,Kepulauan Riau,5,15200.0,True,15150.0,4450.0,2025-02
2025-02-23,Jambi,6,15050.0,True,15150.0,4450.0,2025-02
2025-02-23,Bengkulu,7,15200.0,True,15150.0,4450.0,2025-02
2025-02-23,Sumatera Selatan,8,14950.0,True,15150.0,4450.0,2025-02
2025-02-23,Kepulauan Bangka Belitung,9,15050.0,True,15150.0,4450.0,2025-02
2025-02-23,Lampung,10,14500.0,True,15150.0,4450.0,2025-02
2025-02-23,Banten,11,14850.0,True,15150.0,4450.0,2025-02
2025-02-23,Jawa Barat,12,14550.0,True,15150.0,4450.0,2025-02
2025-02-23,DKI Jakarta,13,15700.0,True,15150.0,4450.0,2025-02
2025-02-23,Jawa Tengah,14,14550.0,True,15150.0,4450.0,2025-02
2025-02-23,DI Yogyakarta,15,14150.0,True,15150.0,4450.0,2025-02
2025-02-23,Jawa Timur,16,14200.0,True,15150.0,4450.0,2025-02
2025-02-23,Bali,17,15150.0,True,15150.0,4450.0,2025-02
2025-02-23,Nusa Tenggara Barat,18,13850.0,True,15150.0,4450.0,2025-02
2025-02-23,Nusa Tenggara Timur,19,15400.0,True,15150.0,4450.0,2025-02
2025-02-23,Kalimantan Barat,20,16850.0,True,15150.0,4450.0,2025-02
2025-02-23,Kalimantan Tengah,22,17450.0,True,15150.0,4450.0,2025-02
2025-02-23,Kalimantan Timur,23,15950.0,True,15150.0,4450.0,2025-02
2025-02-23,Gorontalo,25,14750.0,True,15150.0,4450.0,2025-02
2025-02-23,Sulawesi Selatan,26,13500.0,True,15150.0,4450.0,2025-02
2025-02-23,Sulawesi Tenggara,27,14950.0,True,15150.0,4450.0,2025-02
2025-02-23,Sulawesi Utara,29,14100.0,True,15150.0,4450.0,2025-02
2025-02-23,Sulawesi Barat,30,13500.0,True,15150.0,4450.0,2025-02
2025-02-23,Maluku,31,16200.0,True,15150.0,4450.0,2025-02
2025-02-23,Maluku Utara,32,16700.0,True,15150.0,4450.0,2025-02
2025-02-23,Papua,33,16800.0,True,15150.0,4450.0,2025-02
2025-02-23,Papua Barat,34,16450.0,True,15150.0,4450.0,2025-02
2025-02-24,Aceh,1,13750.0,True,15200.0,1050.0,2025-02
2025-02-24,Sumatera Utara,2,13900.0,True,15200.0,1050.0,2025-02
2025-02-24,Sumatera Barat,3,17050.0,True,15200.0,1050.0,2025-02
2025-02-24,Riau,4,16050.0,True,15200.0,1050.0,2025-02
2025-02-24,Kepulauan Riau,5,15200.0,True,15200.0,1050.0,2025-02
2025-02-24,Jambi,6,15050.0,True,15200.0,1050.0,2025-02
2025-02-24,Bengkulu,7,15200.0,True,15200.0,1050.0,2025-02
2025-02-24,Sumatera Selatan,8,14950.0,True,15200.0,1050.0,2025-02
2025-02-24,Kepulauan Bangka Belitung,9,15050.0,True,15200.0,1050.0,2025-02
2025-02-24,Lampung,10,14500.0,True,15200.0,1050.0,2025-02
2025-02-24,Banten,11,14850.0,True,15200.0,1050.0,2025-02
2025-02-24,Jawa Barat,12,14550.0,True,15200.0,1050.0,2025-02
2025-02-24,DKI Jakarta,13,15700.0,True,15200.0,1050.0,2025-02
2025-02-24,Jawa Tengah,14,14550.0,True,15200.0,1050.0,2025-02
2025-02-24,DI Yogyakarta,15,14150.0,True,15200.0,1050.0,2025-02
2025-02-24,Jawa Timur,16,14250.0,True,15200.0,1050.0,2025-02
2025-02-24,Bali,17,15250.0,True,15200.0,1050.0,2025-02
2025-02-24,Nusa Tenggara Barat,18,13850.0,True,15200.0,1050.0,2025-02
2025-02-24,Nusa Tenggara Timur,19,15400.0,True,15200.0,1050.0,2025-02
2025-02-24,Kalimantan Barat,20,16550.0,True,15200.0,1050.0,2025-02
2025-02-24,Kalimantan Selatan,21,15500.0,True,15200.0,1050.0,2025-02
2025-02-24,Kalimantan Tengah,22,17450.0,True,15200.0,1050.0,2025-02
2025-02-24,Kalimantan Timur,23,15950.0,True,15200.0,1050.0,2025-02
2025-02-24,Kalimantan Utara,24,16500.0,True,15200.0,1050.0,2025-02
2025-02-24,Gorontalo,25,14750.0,True,15200.0,1050.0,2025-02
2025-02-24,Sulawesi Selatan,26,13550.0,True,15200.0,1050.0,2025-02
2025-02-24,Sulawesi Tenggara,27,14950.0,True,15200.0,1050.0,2025-02
2025-02-24,Sulawesi Tengah,28,14600.0,True,15200.0,1050.0,2025-02
2025-02-24,Sulawesi Utara,29,14100.0,True,15200.0,1050.0,2025-02
2025-02-24,Sulawesi Barat,30,13550.0,True,15200.0,1050.0,2025-02
2025-02-24,Maluku,31,16200.0,True,15200.0,1050.0,2025-02
2025-02-24,Maluku Utara,32,16700.0,True,15200.0,1050.0,2025-02
2025-02-24,Papua,33,16800.0,True,15200.0,1050.0,2025-02
2025-02-24,Papua Barat,34,16450.0,True,15200.0,1050.0,2025-02
2025-02-25,Aceh,1,13750.0,True,15200.0,1050.0,2025-02
2025-02-25,Sumatera Utara,2,13900.0,True,15200.0,1050.0,2025-02
2025-02-25,Sumatera Barat,3,17100.0,True,15200.0,1050.0,2025-02
2025-02-25,Riau,4,16050.0,True,15200.0,1050.0,2025-02
2025-02-25,Kepulauan Riau,5,15200.0,True,15200.0,1050.0,2025-02
2025-02-25,Jambi,6,15050.0,True,15200.0,1050.0,2025-02
2025-02-25,Bengkulu,7,15200.0,True,15200.0,1050.0,2025-02
2025-02-25,Sumatera Selatan,8,14950.0,True,15200.0,1050.0,2025-02
2025-02-25,Kepulauan Bangka Belitung,9,15050.0,True,15200.0,1050.0,2025-02
2025-02-25,Lampung,10,14550.0,True,15200.0,1050.0,2025-02
2025-02-25,Banten,11,14850.0,True,15200.0,1050.0,2025-02
2025-02-25,Jawa Barat,12,14550.0,True,15200.0,1050.0,2025-02
2025-02-25,DKI Jakarta,13,15750.0,True,15200.0,1050.0,2025-02
2025-02-25,Jawa Tengah,14,14550.0,True,15200.0,1050.0,2025-02
2025-02-25,DI Yogyakarta,15,14150.0,True,15200.0,1050.0,2025-02
2025-02-25,Jawa Timur,16,14200.0,True,15200.0,1050.0,2025-02
2025-02-25,Bali,17,15250.0,True,15200.0,1050.0,2025-02
2025-02-25,Nusa Tenggara Barat,18,13850.0,True,15200.0,1050.0,2025-02
2025-02-25,Nusa Tenggara Timur,19,15400.0,True,15200.0,1050.0,2025-02
2025-02-25,Kalimantan Barat,20,16550.0,True,15200.0,1050.0,2025-02
2025-02-25,Kalimantan Selatan,21,16050.0,True,15200.0,1050.0,2025-02
2025-02-25,Kalimantan Tengah,22,17450.0,True,15200.0,1050.0,2025-02
2025-02-25,Kalimantan Timur,23,15950.0,True,15200.0,1050.0,2025-02
2025-02-25,Kalimantan Utara,24,16500.0,True,15200.0,1050.0,2025-02
2025-02-25,Gorontalo,25,14750.0,True,15200.0,1050.0,2025-02
2025-02-25,Sulawesi Selatan,26,13550.0,True,15200.0,1050.0,2025-02
2025-02-25,Sulawesi Tenggara,27,14950.0,True,15200.0,1050.0,2025-02
2025-02-25,Sulawesi Tengah,28,14600.0,True,15200.0,1050.0,2025-02
2025-02-25,Sulawesi Utara,29,14100.0,True,15200.0,1050.0,2025-02
2025-02-25,Sulawesi Barat,30,13500.0,True,15200.0,1050.0,2025-02
2025-02-25,Maluku,31,16200.0,True,15200.0,1050.0,2025-02
2025-02-25,Maluku Utara,32,16700.0,True,15200.0,1050.0,2025-02
2025-02-25,Papua,33,16800.0,True,15200.0,1050.0,2025-02
2025-02-25,Papua Barat,34,16450.0,True,15200.0,1050.0,2025-02
2025-02-26,Aceh,1,13750.0,True,15200.0,2800.0,2025-02
2025-02-26,Sumatera Utara,2,13900.0,True,15200.0,2800.0,2025-02
2025-02-26,Sumatera Barat,3,17100.0,True,15200.0,2800.0,2025-02
2025-02-26,Riau,4,16050.0,True,15200.0,2800.0,2025-02
2025-02-26,Kepulauan Riau,5,15200.0,True,15200.0,2800.0,2025-02
2025-02-26,Jambi,6,15050.0,True,15200.0,2800.0,2025-02
2025-02-26,Bengkulu,7,15200.0,True,15200.0,2800.0,2025-02
2025-02-26,Sumatera Selatan,8,14950.0,True,15200.0,2800.0,2025-02
2025-02-26,Kepulauan Bangka Belitung,9,15050.0,True,15200.0,2800.0,2025-02
2025-02-26,Lampung,10,14550.0,True,15200.0,2800.0,2025-02
2025-02-26,Banten,11,14850.0,True,15200.0,2800.0,2025-02
2025-02-26,Jawa Barat,12,14600.0,True,15200.0,2800.0,2025-02
2025-02-26,DKI Jakarta,13,15750.0,True,15200.0,2800.0,2025-02
2025-02-26,Jawa Tengah,14,14600.0,True,15200.0,2800.0,2025-02
2025-02-26,DI Yogyakarta,15,14150.0,True,15200.0,2800.0,2025-02
2025-02-26,Jawa Timur,16,14200.0,True,15200.0,2800.0,2025-02
2025-02-26,Bali,17,15350.0,True,15200.0,2800.0,2025-02
2025-02-26,Nusa Tenggara Barat,18,13850.0,True,15200.0,2800.0,2025-02
2025-02-26,Nusa Tenggara Timur,19,15400.0,True,15200.0,2800.0,2025-02
2025-02-26,Kalimantan Barat,20,16550.0,True,15200.0,2800.0,2025-02
2025-02-26,Kalimantan Selatan,21,17100.0,True,15200.0,2800.0,2025-02
2025-02-26,Kalimantan Tengah,22,17450.0,True,15200.0,2800.0,2025-02
2025-02-26,Kalimantan Timur,23,15850.0,True,15200.0,2800.0,2025-02
2025-02-26,Kalimantan Utara,24,16500.0,True,15200.0,2800.0,2025-02
2025-02-26,Gorontalo,25,14750.0,True,15200.0,2800.0,2025-02
2025-02-26,Sulawesi Selatan,26,13550.0,True,15200.0,2800.0,2025-02
2025-02-26,Sulawesi Tenggara,27,14950.0,True,15200.0,2800.0,2025-02
2025-02-26,Sulawesi Tengah,28,14600.0,True,15200.0,2800.0,2025-02
2025-02-26,Sulawesi Utara,29,14050.0,True,15200.0,2800.0,2025-02
2025-02-26,Sulawesi Barat,30,13500.0,True,15200.0,2800.0,2025-02
2025-02-26,Maluku,31,16200.0,True,15200.0,2800.0,2025-02
2025-02-26,Papua,33,16800.0,True,15200.0,2800.0,2025-02
2025-02-26,Papua Barat,34,16450.0,True,15200.0,2800.0,2025-02
2025-02-27,Aceh,1,13750.0,True,15250.0,1100.0,2025-02
2025-02-27,Sumatera Utara,2,13900.0,True,15250.0,1100.0,2025-02
2025-02-27,Sumatera Barat,3,17100.0,True,15250.0,1100.0,2025-02
2025-02-27,Riau,4,16050.0,True,15250.0,1100.0,2025-02
2025-02-27,Kepulauan Riau,5,15200.0,True,15250.0,1100.0,2025-02
2025-02-27,Jambi,6,15050.0,True,15250.0,1100.0,2025-02
2025-02-27,Bengkulu,7,15250.0,True,15250.0,1100.0,2025-02
2025-02-27,Sumatera Selatan,8,14950.0,True,15250.0,1100.0,2025-02
2025-02-27,Kepulauan Bangka Belitung,9,15050.0,True,15250.0,1100.0,2025-02
2025-02-27,Lampung,10,14550.0,True,15250.0,1100.0,2025-02
2025-02-27,Banten,11,14850.0,True,15250.0,1100.0,2025-02
2025-02-27,Jawa Barat,12,14500.0,True,15250.0,1100.0,2025-02
2025-02-27,DKI Jakarta,13,15750.0,True,15250.0,1100.0,2025-02
2025-02-27,Jawa Tengah,14,14550.0,True,15250.0,1100.0,2025-02
2025-02-27,DI Yogyakarta,15,14150.0,True,15250.0,1100.0,2025-02
2025-02-27,Jawa Timur,16,14200.0,True,15250.0,1100.0,2025-02
2025-02-27,Bali,17,15350.0,True,15250.0,1100.0,2025-02
2025-02-27,Nusa Tenggara Barat,18,13850.0,True,15250.0,1100.0,2025-02
2025-02-27,Nusa Tenggara Timur,19,15400.0,True,15250.0,1100.0,2025-02
2025-02-27,Kalimantan Barat,20,16500.0,True,15250.0,1100.0,2025-02
2025-02-27,Kalimantan Selatan,21,17100.0,True,15250.0,1100.0,2025-02
2025-02-27,Kalimantan Tengah,22,17450.0,True,15250.0,1100.0,2025-02
2025-02-27,Kalimantan Timur,23,15950.0,True,15250.0,1100.0,2025-02
2025-02-27,Kalimantan Utara,24,16550.0,True,15250.0,1100.0,2025-02
2025-02-27,Gorontalo,25,14750.0,True,15250.0,1100.0,2025-02
2025-02-27,Sulawesi Selatan,26,13550.0,True,15250.0,1100.0,2025-02
2025-02-27,Sulawesi Tenggara,27,14950.0,True,15250.0,1100.0,2025-02
2025-02-27,Sulawesi Tengah,28,14600.0,True,15250.0,1100.0,2025-02
2025-02-27,Sulawesi Utara,29,14100.0,True,15250.0,1100.0,2025-02
2025-02-27,Sulawesi Barat,30,13500.0,True,15250.0,1100.0,2025-02
2025-02-27,Maluku,31,16200.0,True,15250.0,1100.0,2025-02
2025-02-27,Maluku Utara,32,16700.0,True,15250.0,1100.0,2025-02
2025-02-27,Papua,33,16800.0,True,15250.0,1100.0,2025-02
2025-02-27,Papua Barat,34,16450.0,True,15250.0,1100.0,2025-02
2025-02-28,Aceh,1,13750.0,True,15200.0,2800.0,2025-02
2025-02-28,Sumatera Utara,2,13900.0,True,15200.0,2800.0,2025-02
2025-02-28,Sumatera Barat,3,17050.0,True,15200.0,2800.0,2025-02
2025-02-28,Riau,4,16050.0,True,15200.0,2800.0,2025-02
2025-02-28,Kepulauan Riau,5,15200.0,True,15200.0,2800.0,2025-02
2025-02-28,Jambi,6,15050.0,True,15200.0,2800.0,2025-02
2025-02-28,Bengkulu,7,15300.0,True,15200.0,2800.0,2025-02
2025-02-28,Sumatera Selatan,8,14950.0,True,15200.0,2800.0,2025-02
2025-02-28,Kepulauan Bangka Belitung,9,15050.0,True,15200.0,2800.0,2025-02
2025-02-28,Lampung,10,14550.0,True,15200.0,2800.0,2025-02
2025-02-28,Banten,11,14850.0,True,15200.0,2800.0,2025-02
2025-02-28,Jawa Barat,12,14600.0,True,15200.0,2800.0,2025-02
2025-02-28,DKI Jakarta,13,15650.0,True,15200.0,2800.0,2025-02
2025-02-28,Jawa Tengah,14,14600.0,True,15200.0,2800.0,2025-02
2025-02-28,DI Yogyakarta,15,14150.0,True,15200.0,2800.0,2025-02
2025-02-28,Jawa Timur,16,14200.0,True,15200.0,2800.0,2025-02
2025-02-28,Bali,17,15150.0,True,15200.0,2800.0,2025-02
2025-02-28,Nusa Tenggara Barat,18,13950.0,True,15200.0,2800.0,2025-02
2025-02-28,Nusa Tenggara Timur,19,15350.0,True,15200.0,2800.0,2025-02
2025-02-28,Kalimantan Barat,20,16500.0,True,15200.0,2800.0,2025-02
2025-02-28,Kalimantan Selatan,21,17100.0,True,15200.0,2800.0,2025-02
2025-02-28,Kalimantan Tengah,22,17450.0,True,15200.0,2800.0,2025-02
2025-02-28,Kalimantan Timur,23,15950.0,True,15200.0,2800.0,2025-02
2025-02-28,Kalimantan Utara,24,16550.0,True,15200.0,2800.0,2025-02
2025-02-28,Gorontalo,25,14750.0,True,15200.0,2800.0,2025-02
2025-02-28,Sulawesi Selatan,26,13500.0,True,15200.0,2800.0,2025-02
2025-02-28,Sulawesi Tenggara,27,15000.0,True,15200.0,2800.0,2025-02
2025-02-28,Sulawesi Tengah,28,14600.0,True,15200.0,2800.0,2025-02
2025-02-28,Sulawesi Utara,29,14100.0,True,15200.0,2800.0,2025-02
2025-02-28,Sulawesi Barat,30,13500.0,True,15200.0,2800.0,2025-02
2025-02-28,Maluku,31,16150.0,True,15200.0,2800.0,2025-02
2025-02-28,Papua,33,16800.0,True,15200.0,2800.0,2025-02
2025-02-28,Papua Barat,34,16450.0,True,15200.0,2800.0,2025-02
2025-03-01,Aceh,1,13750.0,True,15200.0,2800.0,2025-03
2025-03-01,Sumatera Utara,2,13900.0,True,15200.0,2800.0,2025-03
2025-03-01,Sumatera Barat,3,17050.0,True,15200.0,2800.0,2025-03
2025-03-01,Riau,4,16050.0,True,15200.0,2800.0,2025-03
2025-03-01,Kepulauan Riau,5,15200.0,True,15200.0,2800.0,2025-03
2025-03-01,Jambi,6,15050.0,True,15200.0,2800.0,2025-03
2025-03-01,Bengkulu,7,15300.0,True,15200.0,2800.0,2025-03
2025-03-01,Sumatera Selatan,8,14950.0,True,15200.0,2800.0,2025-03
2025-03-01,Kepulauan Bangka Belitung,9,15050.0,True,15200.0,2800.0,2025-03
2025-03-01,Lampung,10,14550.0,True,15200.0,2800.0,2025-03
2025-03-01,Banten,11,14850.0,True,15200.0,2800.0,2025-03
2025-03-01,Jawa Barat,12,14600.0,True,15200.0,2800.0,2025-03
2025-03-01,DKI Jakarta,13,15650.0,True,15200.0,2800.0,2025-03
2025-03-01,Jawa Tengah,14,14600.0,True,15200.0,2800.0,2025-03
2025-03-01,DI Yogyakarta,15,14150.0,True,15200.0,2800.0,2025-03
2025-03-01,Jawa Timur,16,14200.0,True,15200.0,2800.0,2025-03
2025-03-01,Bali,17,15150.0,True,15200.0,2800.0,2025-03
2025-03-01,Nusa Tenggara Barat,18,13950.0,True,15200.0,2800.0,2025-03
2025-03-01,Nusa Tenggara Timur,19,15350.0,True,15200.0,2800.0,2025-03
2025-03-01,Kalimantan Barat,20,16500.0,True,15200.0,2800.0,2025-03
2025-03-01,Kalimantan Selatan,21,17100.0,True,15200.0,2800.0,2025-03
2025-03-01,Kalimantan Tengah,22,17450.0,True,15200.0,2800.0,2025-03
2025-03-01,Kalimantan Timur,23,15950.0,True,15200.0,2800.0,2025-03
2025-03-01,Kalimantan Utara,24,16550.0,True,15200.0,2800.0,2025-03
2025-03-01,Gorontalo,25,14750.0,True,15200.0,2800.0,2025-03
2025-03-01,Sulawesi Selatan,26,13500.0,True,15200.0,2800.0,2025-03
2025-03-01,Sulawesi Tenggara,27,15000.0,True,15200.0,2800.0,2025-03
2025-03-01,Sulawesi Tengah,28,14600.0,True,15200.0,2800.0,2025-03
2025-03-01,Sulawesi Utara,29,14100.0,True,15200.0,2800.0,2025-03
2025-03-01,Sulawesi Barat,30,13500.0,True,15200.0,2800.0,2025-03
2025-03-01,Maluku,31,16150.0,True,15200.0,2800.0,2025-03
2025-03-01,Papua,33,16800.0,True,15200.0,2800.0,2025-03
2025-03-01,Papua Barat,34,16450.0,True,15200.0,2800.0,2025-03
2025-03-02,Aceh,1,13750.0,True,15200.0,2800.0,2025-03
2025-03-02,Sumatera Utara,2,13900.0,True,15200.0,2800.0,2025-03
2025-03-02,Sumatera Barat,3,17050.0,True,15200.0,2800.0,2025-03
2025-03-02,Riau,4,16050.0,True,15200.0,2800.0,2025-03
2025-03-02,Kepulauan Riau,5,15200.0,True,15200.0,2800.0,2025-03
2025-03-02,Jambi,6,15050.0,True,15200.0,2800.0,2025-03
2025-03-02,Bengkulu,7,15300.0,True,15200.0,2800.0,2025-03
2025-03-02,Sumatera Selatan,8,14950.0,True,15200.0,2800.0,2025-03
2025-03-02,Kepulauan Bangka Belitung,9,15050.0,True,15200.0,2800.0,2025-03
2025-03-02,Lampung,10,14550.0,True,15200.0,2800.0,2025-03
2025-03-02,Banten,11,14850.0,True,15200.0,2800.0,2025-03
2025-03-02,Jawa Barat,12,14600.0,True,15200.0,2800.0,2025-03
2025-03-02,DKI Jakarta,13,15650.0,True,15200.0,2800.0,2025-03
2025-03-02,Jawa Tengah,14,14600.0,True,15200.0,2800.0,2025-03
2025-03-02,DI Yogyakarta,15,14150.0,True,15200.0,2800.0,2025-03
2025-03-02,Jawa Timur,16,14200.0,True,15200.0,2800.0,2025-03
2025-03-02,Bali,17,15150.0,True,15200.0,2800.0,2025-03
2025-03-02,Nusa Tenggara Barat,18,13950.0,True,15200.0,2800.0,2025-03
2025-03-02,Nusa Tenggara Timur,19,15350.0,True,15200.0,2800.0,2025-03
2025-03-02,Kalimantan Barat,20,16500.0,True,15200.0,2800.0,2025-03
2025-03-02,Kalimantan Selatan,21,17100.0,True,15200.0,2800.0,2025-03
2025-03-02,Kalimantan Tengah,22,17450.0,True,15200.0,2800.0,2025-03
2025-03-02,Kalimantan Timur,23,15950.0,True,15200.0,2800.0,2025-03
2025-03-02,Kalimantan Utara,24,16550.0,True,15200.0,2800.0,2025-03
2025-03-02,Gorontalo,25,14750.0,True,15200.0,2800.0,2025-03
2025-03-02,Sulawesi Selatan,26,13500.0,True,15200.0,2800.0,2025-03
2025-03-02,Sulawesi Tenggara,27,15000.0,True,15200.0,2800.0,2025-03
2025-03-02,Sulawesi Tengah,28,14600.0,True,15200.0,2800.0,2025-03
2025-03-02,Sulawesi Utara,29,14100.0,True,15200.0,2800.0,2025-03
2025-03-02,Sulawesi Barat,30,13500.0,True,15200.0,2800.0,2025-03
2025-03-02,Maluku,31,16150.0,True,15200.0,2800.0,2025-03
2025-03-02,Papua,33,16800.0,True,15200.0,2800.0,2025-03
2025-03-02,Papua Barat,34,16450.0,True,15200.0,2800.0,2025-03
2025-03-03,Aceh,1,13750.0,True,15250.0,1100.0,2025-03
2025-03-03,Sumatera Utara,2,13950.0,True,15250.0,1100.0,2025-03
2025-03-03,Sumatera Barat,3,17100.0,True,15250.0,1100.0,2025-03
2025-03-03,Riau,4,16050.0,True,15250.0,1100.0,2025-03
2025-03-03,Kepulauan Riau,5,15200.0,True,15250.0,1100.0,2025-03
2025-03-03,Jambi,6,15050.0,True,15250.0,1100.0,2025-03
2025-03-03,Bengkulu,7,15300.0,True,15250.0,1100.0,2025-03
2025-03-03,Sumatera Selatan,8,14950.0,True,15250.0,1100.0,2025-03
2025-03-03,Kepulauan Bangka Belitung,9,15050.0,True,15250.0,1100.0,2025-03
2025-03-03,Lampung,10,14550.0,True,15250.0,1100.0,2025-03
2025-03-03,Banten,11,14850.0,True,15250.0,1100.0,2025-03
2025-03-03,Jawa Barat,12,14550.0,True,15250.0,1100.0,2025-03
2025-03-03,DKI Jakarta,13,15700.0,True,15250.0,1100.0,2025-03
2025-03-03,Jawa Tengah,14,14600.0,True,15250.0,1100.0,2025-03
2025-03-03,DI Yogyakarta,15,14300.0,True,15250.0,1100.0,2025-03
2025-03-03,Jawa Timur,16,14200.0,True,15250.0,1100.0,2025-03
2025-03-03,Bali,17,15350.0,True,15250.0,1100.0,2025-03
2025-03-03,Nusa Tenggara Barat,18,13850.0,True,15250.0,1100.0,2025-03
2025-03-03,Nusa Tenggara Timur,19,15400.0,True,15250.0,1100.0,2025-03
2025-03-03,Kalimantan Barat,20,16500.0,True,15250.0,1100.0,2025-03
2025-03-03,Kalimantan Selatan,21,17100.0,True,15250.0,1100.0,2025-03
2025-03-03,Kalimantan Tengah,22,17450.0,True,15250.0,1100.0,2025-03
2025-03-03,Kalimantan Timur,23,16000.0,True,15250.0,1100.0,2025-03
2025-03-03,Kalimantan Utara,24,16550.0,True,15250.0,1100.0,2025-03
2025-03-03,Gorontalo,25,14750.0,True,15250.0,1100.0,2025-03
2025-03-03,Sulawesi Selatan,26,13550.0,True,15250.0,1100.0,2025-03
2025-03-03,Sulawesi Tenggara,27,15000.0,True,15250.0,1100.0,2025-03
2025-03-03,Sulawesi Tengah,28,14600.0,True,15250.0,1100.0,2025-03
2025-03-03,Sulawesi Utara,29,14100.0,True,15250.0,1100.0,2025-03
2025-03-03,Sulawesi Barat,30,13500.0,True,15250.0,1100.0,2025-03
2025-03-03,Maluku,31,16200.0,True,15250.0,1100.0,2025-03
2025-03-03,Maluku Utara,32,16700.0,True,15250.0,1100.0,2025-03
2025-03-03,Papua,33,16800.0,True,15250.0,1100.0,2025-03
2025-03-03,Papua Barat,34,16450.0,True,15250.0,1100.0,2025-03
2025-03-04,Aceh,1,13750.0,True,15250.0,1100.0,2025-03
2025-03-04,Sumatera Utara,2,13950.0,True,15250.0,1100.0,2025-03
2025-03-04,Sumatera Barat,3,17100.0,True,15250.0,1100.0,2025-03
2025-03-04,Riau,4,16050.0,True,15250.0,1100.0,2025-03
2025-03-04,Kepulauan Riau,5,15100.0,True,15250.0,1100.0,2025-03
2025-03-04,Jambi,6,15050.0,True,15250.0,1100.0,2025-03
2025-03-04,Bengkulu,7,15300.0,True,15250.0,1100.0,2025-03
2025-03-04,Sumatera Selatan,8,14950.0,True,15250.0,1100.0,2025-03
2025-03-04,Kepulauan Bangka Belitung,9,15050.0,True,15250.0,1100.0,2025-03
2025-03-04,Lampung,10,14550.0,True,15250.0,1100.0,2025-03
2025-03-04,Banten,11,14850.0,True,15250.0,1100.0,2025-03
2025-03-04,Jawa Barat,12,14600.0,True,15250.0,1100.0,2025-03
2025-03-04,DKI Jakarta,13,15700.0,True,15250.0,1100.0,2025-03
2025-03-04,Jawa Tengah,14,14650.0,True,15250.0,1100.0,2025-03
2025-03-04,DI Yogyakarta,15,14300.0,True,15250.0,1100.0,2025-03
2025-03-04,Jawa Timur,16,14200.0,True,15250.0,1100.0,2025-03
2025-03-04,Bali,17,15350.0,True,15250.0,1100.0,2025-03
2025-03-04,Nusa Tenggara Barat,18,13850.0,True,15250.0,1100.0,2025-03
2025-03-04,Nusa Tenggara Timur,19,15400.0,True,15250.0,1100.0,2025-03
2025-03-04,Kalimantan Barat,20,16450.0,True,15250.0,1100.0,2025-03
2025-03-04,Kalimantan Selatan,21,17100.0,True,15250.0,1100.0,2025-03
2025-03-04,Kalimantan Tengah,22,17450.0,True,15250.0,1100.0,2025-03
2025-03-04,Kalimantan Timur,23,16000.0,True,15250.0,1100.0,2025-03
2025-03-04,Kalimantan Utara,24,16550.0,True,15250.0,1100.0,2025-03
2025-03-04,Gorontalo,25,14750.0,True,15250.0,1100.0,2025-03
2025-03-04,Sulawesi Selatan,26,13550.0,True,15250.0,1100.0,2025-03
2025-03-04,Sulawesi Tenggara,27,15000.0,True,15250.0,1100.0,2025-03
2025-03-04,Sulawesi Tengah,28,14600.0,True,15250.0,1100.0,2025-03
2025-03-04,Sulawesi Utara,29,14100.0,True,15250.0,1100.0,2025-03
2025-03-04,Sulawesi Barat,30,13500.0,True,15250.0,1100.0,2025-03
2025-03-04,Maluku,31,16200.0,True,15250.0,1100.0,2025-03
2025-03-04,Maluku Utara,32,16700.0,True,15250.0,1100.0,2025-03
2025-03-04,Papua,33,16800.0,True,15250.0,1100.0,2025-03
2025-03-04,Papua Barat,34,16450.0,True,15250.0,1100.0,2025-03
2025-03-05,Aceh,1,13750.0,True,15250.0,1050.0,2025-03
2025-03-05,Sumatera Utara,2,13950.0,True,15250.0,1050.0,2025-03
2025-03-05,Sumatera Barat,3,16800.0,True,15250.0,1050.0,2025-03
2025-03-05,Riau,4,16050.0,True,15250.0,1050.0,2025-03
2025-03-05,Kepulauan Riau,5,15100.0,True,15250.0,1050.0,2025-03
2025-03-05,Jambi,6,15050.0,True,15250.0,1050.0,2025-03
2025-03-05,Bengkulu,7,15300.0,True,15250.0,1050.0,2025-03
2025-03-05,Sumatera Selatan,8,14950.0,True,15250.0,1050.0,2025-03
2025-03-05,Kepulauan Bangka Belitung,9,15050.0,True,15250.0,1050.0,2025-03
2025-03-05,Lampung,10,14550.0,True,15250.0,1050.0,2025-03
2025-03-05,Banten,11,14850.0,True,15250.0,1050.0,2025-03
2025-03-05,Jawa Barat,12,14600.0,True,15250.0,1050.0,2025-03
2025-03-05,DKI Jakarta,13,15700.0,True,15250.0,1050.0,2025-03
2025-03-05,Jawa Tengah,14,14650.0,True,15250.0,1050.0,2025-03
2025-03-05,DI Yogyakarta,15,14300.0,True,15250.0,1050.0,2025-03
2025-03-05,Jawa Timur,16,14250.0,True,15250.0,1050.0,2025-03
2025-03-05,Bali,17,15350.0,True,15250.0,1050.0,2025-03
2025-03-05,Nusa Tenggara Barat,18,13900.0,True,15250.0,1050.0,2025-03
2025-03-05,Nusa Tenggara Timur,19,15400.0,True,15250.0,1050.0,2025-03
2025-03-05,Kalimantan Barat,20,16500.0,True,15250.0,1050.0,2025-03
2025-03-05,Kalimantan Selatan,21,17100.0,True,15250.0,1050.0,2025-03
2025-03-05,Kalimantan Tengah,22,17450.0,True,15250.0,1050.0,2025-03
2025-03-05,Kalimantan Timur,23,16000.0,True,15250.0,1050.0,2025-03
2025-03-05,Kalimantan Utara,24,16550.0,True,15250.0,1050.0,2025-03
2025-03-05,Gorontalo,25,14750.0,True,15250.0,1050.0,2025-03
2025-03-05,Sulawesi Selatan,26,13550.0,True,15250.0,1050.0,2025-03
2025-03-05,Sulawesi Tenggara,27,15000.0,True,15250.0,1050.0,2025-03
2025-03-05,Sulawesi Tengah,28,14600.0,True,15250.0,1050.0,2025-03
2025-03-05,Sulawesi Utara,29,14250.0,True,15250.0,1050.0,2025-03
2025-03-05,Sulawesi Barat,30,13500.0,True,15250.0,1050.0,2025-03
2025-03-05,Maluku,31,16200.0,True,15250.0,1050.0,2025-03
2025-03-05,Maluku Utara,32,16700.0,True,15250.0,1050.0,2025-03
2025-03-05,Papua,33,16800.0,True,15250.0,1050.0,2025-03
2025-03-05,Papua Barat,34,16450.0,True,15250.0,1050.0,2025-03
2025-03-06,Aceh,1,13750.0,True,15250.0,1100.0,2025-03
2025-03-06,Sumatera Utara,2,13950.0,True,15250.0,1100.0,2025-03
2025-03-06,Sumatera Barat,3,17100.0,True,15250.0,1100.0,2025-03
2025-03-06,Riau,4,16050.0,True,15250.0,1100.0,2025-03
2025-03-06,Kepulauan Riau,5,15100.0,True,15250.0,1100.0,2025-03
2025-03-06,Jambi,6,15050.0,True,15250.0,1100.0,2025-03
2025-03-06,Bengkulu,7,15300.0,True,15250.0,1100.0,2025-03
2025-03-06,Sumatera Selatan,8,14950.0,True,15250.0,1100.0,2025-03
2025-03-06,Kepulauan Bangka Belitung,9,15050.0,True,15250.0,1100.0,2025-03
2025-03-06,Lampung,10,14600.0,True,15250.0,1100.0,2025-03
2025-03-06,Banten,11,14850.0,True,15250.0,1100.0,2025-03
2025-03-06,Jawa Barat,12,14600.0,True,15250.0,1100.0,2025-03
2025-03-06,DKI Jakarta,13,15700.0,True,15250.0,1100.0,2025-03
2025-03-06,Jawa Tengah,14,14700.0,True,15250.0,1100.0,2025-03
2025-03-06,DI Yogyakarta,15,14300.0,True,15250.0,1100.0,2025-03
2025-03-06,Jawa Timur,16,14250.0,True,15250.0,1100.0,2025-03
2025-03-06,Bali,17,15350.0,True,15250.0,1100.0,2025-03
2025-03-06,Nusa Tenggara Barat,18,13900.0,True,15250.0,1100.0,2025-03
2025-03-06,Nusa Tenggara Timur,19,15400.0,True,15250.0,1100.0,2025-03
2025-03-06,Kalimantan Barat,20,16500.0,True,15250.0,1100.0,2025-03
2025-03-06,Kalimantan Selatan,21,17100.0,True,15250.0,1100.0,2025-03
2025-03-06,Kalimantan Tengah,22,17450.0,True,15250.0,1100.0,2025-03
2025-03-06,Kalimantan Timur,23,16000.0,True,15250.0,1100.0,2025-03
2025-03-06,Kalimantan Utara,24,16550.0,True,15250.0,1100.0,2025-03
2025-03-06,Gorontalo,25,14750.0,True,15250.0,1100.0,2025-03
2025-03-06,Sulawesi Selatan,26,13550.0,True,15250.0,1100.0,2025-03
2025-03-06,Sulawesi Tenggara,27,15000.0,True,15250.0,1100.0,2025-03
2025-03-06,Sulawesi Tengah,28,14600.0,True,15250.0,1100.0,2025-03
2025-03-06,Sulawesi Utara,29,14150.0,True,15250.0,1100.0,2025-03
2025-03-06,Sulawesi Barat,30,13500.0,True,15250.0,1100.0,2025-03
2025-03-06,Maluku,31,16200.0,True,15250.0,1100.0,2025-03
2025-03-06,Maluku Utara,32,16700.0,True,15250.0,1100.0,2025-03
2025-03-06,Papua,33,16800.0,True,15250.0,1100.0,2025-03
2025-03-06,Papua Barat,34,16450.0,True,15250.0,1100.0,2025-03
2025-03-07,Aceh,1,13750.0,True,15300.0,1100.0,2025-03
2025-03-07,Sumatera Utara,2,13950.0,True,15300.0,1100.0,2025-03
2025-03-07,Sumatera Barat,3,17100.0,True,15300.0,1100.0,2025-03
2025-03-07,Riau,4,16050.0,True,15300.0,1100.0,2025-03
2025-03-07,Kepulauan Riau,5,15100.0,True,15300.0,1100.0,2025-03
2025-03-07,Jambi,6,15050.0,True,15300.0,1100.0,2025-03
2025-03-07,Bengkulu,7,15300.0,True,15300.0,1100.0,2025-03
2025-03-07,Sumatera Selatan,8,14950.0,True,15300.0,1100.0,2025-03
2025-03-07,Kepulauan Bangka Belitung,9,15050.0,True,15300.0,1100.0,2025-03
2025-03-07,Lampung,10,14600.0,True,15300.0,1100.0,2025-03
2025-03-07,Banten,11,14850.0,True,15300.0,1100.0,2025-03
2025-03-07,Jawa Barat,12,14600.0,True,15300.0,1100.0,2025-03
2025-03-07,DKI Jakarta,13,15700.0,True,15300.0,1100.0,2025-03
2025-03-07,Jawa Tengah,14,14700.0,True,15300.0,1100.0,2025-03
2025-03-07,DI Yogyakarta,15,14300.0,True,15300.0,1100.0,2025-03
2025-03-07,Jawa Timur,16,14250.0,True,15300.0,1100.0,2025-03
2025-03-07,Bali,17,15350.0,True,15300.0,1100.0,2025-03
2025-03-07,Nusa Tenggara Barat,18,13900.0,True,15300.0,1100.0,2025-03
2025-03-07,Nusa Tenggara Timur,19,15400.0,True,15300.0,1100.0,2025-03
2025-03-07,Kalimantan Barat,20,16500.0,True,15300.0,1100.0,2025-03
2025-03-07,Kalimantan Selatan,21,17100.0,True,15300.0,1100.0,2025-03
2025-03-07,Kalimantan Tengah,22,17450.0,True,15300.0,1100.0,2025-03
2025-03-07,Kalimantan Timur,23,16050.0,True,15300.0,1100.0,2025-03
2025-03-07,Kalimantan Utara,24,16550.0,True,15300.0,1100.0,2025-03
2025-03-07,Gorontalo,25,14750.0,True,15300.0,1100.0,2025-03
2025-03-07,Sulawesi Selatan,26,13550.0,True,15300.0,1100.0,2025-03
2025-03-07,Sulawesi Tenggara,27,15000.0,True,15300.0,1100.0,2025-03
2025-03-07,Sulawesi Tengah,28,14600.0,True,15300.0,1100.0,2025-03
2025-03-07,Sulawesi Utara,29,14150.0,True,15300.0,1100.0,2025-03
2025-03-07,Sulawesi Barat,30,13500.0,True,15300.0,1100.0,2025-03
2025-03-07,Maluku,31,16250.0,True,15300.0,1100.0,2025-03
2025-03-07,Maluku Utara,32,16700.0,True,15300.0,1100.0,2025-03
2025-03-07,Papua,33,16800.0,True,15300.0,1100.0,2025-03
2025-03-07,Papua Barat,34,16450.0,True,15300.0,1100.0,2025-03
2025-03-08,Aceh,1,13750.0,True,15300.0,1100.0,2025-03
2025-03-08,Sumatera Utara,2,13950.0,True,15300.0,1100.0,2025-03
2025-03-08,Sumatera Barat,3,17100.0,True,15300.0,1100.0,2025-03
2025-03-08,Riau,4,16050.0,True,15300.0,1100.0,2025-03
2025-03-08,Kepulauan Riau,5,15100.0,True,15300.0,1100.0,2025-03
2025-03-08,Jambi,6,15050.0,True,15300.0,1100.0,2025-03
2025-03-08,Bengkulu,7,15300.0,True,15300.0,1100.0,2025-03
2025-03-08,Sumatera Selatan,8,14950.0,True,15300.0,1100.0,2025-03
2025-03-08,Kepulauan Bangka Belitung,9,15050.0,True,15300.0,1100.0,2025-03
2025-03-08,Lampung,10,14600.0,True,15300.0,1100.0,2025-03
2025-03-08,Banten,11,14850.0,True,15300.0,1100.0,2025-03
2025-03-08,Jawa Barat,12,14600.0,True,15300.0,1100.0,2025-03
2025-03-08,DKI Jakarta,13,15700.0,True,15300.0,1100.0,2025-03
2025-03-08,Jawa Tengah,14,14700.0,True,15300.0,1100.0,2025-03
2025-03-08,DI Yogyakarta,15,14300.0,True,15300.0,1100.0,2025-03
2025-03-08,Jawa Timur,16,14250.0,True,15300.0,1100.0,2025-03
2025-03-08,Bali,17,15350.0,True,15300.0,1100.0,2025-03
2025-03-08,Nusa Tenggara Barat,18,13900.0,True,15300.0,1100.0,2025-03
2025-03-08,Nusa Tenggara Timur,19,15400.0,True,15300.0,1100.0,2025-03
2025-03-08,Kalimantan Barat,20,16500.0,True,15300.0,1100.0,2025-03
2025-03-08,Kalimantan Selatan,21,17100.0,True,15300.0,1100.0,2025-03
2025-03-08,Kalimantan Tengah,22,17450.0,True,15300.0,1100.0,2025-03
2025-03-08,Kalimantan Timur,23,16050.0,True,15300.0,1100.0,2025-03
2025-03-08,Kalimantan Utara,24,16550.0,True,15300.0,1100.0,2025-03
2025-03-08,Gorontalo,25,14750.0,True,15300.0,1100.0,2025-03
2025-03-08,Sulawesi Selatan,26,13550.0,True,15300.0,1100.0,2025-03
2025-03-08,Sulawesi Tenggara,27,15000.0,True,15300.0,1100.0,2025-03
2025-03-08,Sulawesi Tengah,28,14600.0,True,15300.0,1100.0,2025-03
2025-03-08,Sulawesi Utara,29,14150.0,True,15300.0,1100.0,2025-03
2025-03-08,Sulawesi Barat,30,13500.0,True,15300.0,1100.0,2025-03
2025-03-08,Maluku,31,16250.0,True,15300.0,1100.0,2025-03
2025-03-08,Maluku Utara,32,16700.0,True,15300.0,1100.0,2025-03
2025-03-08,Papua,33,16800.0,True,15300.0,1100.0,2025-03
2025-03-08,Papua Barat,34,16450.0,True,15300.0,1100.0,2025-03
2025-03-09,Aceh,1,13750.0,True,15300.0,1100.0,2025-03
2025-03-09,Sumatera Utara,2,13950.0,True,15300.0,1100.0,2025-03
2025-03-09,Sumatera Barat,3,17100.0,True,15300.0,1100.0,2025-03
2025-03-09,Riau,4,16050.0,True,15300.0,1100.0,2025-03
2025-03-09,Kepulauan Riau,5,15100.0,True,15300.0,1100.0,2025-03
2025-03-09,Jambi,6,15050.0,True,15300.0,1100.0,2025-03
2025-03-09,Bengkulu,7,15300.0,True,15300.0,1100.0,2025-03
2025-03-09,Sumatera Selatan,8,14950.0,True,15300.0,1100.0,2025-03
2025-03-09,Kepulauan Bangka Belitung,9,15050.0,True,15300.0,1100.0,2025-03
2025-03-09,Lampung,10,14600.0,True,15300.0,1100.0,2025-03
2025-03-09,Banten,11,14850.0,True,15300.0,1100.0,2025-03
2025-03-09,Jawa Barat,12,14600.0,True,15300.0,1100.0,2025-03
2025-03-09,DKI Jakarta,13,15700.0,True,15300.0,1100.0,2025-03
2025-03-09,Jawa Tengah,14,14700.0,True,15300.0,1100.0,2025-03
2025-03-09,DI Yogyakarta,15,14300.0,True,15300.0,1100.0,2025-03
2025-03-09,Jawa Timur,16,14250.0,True,15300.0,1100.0,2025-03
2025-03-09,Bali,17,15350.0,True,15300.0,1100.0,2025-03
2025-03-09,Nusa Tenggara Barat,18,13900.0,True,15300.0,1100.0,2025-03
2025-03-09,Nusa Tenggara Timur,19,15400.0,True,15300.0,1100.0,2025-03
2025-03-09,Kalimantan Barat,20,16500.0,True,15300.0,1100.0,2025-03
2025-03-09,Kalimantan Selatan,21,17100.0,True,15300.0,1100.0,2025-03
2025-03-09,Kalimantan Tengah,22,17450.0,True,15300.0,1100.0,2025-03
2025-03-09,Kalimantan Timur,23,16050.0,True,15300.0,1100.0,2025-03
2025-03-09,Kalimantan Utara,24,16550.0,True,15300.0,1100.0,2025-03
2025-03-09,Gorontalo,25,14750.0,True,15300.0,1100.0,2025-03
2025-03-09,Sulawesi Selatan,26,13550.0,True,15300.0,1100.0,2025-03
2025-03-09,Sulawesi Tenggara,27,15000.0,True,15300.0,1100.0,2025-03
2025-03-09,Sulawesi Tengah,28,14600.0,True,15300.0,1100.0,2025-03
2025-03-09,Sulawesi Utara,29,14150.0,True,15300.0,1100.0,2025-03
2025-03-09,Sulawesi Barat,30,13500.0,True,15300.0,1100.0,2025-03
2025-03-09,Maluku,31,16250.0,True,15300.0,1100.0,2025-03
2025-03-09,Maluku Utara,32,16700.0,True,15300.0,1100.0,2025-03
2025-03-09,Papua,33,16800.0,True,15300.0,1100.0,2025-03
2025-03-09,Papua Barat,34,16450.0,True,15300.0,1100.0,2025-03
2025-03-10,Aceh,1,13750.0,True,15250.0,1100.0,2025-03
2025-03-10,Sumatera Utara,2,13950.0,True,15250.0,1100.0,2025-03
2025-03-10,Sumatera Barat,3,17100.0,True,15250.0,1100.0,2025-03
2025-03-10,Riau,4,16050.0,True,15250.0,1100.0,2025-03
2025-03-10,Kepulauan Riau,5,15100.0,True,15250.0,1100.0,2025-03
2025-03-10,Jambi,6,15050.0,True,15250.0,1100.0,2025-03
2025-03-10,Bengkulu,7,15300.0,True,15250.0,1100.0,2025-03
2025-03-10,Sumatera Selatan,8,14950.0,True,15250.0,1100.0,2025-03
2025-03-10,Kepulauan Bangka Belitung,9,15000.0,True,15250.0,1100.0,2025-03
2025-03-10,Lampung,10,14600.0,True,15250.0,1100.0,2025-03
2025-03-10,Banten,11,14850.0,True,15250.0,1100.0,2025-03
2025-03-10,Jawa Barat,12,14600.0,True,15250.0,1100.0,2025-03
2025-03-10,DKI Jakarta,13,15700.0,True,15250.0,1100.0,2025-03
2025-03-10,Jawa Tengah,14,14700.0,True,15250.0,1100.0,2025-03
2025-03-10,DI Yogyakarta,15,14300.0,True,15250.0,1100.0,2025-03
2025-03-10,Jawa Timur,16,14250.0,True,15250.0,1100.0,2025-03
2025-03-10,Bali,17,15350.0,True,15250.0,1100.0,2025-03
2025-03-10,Nusa Tenggara Barat,18,13900.0,True,15250.0,1100.0,2025-03
2025-03-10,Nusa Tenggara Timur,19,15350.0,True,15250.0,1100.0,2025-03
2025-03-10,Kalimantan Barat,20,16500.0,True,15250.0,1100.0,2025-03
2025-03-10,Kalimantan Selatan,21,17100.0,True,15250.0,1100.0,2025-03
2025-03-10,Kalimantan Tengah,22,17450.0,True,15250.0,1100.0,2025-03
2025-03-10,Kalimantan Timur,23,15950.0,True,15250.0,1100.0,2025-03
2025-03-10,Kalimantan Utara,24,16550.0,True,15250.0,1100.0,2025-03
2025-03-10,Gorontalo,25,14750.0,True,15250.0,1100.0,2025-03
2025-03-10,Sulawesi Selatan,26,13550.0,True,15250.0,1100.0,2025-03
2025-03-10,Sulawesi Tenggara,27,15000.0,True,15250.0,1100.0,2025-03
2025-03-10,Sulawesi Tengah,28,14600.0,True,15250.0,1100.0,2025-03
2025-03-10,Sulawesi Utara,29,14250.0,True,15250.0,1100.0,2025-03
2025-03-10,Sulawesi Barat,30,13500.0,True,15250.0,1100.0,2025-03
2025-03-10,Maluku,31,16250.0,True,15250.0,1100.0,2025-03
2025-03-10,Maluku Utara,32,16700.0,True,15250.0,1100.0,2025-03
2025-03-10,Papua,33,16800.0,True,15250.0,1100.0,2025-03
2025-03-10,Papua Barat,34,16450.0,True,15250.0,1100.0,2025-03
2025-03-11,Aceh,1,13750.0,True,15250.0,2750.0,2025-03
2025-03-11,Sumatera Utara,2,13950.0,True,15250.0,2750.0,2025-03
2025-03-11,Sumatera Barat,3,17100.0,True,15250.0,2750.0,2025-03
2025-03-11,Riau,4,16050.0,True,15250.0,2750.0,2025-03
2025-03-11,Kepulauan Riau,5,15100.0,True,15250.0,2750.0,2025-03
2025-03-11,Jambi,6,15050.0,True,15250.0,2750.0,2025-03
2025-03-11,Bengkulu,7,15250.0,True,15250.0,2750.0,2025-03
2025-03-11,Sumatera Selatan,8,14950.0,True,15250.0,2750.0,2025-03
2025-03-11,Kepulauan Bangka Belitung,9,15000.0,True,15250.0,2750.0,2025-03
2025-03-11,Lampung,10,14700.0,True,15250.0,2750.0,2025-03
2025-03-11,Banten,11,14850.0,True,15250.0,2750.0,2025-03
2025-03-11,Jawa Barat,12,14650.0,True,15250.0,2750.0,2025-03
2025-03-11,DKI Jakarta,13,15700.0,True,15250.0,2750.0,2025-03
2025-03-11,Jawa Tengah,14,14700.0,True,15250.0,2750.0,2025-03
2025-03-11,DI Yogyakarta,15,14300.0,True,15250.0,2750.0,2025-03
2025-03-11,Jawa Timur,16,14250.0,True,15250.0,2750.0,2025-03
2025-03-11,Bali,17,15350.0,True,15250.0,2750.0,2025-03
2025-03-11,Nusa Tenggara Barat,18,13850.0,True,15250.0,2750.0,2025-03
2025-03-11,Nusa Tenggara Timur,19,15350.0,True,15250.0,2750.0,2025-03
2025-03-11,Kalimantan Barat,20,16450.0,True,15250.0,2750.0,2025-03
2025-03-11,Kalimantan Tengah,22,17350.0,True,15250.0,2750.0,2025-03
2025-03-11,Kalimantan Timur,23,16250.0,True,15250.0,2750.0,2025-03
2025-03-11,Kalimantan Utara,24,16550.0,True,15250.0,2750.0,2025-03
2025-03-11,Gorontalo,25,14750.0,True,15250.0,2750.0,2025-03
2025-03-11,Sulawesi Selatan,26,13550.0,True,15250.0,2750.0,2025-03
2025-03-11,Sulawesi Tenggara,27,15100.0,True,15250.0,2750.0,2025-03
2025-03-11,Sulawesi Tengah,28,14600.0,True,15250.0,2750.0,2025-03
2025-03-11,Sulawesi Utara,29,14250.0,True,15250.0,2750.0,2025-03
2025-03-11,Sulawesi Barat,30,13500.0,True,15250.0,2750.0,2025-03
2025-03-11,Maluku,31,16250.0,True,15250.0,2750.0,2025-03
2025-03-11,Maluku Utara,32,16700.0,True,15250.0,2750.0,2025-03
2025-03-11,Papua,33,16800.0,True,15250.0,2750.0,2025-03
2025-03-11,Papua Barat,34,16450.0,True,15250.0,2750.0,2025-03
2025-03-12,Aceh,1,13750.0,True,15250.0,2800.0,2025-03
2025-03-12,Sumatera Utara,2,13950.0,True,15250.0,2800.0,2025-03
2025-03-12,Sumatera Barat,3,17100.0,True,15250.0,2800.0,2025-03
2025-03-12,Riau,4,16050.0,True,15250.0,2800.0,2025-03
2025-03-12,Jambi,6,15050.0,True,15250.0,2800.0,2025-03
2025-03-12,Bengkulu,7,15250.0,True,15250.0,2800.0,2025-03
2025-03-12,Sumatera Selatan,8,14950.0,True,15250.0,2800.0,2025-03
2025-03-12,Kepulauan Bangka Belitung,9,15000.0,True,15250.0,2800.0,2025-03
2025-03-12,Lampung,10,14700.0,True,15250.0,2800.0,2025-03
2025-03-12,Banten,11,14850.0,True,15250.0,2800.0,2025-03
2025-03-12,Jawa Barat,12,14600.0,True,15250.0,2800.0,2025-03
2025-03-12,DKI Jakarta,13,15700.0,True,15250.0,2800.0,2025-03
2025-03-12,Jawa Tengah,14,14700.0,True,15250.0,2800.0,2025-03
2025-03-12,DI Yogyakarta,15,14300.0,True,15250.0,2800.0,2025-03
2025-03-12,Jawa Timur,16,14200.0,True,15250.0,2800.0,2025-03
2025-03-12,Bali,17,15350.0,True,15250.0,2800.0,2025-03
2025-03-12,Nusa Tenggara Barat,18,13850.0,True,15250.0,2800.0,2025-03
2025-03-12,Nusa Tenggara Timur,19,15350.0,True,15250.0,2800.0,2025-03
2025-03-12,Kalimantan Barat,20,16500.0,True,15250.0,2800.0,2025-03
2025-03-12,Kalimantan Selatan,21,17100.0,True,15250.0,2800.0,2025-03
2025-03-12,Kalimantan Tengah,22,17400.0,True,15250.0,2800.0,2025-03
2025-03-12,Kalimantan Timur,23,15950.0,True,15250.0,2800.0,2025-03
2025-03-12,Kalimantan Utara,24,16550.0,True,15250.0,2800.0,2025-03
2025-03-12,Gorontalo,25,14750.0,True,15250.0,2800.0,2025-03
2025-03-12,Sulawesi Selatan,26,13550.0,True,15250.0,2800.0,2025-03
2025-03-12,Sulawesi Tenggara,27,15100.0,True,15250.0,2800.0,2025-03
2025-03-12,Sulawesi Tengah,28,14600.0,True,15250.0,2800.0,2025-03
2025-03-12,Sulawesi Utara,29,14150.0,True,15250.0,2800.0,2025-03
2025-03-12,Sulawesi Barat,30,13500.0,True,15250.0,2800.0,2025-03
2025-03-12,Maluku,31,16150.0,True,15250.0,2800.0,2025-03
2025-03-12,Maluku Utara,32,16700.0,True,15250.0,2800.0,2025-03
2025-03-12,Papua,33,16800.0,True,15250.0,2800.0,2025-03
2025-03-12,Papua Barat,34,16450.0,True,15250.0,2800.0,2025-03
2025-03-13,Aceh,1,13750.0,True,15250.0,2800.0,2025-03
2025-03-13,Sumatera Utara,2,13850.0,True,15250.0,2800.0,2025-03
2025-03-13,Sumatera Barat,3,17100.0,True,15250.0,2800.0,2025-03
2025-03-13,Riau,4,16050.0,True,15250.0,2800.0,2025-03
2025-03-13,Kepulauan Riau,5,15100.0,True,15250.0,2800.0,2025-03
2025-03-13,Jambi,6,15050.0,True,15250.0,2800.0,2025-03
2025-03-13,Bengkulu,7,15250.0,True,15250.0,2800.0,2025-03
2025-03-13,Sumatera Selatan,8,14950.0,True,15250.0,2800.0,2025-03
2025-03-13,Kepulauan Bangka Belitung,9,15000.0,True,15250.0,2800.0,2025-03
2025-03-13,Lampung,10,14700.0,True,15250.0,2800.0,2025-03
2025-03-13,Banten,11,14850.0,True,15250.0,2800.0,2025-03
2025-03-13,Jawa Barat,12,14600.0,True,15250.0,2800.0,2025-03
2025-03-13,DKI Jakarta,13,15700.0,True,15250.0,2800.0,2025-03
2025-03-13,Jawa Tengah,14,14700.0,True,15250.0,2800.0,2025-03
2025-03-13,DI Yogyakarta,15,14300.0,True,15250.0,2800.0,2025-03
2025-03-13,Jawa Timur,16,14200.0,True,15250.0,2800.0,2025-03
2025-03-13,Bali,17,15350.0,True,15250.0,2800.0,2025-03
2025-03-13,Nusa Tenggara Barat,18,13850.0,True,15250.0,2800.0,2025-03
2025-03-13,Nusa Tenggara Timur,19,15350.0,True,15250.0,2800.0,2025-03
2025-03-13,Kalimantan Barat,20,16450.0,True,15250.0,2800.0,2025-03
2025-03-13,Kalimantan Selatan,21,17100.0,True,15250.0,2800.0,2025-03
2025-03-13,Kalimantan Tengah,22,17400.0,True,15250.0,2800.0,2025-03
2025-03-13,Kalimantan Timur,23,15950.0,True,15250.0,2800.0,2025-03
2025-03-13,Kalimantan Utara,24,16550.0,True,15250.0,2800.0,2025-03
2025-03-13,Gorontalo,25,14700.0,True,15250.0,2800.0,2025-03
2025-03-13,Sulawesi Selatan,26,13550.0,True,15250.0,2800.0,2025-03
2025-03-13,Sulawesi Tenggara,27,15100.0,True,15250.0,2800.0,2025-03
2025-03-13,Sulawesi Tengah,28,14600.0,True,15250.0,2800.0,2025-03
2025-03-13,Sulawesi Utara,29,14150.0,True,15250.0,2800.0,2025-03
2025-03-13,Sulawesi Barat,30,13500.0,True,15250.0,2800.0,2025-03
2025-03-13,Maluku Utara,32,16700.0,True,15250.0,2800.0,2025-03
2025-03-13,Papua,33,16800.0,True,15250.0,2800.0,2025-03
2025-03-13,Papua Barat,34,16450.0,True,15250.0,2800.0,2025-03
2025-03-14,Aceh,1,13750.0,True,15200.0,3700.0,2025-03
2025-03-14,Sumatera Utara,2,13850.0,True,15200.0,3700.0,2025-03
2025-03-14,Sumatera Barat,3,17100.0,True,15200.0,3700.0,2025-03
2025-03-14,Riau,4,16050.0,True,15200.0,3700.0,2025-03
2025-03-14,Kepulauan Riau,5,15100.0,True,15200.0,3700.0,2025-03
2025-03-14,Jambi,6,15050.0,True,15200.0,3700.0,2025-03
2025-03-14,Bengkulu,7,15250.0,True,15200.0,3700.0,2025-03
2025-03-14,Sumatera Selatan,8,14950.0,True,15200.0,3700.0,2025-03
2025-03-14,Kepulauan Bangka Belitung,9,15000.0,True,15200.0,3700.0,2025-03
2025-03-14,Lampung,10,14700.0,True,15200.0,3700.0,2025-03
2025-03-14,Banten,11,14850.0,True,15200.0,3700.0,2025-03
2025-03-14,Jawa Barat,12,14600.0,True,15200.0,3700.0,2025-03
2025-03-14,DKI Jakarta,13,15700.0,True,15200.0,3700.0,2025-03
2025-03-14,Jawa Tengah,14,14700.0,True,15200.0,3700.0,2025-03
2025-03-14,DI Yogyakarta,15,14300.0,True,15200.0,3700.0,2025-03
2025-03-14,Jawa Timur,16,14200.0,True,15200.0,3700.0,2025-03
2025-03-14,Bali,17,15350.0,True,15200.0,3700.0,2025-03
2025-03-14,Nusa Tenggara Barat,18,13850.0,True,15200.0,3700.0,2025-03
2025-03-14,Nusa Tenggara Timur,19,15350.0,True,15200.0,3700.0,2025-03
2025-03-14,Kalimantan Barat,20,16500.0,True,15200.0,3700.0,2025-03
2025-03-14,Kalimantan Tengah,22,17450.0,True,15200.0,3700.0,2025-03
2025-03-14,Kalimantan Timur,23,15950.0,True,15200.0,3700.0,2025-03
2025-03-14,Kalimantan Utara,24,16550.0,True,15200.0,3700.0,2025-03
2025-03-14,Gorontalo,25,14700.0,True,15200.0,3700.0,2025-03
2025-03-14,Sulawesi Selatan,26,13550.0,True,15200.0,3700.0,2025-03
2025-03-14,Sulawesi Tenggara,27,15100.0,True,15200.0,3700.0,2025-03
2025-03-14,Sulawesi Tengah,28,14600.0,True,15200.0,3700.0,2025-03
2025-03-14,Sulawesi Utara,29,14150.0,True,15200.0,3700.0,2025-03
2025-03-14,Sulawesi Barat,30,13500.0,True,15200.0,3700.0,2025-03
2025-03-14,Maluku Utara,32,16700.0,True,15200.0,3700.0,2025-03
2025-03-14,Papua,33,16800.0,True,15200.0,3700.0,2025-03
2025-03-14,Papua Barat,34,16450.0,True,15200.0,3700.0,2025-03
2025-03-15,Aceh,1,13750.0,True,15200.0,3700.0,2025-03
2025-03-15,Sumatera Utara,2,13850.0,True,15200.0,3700.0,2025-03
2025-03-15,Sumatera Barat,3,17100.0,True,15200.0,3700.0,2025-03
2025-03-15,Riau,4,16050.0,True,15200.0,3700.0,2025-03
2025-03-15,Kepulauan Riau,5,15100.0,True,15200.0,3700.0,2025-03
2025-03-15,Jambi,6,15050.0,True,15200.0,3700.0,2025-03
2025-03-15,Bengkulu,7,15250.0,True,15200.0,3700.0,2025-03
2025-03-15,Sumatera Selatan,8,14950.0,True,15200.0,3700.0,2025-03
2025-03-15,Kepulauan Bangka Belitung,9,15000.0,True,15200.0,3700.0,2025-03
2025-03-15,Lampung,10,14700.0,True,15200.0,3700.0,2025-03
2025-03-15,Banten,11,14850.0,True,15200.0,3700.0,2025-03
2025-03-15,Jawa Barat,12,14600.0,True,15200.0,3700.0,2025-03
2025-03-15,DKI Jakarta,13,15700.0,True,15200.0,3700.0,2025-03
2025-03-15,Jawa Tengah,14,14700.0,True,15200.0,3700.0,2025-03
2025-03-15,DI Yogyakarta,15,14300.0,True,15200.0,3700.0,2025-03
2025-03-15,Jawa Timur,16,14200.0,True,15200.0,3700.0,2025-03
2025-03-15,Bali,17,15350.0,True,15200.0,3700.0,2025-03
2025-03-15,Nusa Tenggara Barat,18,13850.0,True,15200.0,3700.0,2025-03
2025-03-15,Nusa Tenggara Timur,19,15350.0,True,15200.0,3700.0,2025-03
2025-03-15,Kalimantan Barat,20,16500.0,True,15200.0,3700.0,2025-03
2025-03-15,Kalimantan Tengah,22,17450.0,True,15200.0,3700.0,2025-03
2025-03-15,Kalimantan Timur,23,15950.0,True,15200.0,3700.0,2025-03
2025-03-15,Kalimantan Utara,24,16550.0,True,15200.0,3700.0,2025-03
2025-03-15,Gorontalo,25,14700.0,True,15200.0,3700.0,2025-03
2025-03-15,Sulawesi Selatan,26,13550.0,True,15200.0,3700.0,2025-03
2025-03-15,Sulawesi Tenggara,27,15100.0,True,15200.0,3700.0,2025-03
2025-03-15,Sulawesi Tengah,28,14600.0,True,15200.0,3700.0,2025-03
2025-03-15,Sulawesi Utara,29,14150.0,True,15200.0,3700.0,2025-03
2025-03-15,Sulawesi Barat,30,13500.0,True,15200.0,3700.0,2025-03
2025-03-15,Maluku Utara,32,16700.0,True,15200.0,3700.0,2025-03
2025-03-15,Papua,33,16800.0,True,15200.0,3700.0,2025-03
2025-03-15,Papua Barat,34,16450.0,True,15200.0,3700.0,2025-03
2025-03-16,Aceh,1,13750.0,True,15200.0,3700.0,2025-03
2025-03-16,Sumatera Utara,2,13850.0,True,15200.0,3700.0,2025-03
2025-03-16,Sumatera Barat,3,17100.0,True,15200.0,3700.0,2025-03
2025-03-16,Riau,4,16050.0,True,15200.0,3700.0,2025-03
2025-03-16,Kepulauan Riau,5,15100.0,True,15200.0,3700.0,2025-03
2025-03-16,Jambi,6,15050.0,True,15200.0,3700.0,2025-03
2025-03-16,Bengkulu,7,15250.0,True,15200.0,3700.0,2025-03
2025-03-16,Sumatera Selatan,8,14950.0,True,15200.0,3700.0,2025-03
2025-03-16,Kepulauan Bangka Belitung,9,15000.0,True,15200.0,3700.0,2025-03
2025-03-16,Lampung,10,14700.0,True,15200.0,3700.0,2025-03
2025-03-16,Banten,11,14850.0,True,15200.0,3700.0,2025-03
2025-03-16,Jawa Barat,12,14600.0,True,15200.0,3700.0,2025-03
2025-03-16,DKI Jakarta,13,15700.0,True,15200.0,3700.0,2025-03
2025-03-16,Jawa Tengah,14,14700.0,True,15200.0,3700.0,2025-03
2025-03-16,DI Yogyakarta,15,14300.0,True,15200.0,3700.0,2025-03
2025-03-16,Jawa Timur,16,14200.0,True,15200.0,3700.0,2025-03
2025-03-16,Bali,17,15350.0,True,15200.0,3700.0,2025-03
2025-03-16,Nusa Tenggara Barat,18,13850.0,True,15200.0,3700.0,2025-03
2025-03-16,Nusa Tenggara Timur,19,15350.0,True,15200.0,3700.0,2025-03
2025-03-16,Kalimantan Barat,20,16500.0,True,15200.0,3700.0,2025-03
2025-03-16,Kalimantan Tengah,22,17450.0,True,15200.0,3700.0,2025-03
2025-03-16,Kalimantan Timur,23,15950.0,True,15200.0,3700.0,2025-03
2025-03-16,Kalimantan Utara,24,16550.0,True,15200.0,3700.0,2025-03
2025-03-16,Gorontalo,25,14700.0,True,15200.0,3700.0,2025-03
2025-03-16,Sulawesi Selatan,26,13550.0,True,15200.0,3700.0,2025-03
2025-03-16,Sulawesi Tenggara,27,15100.0,True,15200.0,3700.0,2025-03
2025-03-16,Sulawesi Tengah,28,14600.0,True,15200.0,3700.0,2025-03
2025-03-16,Sulawesi Utara,29,14150.0,True,15200.0,3700.0,2025-03
2025-03-16,Sulawesi Barat,30,13500.0,True,15200.0,3700.0,2025-03
2025-03-16,Maluku Utara,32,16700.0,True,15200.0,3700.0,2025-03
2025-03-16,Papua,33,16800.0,True,15200.0,3700.0,2025-03
2025-03-16,Papua Barat,34,16450.0,True,15200.0,3700.0,2025-03
2025-03-17,Aceh,1,13750.0,True,15300.0,1100.0,2025-03
2025-03-17,Sumatera Utara,2,13850.0,True,15300.0,1100.0,2025-03
2025-03-17,Sumatera Barat,3,17100.0,True,15300.0,1100.0,2025-03
2025-03-17,Riau,4,16050.0,True,15300.0,1100.0,2025-03
2025-03-17,Kepulauan Riau,5,15100.0,True,15300.0,1100.0,2025-03
2025-03-17,Jambi,6,15050.0,True,15300.0,1100.0,2025-03
2025-03-17,Bengkulu,7,15250.0,True,15300.0,1100.0,2025-03
2025-03-17,Sumatera Selatan,8,15500.0,True,15300.0,1100.0,2025-03
2025-03-17,Kepulauan Bangka Belitung,9,15000.0,True,15300.0,1100.0,2025-03
2025-03-17,Lampung,10,14650.0,True,15300.0,1100.0,2025-03
2025-03-17,Banten,11,14850.0,True,15300.0,1100.0,2025-03
2025-03-17,Jawa Barat,12,14600.0,True,15300.0,1100.0,2025-03
2025-03-17,DKI Jakarta,13,15700.0,True,15300.0,1100.0,2025-03
2025-03-17,Jawa Tengah,14,14750.0,True,15300.0,1100.0,2025-03
2025-03-17,DI Yogyakarta,15,14300.0,True,15300.0,1100.0,2025-03
2025-03-17,Jawa Timur,16,14250.0,True,15300.0,1100.0,2025-03
2025-03-17,Bali,17,15350.0,True,15300.0,1100.0,2025-03
2025-03-17,Nusa Tenggara Barat,18,13850.0,True,15300.0,1100.0,2025-03
2025-03-17,Nusa Tenggara Timur,19,15350.0,True,15300.0,1100.0,2025-03
2025-03-17,Kalimantan Barat,20,16500.0,True,15300.0,1100.0,2025-03
2025-03-17,Kalimantan Selatan,21,17100.0,True,15300.0,1100.0,2025-03
2025-03-17,Kalimantan Tengah,22,17550.0,True,15300.0,1100.0,2025-03
2025-03-17,Kalimantan Timur,23,15950.0,True,15300.0,1100.0,2025-03
2025-03-17,Kalimantan Utara,24,16550.0,True,15300.0,1100.0,2025-03
2025-03-17,Gorontalo,25,14750.0,True,15300.0,1100.0,2025-03
2025-03-17,Sulawesi Selatan,26,13550.0,True,15300.0,1100.0,2025-03
2025-03-17,Sulawesi Tenggara,27,15100.0,True,15300.0,1100.0,2025-03
2025-03-17,Sulawesi Tengah,28,14600.0,True,15300.0,1100.0,2025-03
2025-03-17,Sulawesi Utara,29,14250.0,True,15300.0,1100.0,2025-03
2025-03-17,Sulawesi Barat,30,13500.0,True,15300.0,1100.0,2025-03
2025-03-17,Maluku,31,16150.0,True,15300.0,1100.0,2025-03
2025-03-17,Maluku Utara,32,16700.0,True,15300.0,1100.0,2025-03
2025-03-17,Papua,33,16800.0,True,15300.0,1100.0,2025-03
2025-03-17,Papua Barat,34,16450.0,True,15300.0,1100.0,2025-03
2025-03-18,Aceh,1,13750.0,True,15250.0,1100.0,2025-03
2025-03-18,Sumatera Utara,2,13950.0,True,15250.0,1100.0,2025-03
2025-03-18,Sumatera Barat,3,17100.0,True,15250.0,1100.0,2025-03
2025-03-18,Riau,4,16050.0,True,15250.0,1100.0,2025-03
2025-03-18,Kepulauan Riau,5,15100.0,True,15250.0,1100.0,2025-03
2025-03-18,Jambi,6,15050.0,True,15250.0,1100.0,2025-03
2025-03-18,Bengkulu,7,15250.0,True,15250.0,1100.0,2025-03
2025-03-18,Sumatera Selatan,8,14950.0,True,15250.0,1100.0,2025-03
2025-03-18,Kepulauan Bangka Belitung,9,15000.0,True,15250.0,1100.0,2025-03
2025-03-18,Lampung,10,14700.0,True,15250.0,1100.0,2025-03
2025-03-18,Banten,11,14850.0,True,15250.0,1100.0,2025-03
2025-03-18,Jawa Barat,12,14600.0,True,15250.0,1100.0,2025-03
2025-03-18,DKI Jakarta,13,15700.0,True,15250.0,1100.0,2025-03
2025-03-18,Jawa Tengah,14,14750.0,True,15250.0,1100.0,2025-03
2025-03-18,DI Yogyakarta,15,14300.0,True,15250.0,1100.0,2025-03
2025-03-18,Jawa Timur,16,14250.0,True,15250.0,1100.0,2025-03
2025-03-18,Bali,17,15350.0,True,15250.0,1100.0,2025-03
2025-03-18,Nusa Tenggara Barat,18,13850.0,True,15250.0,1100.0,2025-03
2025-03-18,Nusa Tenggara Timur,19,15350.0,True,15250.0,1100.0,2025-03
2025-03-18,Kalimantan Barat,20,16500.0,True,15250.0,1100.0,2025-03
2025-03-18,Kalimantan Selatan,21,17100.0,True,15250.0,1100.0,2025-03
2025-03-18,Kalimantan Tengah,22,17550.0,True,15250.0,1100.0,2025-03
2025-03-18,Kalimantan Timur,23,15900.0,True,15250.0,1100.0,2025-03
2025-03-18,Kalimantan Utara,24,16550.0,True,15250.0,1100.0,2025-03
2025-03-18,Gorontalo,25,14750.0,True,15250.0,1100.0,2025-03
2025-03-18,Sulawesi Selatan,26,13550.0,True,15250.0,1100.0,2025-03
2025-03-18,Sulawesi Tenggara,27,15100.0,True,15250.0,1100.0,2025-03
2025-03-18,Sulawesi Tengah,28,14550.0,True,15250.0,1100.0,2025-03
2025-03-18,Sulawesi Utara,29,14150.0,True,15250.0,1100.0,2025-03
2025-03-18,Sulawesi Barat,30,13500.0,True,15250.0,1100.0,2025-03
2025-03-18,Maluku,31,16150.0,True,15250.0,1100.0,2025-03
2025-03-18,Maluku Utara,32,16700.0,True,15250.0,1100.0,2025-03
2025-03-18,Papua,33,16800.0,True,15250.0,1100.0,2025-03
2025-03-18,Papua Barat,34,16450.0,True,15250.0,1100.0,2025-03
2025-03-19,Aceh,1,13750.0,True,15250.0,1100.0,2025-03
2025-03-19,Sumatera Utara,2,13950.0,True,15250.0,1100.0,2025-03
2025-03-19,Sumatera Barat,3,17100.0,True,15250.0,1100.0,2025-03
2025-03-19,Riau,4,16050.0,True,15250.0,1100.0,2025-03
2025-03-19,Kepulauan Riau,5,15100.0,True,15250.0,1100.0,2025-03
2025-03-19,Jambi,6,15050.0,True,15250.0,1100.0,2025-03
2025-03-19,Bengkulu,7,15250.0,True,15250.0,1100.0,2025-03
2025-03-19,Sumatera Selatan,8,14950.0,True,15250.0,1100.0,2025-03
2025-03-19,Kepulauan Bangka Belitung,9,15000.0,True,15250.0,1100.0,2025-03
2025-03-19,Lampung,10,14700.0,True,15250.0,1100.0,2025-03
2025-03-19,Banten,11,14850.0,True,15250.0,1100.0,2025-03
2025-03-19,Jawa Barat,12,14600.0,True,15250.0,1100.0,2025-03
2025-03-19,DKI Jakarta,13,15700.0,True,15250.0,1100.0,2025-03
2025-03-19,Jawa Tengah,14,14750.0,True,15250.0,1100.0,2025-03
2025-03-19,DI Yogyakarta,15,14300.0,True,15250.0,1100.0,2025-03
2025-03-19,Jawa Timur,16,14200.0,True,15250.0,1100.0,2025-03
2025-03-19,Bali,17,15350.0,True,15250.0,1100.0,2025-03
2025-03-19,Nusa Tenggara Barat,18,13900.0,True,15250.0,1100.0,2025-03
2025-03-19,Nusa Tenggara Timur,19,15350.0,True,15250.0,1100.0,2025-03
2025-03-19,Kalimantan Barat,20,16500.0,True,15250.0,1100.0,2025-03
2025-03-19,Kalimantan Selatan,21,17100.0,True,15250.0,1100.0,2025-03
2025-03-19,Kalimantan Tengah,22,17550.0,True,15250.0,1100.0,2025-03
2025-03-19,Kalimantan Timur,23,15900.0,True,15250.0,1100.0,2025-03
2025-03-19,Kalimantan Utara,24,16550.0,True,15250.0,1100.0,2025-03
2025-03-19,Gorontalo,25,14750.0,True,15250.0,1100.0,2025-03
2025-03-19,Sulawesi Selatan,26,13550.0,True,15250.0,1100.0,2025-03
2025-03-19,Sulawesi Tenggara,27,15100.0,True,15250.0,1100.0,2025-03
2025-03-19,Sulawesi Tengah,28,14550.0,True,15250.0,1100.0,2025-03
2025-03-19,Sulawesi Utara,29,14150.0,True,15250.0,1100.0,2025-03
2025-03-19,Sulawesi Barat,30,13500.0,True,15250.0,1100.0,2025-03
2025-03-19,Maluku,31,16150.0,True,15250.0,1100.0,2025-03
2025-03-19,Maluku Utara,32,16700.0,True,15250.0,1100.0,2025-03
2025-03-19,Papua,33,16800.0,True,15250.0,1100.0,2025-03
2025-03-19,Papua Barat,34,16450.0,True,15250.0,1100.0,2025-03
2025-03-20,Aceh,1,13750.0,True,15300.0,1150.0,2025-03
2025-03-20,Sumatera Utara,2,13950.0,True,15300.0,1150.0,2025-03
2025-03-20,Sumatera Barat,3,17100.0,True,15300.0,1150.0,2025-03
2025-03-20,Riau,4,16050.0,True,15300.0,1150.0,2025-03
2025-03-20,Kepulauan Riau,5,15100.0,True,15300.0,1150.0,2025-03
2025-03-20,Jambi,6,15050.0,True,15300.0,1150.0,2025-03
2025-03-20,Bengkulu,7,15250.0,True,15300.0,1150.0,2025-03
2025-03-20,Sumatera Selatan,8,14950.0,True,15300.0,1150.0,2025-03
2025-03-20,Kepulauan Bangka Belitung,9,15000.0,True,15300.0,1150.0,2025-03
2025-03-20,Lampung,10,14700.0,True,15300.0,1150.0,2025-03
2025-03-20,Banten,11,14850.0,True,15300.0,1150.0,2025-03
2025-03-20,Jawa Barat,12,14600.0,True,15300.0,1150.0,2025-03
2025-03-20,DKI Jakarta,13,15700.0,True,15300.0,1150.0,2025-03
2025-03-20,Jawa Tengah,14,14750.0,True,15300.0,1150.0,2025-03
2025-03-20,DI Yogyakarta,15,14300.0,True,15300.0,1150.0,2025-03
2025-03-20,Jawa Timur,16,14200.0,True,15300.0,1150.0,2025-03
2025-03-20,Bali,17,15350.0,True,15300.0,1150.0,2025-03
2025-03-20,Nusa Tenggara Barat,18,13900.0,True,15300.0,1150.0,2025-03
2025-03-20,Nusa Tenggara Timur,19,15350.0,True,15300.0,1150.0,2025-03
2025-03-20,Kalimantan Barat,20,16750.0,True,15300.0,1150.0,2025-03
2025-03-20,Kalimantan Selatan,21,17100.0,True,15300.0,1150.0,2025-03
2025-03-20,Kalimantan Tengah,22,17550.0,True,15300.0,1150.0,2025-03
2025-03-20,Kalimantan Timur,23,15900.0,True,15300.0,1150.0,2025-03
2025-03-20,Kalimantan Utara,24,16550.0,True,15300.0,1150.0,2025-03
2025-03-20,Gorontalo,25,14750.0,True,15300.0,1150.0,2025-03
2025-03-20,Sulawesi Selatan,26,13550.0,True,15300.0,1150.0,2025-03
2025-03-20,Sulawesi Tenggara,27,15100.0,True,15300.0,1150.0,2025-03
2025-03-20,Sulawesi Tengah,28,14550.0,True,15300.0,1150.0,2025-03
2025-03-20,Sulawesi Utara,29,14150.0,True,15300.0,1150.0,2025-03
2025-03-20,Sulawesi Barat,30,13500.0,True,15300.0,1150.0,2025-03
2025-03-20,Maluku,31,16150.0,True,15300.0,1150.0,2025-03
2025-03-20,Maluku Utara,32,16700.0,True,15300.0,1150.0,2025-03
2025-03-20,Papua,33,18100.0,True,15300.0,1150.0,2025-03
2025-03-20,Papua Barat,34,16450.0,True,15300.0,1150.0,2025-03
2025-03-21,Aceh,1,13750.0,True,15300.0,1150.0,2025-03
2025-03-21,Sumatera Utara,2,13850.0,True,15300.0,1150.0,2025-03
2025-03-21,Sumatera Barat,3,17100.0,True,15300.0,1150.0,2025-03
2025-03-21,Riau,4,16050.0,True,15300.0,1150.0,2025-03
2025-03-21,Kepulauan Riau,5,15100.0,True,15300.0,1150.0,2025-03
2025-03-21,Jambi,6,15050.0,True,15300.0,1150.0,2025-03
2025-03-21,Bengkulu,7,15250.0,True,15300.0,1150.0,2025-03
2025-03-21,Sumatera Selatan,8,14950.0,True,15300.0,1150.0,2025-03
2025-03-21,Kepulauan Bangka Belitung,9,15000.0,True,15300.0,1150.0,2025-03
2025-03-21,Lampung,10,14750.0,True,15300.0,1150.0,2025-03
2025-03-21,Banten,11,14850.0,True,15300.0,1150.0,2025-03
2025-03-21,Jawa Barat,12,14600.0,True,15300.0,1150.0,2025-03
2025-03-21,DKI Jakarta,13,15700.0,True,15300.0,1150.0,2025-03
2025-03-21,Jawa Tengah,14,14750.0,True,15300.0,1150.0,2025-03
2025-03-21,DI Yogyakarta,15,14300.0,True,15300.0,1150.0,2025-03
2025-03-21,Jawa Timur,16,14200.0,True,15300.0,1150.0,2025-03
2025-03-21,Bali,17,15350.0,True,15300.0,1150.0,2025-03
2025-03-21,Nusa Tenggara Barat,18,13900.0,True,15300.0,1150.0,2025-03
2025-03-21,Nusa Tenggara Timur,19,15350.0,True,15300.0,1150.0,2025-03
2025-03-21,Kalimantan Barat,20,16500.0,True,15300.0,1150.0,2025-03
2025-03-21,Kalimantan Selatan,21,17100.0,True,15300.0,1150.0,2025-03
2025-03-21,Kalimantan Tengah,22,17550.0,True,15300.0,1150.0,2025-03
2025-03-21,Kalimantan Timur,23,15950.0,True,15300.0,1150.0,2025-03
2025-03-21,Kalimantan Utara,24,16550.0,True,15300.0,1150.0,2025-03
2025-03-21,Gorontalo,25,14750.0,True,15300.0,1150.0,2025-03
2025-03-21,Sulawesi Selatan,26,13550.0,True,15300.0,1150.0,2025-03
2025-03-21,Sulawesi Tenggara,27,15100.0,True,15300.0,1150.0,2025-03
2025-03-21,Sulawesi Tengah,28,14550.0,True,15300.0,1150.0,2025-03
2025-03-21,Sulawesi Utara,29,14150.0,True,15300.0,1150.0,2025-03
2025-03-21,Sulawesi Barat,30,13500.0,True,15300.0,1150.0,2025-03
2025-03-21,Maluku,31,16150.0,True,15300.0,1150.0,2025-03
2025-03-21,Maluku Utara,32,16700.0,True,15300.0,1150.0,2025-03
2025-03-21,Papua,33,18100.0,True,15300.0,1150.0,2025-03
2025-03-21,Papua Barat,34,16450.0,True,15300.0,1150.0,2025-03
2025-03-22,Aceh,1,13750.0,True,15300.0,1150.0,2025-03
2025-03-22,Sumatera Utara,2,13850.0,True,15300.0,1150.0,2025-03
2025-03-22,Sumatera Barat,3,17100.0,True,15300.0,1150.0,2025-03
2025-03-22,Riau,4,16050.0,True,15300.0,1150.0,2025-03
2025-03-22,Kepulauan Riau,5,15100.0,True,15300.0,1150.0,2025-03
2025-03-22,Jambi,6,15050.0,True,15300.0,1150.0,2025-03
2025-03-22,Bengkulu,7,15250.0,True,15300.0,1150.0,2025-03
2025-03-22,Sumatera Selatan,8,14950.0,True,15300.0,1150.0,2025-03
2025-03-22,Kepulauan Bangka Belitung,9,15000.0,True,15300.0,1150.0,2025-03
2025-03-22,Lampung,10,14750.0,True,15300.0,1150.0,2025-03
2025-03-22,Banten,11,14850.0,True,15300.0,1150.0,2025-03
2025-03-22,Jawa Barat,12,14600.0,True,15300.0,1150.0,2025-03
2025-03-22,DKI Jakarta,13,15700.0,True,15300.0,1150.0,2025-03
2025-03-22,Jawa Tengah,14,14750.0,True,15300.0,1150.0,2025-03
2025-03-22,DI Yogyakarta,15,14300.0,True,15300.0,1150.0,2025-03
2025-03-22,Jawa Timur,16,14200.0,True,15300.0,1150.0,2025-03
2025-03-22,Bali,17,15350.0,True,15300.0,1150.0,2025-03
2025-03-22,Nusa Tenggara Barat,18,13900.0,True,15300.0,1150.0,2025-03
2025-03-22,Nusa Tenggara Timur,19,15350.0,True,15300.0,1150.0,2025-03
2025-03-22,Kalimantan Barat,20,16500.0,True,15300.0,1150.0,2025-03
2025-03-22,Kalimantan Selatan,21,17100.0,True,15300.0,1150.0,2025-03
2025-03-22,Kalimantan Tengah,22,17550.0,True,15300.0,1150.0,2025-03
2025-03-22,Kalimantan Timur,23,15950.0,True,15300.0,1150.0,2025-03
2025-03-22,Kalimantan Utara,24,16550.0,True,15300.0,1150.0,2025-03
2025-03-22,Gorontalo,25,14750.0,True,15300.0,1150.0,2025-03
2025-03-22,Sulawesi Selatan,26,13550.0,True,15300.0,1150.0,2025-03
2025-03-22,Sulawesi Tenggara,27,15100.0,True,15300.0,1150.0,2025-03
2025-03-22,Sulawesi Tengah,28,14550.0,True,15300.0,1150.0,2025-03
2025-03-22,Sulawesi Utara,29,14150.0,True,15300.0,1150.0,2025-03
2025-03-22,Sulawesi Barat,30,13500.0,True,15300.0,1150.0,2025-03
2025-03-22,Maluku,31,16150.0,True,15300.0,1150.0,2025-03
2025-03-22,Maluku Utara,32,16700.0,True,15300.0,1150.0,2025-03
2025-03-22,Papua,33,18100.0,True,15300.0,1150.0,2025-03
2025-03-22,Papua Barat,34,16450.0,True,15300.0,1150.0,2025-03
2025-03-23,Aceh,1,13750.0,True,15300.0,1150.0,2025-03
2025-03-23,Sumatera Utara,2,13850.0,True,15300.0,1150.0,2025-03
2025-03-23,Sumatera Barat,3,17100.0,True,15300.0,1150.0,2025-03
2025-03-23,Riau,4,16050.0,True,15300.0,1150.0,2025-03
2025-03-23,Kepulauan Riau,5,15100.0,True,15300.0,1150.0,2025-03
2025-03-23,Jambi,6,15050.0,True,15300.0,1150.0,2025-03
2025-03-23,Bengkulu,7,15250.0,True,15300.0,1150.0,2025-03
2025-03-23,Sumatera Selatan,8,14950.0,True,15300.0,1150.0,2025-03
2025-03-23,Kepulauan Bangka Belitung,9,15000.0,True,15300.0,1150.0,2025-03
2025-03-23,Lampung,10,14750.0,True,15300.0,1150.0,2025-03
2025-03-23,Banten,11,14850.0,True,15300.0,1150.0,2025-03
2025-03-23,Jawa Barat,12,14600.0,True,15300.0,1150.0,2025-03
2025-03-23,DKI Jakarta,13,15700.0,True,15300.0,1150.0,2025-03
2025-03-23,Jawa Tengah,14,14750.0,True,15300.0,1150.0,2025-03
2025-03-23,DI Yogyakarta,15,14300.0,True,15300.0,1150.0,2025-03
2025-03-23,Jawa Timur,16,14200.0,True,15300.0,1150.0,2025-03
2025-03-23,Bali,17,15350.0,True,15300.0,1150.0,2025-03
2025-03-23,Nusa Tenggara Barat,18,13900.0,True,15300.0,1150.0,2025-03
2025-03-23,Nusa Tenggara Timur,19,15350.0,True,15300.0,1150.0,2025-03
2025-03-23,Kalimantan Barat,20,16500.0,True,15300.0,1150.0,2025-03
2025-03-23,Kalimantan Selatan,21,17100.0,True,15300.0,1150.0,2025-03
2025-03-23,Kalimantan Tengah,22,17550.0,True,15300.0,1150.0,2025-03
2025-03-23,Kalimantan Timur,23,15950.0,True,15300.0,1150.0,2025-03
2025-03-23,Kalimantan Utara,24,16550.0,True,15300.0,1150.0,2025-03
2025-03-23,Gorontalo,25,14750.0,True,15300.0,1150.0,2025-03
2025-03-23,Sulawesi Selatan,26,13550.0,True,15300.0,1150.0,2025-03
2025-03-23,Sulawesi Tenggara,27,15100.0,True,15300.0,1150.0,2025-03
2025-03-23,Sulawesi Tengah,28,14550.0,True,15300.0,1150.0,2025-03
2025-03-23,Sulawesi Utara,29,14150.0,True,15300.0,1150.0,2025-03
2025-03-23,Sulawesi Barat,30,13500.0,True,15300.0,1150.0,2025-03
2025-03-23,Maluku,31,16150.0,True,15300.0,1150.0,2025-03
2025-03-23,Maluku Utara,32,16700.0,True,15300.0,1150.0,2025-03
2025-03-23,Papua,33,18100.0,True,15300.0,1150.0,2025-03
2025-03-23,Papua Barat,34,16450.0,True,15300.0,1150.0,2025-03
2025-03-24,Aceh,1,13750.0,True,15300.0,1150.0,2025-03
2025-03-24,Sumatera Utara,2,13950.0,True,15300.0,1150.0,2025-03
2025-03-24,Sumatera Barat,3,17100.0,True,15300.0,1150.0,2025-03
2025-03-24,Riau,4,16050.0,True,15300.0,1150.0,2025-03
2025-03-24,Kepulauan Riau,5,15100.0,True,15300.0,1150.0,2025-03
2025-03-24,Jambi,6,15050.0,True,15300.0,1150.0,2025-03
2025-03-24,Bengkulu,7,15250.0,True,15300.0,1150.0,2025-03
2025-03-24,Sumatera Selatan,8,14950.0,True,15300.0,1150.0,2025-03
2025-03-24,Kepulauan Bangka Belitung,9,15000.0,True,15300.0,1150.0,2025-03
2025-03-24,Lampung,10,14750.0,True,15300.0,1150.0,2025-03
2025-03-24,Banten,11,14850.0,True,15300.0,1150.0,2025-03
2025-03-24,Jawa Barat,12,14600.0,True,15300.0,1150.0,2025-03
2025-03-24,DKI Jakarta,13,15700.0,True,15300.0,1150.0,2025-03
2025-03-24,Jawa Tengah,14,14750.0,True,15300.0,1150.0,2025-03
2025-03-24,DI Yogyakarta,15,14300.0,True,15300.0,1150.0,2025-03
2025-03-24,Jawa Timur,16,14250.0,True,15300.0,1150.0,2025-03
2025-03-24,Bali,17,15350.0,True,15300.0,1150.0,2025-03
2025-03-24,Nusa Tenggara Barat,18,13900.0,True,15300.0,1150.0,2025-03
2025-03-24,Nusa Tenggara Timur,19,15400.0,True,15300.0,1150.0,2025-03
2025-03-24,Kalimantan Barat,20,16500.0,True,15300.0,1150.0,2025-03
2025-03-24,Kalimantan Selatan,21,17100.0,True,15300.0,1150.0,2025-03
2025-03-24,Kalimantan Tengah,22,17650.0,True,15300.0,1150.0,2025-03
2025-03-24,Kalimantan Timur,23,15950.0,True,15300.0,1150.0,2025-03
2025-03-24,Kalimantan Utara,24,16550.0,True,15300.0,1150.0,2025-03
2025-03-24,Gorontalo,25,14750.0,True,15300.0,1150.0,2025-03
2025-03-24,Sulawesi Selatan,26,13550.0,True,15300.0,1150.0,2025-03
2025-03-24,Sulawesi Tenggara,27,15100.0,True,15300.0,1150.0,2025-03
2025-03-24,Sulawesi Tengah,28,14550.0,True,15300.0,1150.0,2025-03
2025-03-24,Sulawesi Utara,29,14150.0,True,15300.0,1150.0,2025-03
2025-03-24,Sulawesi Barat,30,13500.0,True,15300.0,1150.0,2025-03
2025-03-24,Maluku,31,16150.0,True,15300.0,1150.0,2025-03
2025-03-24,Maluku Utara,32,16700.0,True,15300.0,1150.0,2025-03
2025-03-24,Papua,33,18100.0,True,15300.0,1150.0,2025-03
2025-03-24,Papua Barat,34,16400.0,True,15300.0,1150.0,2025-03
2025-03-25,Aceh,1,13750.0,True,15300.0,1150.0,2025-03
2025-03-25,Sumatera Utara,2,13950.0,True,15300.0,1150.0,2025-03
2025-03-25,Sumatera Barat,3,17100.0,True,15300.0,1150.0,2025-03
2025-03-25,Riau,4,16050.0,True,15300.0,1150.0,2025-03
2025-03-25,Kepulauan Riau,5,15100.0,True,15300.0,1150.0,2025-03
2025-03-25,Jambi,6,15050.0,True,15300.0,1150.0,2025-03
2025-03-25,Bengkulu,7,15250.0,True,15300.0,1150.0,2025-03
2025-03-25,Sumatera Selatan,8,14950.0,True,15300.0,1150.0,2025-03
2025-03-25,Kepulauan Bangka Belitung,9,15000.0,True,15300.0,1150.0,2025-03
2025-03-25,Lampung,10,14750.0,True,15300.0,1150.0,2025-03
2025-03-25,Banten,11,14850.0,True,15300.0,1150.0,2025-03
2025-03-25,Jawa Barat,12,14600.0,True,15300.0,1150.0,2025-03
2025-03-25,DKI Jakarta,13,15700.0,True,15300.0,1150.0,2025-03
2025-03-25,Jawa Tengah,14,14750.0,True,15300.0,1150.0,2025-03
2025-03-25,DI Yogyakarta,15,14300.0,True,15300.0,1150.0,2025-03
2025-03-25,Jawa Timur,16,14250.0,True,15300.0,1150.0,2025-03
2025-03-25,Bali,17,15350.0,True,15300.0,1150.0,2025-03
2025-03-25,Nusa Tenggara Barat,18,13900.0,True,15300.0,1150.0,2025-03
2025-03-25,Nusa Tenggara Timur,19,15400.0,True,15300.0,1150.0,2025-03
2025-03-25,Kalimantan Barat,20,16500.0,True,15300.0,1150.0,2025-03
2025-03-25,Kalimantan Selatan,21,17100.0,True,15300.0,1150.0,2025-03
2025-03-25,Kalimantan Tengah,22,17650.0,True,15300.0,1150.0,2025-03
2025-03-25,Kalimantan Timur,23,15950.0,True,15300.0,1150.0,2025-03
2025-03-25,Kalimantan Utara,24,16550.0,True,15300.0,1150.0,2025-03
2025-03-25,Gorontalo,25,14750.0,True,15300.0,1150.0,2025-03
2025-03-25,Sulawesi Selatan,26,13550.0,True,15300.0,1150.0,2025-03
2025-03-25,Sulawesi Tenggara,27,15100.0,True,15300.0,1150.0,2025-03
2025-03-25,Sulawesi Tengah,28,14550.0,True,15300.0,1150.0,2025-03
2025-03-25,Sulawesi Utara,29,14150.0,True,15300.0,1150.0,2025-03
2025-03-25,Sulawesi Barat,30,13500.0,True,15300.0,1150.0,2025-03
2025-03-25,Maluku,31,16150.0,True,15300.0,1150.0,2025-03
2025-03-25,Maluku Utara,32,16700.0,True,15300.0,1150.0,2025-03
2025-03-25,Papua,33,18100.0,True,15300.0,1150.0,2025-03
2025-03-25,Papua Barat,34,16400.0,True,15300.0,1150.0,2025-03
2025-03-26,Aceh,1,13750.0,True,15300.0,1150.0,2025-03
2025-03-26,Sumatera Utara,2,13950.0,True,15300.0,1150.0,2025-03
2025-03-26,Sumatera Barat,3,17100.0,True,15300.0,1150.0,2025-03
2025-03-26,Riau,4,16050.0,True,15300.0,1150.0,2025-03
2025-03-26,Kepulauan Riau,5,15150.0,True,15300.0,1150.0,2025-03
2025-03-26,Jambi,6,15050.0,True,15300.0,1150.0,2025-03
2025-03-26,Bengkulu,7,15250.0,True,15300.0,1150.0,2025-03
2025-03-26,Sumatera Selatan,8,14950.0,True,15300.0,1150.0,2025-03
2025-03-26,Kepulauan Bangka Belitung,9,15000.0,True,15300.0,1150.0,2025-03
2025-03-26,Lampung,10,14750.0,True,15300.0,1150.0,2025-03
2025-03-26,Banten,11,14850.0,True,15300.0,1150.0,2025-03
2025-03-26,Jawa Barat,12,14600.0,True,15300.0,1150.0,2025-03
2025-03-26,DKI Jakarta,13,15700.0,True,15300.0,1150.0,2025-03
2025-03-26,Jawa Tengah,14,14750.0,True,15300.0,1150.0,2025-03
2025-03-26,DI Yogyakarta,15,14300.0,True,15300.0,1150.0,2025-03
2025-03-26,Jawa Timur,16,14250.0,True,15300.0,1150.0,2025-03
2025-03-26,Bali,17,15350.0,True,15300.0,1150.0,2025-03
2025-03-26,Nusa Tenggara Barat,18,13900.0,True,15300.0,1150.0,2025-03
2025-03-26,Nusa Tenggara Timur,19,15400.0,True,15300.0,1150.0,2025-03
2025-03-26,Kalimantan Barat,20,16550.0,True,15300.0,1150.0,2025-03
2025-03-26,Kalimantan Selatan,21,17100.0,True,15300.0,1150.0,2025-03
2025-03-26,Kalimantan Tengah,22,17650.0,True,15300.0,1150.0,2025-03
2025-03-26,Kalimantan Timur,23,15950.0,True,15300.0,1150.0,2025-03
2025-03-26,Kalimantan Utara,24,16550.0,True,15300.0,1150.0,2025-03
2025-03-26,Gorontalo,25,14750.0,True,15300.0,1150.0,2025-03
2025-03-26,Sulawesi Selatan,26,13550.0,True,15300.0,1150.0,2025-03
2025-03-26,Sulawesi Tenggara,27,15100.0,True,15300.0,1150.0,2025-03
2025-03-26,Sulawesi Tengah,28,14550.0,True,15300.0,1150.0,2025-03
2025-03-26,Sulawesi Utara,29,14150.0,True,15300.0,1150.0,2025-03
2025-03-26,Sulawesi Barat,30,13500.0,True,15300.0,1150.0,2025-03
2025-03-26,Maluku,31,16150.0,True,15300.0,1150.0,2025-03
2025-03-26,Maluku Utara,32,16700.0,True,15300.0,1150.0,2025-03
2025-03-26,Papua,33,18100.0,True,15300.0,1150.0,2025-03
2025-03-26,Papua Barat,34,16400.0,True,15300.0,1150.0,2025-03
2025-03-27,Aceh,1,13750.0,True,15300.0,2800.0,2025-03
2025-03-27,Sumatera Utara,2,13950.0,True,15300.0,2800.0,2025-03
2025-03-27,Sumatera Barat,3,17100.0,True,15300.0,2800.0,2025-03
2025-03-27,Riau,4,16050.0,True,15300.0,2800.0,2025-03
2025-03-27,Kepulauan Riau,5,15100.0,True,15300.0,2800.0,2025-03
2025-03-27,Jambi,6,15050.0,True,15300.0,2800.0,2025-03
2025-03-27,Bengkulu,7,15300.0,True,15300.0,2800.0,2025-03
2025-03-27,Sumatera Selatan,8,14950.0,True,15300.0,2800.0,2025-03
2025-03-27,Kepulauan Bangka Belitung,9,15000.0,True,15300.0,2800.0,2025-03
2025-03-27,Lampung,10,14750.0,True,15300.0,2800.0,2025-03
2025-03-27,Banten,11,14850.0,True,15300.0,2800.0,2025-03
2025-03-27,Jawa Barat,12,14600.0,True,15300.0,2800.0,2025-03
2025-03-27,DKI Jakarta,13,15700.0,True,15300.0,2800.0,2025-03
2025-03-27,Jawa Tengah,14,14750.0,True,15300.0,2800.0,2025-03
2025-03-27,DI Yogyakarta,15,14300.0,True,15300.0,2800.0,2025-03
2025-03-27,Jawa Timur,16,14250.0,True,15300.0,2800.0,2025-03
2025-03-27,Bali,17,15350.0,True,15300.0,2800.0,2025-03
2025-03-27,Nusa Tenggara Barat,18,13900.0,True,15300.0,2800.0,2025-03
2025-03-27,Nusa Tenggara Timur,19,15400.0,True,15300.0,2800.0,2025-03
2025-03-27,Kalimantan Barat,20,16550.0,True,15300.0,2800.0,2025-03
2025-03-27,Kalimantan Selatan,21,17100.0,True,15300.0,2800.0,2025-03
2025-03-27,Kalimantan Tengah,22,17650.0,True,15300.0,2800.0,2025-03
2025-03-27,Kalimantan Timur,23,16000.0,True,15300.0,2800.0,2025-03
2025-03-27,Kalimantan Utara,24,16550.0,True,15300.0,2800.0,2025-03
2025-03-27,Gorontalo,25,14750.0,True,15300.0,2800.0,2025-03
2025-03-27,Sulawesi Selatan,26,13550.0,True,15300.0,2800.0,2025-03
2025-03-27,Sulawesi Tenggara,27,15100.0,True,15300.0,2800.0,2025-03
2025-03-27,Sulawesi Tengah,28,14550.0,True,15300.0,2800.0,2025-03
2025-03-27,Sulawesi Utara,29,14150.0,True,15300.0,2800.0,2025-03
2025-03-27,Sulawesi Barat,30,13500.0,True,15300.0,2800.0,2025-03
2025-03-27,Maluku,31,16150.0,True,15300.0,2800.0,2025-03
2025-03-27,Papua,33,18100.0,True,15300.0,2800.0,2025-03
2025-03-27,Papua Barat,34,16400.0,True,15300.0,2800.0,2025-03
2025-03-28,Aceh,1,13750.0,True,15200.0,3750.0,2025-03
2025-03-28,Sumatera Utara,2,13950.0,True,15200.0,3750.0,2025-03
2025-03-28,Sumatera Barat,3,16800.0,True,15200.0,3750.0,2025-03
2025-03-28,Riau,4,16050.0,True,15200.0,3750.0,2025-03
2025-03-28,Kepulauan Riau,5,15100.0,True,15200.0,3750.0,2025-03
2025-03-28,Jambi,6,15050.0,True,15200.0,3750.0,2025-03
2025-03-28,Bengkulu,7,15300.0,True,15200.0,3750.0,2025-03
2025-03-28,Sumatera Selatan,8,14950.0,True,15200.0,3750.0,2025-03
2025-03-28,Kepulauan Bangka Belitung,9,15000.0,True,15200.0,3750.0,2025-03
2025-03-28,Lampung,10,14750.0,True,15200.0,3750.0,2025-03
2025-03-28,Banten,11,14850.0,True,15200.0,3750.0,2025-03
2025-03-28,Jawa Barat,12,14600.0,True,15200.0,3750.0,2025-03
2025-03-28,DKI Jakarta,13,15700.0,True,15200.0,3750.0,2025-03
2025-03-28,Jawa Tengah,14,14650.0,True,15200.0,3750.0,2025-03
2025-03-28,DI Yogyakarta,15,14300.0,True,15200.0,3750.0,2025-03
2025-03-28,Jawa Timur,16,14250.0,True,15200.0,3750.0,2025-03
2025-03-28,Bali,17,15350.0,True,15200.0,3750.0,2025-03
2025-03-28,Nusa Tenggara Barat,18,13900.0,True,15200.0,3750.0,2025-03
2025-03-28,Nusa Tenggara Timur,19,15400.0,True,15200.0,3750.0,2025-03
2025-03-28,Kalimantan Barat,20,16550.0,True,15200.0,3750.0,2025-03
2025-03-28,Kalimantan Selatan,21,17100.0,True,15200.0,3750.0,2025-03
2025-03-28,Kalimantan Timur,23,15850.0,True,15200.0,3750.0,2025-03
2025-03-28,Kalimantan Utara,24,16550.0,True,15200.0,3750.0,2025-03
2025-03-28,Gorontalo,25,14750.0,True,15200.0,3750.0,2025-03
2025-03-28,Sulawesi Selatan,26,13550.0,True,15200.0,3750.0,2025-03
2025-03-28,Sulawesi Tenggara,27,15100.0,True,15200.0,3750.0,2025-03
2025-03-28,Sulawesi Tengah,28,14550.0,True,15200.0,3750.0,2025-03
2025-03-28,Sulawesi Utara,29,14150.0,True,15200.0,3750.0,2025-03
2025-03-28,Sulawesi Barat,30,13500.0,True,15200.0,3750.0,2025-03
2025-03-28,Maluku,31,16150.0,True,15200.0,3750.0,2025-03
2025-03-28,Papua,33,18150.0,True,15200.0,3750.0,2025-03
2025-03-28,Papua Barat,34,16400.0,True,15200.0,3750.0,2025-03
2025-03-29,Aceh,1,13750.0,True,15200.0,3750.0,2025-03
2025-03-29,Sumatera Utara,2,13950.0,True,15200.0,3750.0,2025-03
2025-03-29,Sumatera Barat,3,16800.0,True,15200.0,3750.0,2025-03
2025-03-29,Riau,4,16050.0,True,15200.0,3750.0,2025-03
2025-03-29,Kepulauan Riau,5,15100.0,True,15200.0,3750.0,2025-03
2025-03-29,Jambi,6,15050.0,True,15200.0,3750.0,2025-03
2025-03-29,Bengkulu,7,15300.0,True,15200.0,3750.0,2025-03
2025-03-29,Sumatera Selatan,8,14950.0,True,15200.0,3750.0,2025-03
2025-03-29,Kepulauan Bangka Belitung,9,15000.0,True,15200.0,3750.0,2025-03
2025-03-29,Lampung,10,14750.0,True,15200.0,3750.0,2025-03
2025-03-29,Banten,11,14850.0,True,15200.0,3750.0,2025-03
2025-03-29,Jawa Barat,12,14600.0,True,15200.0,3750.0,2025-03
2025-03-29,DKI Jakarta,13,15700.0,True,15200.0,3750.0,2025-03
2025-03-29,Jawa Tengah,14,14650.0,True,15200.0,3750.0,2025-03
2025-03-29,DI Yogyakarta,15,14300.0,True,15200.0,3750.0,2025-03
2025-03-29,Jawa Timur,16,14250.0,True,15200.0,3750.0,2025-03
2025-03-29,Bali,17,15350.0,True,15200.0,3750.0,2025-03
2025-03-29,Nusa Tenggara Barat,18,13900.0,True,15200.0,3750.0,2025-03
2025-03-29,Nusa Tenggara Timur,19,15400.0,True,15200.0,3750.0,2025-03
2025-03-29,Kalimantan Barat,20,16550.0,True,15200.0,3750.0,2025-03
2025-03-29,Kalimantan Selatan,21,17100.0,True,15200.0,3750.0,2025-03
2025-03-29,Kalimantan Timur,23,15850.0,True,15200.0,3750.0,2025-03
2025-03-29,Kalimantan Utara,24,16550.0,True,15200.0,3750.0,2025-03
2025-03-29,Gorontalo,25,14750.0,True,15200.0,3750.0,2025-03
2025-03-29,Sulawesi Selatan,26,13550.0,True,15200.0,3750.0,2025-03
2025-03-29,Sulawesi Tenggara,27,15100.0,True,15200.0,3750.0,2025-03
2025-03-29,Sulawesi Tengah,28,14550.0,True,15200.0,3750.0,2025-03
2025-03-29,Sulawesi Utara,29,14150.0,True,15200.0,3750.0,2025-03
2025-03-29,Sulawesi Barat,30,13500.0,True,15200.0,3750.0,2025-03
2025-03-29,Maluku,31,16150.0,True,15200.0,3750.0,2025-03
2025-03-29,Papua,33,18150.0,True,15200.0,3750.0,2025-03
2025-03-29,Papua Barat,34,16400.0,True,15200.0,3750.0,2025-03
2025-03-31,Aceh,1,14000.0,True,15200.0,3700.0,2025-03
2025-03-31,Sumatera Utara,2,13950.0,True,15200.0,3700.0,2025-03
2025-03-31,Sumatera Barat,3,16250.0,True,15200.0,3700.0,2025-03
2025-03-31,Riau,4,16050.0,True,15200.0,3700.0,2025-03
2025-03-31,Kepulauan Riau,5,15100.0,True,15200.0,3700.0,2025-03
2025-03-31,Jambi,6,15050.0,True,15200.0,3700.0,2025-03
2025-03-31,Bengkulu,7,15300.0,True,15200.0,3700.0,2025-03
2025-03-31,Sumatera Selatan,8,14950.0,True,15200.0,3700.0,2025-03
2025-03-31,Kepulauan Bangka Belitung,9,15000.0,True,15200.0,3700.0,2025-03
2025-03-31,Lampung,10,14750.0,True,15200.0,3700.0,2025-03
2025-03-31,Banten,11,14850.0,True,15200.0,3700.0,2025-03
2025-03-31,Jawa Barat,12,14600.0,True,15200.0,3700.0,2025-03
2025-03-31,DKI Jakarta,13,15700.0,True,15200.0,3700.0,2025-03
2025-03-31,Jawa Tengah,14,14600.0,True,15200.0,3700.0,2025-03
2025-03-31,DI Yogyakarta,15,14300.0,True,15200.0,3700.0,2025-03
2025-03-31,Jawa Timur,16,14250.0,True,15200.0,3700.0,2025-03
2025-03-31,Bali,17,15350.0,True,15200.0,3700.0,2025-03
2025-03-31,Nusa Tenggara Barat,18,13900.0,True,15200.0,3700.0,2025-03
2025-03-31,Nusa Tenggara Timur,19,15400.0,True,15200.0,3700.0,2025-03
2025-03-31,Kalimantan Barat,20,16550.0,True,15200.0,3700.0,2025-03
2025-03-31,Kalimantan Selatan,21,17100.0,True,15200.0,3700.0,2025-03
2025-03-31,Kalimantan Timur,23,15850.0,True,15200.0,3700.0,2025-03
2025-03-31,Kalimantan Utara,24,16500.0,True,15200.0,3700.0,2025-03
2025-03-31,Gorontalo,25,14750.0,True,15200.0,3700.0,2025-03
2025-03-31,Sulawesi Selatan,26,13550.0,True,15200.0,3700.0,2025-03
2025-03-31,Sulawesi Tenggara,27,15100.0,True,15200.0,3700.0,2025-03
2025-03-31,Sulawesi Tengah,28,14550.0,True,15200.0,3700.0,2025-03
2025-03-31,Sulawesi Utara,29,14150.0,True,15200.0,3700.0,2025-03
2025-03-31,Sulawesi Barat,30,13500.0,True,15200.0,3700.0,2025-03
2025-03-31,Maluku,31,16150.0,True,15200.0,3700.0,2025-03
2025-03-31,Papua,33,18150.0,True,15200.0,3700.0,2025-03
2025-03-31,Papua Barat,34,16400.0,True,15200.0,3700.0,2025-03
2025-04-01,Aceh,1,13750.0,True,15300.0,1150.0,2025-04
2025-04-01,Sumatera Utara,2,13950.0,True,15300.0,1150.0,2025-04
2025-04-01,Sumatera Barat,3,17100.0,True,15300.0,1150.0,2025-04
2025-04-01,Riau,4,16050.0,True,15300.0,1150.0,2025-04
2025-04-01,Kepulauan Riau,5,15100.0,True,15300.0,1150.0,2025-04
2025-04-01,Jambi,6,15050.0,True,15300.0,1150.0,2025-04
2025-04-01,Bengkulu,7,15300.0,True,15300.0,1150.0,2025-04
2025-04-01,Sumatera Selatan,8,14950.0,True,15300.0,1150.0,2025-04
2025-04-01,Kepulauan Bangka Belitung,9,15000.0,True,15300.0,1150.0,2025-04
2025-04-01,Lampung,10,14750.0,True,15300.0,1150.0,2025-04
2025-04-01,Banten,11,14850.0,True,15300.0,1150.0,2025-04
2025-04-01,Jawa Barat,12,14600.0,True,15300.0,1150.0,2025-04
2025-04-01,DKI Jakarta,13,15700.0,True,15300.0,1150.0,2025-04
2025-04-01,Jawa Tengah,14,14750.0,True,15300.0,1150.0,2025-04
2025-04-01,DI Yogyakarta,15,14300.0,True,15300.0,1150.0,2025-04
2025-04-01,Jawa Timur,16,14250.0,True,15300.0,1150.0,2025-04
2025-04-01,Bali,17,15350.0,True,15300.0,1150.0,2025-04
2025-04-01,Nusa Tenggara Barat,18,13900.0,True,15300.0,1150.0,2025-04
2025-04-01,Nusa Tenggara Timur,19,15400.0,True,15300.0,1150.0,2025-04
2025-04-01,Kalimantan Barat,20,16550.0,True,15300.0,1150.0,2025-04
2025-04-01,Kalimantan Selatan,21,17100.0,True,15300.0,1150.0,2025-04
2025-04-01,Kalimantan Tengah,22,17650.0,True,15300.0,1150.0,2025-04
2025-04-01,Kalimantan Timur,23,16000.0,True,15300.0,1150.0,2025-04
2025-04-01,Kalimantan Utara,24,16550.0,True,15300.0,1150.0,2025-04
2025-04-01,Gorontalo,25,14750.0,True,15300.0,1150.0,2025-04
2025-04-01,Sulawesi Selatan,26,13550.0,True,15300.0,1150.0,2025-04
2025-04-01,Sulawesi Tenggara,27,15100.0,True,15300.0,1150.0,2025-04
2025-04-01,Sulawesi Tengah,28,14550.0,True,15300.0,1150.0,2025-04
2025-04-01,Sulawesi Utara,29,14150.0,True,15300.0,1150.0,2025-04
2025-04-01,Sulawesi Barat,30,13500.0,True,15300.0,1150.0,2025-04
2025-04-01,Maluku,31,16150.0,True,15300.0,1150.0,2025-04
2025-04-01,Maluku Utara,32,16700.0,True,15300.0,1150.0,2025-04
2025-04-01,Papua,33,18100.0,True,15300.0,1150.0,2025-04
2025-04-01,Papua Barat,34,16400.0,True,15300.0,1150.0,2025-04
2025-04-02,Aceh,1,13750.0,True,15300.0,1150.0,2025-04
2025-04-02,Sumatera Utara,2,13950.0,True,15300.0,1150.0,2025-04
2025-04-02,Sumatera Barat,3,17100.0,True,15300.0,1150.0,2025-04
2025-04-02,Riau,4,16050.0,True,15300.0,1150.0,2025-04
2025-04-02,Kepulauan Riau,5,15100.0,True,15300.0,1150.0,2025-04
2025-04-02,Jambi,6,15050.0,True,15300.0,1150.0,2025-04
2025-04-02,Bengkulu,7,15300.0,True,15300.0,1150.0,2025-04
2025-04-02,Sumatera Selatan,8,14950.0,True,15300.0,1150.0,2025-04
2025-04-02,Kepulauan Bangka Belitung,9,15000.0,True,15300.0,1150.0,2025-04
2025-04-02,Lampung,10,14750.0,True,15300.0,1150.0,2025-04
2025-04-02,Banten,11,14850.0,True,15300.0,1150.0,2025-04
2025-04-02,Jawa Barat,12,14600.0,True,15300.0,1150.0,2025-04
2025-04-02,DKI Jakarta,13,15700.0,True,15300.0,1150.0,2025-04
2025-04-02,Jawa Tengah,14,14750.0,True,15300.0,1150.0,2025-04
2025-04-02,DI Yogyakarta,15,14300.0,True,15300.0,1150.0,2025-04
2025-04-02,Jawa Timur,16,14250.0,True,15300.0,1150.0,2025-04
2025-04-02,Bali,17,15350.0,True,15300.0,1150.0,2025-04
2025-04-02,Nusa Tenggara Barat,18,13900.0,True,15300.0,1150.0,2025-04
2025-04-02,Nusa Tenggara Timur,19,15400.0,True,15300.0,1150.0,2025-04
2025-04-02,Kalimantan Barat,20,16550.0,True,15300.0,1150.0,2025-04
2025-04-02,Kalimantan Selatan,21,17100.0,True,15300.0,1150.0,2025-04
2025-04-02,Kalimantan Tengah,22,17650.0,True,15300.0,1150.0,2025-04
2025-04-02,Kalimantan Timur,23,16000.0,True,15300.0,1150.0,2025-04
2025-04-02,Kalimantan Utara,24,16550.0,True,15300.0,1150.0,2025-04
2025-04-02,Gorontalo,25,14750.0,True,15300.0,1150.0,2025-04
2025-04-02,Sulawesi Selatan,26,13550.0,True,15300.0,1150.0,2025-04
2025-04-02,Sulawesi Tenggara,27,15100.0,True,15300.0,1150.0,2025-04
2025-04-02,Sulawesi Tengah,28,14550.0,True,15300.0,1150.0,2025-04
2025-04-02,Sulawesi Utara,29,14150.0,True,15300.0,1150.0,2025-04
2025-04-02,Sulawesi Barat,30,13500.0,True,15300.0,1150.0,2025-04
2025-04-02,Maluku,31,16150.0,True,15300.0,1150.0,2025-04
2025-04-02,Maluku Utara,32,16700.0,True,15300.0,1150.0,2025-04
2025-04-02,Papua,33,18100.0,True,15300.0,1150.0,2025-04
2025-04-02,Papua Barat,34,16450.0,True,15300.0,1150.0,2025-04
2025-04-03,Aceh,1,13750.0,True,15350.0,1200.0,2025-04
2025-04-03,Sumatera Utara,2,13950.0,True,15350.0,1200.0,2025-04
2025-04-03,Sumatera Barat,3,17100.0,True,15350.0,1200.0,2025-04
2025-04-03,Riau,4,16050.0,True,15350.0,1200.0,2025-04
2025-04-03,Kepulauan Riau,5,15100.0,True,15350.0,1200.0,2025-04
2025-04-03,Jambi,6,15050.0,True,15350.0,1200.0,2025-04
2025-04-03,Bengkulu,7,15300.0,True,15350.0,1200.0,2025-04
2025-04-03,Sumatera Selatan,8,14950.0,True,15350.0,1200.0,2025-04
2025-04-03,Kepulauan Bangka Belitung,9,15000.0,True,15350.0,1200.0,2025-04
2025-04-03,Lampung,10,14750.0,True,15350.0,1200.0,2025-04
2025-04-03,Banten,11,14850.0,True,15350.0,1200.0,2025-04
2025-04-03,Jawa Barat,12,14600.0,True,15350.0,1200.0,2025-04
2025-04-03,DKI Jakarta,13,15700.0,True,15350.0,1200.0,2025-04
2025-04-03,Jawa Tengah,14,14750.0,True,15350.0,1200.0,2025-04
2025-04-03,DI Yogyakarta,15,14300.0,True,15350.0,1200.0,2025-04
2025-04-03,Jawa Timur,16,14250.0,True,15350.0,1200.0,2025-04
2025-04-03,Bali,17,15350.0,True,15350.0,1200.0,2025-04
2025-04-03,Nusa Tenggara Barat,18,13900.0,True,15350.0,1200.0,2025-04
2025-04-03,Nusa Tenggara Timur,19,15400.0,True,15350.0,1200.0,2025-04
2025-04-03,Kalimantan Barat,20,16550.0,True,15350.0,1200.0,2025-04
2025-04-03,Kalimantan Selatan,21,17100.0,True,15350.0,1200.0,2025-04
2025-04-03,Kalimantan Tengah,22,17650.0,True,15350.0,1200.0,2025-04
2025-04-03,Kalimantan Timur,23,16000.0,True,15350.0,1200.0,2025-04
2025-04-03,Kalimantan Utara,24,16900.0,True,15350.0,1200.0,2025-04
2025-04-03,Gorontalo,25,14750.0,True,15350.0,1200.0,2025-04
2025-04-03,Sulawesi Selatan,26,13550.0,True,15350.0,1200.0,2025-04
2025-04-03,Sulawesi Tenggara,27,15100.0,True,15350.0,1200.0,2025-04
2025-04-03,Sulawesi Tengah,28,14550.0,True,15350.0,1200.0,2025-04
2025-04-03,Sulawesi Utara,29,14150.0,True,15350.0,1200.0,2025-04
2025-04-03,Sulawesi Barat,30,13500.0,True,15350.0,1200.0,2025-04
2025-04-03,Maluku,31,16150.0,True,15350.0,1200.0,2025-04
2025-04-03,Maluku Utara,32,16700.0,True,15350.0,1200.0,2025-04
2025-04-03,Papua,33,18100.0,True,15350.0,1200.0,2025-04
2025-04-03,Papua Barat,34,16450.0,True,15350.0,1200.0,2025-04
2025-04-04,Aceh,1,13750.0,True,15300.0,1150.0,2025-04
2025-04-04,Sumatera Utara,2,13950.0,True,15300.0,1150.0,2025-04
2025-04-04,Sumatera Barat,3,17100.0,True,15300.0,1150.0,2025-04
2025-04-04,Riau,4,16050.0,True,15300.0,1150.0,2025-04
2025-04-04,Kepulauan Riau,5,15100.0,True,15300.0,1150.0,2025-04
2025-04-04,Jambi,6,15050.0,True,15300.0,1150.0,2025-04
2025-04-04,Bengkulu,7,15300.0,True,15300.0,1150.0,2025-04
2025-04-04,Sumatera Selatan,8,14950.0,True,15300.0,1150.0,2025-04
2025-04-04,Kepulauan Bangka Belitung,9,15000.0,True,15300.0,1150.0,2025-04
2025-04-04,Lampung,10,14750.0,True,15300.0,1150.0,2025-04
2025-04-04,Banten,11,14850.0,True,15300.0,1150.0,2025-04
2025-04-04,Jawa Barat,12,14600.0,True,15300.0,1150.0,2025-04
2025-04-04,DKI Jakarta,13,15700.0,True,15300.0,1150.0,2025-04
2025-04-04,Jawa Tengah,14,14750.0,True,15300.0,1150.0,2025-04
2025-04-04,DI Yogyakarta,15,14300.0,True,15300.0,1150.0,2025-04
2025-04-04,Jawa Timur,16,14250.0,True,15300.0,1150.0,2025-04
2025-04-04,Bali,17,15350.0,True,15300.0,1150.0,2025-04
2025-04-04,Nusa Tenggara Barat,18,13900.0,True,15300.0,1150.0,2025-04
2025-04-04,Nusa Tenggara Timur,19,15400.0,True,15300.0,1150.0,2025-04
2025-04-04,Kalimantan Barat,20,16550.0,True,15300.0,1150.0,2025-04
2025-04-04,Kalimantan Selatan,21,17100.0,True,15300.0,1150.0,2025-04
2025-04-04,Kalimantan Tengah,22,17650.0,True,15300.0,1150.0,2025-04
2025-04-04,Kalimantan Timur,23,16000.0,True,15300.0,1150.0,2025-04
2025-04-04,Kalimantan Utara,24,16550.0,True,15300.0,1150.0,2025-04
2025-04-04,Gorontalo,25,14750.0,True,15300.0,1150.0,2025-04
2025-04-04,Sulawesi Selatan,26,13550.0,True,15300.0,1150.0,2025-04
2025-04-04,Sulawesi Tenggara,27,15100.0,True,15300.0,1150.0,2025-04
2025-04-04,Sulawesi Tengah,28,14550.0,True,15300.0,1150.0,2025-04
2025-04-04,Sulawesi Utara,29,14150.0,True,15300.0,1150.0,2025-04
2025-04-04,Sulawesi Barat,30,13500.0,True,15300.0,1150.0,2025-04
2025-04-04,Maluku,31,16150.0,True,15300.0,1150.0,2025-04
2025-04-04,Maluku Utara,32,16700.0,True,15300.0,1150.0,2025-04
2025-04-04,Papua,33,18100.0,True,15300.0,1150.0,2025-04
2025-04-04,Papua Barat,34,16500.0,True,15300.0,1150.0,2025-04
2025-04-05,Aceh,1,13750.0,True,15300.0,1150.0,2025-04
2025-04-05,Sumatera Utara,2,13950.0,True,15300.0,1150.0,2025-04
2025-04-05,Sumatera Barat,3,17100.0,True,15300.0,1150.0,2025-04
2025-04-05,Riau,4,16050.0,True,15300.0,1150.0,2025-04
2025-04-05,Kepulauan Riau,5,15100.0,True,15300.0,1150.0,2025-04
2025-04-05,Jambi,6,15050.0,True,15300.0,1150.0,2025-04
2025-04-05,Bengkulu,7,15300.0,True,15300.0,1150.0,2025-04
2025-04-05,Sumatera Selatan,8,14950.0,True,15300.0,1150.0,2025-04
2025-04-05,Kepulauan Bangka Belitung,9,15000.0,True,15300.0,1150.0,2025-04
2025-04-05,Lampung,10,14750.0,True,15300.0,1150.0,2025-04
2025-04-05,Banten,11,14850.0,True,15300.0,1150.0,2025-04
2025-04-05,Jawa Barat,12,14600.0,True,15300.0,1150.0,2025-04
2025-04-05,DKI Jakarta,13,15700.0,True,15300.0,1150.0,2025-04
2025-04-05,Jawa Tengah,14,14750.0,True,15300.0,1150.0,2025-04
2025-04-05,DI Yogyakarta,15,14300.0,True,15300.0,1150.0,2025-04
2025-04-05,Jawa Timur,16,14250.0,True,15300.0,1150.0,2025-04
2025-04-05,Bali,17,15350.0,True,15300.0,1150.0,2025-04
2025-04-05,Nusa Tenggara Barat,18,13900.0,True,15300.0,1150.0,2025-04
2025-04-05,Nusa Tenggara Timur,19,15400.0,True,15300.0,1150.0,2025-04
2025-04-05,Kalimantan Barat,20,16550.0,True,15300.0,1150.0,2025-04
2025-04-05,Kalimantan Selatan,21,17100.0,True,15300.0,1150.0,2025-04
2025-04-05,Kalimantan Tengah,22,17650.0,True,15300.0,1150.0,2025-04
2025-04-05,Kalimantan Timur,23,16000.0,True,15300.0,1150.0,2025-04
2025-04-05,Kalimantan Utara,24,16550.0,True,15300.0,1150.0,2025-04
2025-04-05,Gorontalo,25,14750.0,True,15300.0,1150.0,2025-04
2025-04-05,Sulawesi Selatan,26,13550.0,True,15300.0,1150.0,2025-04
2025-04-05,Sulawesi Tenggara,27,15100.0,True,15300.0,1150.0,2025-04
2025-04-05,Sulawesi Tengah,28,14550.0,True,15300.0,1150.0,2025-04
2025-04-05,Sulawesi Utara,29,14150.0,True,15300.0,1150.0,2025-04
2025-04-05,Sulawesi Barat,30,13500.0,True,15300.0,1150.0,2025-04
2025-04-05,Maluku,31,16150.0,True,15300.0,1150.0,2025-04
2025-04-05,Maluku Utara,32,16700.0,True,15300.0,1150.0,2025-04
2025-04-05,Papua,33,18100.0,True,15300.0,1150.0,2025-04
2025-04-05,Papua Barat,34,16500.0,True,15300.0,1150.0,2025-04
2025-04-06,Aceh,1,13750.0,True,15300.0,1150.0,2025-04
2025-04-06,Sumatera Utara,2,13950.0,True,15300.0,1150.0,2025-04
2025-04-06,Sumatera Barat,3,17100.0,True,15300.0,1150.0,2025-04
2025-04-06,Riau,4,16050.0,True,15300.0,1150.0,2025-04
2025-04-06,Kepulauan Riau,5,15100.0,True,15300.0,1150.0,2025-04
2025-04-06,Jambi,6,15050.0,True,15300.0,1150.0,2025-04
2025-04-06,Bengkulu,7,15300.0,True,15300.0,1150.0,2025-04
2025-04-06,Sumatera Selatan,8,14950.0,True,15300.0,1150.0,2025-04
2025-04-06,Kepulauan Bangka Belitung,9,15000.0,True,15300.0,1150.0,2025-04
2025-04-06,Lampung,10,14750.0,True,15300.0,1150.0,2025-04
2025-04-06,Banten,11,14850.0,True,15300.0,1150.0,2025-04
2025-04-06,Jawa Barat,12,14600.0,True,15300.0,1150.0,2025-04
2025-04-06,DKI Jakarta,13,15700.0,True,15300.0,1150.0,2025-04
2025-04-06,Jawa Tengah,14,14750.0,True,15300.0,1150.0,2025-04
2025-04-06,DI Yogyakarta,15,14300.0,True,15300.0,1150.0,2025-04
2025-04-06,Jawa Timur,16,14250.0,True,15300.0,1150.0,2025-04
2025-04-06,Bali,17,15350.0,True,15300.0,1150.0,2025-04
2025-04-06,Nusa Tenggara Barat,18,13900.0,True,15300.0,1150.0,2025-04
2025-04-06,Nusa Tenggara Timur,19,15400.0,True,15300.0,1150.0,2025-04
2025-04-06,Kalimantan Barat,20,16550.0,True,15300.0,1150.0,2025-04
2025-04-06,Kalimantan Selatan,21,17100.0,True,15300.0,1150.0,2025-04
2025-04-06,Kalimantan Tengah,22,17650.0,True,15300.0,1150.0,2025-04
2025-04-06,Kalimantan Timur,23,16000.0,True,15300.0,1150.0,2025-04
2025-04-06,Kalimantan Utara,24,16550.0,True,15300.0,1150.0,2025-04
2025-04-06,Gorontalo,25,14750.0,True,15300.0,1150.0,2025-04
2025-04-06,Sulawesi Selatan,26,13550.0,True,15300.0,1150.0,2025-04
2025-04-06,Sulawesi Tenggara,27,15100.0,True,15300.0,1150.0,2025-04
2025-04-06,Sulawesi Tengah,28,14550.0,True,15300.0,1150.0,2025-04
2025-04-06,Sulawesi Utara,29,14150.0,True,15300.0,1150.0,2025-04
2025-04-06,Sulawesi Barat,30,13500.0,True,15300.0,1150.0,2025-04
2025-04-06,Maluku,31,16150.0,True,15300.0,1150.0,2025-04
2025-04-06,Maluku Utara,32,16700.0,True,15300.0,1150.0,2025-04
2025-04-06,Papua,33,18100.0,True,15300.0,1150.0,2025-04
2025-04-06,Papua Barat,34,16500.0,True,15300.0,1150.0,2025-04
2025-04-07,Aceh,1,13750.0,True,15350.0,1150.0,2025-04
2025-04-07,Sumatera Utara,2,13950.0,True,15350.0,1150.0,2025-04
2025-04-07,Sumatera Barat,3,17100.0,True,15350.0,1150.0,2025-04
2025-04-07,Riau,4,16050.0,True,15350.0,1150.0,2025-04
2025-04-07,Kepulauan Riau,5,15100.0,True,15350.0,1150.0,2025-04
2025-04-07,Jambi,6,15050.0,True,15350.0,1150.0,2025-04
2025-04-07,Bengkulu,7,15300.0,True,15350.0,1150.0,2025-04
2025-04-07,Sumatera Selatan,8,14950.0,True,15350.0,1150.0,2025-04
2025-04-07,Kepulauan Bangka Belitung,9,15000.0,True,15350.0,1150.0,2025-04
2025-04-07,Lampung,10,14750.0,True,15350.0,1150.0,2025-04
2025-04-07,Banten,11,14850.0,True,15350.0,1150.0,2025-04
2025-04-07,Jawa Barat,12,14600.0,True,15350.0,1150.0,2025-04
2025-04-07,DKI Jakarta,13,15700.0,True,15350.0,1150.0,2025-04
2025-04-07,Jawa Tengah,14,14750.0,True,15350.0,1150.0,2025-04
2025-04-07,DI Yogyakarta,15,14300.0,True,15350.0,1150.0,2025-04
2025-04-07,Jawa Timur,16,14250.0,True,15350.0,1150.0,2025-04
2025-04-07,Bali,17,15350.0,True,15350.0,1150.0,2025-04
2025-04-07,Nusa Tenggara Barat,18,13900.0,True,15350.0,1150.0,2025-04
2025-04-07,Nusa Tenggara Timur,19,15400.0,True,15350.0,1150.0,2025-04
2025-04-07,Kalimantan Barat,20,16550.0,True,15350.0,1150.0,2025-04
2025-04-07,Kalimantan Selatan,21,17100.0,True,15350.0,1150.0,2025-04
2025-04-07,Kalimantan Tengah,22,17650.0,True,15350.0,1150.0,2025-04
2025-04-07,Kalimantan Timur,23,16050.0,True,15350.0,1150.0,2025-04
2025-04-07,Kalimantan Utara,24,16550.0,True,15350.0,1150.0,2025-04
2025-04-07,Gorontalo,25,14750.0,True,15350.0,1150.0,2025-04
2025-04-07,Sulawesi Selatan,26,13550.0,True,15350.0,1150.0,2025-04
2025-04-07,Sulawesi Tenggara,27,15100.0,True,15350.0,1150.0,2025-04
2025-04-07,Sulawesi Tengah,28,14550.0,True,15350.0,1150.0,2025-04
2025-04-07,Sulawesi Utara,29,14150.0,True,15350.0,1150.0,2025-04
2025-04-07,Sulawesi Barat,30,13500.0,True,15350.0,1150.0,2025-04
2025-04-07,Maluku,31,16150.0,True,15350.0,1150.0,2025-04
2025-04-07,Maluku Utara,32,16700.0,True,15350.0,1150.0,2025-04
2025-04-07,Papua,33,18100.0,True,15350.0,1150.0,2025-04
2025-04-07,Papua Barat,34,16550.0,True,15350.0,1150.0,2025-04
2025-04-08,Aceh,1,13800.0,True,15300.0,1200.0,2025-04
2025-04-08,Sumatera Utara,2,13950.0,True,15300.0,1200.0,2025-04
2025-04-08,Sumatera Barat,3,17050.0,True,15300.0,1200.0,2025-04
2025-04-08,Riau,4,16050.0,True,15300.0,1200.0,2025-04
2025-04-08,Kepulauan Riau,5,15100.0,True,15300.0,1200.0,2025-04
2025-04-08,Jambi,6,15050.0,True,15300.0,1200.0,2025-04
2025-04-08,Bengkulu,7,15300.0,True,15300.0,1200.0,2025-04
2025-04-08,Sumatera Selatan,8,14950.0,True,15300.0,1200.0,2025-04
2025-04-08,Kepulauan Bangka Belitung,9,15000.0,True,15300.0,1200.0,2025-04
2025-04-08,Lampung,10,14750.0,True,15300.0,1200.0,2025-04
2025-04-08,Banten,11,14850.0,True,15300.0,1200.0,2025-04
2025-04-08,Jawa Barat,12,14600.0,True,15300.0,1200.0,2025-04
2025-04-08,DKI Jakarta,13,15700.0,True,15300.0,1200.0,2025-04
2025-04-08,Jawa Tengah,14,14750.0,True,15300.0,1200.0,2025-04
2025-04-08,DI Yogyakarta,15,14300.0,True,15300.0,1200.0,2025-04
2025-04-08,Jawa Timur,16,14200.0,True,15300.0,1200.0,2025-04
2025-04-08,Bali,17,15350.0,True,15300.0,1200.0,2025-04
2025-04-08,Nusa Tenggara Barat,18,13900.0,True,15300.0,1200.0,2025-04
2025-04-08,Nusa Tenggara Timur,19,15400.0,True,15300.0,1200.0,2025-04
2025-04-08,Kalimantan Barat,20,16550.0,True,15300.0,1200.0,2025-04
2025-04-08,Kalimantan Selatan,21,17100.0,True,15300.0,1200.0,2025-04
2025-04-08,Kalimantan Tengah,22,17650.0,True,15300.0,1200.0,2025-04
2025-04-08,Kalimantan Timur,23,16000.0,True,15300.0,1200.0,2025-04
2025-04-08,Kalimantan Utara,24,16550.0,True,15300.0,1200.0,2025-04
2025-04-08,Gorontalo,25,14750.0,True,15300.0,1200.0,2025-04
2025-04-08,Sulawesi Selatan,26,13550.0,True,15300.0,1200.0,2025-04
2025-04-08,Sulawesi Tenggara,27,15100.0,True,15300.0,1200.0,2025-04
2025-04-08,Sulawesi Tengah,28,14450.0,True,15300.0,1200.0,2025-04
2025-04-08,Sulawesi Utara,29,14150.0,True,15300.0,1200.0,2025-04
2025-04-08,Sulawesi Barat,30,13500.0,True,15300.0,1200.0,2025-04
2025-04-08,Maluku,31,16150.0,True,15300.0,1200.0,2025-04
2025-04-08,Maluku Utara,32,16700.0,True,15300.0,1200.0,2025-04
2025-04-08,Papua,33,18150.0,True,15300.0,1200.0,2025-04
2025-04-08,Papua Barat,34,16550.0,True,15300.0,1200.0,2025-04
2025-04-09,Aceh,1,13800.0,True,15300.0,1150.0,2025-04
2025-04-09,Sumatera Utara,2,13950.0,True,15300.0,1150.0,2025-04
2025-04-09,Sumatera Barat,3,17050.0,True,15300.0,1150.0,2025-04
2025-04-09,Riau,4,16050.0,True,15300.0,1150.0,2025-04
2025-04-09,Kepulauan Riau,5,15100.0,True,15300.0,1150.0,2025-04
2025-04-09,Jambi,6,15050.0,True,15300.0,1150.0,2025-04
2025-04-09,Bengkulu,7,15300.0,True,15300.0,1150.0,2025-04
2025-04-09,Sumatera Selatan,8,14950.0,True,15300.0,1150.0,2025-04
2025-04-09,Kepulauan Bangka Belitung,9,15000.0,True,15300.0,1150.0,2025-04
2025-04-09,Lampung,10,14750.0,True,15300.0,1150.0,2025-04
2025-04-09,Banten,11,14850.0,True,15300.0,1150.0,2025-04
2025-04-09,Jawa Barat,12,14600.0,True,15300.0,1150.0,2025-04
2025-04-09,DKI Jakarta,13,15700.0,True,15300.0,1150.0,2025-04
2025-04-09,Jawa Tengah,14,14750.0,True,15300.0,1150.0,2025-04
2025-04-09,DI Yogyakarta,15,14300.0,True,15300.0,1150.0,2025-04
2025-04-09,Jawa Timur,16,14200.0,True,15300.0,1150.0,2025-04
2025-04-09,Bali,17,15350.0,True,15300.0,1150.0,2025-04
2025-04-09,Nusa Tenggara Barat,18,13900.0,True,15300.0,1150.0,2025-04
2025-04-09,Nusa Tenggara Timur,19,15400.0,True,15300.0,1150.0,2025-04
2025-04-09,Kalimantan Barat,20,16550.0,True,15300.0,1150.0,2025-04
2025-04-09,Kalimantan Selatan,21,17100.0,True,15300.0,1150.0,2025-04
2025-04-09,Kalimantan Tengah,22,17600.0,True,15300.0,1150.0,2025-04
2025-04-09,Kalimantan Timur,23,16000.0,True,15300.0,1150.0,2025-04
2025-04-09,Kalimantan Utara,24,16550.0,True,15300.0,1150.0,2025-04
2025-04-09,Gorontalo,25,14750.0,True,15300.0,1150.0,2025-04
2025-04-09,Sulawesi Selatan,26,13550.0,True,15300.0,1150.0,2025-04
2025-04-09,Sulawesi Tenggara,27,15150.0,True,15300.0,1150.0,2025-04
2025-04-09,Sulawesi Tengah,28,14450.0,True,15300.0,1150.0,2025-04
2025-04-09,Sulawesi Utara,29,14150.0,True,15300.0,1150.0,2025-04
2025-04-09,Sulawesi Barat,30,13500.0,True,15300.0,1150.0,2025-04
2025-04-09,Maluku,31,16150.0,True,15300.0,1150.0,2025-04
2025-04-09,Maluku Utara,32,16700.0,True,15300.0,1150.0,2025-04
2025-04-09,Papua,33,18150.0,True,15300.0,1150.0,2025-04
2025-04-09,Papua Barat,34,16550.0,True,15300.0,1150.0,2025-04
2025-04-10,Aceh,1,13800.0,True,15300.0,1150.0,2025-04
2025-04-10,Sumatera Utara,2,13950.0,True,15300.0,1150.0,2025-04
2025-04-10,Sumatera Barat,3,17050.0,True,15300.0,1150.0,2025-04
2025-04-10,Riau,4,16050.0,True,15300.0,1150.0,2025-04
2025-04-10,Kepulauan Riau,5,15100.0,True,15300.0,1150.0,2025-04
2025-04-10,Jambi,6,15050.0,True,15300.0,1150.0,2025-04
2025-04-10,Bengkulu,7,15300.0,True,15300.0,1150.0,2025-04
2025-04-10,Sumatera Selatan,8,14950.0,True,15300.0,1150.0,2025-04
2025-04-10,Kepulauan Bangka Belitung,9,15000.0,True,15300.0,1150.0,2025-04
2025-04-10,Lampung,10,14750.0,True,15300.0,1150.0,2025-04
2025-04-10,Banten,11,14850.0,True,15300.0,1150.0,2025-04
2025-04-10,Jawa Barat,12,14600.0,True,15300.0,1150.0,2025-04
2025-04-10,DKI Jakarta,13,15700.0,True,15300.0,1150.0,2025-04
2025-04-10,Jawa Tengah,14,14750.0,True,15300.0,1150.0,2025-04
2025-04-10,DI Yogyakarta,15,14300.0,True,15300.0,1150.0,2025-04
2025-04-10,Jawa Timur,16,14200.0,True,15300.0,1150.0,2025-04
2025-04-10,Bali,17,15350.0,True,15300.0,1150.0,2025-04
2025-04-10,Nusa Tenggara Barat,18,13900.0,True,15300.0,1150.0,2025-04
2025-04-10,Nusa Tenggara Timur,19,15400.0,True,15300.0,1150.0,2025-04
2025-04-10,Kalimantan Barat,20,16250.0,True,15300.0,1150.0,2025-04
2025-04-10,Kalimantan Selatan,21,17100.0,True,15300.0,1150.0,2025-04
2025-04-10,Kalimantan Tengah,22,17600.0,True,15300.0,1150.0,2025-04
2025-04-10,Kalimantan Timur,23,15900.0,True,15300.0,1150.0,2025-04
2025-04-10,Kalimantan Utara,24,16550.0,True,15300.0,1150.0,2025-04
2025-04-10,Gorontalo,25,14750.0,True,15300.0,1150.0,2025-04
2025-04-10,Sulawesi Selatan,26,13550.0,True,15300.0,1150.0,2025-04
2025-04-10,Sulawesi Tenggara,27,15150.0,True,15300.0,1150.0,2025-04
2025-04-10,Sulawesi Tengah,28,14450.0,True,15300.0,1150.0,2025-04
2025-04-10,Sulawesi Utara,29,14250.0,True,15300.0,1150.0,2025-04
2025-04-10,Sulawesi Barat,30,13500.0,True,15300.0,1150.0,2025-04
2025-04-10,Maluku,31,16150.0,True,15300.0,1150.0,2025-04
2025-04-10,Maluku Utara,32,16700.0,True,15300.0,1150.0,2025-04
2025-04-10,Papua,33,18150.0,True,15300.0,1150.0,2025-04
2025-04-10,Papua Barat,34,16550.0,True,15300.0,1150.0,2025-04
2025-04-11,Aceh,1,13800.0,True,15300.0,1150.0,2025-04
2025-04-11,Sumatera Utara,2,13950.0,True,15300.0,1150.0,2025-04
2025-04-11,Sumatera Barat,3,17050.0,True,15300.0,1150.0,2025-04
2025-04-11,Riau,4,16050.0,True,15300.0,1150.0,2025-04
2025-04-11,Kepulauan Riau,5,15100.0,True,15300.0,1150.0,2025-04
2025-04-11,Jambi,6,15050.0,True,15300.0,1150.0,2025-04
2025-04-11,Bengkulu,7,15300.0,True,15300.0,1150.0,2025-04
2025-04-11,Sumatera Selatan,8,14950.0,True,15300.0,1150.0,2025-04
2025-04-11,Kepulauan Bangka Belitung,9,15000.0,True,15300.0,1150.0,2025-04
2025-04-11,Lampung,10,14750.0,True,15300.0,1150.0,2025-04
2025-04-11,Banten,11,14850.0,True,15300.0,1150.0,2025-04
2025-04-11,Jawa Barat,12,14600.0,True,15300.0,1150.0,2025-04
2025-04-11,DKI Jakarta,13,15700.0,True,15300.0,1150.0,2025-04
2025-04-11,Jawa Tengah,14,14750.0,True,15300.0,1150.0,2025-04
2025-04-11,DI Yogyakarta,15,14300.0,True,15300.0,1150.0,2025-04
2025-04-11,Jawa Timur,16,14200.0,True,15300.0,1150.0,2025-04
2025-04-11,Bali,17,15350.0,True,15300.0,1150.0,2025-04
2025-04-11,Nusa Tenggara Barat,18,13900.0,True,15300.0,1150.0,2025-04
2025-04-11,Nusa Tenggara Timur,19,15400.0,True,15300.0,1150.0,2025-04
2025-04-11,Kalimantan Barat,20,16250.0,True,15300.0,1150.0,2025-04
2025-04-11,Kalimantan Selatan,21,17100.0,True,15300.0,1150.0,2025-04
2025-04-11,Kalimantan Tengah,22,17600.0,True,15300.0,1150.0,2025-04
2025-04-11,Kalimantan Timur,23,15950.0,True,15300.0,1150.0,2025-04
2025-04-11,Kalimantan Utara,24,16600.0,True,15300.0,1150.0,2025-04
2025-04-11,Gorontalo,25,14750.0,True,15300.0,1150.0,2025-04
2025-04-11,Sulawesi Selatan,26,13550.0,True,15300.0,1150.0,2025-04
2025-04-11,Sulawesi Tenggara,27,15150.0,True,15300.0,1150.0,2025-04
2025-04-11,Sulawesi Tengah,28,14450.0,True,15300.0,1150.0,2025-04
2025-04-11,Sulawesi Utara,29,14250.0,True,15300.0,1150.0,2025-04
2025-04-11,Sulawesi Barat,30,13500.0,True,15300.0,1150.0,2025-04
2025-04-11,Maluku,31,16150.0,True,15300.0,1150.0,2025-04
2025-04-11,Maluku Utara,32,16700.0,True,15300.0,1150.0,2025-04
2025-04-11,Papua,33,18150.0,True,15300.0,1150.0,2025-04
2025-04-11,Papua Barat,34,16600.0,True,15300.0,1150.0,2025-04
2025-04-12,Aceh,1,13800.0,True,15300.0,1150.0,2025-04
2025-04-12,Sumatera Utara,2,13950.0,True,15300.0,1150.0,2025-04
2025-04-12,Sumatera Barat,3,17050.0,True,15300.0,1150.0,2025-04
2025-04-12,Riau,4,16050.0,True,15300.0,1150.0,2025-04
2025-04-12,Kepulauan Riau,5,15100.0,True,15300.0,1150.0,2025-04
2025-04-12,Jambi,6,15050.0,True,15300.0,1150.0,2025-04
2025-04-12,Bengkulu,7,15300.0,True,15300.0,1150.0,2025-04
2025-04-12,Sumatera Selatan,8,14950.0,True,15300.0,1150.0,2025-04
2025-04-12,Kepulauan Bangka Belitung,9,15000.0,True,15300.0,1150.0,2025-04
2025-04-12,Lampung,10,14750.0,True,15300.0,1150.0,2025-04
2025-04-12,Banten,11,14850.0,True,15300.0,1150.0,2025-04
2025-04-12,Jawa Barat,12,14600.0,True,15300.0,1150.0,2025-04
2025-04-12,DKI Jakarta,13,15700.0,True,15300.0,1150.0,2025-04
2025-04-12,Jawa Tengah,14,14750.0,True,15300.0,1150.0,2025-04
2025-04-12,DI Yogyakarta,15,14300.0,True,15300.0,1150.0,2025-04
2025-04-12,Jawa Timur,16,14200.0,True,15300.0,1150.0,2025-04
2025-04-12,Bali,17,15350.0,True,15300.0,1150.0,2025-04
2025-04-12,Nusa Tenggara Barat,18,13900.0,True,15300.0,1150.0,2025-04
2025-04-12,Nusa Tenggara Timur,19,15400.0,True,15300.0,1150.0,2025-04
2025-04-12,Kalimantan Barat,20,16250.0,True,15300.0,1150.0,2025-04
2025-04-12,Kalimantan Selatan,21,17100.0,True,15300.0,1150.0,2025-04
2025-04-12,Kalimantan Tengah,22,17600.0,True,15300.0,1150.0,2025-04
2025-04-12,Kalimantan Timur,23,15950.0,True,15300.0,1150.0,2025-04
2025-04-12,Kalimantan Utara,24,16600.0,True,15300.0,1150.0,2025-04
2025-04-12,Gorontalo,25,14750.0,True,15300.0,1150.0,2025-04
2025-04-12,Sulawesi Selatan,26,13550.0,True,15300.0,1150.0,2025-04
2025-04-12,Sulawesi Tenggara,27,15150.0,True,15300.0,1150.0,2025-04
2025-04-12,Sulawesi Tengah,28,14450.0,True,15300.0,1150.0,2025-04
2025-04-12,Sulawesi Utara,29,14250.0,True,15300.0,1150.0,2025-04
2025-04-12,Sulawesi Barat,30,13500.0,True,15300.0,1150.0,2025-04
2025-04-12,Maluku,31,16150.0,True,15300.0,1150.0,2025-04
2025-04-12,Maluku Utara,32,16700.0,True,15300.0,1150.0,2025-04
2025-04-12,Papua,33,18150.0,True,15300.0,1150.0,2025-04
2025-04-12,Papua Barat,34,16600.0,True,15300.0,1150.0,2025-04
2025-04-13,Aceh,1,13800.0,True,15300.0,1150.0,2025-04
2025-04-13,Sumatera Utara,2,13950.0,True,15300.0,1150.0,2025-04
2025-04-13,Sumatera Barat,3,17050.0,True,15300.0,1150.0,2025-04
2025-04-13,Riau,4,16050.0,True,15300.0,1150.0,2025-04
2025-04-13,Kepulauan Riau,5,15100.0,True,15300.0,1150.0,2025-04
2025-04-13,Jambi,6,15050.0,True,15300.0,1150.0,2025-04
2025-04-13,Bengkulu,7,15300.0,True,15300.0,1150.0,2025-04
2025-04-13,Sumatera Selatan,8,14950.0,True,15300.0,1150.0,2025-04
2025-04-13,Kepulauan Bangka Belitung,9,15000.0,True,15300.0,1150.0,2025-04
2025-04-13,Lampung,10,14750.0,True,15300.0,1150.0,2025-04
2025-04-13,Banten,11,14850.0,True,15300.0,1150.0,2025-04
2025-04-13,Jawa Barat,12,14600.0,True,15300.0,1150.0,2025-04
2025-04-13,DKI Jakarta,13,15700.0,True,15300.0,1150.0,2025-04
2025-04-13,Jawa Tengah,14,14750.0,True,15300.0,1150.0,2025-04
2025-04-13,DI Yogyakarta,15,14300.0,True,15300.0,1150.0,2025-04
2025-04-13,Jawa Timur,16,14200.0,True,15300.0,1150.0,2025-04
2025-04-13,Bali,17,15350.0,True,15300.0,1150.0,2025-04
2025-04-13,Nusa Tenggara Barat,18,13900.0,True,15300.0,1150.0,2025-04
2025-04-13,Nusa Tenggara Timur,19,15400.0,True,15300.0,1150.0,2025-04
2025-04-13,Kalimantan Barat,20,16250.0,True,15300.0,1150.0,2025-04
2025-04-13,Kalimantan Selatan,21,17100.0,True,15300.0,1150.0,2025-04
2025-04-13,Kalimantan Tengah,22,17600.0,True,15300.0,1150.0,2025-04
2025-04-13,Kalimantan Timur,23,15950.0,True,15300.0,1150.0,2025-04
2025-04-13,Kalimantan Utara,24,16600.0,True,15300.0,1150.0,2025-04
2025-04-13,Gorontalo,25,14750.0,True,15300.0,1150.0,2025-04
2025-04-13,Sulawesi Selatan,26,13550.0,True,15300.0,1150.0,2025-04
2025-04-13,Sulawesi Tenggara,27,15150.0,True,15300.0,1150.0,2025-04
2025-04-13,Sulawesi Tengah,28,14450.0,True,15300.0,1150.0,2025-04
2025-04-13,Sulawesi Utara,29,14250.0,True,15300.0,1150.0,2025-04
2025-04-13,Sulawesi Barat,30,13500.0,True,15300.0,1150.0,2025-04
2025-04-13,Maluku,31,16150.0,True,15300.0,1150.0,2025-04
2025-04-13,Maluku Utara,32,16700.0,True,15300.0,1150.0,2025-04
2025-04-13,Papua,33,18150.0,True,15300.0,1150.0,2025-04
2025-04-13,Papua Barat,34,16600.0,True,15300.0,1150.0,2025-04
2025-04-14,Aceh,1,13800.0,True,15300.0,1150.0,2025-04
2025-04-14,Sumatera Utara,2,13950.0,True,15300.0,1150.0,2025-04
2025-04-14,Sumatera Barat,3,17050.0,True,15300.0,1150.0,2025-04
2025-04-14,Riau,4,16050.0,True,15300.0,1150.0,2025-04
2025-04-14,Kepulauan Riau,5,15100.0,True,15300.0,1150.0,2025-04
2025-04-14,Jambi,6,15050.0,True,15300.0,1150.0,2025-04
2025-04-14,Bengkulu,7,15300.0,True,15300.0,1150.0,2025-04
2025-04-14,Sumatera Selatan,8,14950.0,True,15300.0,1150.0,2025-04
2025-04-14,Kepulauan Bangka Belitung,9,15000.0,True,15300.0,1150.0,2025-04
2025-04-14,Lampung,10,14750.0,True,15300.0,1150.0,2025-04
2025-04-14,Banten,11,14850.0,True,15300.0,1150.0,2025-04
2025-04-14,Jawa Barat,12,14600.0,True,15300.0,1150.0,2025-04
2025-04-14,DKI Jakarta,13,15700.0,True,15300.0,1150.0,2025-04
2025-04-14,Jawa Tengah,14,14750.0,True,15300.0,1150.0,2025-04
2025-04-14,DI Yogyakarta,15,14300.0,True,15300.0,1150.0,2025-04
2025-04-14,Jawa Timur,16,14200.0,True,15300.0,1150.0,2025-04
2025-04-14,Bali,17,15350.0,True,15300.0,1150.0,2025-04
2025-04-14,Nusa Tenggara Barat,18,13900.0,True,15300.0,1150.0,2025-04
2025-04-14,Nusa Tenggara Timur,19,15400.0,True,15300.0,1150.0,2025-04
2025-04-14,Kalimantan Barat,20,16250.0,True,15300.0,1150.0,2025-04
2025-04-14,Kalimantan Selatan,21,17100.0,True,15300.0,1150.0,2025-04
2025-04-14,Kalimantan Tengah,22,17600.0,True,15300.0,1150.0,2025-04
2025-04-14,Kalimantan Timur,23,15950.0,True,15300.0,1150.0,2025-04
2025-04-14,Kalimantan Utara,24,16550.0,True,15300.0,1150.0,2025-04
2025-04-14,Gorontalo,25,14700.0,True,15300.0,1150.0,2025-04
2025-04-14,Sulawesi Selatan,26,13550.0,True,15300.0,1150.0,2025-04
2025-04-14,Sulawesi Tenggara,27,15150.0,True,15300.0,1150.0,2025-04
2025-04-14,Sulawesi Tengah,28,14450.0,True,15300.0,1150.0,2025-04
2025-04-14,Sulawesi Utara,29,14200.0,True,15300.0,1150.0,2025-04
2025-04-14,Sulawesi Barat,30,13500.0,True,15300.0,1150.0,2025-04
2025-04-14,Maluku,31,16150.0,True,15300.0,1150.0,2025-04
2025-04-14,Maluku Utara,32,16700.0,True,15300.0,1150.0,2025-04
2025-04-14,Papua,33,18200.0,True,15300.0,1150.0,2025-04
2025-04-14,Papua Barat,34,16600.0,True,15300.0,1150.0,2025-04
2025-04-15,Aceh,1,13800.0,True,15300.0,1150.0,2025-04
2025-04-15,Sumatera Utara,2,13950.0,True,15300.0,1150.0,2025-04
2025-04-15,Sumatera Barat,3,17050.0,True,15300.0,1150.0,2025-04
2025-04-15,Riau,4,16050.0,True,15300.0,1150.0,2025-04
2025-04-15,Kepulauan Riau,5,15100.0,True,15300.0,1150.0,2025-04
2025-04-15,Jambi,6,15050.0,True,15300.0,1150.0,2025-04
2025-04-15,Bengkulu,7,15300.0,True,15300.0,1150.0,2025-04
2025-04-15,Sumatera Selatan,8,14950.0,True,15300.0,1150.0,2025-04
2025-04-15,Kepulauan Bangka Belitung,9,15000.0,True,15300.0,1150.0,2025-04
2025-04-15,Lampung,10,14750.0,True,15300.0,1150.0,2025-04
2025-04-15,Banten,11,14550.0,True,15300.0,1150.0,2025-04
2025-04-15,Jawa Barat,12,14600.0,True,15300.0,1150.0,2025-04
2025-04-15,DKI Jakarta,13,15700.0,True,15300.0,1150.0,2025-04
2025-04-15,Jawa Tengah,14,14750.0,True,15300.0,1150.0,2025-04
2025-04-15,DI Yogyakarta,15,14300.0,True,15300.0,1150.0,2025-04
2025-04-15,Jawa Timur,16,14200.0,True,15300.0,1150.0,2025-04
2025-04-15,Bali,17,15350.0,True,15300.0,1150.0,2025-04
2025-04-15,Nusa Tenggara Barat,18,13900.0,True,15300.0,1150.0,2025-04
2025-04-15,Nusa Tenggara Timur,19,15400.0,True,15300.0,1150.0,2025-04
2025-04-15,Kalimantan Barat,20,16250.0,True,15300.0,1150.0,2025-04
2025-04-15,Kalimantan Selatan,21,17100.0,True,15300.0,1150.0,2025-04
2025-04-15,Kalimantan Tengah,22,17600.0,True,15300.0,1150.0,2025-04
2025-04-15,Kalimantan Timur,23,15950.0,True,15300.0,1150.0,2025-04
2025-04-15,Kalimantan Utara,24,16550.0,True,15300.0,1150.0,2025-04
2025-04-15,Gorontalo,25,14750.0,True,15300.0,1150.0,2025-04
2025-04-15,Sulawesi Selatan,26,13550.0,True,15300.0,1150.0,2025-04
2025-04-15,Sulawesi Tenggara,27,15150.0,True,15300.0,1150.0,2025-04
2025-04-15,Sulawesi Tengah,28,14450.0,True,15300.0,1150.0,2025-04
2025-04-15,Sulawesi Utara,29,14250.0,True,15300.0,1150.0,2025-04
2025-04-15,Sulawesi Barat,30,13500.0,True,15300.0,1150.0,2025-04
2025-04-15,Maluku,31,16200.0,True,15300.0,1150.0,2025-04
2025-04-15,Maluku Utara,32,16700.0,True,15300.0,1150.0,2025-04
2025-04-15,Papua,33,18150.0,True,15300.0,1150.0,2025-04
2025-04-15,Papua Barat,34,16600.0,True,15300.0,1150.0,2025-04
2025-04-16,Aceh,1,13800.0,True,15300.0,1150.0,2025-04
2025-04-16,Sumatera Utara,2,14000.0,True,15300.0,1150.0,2025-04
2025-04-16,Sumatera Barat,3,17050.0,True,15300.0,1150.0,2025-04
2025-04-16,Riau,4,16050.0,True,15300.0,1150.0,2025-04
2025-04-16,Kepulauan Riau,5,15100.0,True,15300.0,1150.0,2025-04
2025-04-16,Jambi,6,15050.0,True,15300.0,1150.0,2025-04
2025-04-16,Bengkulu,7,15300.0,True,15300.0,1150.0,2025-04
2025-04-16,Sumatera Selatan,8,14950.0,True,15300.0,1150.0,2025-04
2025-04-16,Kepulauan Bangka Belitung,9,15000.0,True,15300.0,1150.0,2025-04
2025-04-16,Lampung,10,14750.0,True,15300.0,1150.0,2025-04
2025-04-16,Banten,11,14500.0,True,15300.0,1150.0,2025-04
2025-04-16,Jawa Barat,12,14600.0,True,15300.0,1150.0,2025-04
2025-04-16,DKI Jakarta,13,15700.0,True,15300.0,1150.0,2025-04
2025-04-16,Jawa Tengah,14,14750.0,True,15300.0,1150.0,2025-04
2025-04-16,DI Yogyakarta,15,14300.0,True,15300.0,1150.0,2025-04
2025-04-16,Jawa Timur,16,14250.0,True,15300.0,1150.0,2025-04
2025-04-16,Bali,17,15350.0,True,15300.0,1150.0,2025-04
2025-04-16,Nusa Tenggara Barat,18,13900.0,True,15300.0,1150.0,2025-04
2025-04-16,Nusa Tenggara Timur,19,15400.0,True,15300.0,1150.0,2025-04
2025-04-16,Kalimantan Barat,20,16250.0,True,15300.0,1150.0,2025-04
2025-04-16,Kalimantan Selatan,21,17100.0,True,15300.0,1150.0,2025-04
2025-04-16,Kalimantan Tengah,22,17600.0,True,15300.0,1150.0,2025-04
2025-04-16,Kalimantan Timur,23,15950.0,True,15300.0,1150.0,2025-04
2025-04-16,Kalimantan Utara,24,16550.0,True,15300.0,1150.0,2025-04
2025-04-16,Gorontalo,25,14750.0,True,15300.0,1150.0,2025-04
2025-04-16,Sulawesi Selatan,26,13550.0,True,15300.0,1150.0,2025-04
2025-04-16,Sulawesi Tenggara,27,15150.0,True,15300.0,1150.0,2025-04
2025-04-16,Sulawesi Tengah,28,14450.0,True,15300.0,1150.0,2025-04
2025-04-16,Sulawesi Utara,29,14250.0,True,15300.0,1150.0,2025-04
2025-04-16,Sulawesi Barat,30,13500.0,True,15300.0,1150.0,2025-04
2025-04-16,Maluku,31,16200.0,True,15300.0,1150.0,2025-04
2025-04-16,Maluku Utara,32,16700.0,True,15300.0,1150.0,2025-04
2025-04-16,Papua,33,18200.0,True,15300.0,1150.0,2025-04
2025-04-16,Papua Barat,34,16600.0,True,15300.0,1150.0,2025-04
2025-04-17,Aceh,1,13800.0,True,15300.0,1200.0,2025-04
2025-04-17,Sumatera Utara,2,14000.0,True,15300.0,1200.0,2025-04
2025-04-17,Sumatera Barat,3,17050.0,True,15300.0,1200.0,2025-04
2025-04-17,Riau,4,16050.0,True,15300.0,1200.0,2025-04
2025-04-17,Kepulauan Riau,5,15100.0,True,15300.0,1200.0,2025-04
2025-04-17,Jambi,6,15050.0,True,15300.0,1200.0,2025-04
2025-04-17,Bengkulu,7,15300.0,True,15300.0,1200.0,2025-04
2025-04-17,Sumatera Selatan,8,14950.0,True,15300.0,1200.0,2025-04
2025-04-17,Kepulauan Bangka Belitung,9,15000.0,True,15300.0,1200.0,2025-04
2025-04-17,Lampung,10,14750.0,True,15300.0,1200.0,2025-04
2025-04-17,Banten,11,14500.0,True,15300.0,1200.0,2025-04
2025-04-17,Jawa Barat,12,14600.0,True,15300.0,1200.0,2025-04
2025-04-17,DKI Jakarta,13,15700.0,True,15300.0,1200.0,2025-04
2025-04-17,Jawa Tengah,14,14750.0,True,15300.0,1200.0,2025-04
2025-04-17,DI Yogyakarta,15,14300.0,True,15300.0,1200.0,2025-04
2025-04-17,Jawa Timur,16,14200.0,True,15300.0,1200.0,2025-04
2025-04-17,Bali,17,15350.0,True,15300.0,1200.0,2025-04
2025-04-17,Nusa Tenggara Barat,18,13850.0,True,15300.0,1200.0,2025-04
2025-04-17,Nusa Tenggara Timur,19,15400.0,True,15300.0,1200.0,2025-04
2025-04-17,Kalimantan Barat,20,16250.0,True,15300.0,1200.0,2025-04
2025-04-17,Kalimantan Selatan,21,17100.0,True,15300.0,1200.0,2025-04
2025-04-17,Kalimantan Tengah,22,17600.0,True,15300.0,1200.0,2025-04
2025-04-17,Kalimantan Timur,23,15950.0,True,15300.0,1200.0,2025-04
2025-04-17,Kalimantan Utara,24,16550.0,True,15300.0,1200.0,2025-04
2025-04-17,Gorontalo,25,14750.0,True,15300.0,1200.0,2025-04
2025-04-17,Sulawesi Selatan,26,13550.0,True,15300.0,1200.0,2025-04
2025-04-17,Sulawesi Tenggara,27,15150.0,True,15300.0,1200.0,2025-04
2025-04-17,Sulawesi Tengah,28,14450.0,True,15300.0,1200.0,2025-04
2025-04-17,Sulawesi Utara,29,14200.0,True,15300.0,1200.0,2025-04
2025-04-17,Sulawesi Barat,30,13500.0,True,15300.0,1200.0,2025-04
2025-04-17,Maluku,31,16200.0,True,15300.0,1200.0,2025-04
2025-04-17,Maluku Utara,32,16700.0,True,15300.0,1200.0,2025-04
2025-04-17,Papua,33,18200.0,True,15300.0,1200.0,2025-04
2025-04-17,Papua Barat,34,16600.0,True,15300.0,1200.0,2025-04
2025-04-18,Aceh,1,13800.0,True,15300.0,1150.0,2025-04
2025-04-18,Sumatera Utara,2,14000.0,True,15300.0,1150.0,2025-04
2025-04-18,Sumatera Barat,3,17000.0,True,15300.0,1150.0,2025-04
2025-04-18,Riau,4,16050.0,True,15300.0,1150.0,2025-04
2025-04-18,Kepulauan Riau,5,15150.0,True,15300.0,1150.0,2025-04
2025-04-18,Jambi,6,15050.0,True,15300.0,1150.0,2025-04
2025-04-18,Bengkulu,7,15300.0,True,15300.0,1150.0,2025-04
2025-04-18,Sumatera Selatan,8,14950.0,True,15300.0,1150.0,2025-04
2025-04-18,Kepulauan Bangka Belitung,9,15000.0,True,15300.0,1150.0,2025-04
2025-04-18,Lampung,10,14750.0,True,15300.0,1150.0,2025-04
2025-04-18,Banten,11,14500.0,True,15300.0,1150.0,2025-04
2025-04-18,Jawa Barat,12,14600.0,True,15300.0,1150.0,2025-04
2025-04-18,DKI Jakarta,13,15700.0,True,15300.0,1150.0,2025-04
2025-04-18,Jawa Tengah,14,14750.0,True,15300.0,1150.0,2025-04
2025-04-18,DI Yogyakarta,15,14300.0,True,15300.0,1150.0,2025-04
2025-04-18,Jawa Timur,16,14200.0,True,15300.0,1150.0,2025-04
2025-04-18,Bali,17,15350.0,True,15300.0,1150.0,2025-04
2025-04-18,Nusa Tenggara Barat,18,13850.0,True,15300.0,1150.0,2025-04
2025-04-18,Nusa Tenggara Timur,19,15400.0,True,15300.0,1150.0,2025-04
2025-04-18,Kalimantan Barat,20,16250.0,True,15300.0,1150.0,2025-04
2025-04-18,Kalimantan Selatan,21,17100.0,True,15300.0,1150.0,2025-04
2025-04-18,Kalimantan Tengah,22,17600.0,True,15300.0,1150.0,2025-04
2025-04-18,Kalimantan Timur,23,15950.0,True,15300.0,1150.0,2025-04
2025-04-18,Kalimantan Utara,24,16550.0,True,15300.0,1150.0,2025-04
2025-04-18,Gorontalo,25,14750.0,True,15300.0,1150.0,2025-04
2025-04-18,Sulawesi Selatan,26,13550.0,True,15300.0,1150.0,2025-04
2025-04-18,Sulawesi Tenggara,27,15150.0,True,15300.0,1150.0,2025-04
2025-04-18,Sulawesi Tengah,28,14450.0,True,15300.0,1150.0,2025-04
2025-04-18,Sulawesi Utara,29,14200.0,True,15300.0,1150.0,2025-04
2025-04-18,Sulawesi Barat,30,13550.0,True,15300.0,1150.0,2025-04
2025-04-18,Maluku,31,16200.0,True,15300.0,1150.0,2025-04
2025-04-18,Maluku Utara,32,16700.0,True,15300.0,1150.0,2025-04
2025-04-18,Papua,33,18200.0,True,15300.0,1150.0,2025-04
2025-04-18,Papua Barat,34,16600.0,True,15300.0,1150.0,2025-04
2025-04-19,Aceh,1,13800.0,True,15300.0,1150.0,2025-04
2025-04-19,Sumatera Utara,2,14000.0,True,15300.0,1150.0,2025-04
2025-04-19,Sumatera Barat,3,17000.0,True,15300.0,1150.0,2025-04
2025-04-19,Riau,4,16050.0,True,15300.0,1150.0,2025-04
2025-04-19,Kepulauan Riau,5,15150.0,True,15300.0,1150.0,2025-04
2025-04-19,Jambi,6,15050.0,True,15300.0,1150.0,2025-04
2025-04-19,Bengkulu,7,15300.0,True,15300.0,1150.0,2025-04
2025-04-19,Sumatera Selatan,8,14950.0,True,15300.0,1150.0,2025-04
2025-04-19,Kepulauan Bangka Belitung,9,15000.0,True,15300.0,1150.0,2025-04
2025-04-19,Lampung,10,14750.0,True,15300.0,1150.0,2025-04
2025-04-19,Banten,11,14500.0,True,15300.0,1150.0,2025-04
2025-04-19,Jawa Barat,12,14600.0,True,15300.0,1150.0,2025-04
2025-04-19,DKI Jakarta,13,15700.0,True,15300.0,1150.0,2025-04
2025-04-19,Jawa Tengah,14,14750.0,True,15300.0,1150.0,2025-04
2025-04-19,DI Yogyakarta,15,14300.0,True,15300.0,1150.0,2025-04
2025-04-19,Jawa Timur,16,14200.0,True,15300.0,1150.0,2025-04
2025-04-19,Bali,17,15350.0,True,15300.0,1150.0,2025-04
2025-04-19,Nusa Tenggara Barat,18,13850.0,True,15300.0,1150.0,2025-04
2025-04-19,Nusa Tenggara Timur,19,15400.0,True,15300.0,1150.0,2025-04
2025-04-19,Kalimantan Barat,20,16250.0,True,15300.0,1150.0,2025-04
2025-04-19,Kalimantan Selatan,21,17100.0,True,15300.0,1150.0,2025-04
2025-04-19,Kalimantan Tengah,22,17600.0,True,15300.0,1150.0,2025-04
2025-04-19,Kalimantan Timur,23,15950.0,True,15300.0,1150.0,2025-04
2025-04-19,Kalimantan Utara,24,16550.0,True,15300.0,1150.0,2025-04
2025-04-19,Gorontalo,25,14750.0,True,15300.0,1150.0,2025-04
2025-04-19,Sulawesi Selatan,26,13550.0,True,15300.0,1150.0,2025-04
2025-04-19,Sulawesi Tenggara,27,15150.0,True,15300.0,1150.0,2025-04
2025-04-19,Sulawesi Tengah,28,14450.0,True,15300.0,1150.0,2025-04
2025-04-19,Sulawesi Utara,29,14200.0,True,15300.0,1150.0,2025-04
2025-04-19,Sulawesi Barat,30,13550.0,True,15300.0,1150.0,2025-04
2025-04-19,Maluku,31,16200.0,True,15300.0,1150.0,2025-04
2025-04-19,Maluku Utara,32,16700.0,True,15300.0,1150.0,2025-04
2025-04-19,Papua,33,18200.0,True,15300.0,1150.0,2025-04
2025-04-19,Papua Barat,34,16600.0,True,15300.0,1150.0,2025-04
2025-04-21,Aceh,1,13800.0,True,15300.0,1150.0,2025-04
2025-04-21,Sumatera Utara,2,14000.0,True,15300.0,1150.0,2025-04
2025-04-21,Sumatera Barat,3,17000.0,True,15300.0,1150.0,2025-04
2025-04-21,Riau,4,16050.0,True,15300.0,1150.0,2025-04
2025-04-21,Kepulauan Riau,5,15100.0,True,15300.0,1150.0,2025-04
2025-04-21,Jambi,6,15050.0,True,15300.0,1150.0,2025-04
2025-04-21,Bengkulu,7,15300.0,True,15300.0,1150.0,2025-04
2025-04-21,Sumatera Selatan,8,14950.0,True,15300.0,1150.0,2025-04
2025-04-21,Kepulauan Bangka Belitung,9,15000.0,True,15300.0,1150.0,2025-04
2025-04-21,Lampung,10,14750.0,True,15300.0,1150.0,2025-04
2025-04-21,Banten,11,14500.0,True,15300.0,1150.0,2025-04
2025-04-21,Jawa Barat,12,14600.0,True,15300.0,1150.0,2025-04
2025-04-21,DKI Jakarta,13,15700.0,True,15300.0,1150.0,2025-04
2025-04-21,Jawa Tengah,14,14750.0,True,15300.0,1150.0,2025-04
2025-04-21,DI Yogyakarta,15,14300.0,True,15300.0,1150.0,2025-04
2025-04-21,Jawa Timur,16,14200.0,True,15300.0,1150.0,2025-04
2025-04-21,Bali,17,15350.0,True,15300.0,1150.0,2025-04
2025-04-21,Nusa Tenggara Barat,18,13850.0,True,15300.0,1150.0,2025-04
2025-04-21,Nusa Tenggara Timur,19,15400.0,True,15300.0,1150.0,2025-04
2025-04-21,Kalimantan Barat,20,16250.0,True,15300.0,1150.0,2025-04
2025-04-21,Kalimantan Selatan,21,17100.0,True,15300.0,1150.0,2025-04
2025-04-21,Kalimantan Tengah,22,17550.0,True,15300.0,1150.0,2025-04
2025-04-21,Kalimantan Timur,23,15950.0,True,15300.0,1150.0,2025-04
2025-04-21,Kalimantan Utara,24,16550.0,True,15300.0,1150.0,2025-04
2025-04-21,Gorontalo,25,14750.0,True,15300.0,1150.0,2025-04
2025-04-21,Sulawesi Selatan,26,13550.0,True,15300.0,1150.0,2025-04
2025-04-21,Sulawesi Tenggara,27,15150.0,True,15300.0,1150.0,2025-04
2025-04-21,Sulawesi Tengah,28,14450.0,True,15300.0,1150.0,2025-04
2025-04-21,Sulawesi Utara,29,14200.0,True,15300.0,1150.0,2025-04
2025-04-21,Sulawesi Barat,30,13500.0,True,15300.0,1150.0,2025-04
2025-04-21,Maluku,31,16200.0,True,15300.0,1150.0,2025-04
2025-04-21,Maluku Utara,32,16700.0,True,15300.0,1150.0,2025-04
2025-04-21,Papua,33,18200.0,True,15300.0,1150.0,2025-04
2025-04-21,Papua Barat,34,16600.0,True,15300.0,1150.0,2025-04
2025-04-22,Aceh,1,13800.0,True,15300.0,1150.0,2025-04
2025-04-22,Sumatera Utara,2,14000.0,True,15300.0,1150.0,2025-04
2025-04-22,Sumatera Barat,3,17000.0,True,15300.0,1150.0,2025-04
2025-04-22,Riau,4,16050.0,True,15300.0,1150.0,2025-04
2025-04-22,Kepulauan Riau,5,15100.0,True,15300.0,1150.0,2025-04
2025-04-22,Jambi,6,15050.0,True,15300.0,1150.0,2025-04
2025-04-22,Bengkulu,7,15300.0,True,15300.0,1150.0,2025-04
2025-04-22,Sumatera Selatan,8,14950.0,True,15300.0,1150.0,2025-04
2025-04-22,Kepulauan Bangka Belitung,9,15000.0,True,15300.0,1150.0,2025-04
2025-04-22,Lampung,10,14700.0,True,15300.0,1150.0,2025-04
2025-04-22,Banten,11,14500.0,True,15300.0,1150.0,2025-04
2025-04-22,Jawa Barat,12,14600.0,True,15300.0,1150.0,2025-04
2025-04-22,DKI Jakarta,13,15700.0,True,15300.0,1150.0,2025-04
2025-04-22,Jawa Tengah,14,14750.0,True,15300.0,1150.0,2025-04
2025-04-22,DI Yogyakarta,15,14300.0,True,15300.0,1150.0,2025-04
2025-04-22,Jawa Timur,16,14200.0,True,15300.0,1150.0,2025-04
2025-04-22,Bali,17,15350.0,True,15300.0,1150.0,2025-04
2025-04-22,Nusa Tenggara Barat,18,13850.0,True,15300.0,1150.0,2025-04
2025-04-22,Nusa Tenggara Timur,19,15400.0,True,15300.0,1150.0,2025-04
2025-04-22,Kalimantan Barat,20,16250.0,True,15300.0,1150.0,2025-04
2025-04-22,Kalimantan Selatan,21,17100.0,True,15300.0,1150.0,2025-04
2025-04-22,Kalimantan Tengah,22,17550.0,True,15300.0,1150.0,2025-04
2025-04-22,Kalimantan Timur,23,15950.0,True,15300.0,1150.0,2025-04
2025-04-22,Kalimantan Utara,24,16550.0,True,15300.0,1150.0,2025-04
2025-04-22,Gorontalo,25,14750.0,True,15300.0,1150.0,2025-04
2025-04-22,Sulawesi Selatan,26,13550.0,True,15300.0,1150.0,2025-04
2025-04-22,Sulawesi Tenggara,27,15150.0,True,15300.0,1150.0,2025-04
2025-04-22,Sulawesi Tengah,28,14450.0,True,15300.0,1150.0,2025-04
2025-04-22,Sulawesi Utara,29,14200.0,True,15300.0,1150.0,2025-04
2025-04-22,Sulawesi Barat,30,13500.0,True,15300.0,1150.0,2025-04
2025-04-22,Maluku,31,16200.0,True,15300.0,1150.0,2025-04
2025-04-22,Maluku Utara,32,16700.0,True,15300.0,1150.0,2025-04
2025-04-22,Papua,33,18200.0,True,15300.0,1150.0,2025-04
2025-04-22,Papua Barat,34,16600.0,True,15300.0,1150.0,2025-04
2025-04-23,Aceh,1,13800.0,True,15300.0,1150.0,2025-04
2025-04-23,Sumatera Utara,2,14000.0,True,15300.0,1150.0,2025-04
2025-04-23,Sumatera Barat,3,17000.0,True,15300.0,1150.0,2025-04
2025-04-23,Riau,4,16050.0,True,15300.0,1150.0,2025-04
2025-04-23,Kepulauan Riau,5,15100.0,True,15300.0,1150.0,2025-04
2025-04-23,Jambi,6,15050.0,True,15300.0,1150.0,2025-04
2025-04-23,Bengkulu,7,15300.0,True,15300.0,1150.0,2025-04
2025-04-23,Sumatera Selatan,8,14950.0,True,15300.0,1150.0,2025-04
2025-04-23,Kepulauan Bangka Belitung,9,15000.0,True,15300.0,1150.0,2025-04
2025-04-23,Lampung,10,14700.0,True,15300.0,1150.0,2025-04
2025-04-23,Banten,11,14500.0,True,15300.0,1150.0,2025-04
2025-04-23,Jawa Barat,12,14600.0,True,15300.0,1150.0,2025-04
2025-04-23,DKI Jakarta,13,15700.0,True,15300.0,1150.0,2025-04
2025-04-23,Jawa Tengah,14,14700.0,True,15300.0,1150.0,2025-04
2025-04-23,DI Yogyakarta,15,14300.0,True,15300.0,1150.0,2025-04
2025-04-23,Jawa Timur,16,14200.0,True,15300.0,1150.0,2025-04
2025-04-23,Bali,17,15350.0,True,15300.0,1150.0,2025-04
2025-04-23,Nusa Tenggara Barat,18,13850.0,True,15300.0,1150.0,2025-04
2025-04-23,Nusa Tenggara Timur,19,15400.0,True,15300.0,1150.0,2025-04
2025-04-23,Kalimantan Barat,20,16250.0,True,15300.0,1150.0,2025-04
2025-04-23,Kalimantan Selatan,21,17100.0,True,15300.0,1150.0,2025-04
2025-04-23,Kalimantan Tengah,22,17550.0,True,15300.0,1150.0,2025-04
2025-04-23,Kalimantan Timur,23,15950.0,True,15300.0,1150.0,2025-04
2025-04-23,Kalimantan Utara,24,16550.0,True,15300.0,1150.0,2025-04
2025-04-23,Gorontalo,25,14750.0,True,15300.0,1150.0,2025-04
2025-04-23,Sulawesi Selatan,26,13550.0,True,15300.0,1150.0,2025-04
2025-04-23,Sulawesi Tenggara,27,15150.0,True,15300.0,1150.0,2025-04
2025-04-23,Sulawesi Tengah,28,14450.0,True,15300.0,1150.0,2025-04
2025-04-23,Sulawesi Utara,29,14200.0,True,15300.0,1150.0,2025-04
2025-04-23,Sulawesi Barat,30,13500.0,True,15300.0,1150.0,2025-04
2025-04-23,Maluku,31,16200.0,True,15300.0,1150.0,2025-04
2025-04-23,Maluku Utara,32,16700.0,True,15300.0,1150.0,2025-04
2025-04-23,Papua,33,18200.0,True,15300.0,1150.0,2025-04
2025-04-23,Papua Barat,34,16600.0,True,15300.0,1150.0,2025-04
2025-04-24,Aceh,1,13800.0,True,15300.0,1150.0,2025-04
2025-04-24,Sumatera Utara,2,14000.0,True,15300.0,1150.0,2025-04
2025-04-24,Sumatera Barat,3,17000.0,True,15300.0,1150.0,2025-04
2025-04-24,Riau,4,16100.0,True,15300.0,1150.0,2025-04
2025-04-24,Kepulauan Riau,5,15100.0,True,15300.0,1150.0,2025-04
2025-04-24,Jambi,6,15050.0,True,15300.0,1150.0,2025-04
2025-04-24,Bengkulu,7,15300.0,True,15300.0,1150.0,2025-04
2025-04-24,Sumatera Selatan,8,14950.0,True,15300.0,1150.0,2025-04
2025-04-24,Kepulauan Bangka Belitung,9,15000.0,True,15300.0,1150.0,2025-04
2025-04-24,Lampung,10,14700.0,True,15300.0,1150.0,2025-04
2025-04-24,Banten,11,14500.0,True,15300.0,1150.0,2025-04
2025-04-24,Jawa Barat,12,14600.0,True,15300.0,1150.0,2025-04
2025-04-24,DKI Jakarta,13,15700.0,True,15300.0,1150.0,2025-04
2025-04-24,Jawa Tengah,14,14700.0,True,15300.0,1150.0,2025-04
2025-04-24,DI Yogyakarta,15,14300.0,True,15300.0,1150.0,2025-04
2025-04-24,Jawa Timur,16,14200.0,True,15300.0,1150.0,2025-04
2025-04-24,Bali,17,15350.0,True,15300.0,1150.0,2025-04
2025-04-24,Nusa Tenggara Barat,18,13850.0,True,15300.0,1150.0,2025-04
2025-04-24,Nusa Tenggara Timur,19,15400.0,True,15300.0,1150.0,2025-04
2025-04-24,Kalimantan Barat,20,16250.0,True,15300.0,1150.0,2025-04
2025-04-24,Kalimantan Selatan,21,17100.0,True,15300.0,1150.0,2025-04
2025-04-24,Kalimantan Tengah,22,17550.0,True,15300.0,1150.0,2025-04
2025-04-24,Kalimantan Timur,23,15950.0,True,15300.0,1150.0,2025-04
2025-04-24,Kalimantan Utara,24,16550.0,True,15300.0,1150.0,2025-04
2025-04-24,Gorontalo,25,14750.0,True,15300.0,1150.0,2025-04
2025-04-24,Sulawesi Selatan,26,13550.0,True,15300.0,1150.0,2025-04
2025-04-24,Sulawesi Tenggara,27,15150.0,True,15300.0,1150.0,2025-04
2025-04-24,Sulawesi Tengah,28,14450.0,True,15300.0,1150.0,2025-04
2025-04-24,Sulawesi Utara,29,14300.0,True,15300.0,1150.0,2025-04
2025-04-24,Sulawesi Barat,30,13500.0,True,15300.0,1150.0,2025-04
2025-04-24,Maluku,31,16200.0,True,15300.0,1150.0,2025-04
2025-04-24,Maluku Utara,32,16700.0,True,15300.0,1150.0,2025-04
2025-04-24,Papua,33,18200.0,True,15300.0,1150.0,2025-04
2025-04-24,Papua Barat,34,16600.0,True,15300.0,1150.0,2025-04
2025-04-25,Aceh,1,13800.0,True,15300.0,1150.0,2025-04
2025-04-25,Sumatera Utara,2,14000.0,True,15300.0,1150.0,2025-04
2025-04-25,Sumatera Barat,3,17000.0,True,15300.0,1150.0,2025-04
2025-04-25,Riau,4,16050.0,True,15300.0,1150.0,2025-04
2025-04-25,Kepulauan Riau,5,15100.0,True,15300.0,1150.0,2025-04
2025-04-25,Jambi,6,15050.0,True,15300.0,1150.0,2025-04
2025-04-25,Bengkulu,7,15300.0,True,15300.0,1150.0,2025-04
2025-04-25,Sumatera Selatan,8,14950.0,True,15300.0,1150.0,2025-04
2025-04-25,Kepulauan Bangka Belitung,9,15000.0,True,15300.0,1150.0,2025-04
2025-04-25,Lampung,10,14700.0,True,15300.0,1150.0,2025-04
2025-04-25,Banten,11,14500.0,True,15300.0,1150.0,2025-04
2025-04-25,Jawa Barat,12,14600.0,True,15300.0,1150.0,2025-04
2025-04-25,DKI Jakarta,13,15700.0,True,15300.0,1150.0,2025-04
2025-04-25,Jawa Tengah,14,14700.0,True,15300.0,1150.0,2025-04
2025-04-25,DI Yogyakarta,15,14300.0,True,15300.0,1150.0,2025-04
2025-04-25,Jawa Timur,16,14200.0,True,15300.0,1150.0,2025-04
2025-04-25,Bali,17,15350.0,True,15300.0,1150.0,2025-04
2025-04-25,Nusa Tenggara Barat,18,13850.0,True,15300.0,1150.0,2025-04
2025-04-25,Nusa Tenggara Timur,19,15400.0,True,15300.0,1150.0,2025-04
2025-04-25,Kalimantan Barat,20,16250.0,True,15300.0,1150.0,2025-04
2025-04-25,Kalimantan Selatan,21,17100.0,True,15300.0,1150.0,2025-04
2025-04-25,Kalimantan Tengah,22,17550.0,True,15300.0,1150.0,2025-04
2025-04-25,Kalimantan Timur,23,15950.0,True,15300.0,1150.0,2025-04
2025-04-25,Kalimantan Utara,24,16550.0,True,15300.0,1150.0,2025-04
2025-04-25,Gorontalo,25,14750.0,True,15300.0,1150.0,2025-04
2025-04-25,Sulawesi Selatan,26,13550.0,True,15300.0,1150.0,2025-04
2025-04-25,Sulawesi Tenggara,27,15150.0,True,15300.0,1150.0,2025-04
2025-04-25,Sulawesi Tengah,28,14450.0,True,15300.0,1150.0,2025-04
2025-04-25,Sulawesi Utara,29,14300.0,True,15300.0,1150.0,2025-04
2025-04-25,Sulawesi Barat,30,13500.0,True,15300.0,1150.0,2025-04
2025-04-25,Maluku,31,16200.0,True,15300.0,1150.0,2025-04
2025-04-25,Maluku Utara,32,16700.0,True,15300.0,1150.0,2025-04
2025-04-25,Papua,33,18200.0,True,15300.0,1150.0,2025-04
2025-04-25,Papua Barat,34,16600.0,True,15300.0,1150.0,2025-04
2025-04-26,Aceh,1,13800.0,True,15300.0,1150.0,2025-04
2025-04-26,Sumatera Utara,2,14000.0,True,15300.0,1150.0,2025-04
2025-04-26,Sumatera Barat,3,17000.0,True,15300.0,1150.0,2025-04
2025-04-26,Riau,4,16050.0,True,15300.0,1150.0,2025-04
2025-04-26,Kepulauan Riau,5,15100.0,True,15300.0,1150.0,2025-04
2025-04-26,Jambi,6,15050.0,True,15300.0,1150.0,2025-04
2025-04-26,Bengkulu,7,15300.0,True,15300.0,1150.0,2025-04
2025-04-26,Sumatera Selatan,8,14950.0,True,15300.0,1150.0,2025-04
2025-04-26,Kepulauan Bangka Belitung,9,15000.0,True,15300.0,1150.0,2025-04
2025-04-26,Lampung,10,14700.0,True,15300.0,1150.0,2025-04
2025-04-26,Banten,11,14500.0,True,15300.0,1150.0,2025-04
2025-04-26,Jawa Barat,12,14600.0,True,15300.0,1150.0,2025-04
2025-04-26,DKI Jakarta,13,15700.0,True,15300.0,1150.0,2025-04
2025-04-26,Jawa Tengah,14,14700.0,True,15300.0,1150.0,2025-04
2025-04-26,DI Yogyakarta,15,14300.0,True,15300.0,1150.0,2025-04
2025-04-26,Jawa Timur,16,14200.0,True,15300.0,1150.0,2025-04
2025-04-26,Bali,17,15350.0,True,15300.0,1150.0,2025-04
2025-04-26,Nusa Tenggara Barat,18,13850.0,True,15300.0,1150.0,2025-04
2025-04-26,Nusa Tenggara Timur,19,15400.0,True,15300.0,1150.0,2025-04
2025-04-26,Kalimantan Barat,20,16250.0,True,15300.0,1150.0,2025-04
2025-04-26,Kalimantan Selatan,21,17100.0,True,15300.0,1150.0,2025-04
2025-04-26,Kalimantan Tengah,22,17550.0,True,15300.0,1150.0,2025-04
2025-04-26,Kalimantan Timur,23,15950.0,True,15300.0,1150.0,2025-04
2025-04-26,Kalimantan Utara,24,16550.0,True,15300.0,1150.0,2025-04
2025-04-26,Gorontalo,25,14750.0,True,15300.0,1150.0,2025-04
2025-04-26,Sulawesi Selatan,26,13550.0,True,15300.0,1150.0,2025-04
2025-04-26,Sulawesi Tenggara,27,15150.0,True,15300.0,1150.0,2025-04
2025-04-26,Sulawesi Tengah,28,14450.0,True,15300.0,1150.0,2025-04
2025-04-26,Sulawesi Utara,29,14300.0,True,15300.0,1150.0,2025-04
2025-04-26,Sulawesi Barat,30,13500.0,True,15300.0,1150.0,2025-04
2025-04-26,Maluku,31,16200.0,True,15300.0,1150.0,2025-04
2025-04-26,Maluku Utara,32,16700.0,True,15300.0,1150.0,2025-04
2025-04-26,Papua,33,18200.0,True,15300.0,1150.0,2025-04
2025-04-26,Papua Barat,34,16600.0,True,15300.0,1150.0,2025-04
2025-04-27,Aceh,1,13800.0,True,15300.0,1150.0,2025-04
2025-04-27,Sumatera Utara,2,14000.0,True,15300.0,1150.0,2025-04
2025-04-27,Sumatera Barat,3,17000.0,True,15300.0,1150.0,2025-04
2025-04-27,Riau,4,16050.0,True,15300.0,1150.0,2025-04
2025-04-27,Kepulauan Riau,5,15100.0,True,15300.0,1150.0,2025-04
2025-04-27,Jambi,6,15050.0,True,15300.0,1150.0,2025-04
2025-04-27,Bengkulu,7,15300.0,True,15300.0,1150.0,2025-04
2025-04-27,Sumatera Selatan,8,14950.0,True,15300.0,1150.0,2025-04
2025-04-27,Kepulauan Bangka Belitung,9,15000.0,True,15300.0,1150.0,2025-04
2025-04-27,Lampung,10,14700.0,True,15300.0,1150.0,2025-04
2025-04-27,Banten,11,14500.0,True,15300.0,1150.0,2025-04
2025-04-27,Jawa Barat,12,14600.0,True,15300.0,1150.0,2025-04
2025-04-27,DKI Jakarta,13,15700.0,True,15300.0,1150.0,2025-04
2025-04-27,Jawa Tengah,14,14700.0,True,15300.0,1150.0,2025-04
2025-04-27,DI Yogyakarta,15,14300.0,True,15300.0,1150.0,2025-04
2025-04-27,Jawa Timur,16,14200.0,True,15300.0,1150.0,2025-04
2025-04-27,Bali,17,15350.0,True,15300.0,1150.0,2025-04
2025-04-27,Nusa Tenggara Barat,18,13850.0,True,15300.0,1150.0,2025-04
2025-04-27,Nusa Tenggara Timur,19,15400.0,True,15300.0,1150.0,2025-04
2025-04-27,Kalimantan Barat,20,16250.0,True,15300.0,1150.0,2025-04
2025-04-27,Kalimantan Selatan,21,17100.0,True,15300.0,1150.0,2025-04
2025-04-27,Kalimantan Tengah,22,17550.0,True,15300.0,1150.0,2025-04
2025-04-27,Kalimantan Timur,23,15950.0,True,15300.0,1150.0,2025-04
2025-04-27,Kalimantan Utara,24,16550.0,True,15300.0,1150.0,2025-04
2025-04-27,Gorontalo,25,14750.0,True,15300.0,1150.0,2025-04
2025-04-27,Sulawesi Selatan,26,13550.0,True,15300.0,1150.0,2025-04
2025-04-27,Sulawesi Tenggara,27,15150.0,True,15300.0,1150.0,2025-04
2025-04-27,Sulawesi Tengah,28,14450.0,True,15300.0,1150.0,2025-04
2025-04-27,Sulawesi Utara,29,14300.0,True,15300.0,1150.0,2025-04
2025-04-27,Sulawesi Barat,30,13500.0,True,15300.0,1150.0,2025-04
2025-04-27,Maluku,31,16200.0,True,15300.0,1150.0,2025-04
2025-04-27,Maluku Utara,32,16700.0,True,15300.0,1150.0,2025-04
2025-04-27,Papua,33,18200.0,True,15300.0,1150.0,2025-04
2025-04-27,Papua Barat,34,16600.0,True,15300.0,1150.0,2025-04
2025-04-28,Aceh,1,13850.0,True,15300.0,1150.0,2025-04
2025-04-28,Sumatera Utara,2,14000.0,True,15300.0,1150.0,2025-04
2025-04-28,Sumatera Barat,3,17000.0,True,15300.0,1150.0,2025-04
2025-04-28,Riau,4,16050.0,True,15300.0,1150.0,2025-04
2025-04-28,Kepulauan Riau,5,15100.0,True,15300.0,1150.0,2025-04
2025-04-28,Jambi,6,15050.0,True,15300.0,1150.0,2025-04
2025-04-28,Bengkulu,7,15300.0,True,15300.0,1150.0,2025-04
2025-04-28,Sumatera Selatan,8,14950.0,True,15300.0,1150.0,2025-04
2025-04-28,Kepulauan Bangka Belitung,9,15000.0,True,15300.0,1150.0,2025-04
2025-04-28,Lampung,10,14650.0,True,15300.0,1150.0,2025-04
2025-04-28,Banten,11,14500.0,True,15300.0,1150.0,2025-04
2025-04-28,Jawa Barat,12,14600.0,True,15300.0,1150.0,2025-04
2025-04-28,DKI Jakarta,13,15650.0,True,15300.0,1150.0,2025-04
2025-04-28,Jawa Tengah,14,14700.0,True,15300.0,1150.0,2025-04
2025-04-28,DI Yogyakarta,15,14300.0,True,15300.0,1150.0,2025-04
2025-04-28,Jawa Timur,16,14250.0,True,15300.0,1150.0,2025-04
2025-04-28,Bali,17,15350.0,True,15300.0,1150.0,2025-04
2025-04-28,Nusa Tenggara Barat,18,13850.0,True,15300.0,1150.0,2025-04
2025-04-28,Nusa Tenggara Timur,19,15400.0,True,15300.0,1150.0,2025-04
2025-04-28,Kalimantan Barat,20,16250.0,True,15300.0,1150.0,2025-04
2025-04-28,Kalimantan Selatan,21,17100.0,True,15300.0,1150.0,2025-04
2025-04-28,Kalimantan Tengah,22,17550.0,True,15300.0,1150.0,2025-04
2025-04-28,Kalimantan Timur,23,15900.0,True,15300.0,1150.0,2025-04
2025-04-28,Kalimantan Utara,24,16500.0,True,15300.0,1150.0,2025-04
2025-04-28,Gorontalo,25,14750.0,True,15300.0,1150.0,2025-04
2025-04-28,Sulawesi Selatan,26,13550.0,True,15300.0,1150.0,2025-04
2025-04-28,Sulawesi Tenggara,27,15150.0,True,15300.0,1150.0,2025-04
2025-04-28,Sulawesi Tengah,28,14450.0,True,15300.0,1150.0,2025-04
2025-04-28,Sulawesi Utara,29,14400.0,True,15300.0,1150.0,2025-04
2025-04-28,Sulawesi Barat,30,13450.0,True,15300.0,1150.0,2025-04
2025-04-28,Maluku,31,16200.0,True,15300.0,1150.0,2025-04
2025-04-28,Maluku Utara,32,16700.0,True,15300.0,1150.0,2025-04
2025-04-28,Papua,33,18200.0,True,15300.0,1150.0,2025-04
2025-04-28,Papua Barat,34,16650.0,True,15300.0,1150.0,2025-04
2025-04-29,Aceh,1,13850.0,True,15300.0,1150.0,2025-04
2025-04-29,Sumatera Utara,2,14000.0,True,15300.0,1150.0,2025-04
2025-04-29,Sumatera Barat,3,17000.0,True,15300.0,1150.0,2025-04
2025-04-29,Riau,4,16050.0,True,15300.0,1150.0,2025-04
2025-04-29,Kepulauan Riau,5,15100.0,True,15300.0,1150.0,2025-04
2025-04-29,Jambi,6,15050.0,True,15300.0,1150.0,2025-04
2025-04-29,Bengkulu,7,15300.0,True,15300.0,1150.0,2025-04
2025-04-29,Sumatera Selatan,8,14950.0,True,15300.0,1150.0,2025-04
2025-04-29,Kepulauan Bangka Belitung,9,15000.0,True,15300.0,1150.0,2025-04
2025-04-29,Lampung,10,14650.0,True,15300.0,1150.0,2025-04
2025-04-29,Banten,11,14500.0,True,15300.0,1150.0,2025-04
2025-04-29,Jawa Barat,12,14600.0,True,15300.0,1150.0,2025-04
2025-04-29,DKI Jakarta,13,15650.0,True,15300.0,1150.0,2025-04
2025-04-29,Jawa Tengah,14,14700.0,True,15300.0,1150.0,2025-04
2025-04-29,DI Yogyakarta,15,14300.0,True,15300.0,1150.0,2025-04
2025-04-29,Jawa Timur,16,14200.0,True,15300.0,1150.0,2025-04
2025-04-29,Bali,17,15300.0,True,15300.0,1150.0,2025-04
2025-04-29,Nusa Tenggara Barat,18,13850.0,True,15300.0,1150.0,2025-04
2025-04-29,Nusa Tenggara Timur,19,15450.0,True,15300.0,1150.0,2025-04
2025-04-29,Kalimantan Barat,20,16250.0,True,15300.0,1150.0,2025-04
2025-04-29,Kalimantan Selatan,21,17100.0,True,15300.0,1150.0,2025-04
2025-04-29,Kalimantan Tengah,22,17550.0,True,15300.0,1150.0,2025-04
2025-04-29,Kalimantan Timur,23,15900.0,True,15300.0,1150.0,2025-04
2025-04-29,Kalimantan Utara,24,16550.0,True,15300.0,1150.0,2025-04
2025-04-29,Gorontalo,25,14750.0,True,15300.0,1150.0,2025-04
2025-04-29,Sulawesi Selatan,26,13550.0,True,15300.0,1150.0,2025-04
2025-04-29,Sulawesi Tenggara,27,15150.0,True,15300.0,1150.0,2025-04
2025-04-29,Sulawesi Tengah,28,14450.0,True,15300.0,1150.0,2025-04
2025-04-29,Sulawesi Utara,29,14450.0,True,15300.0,1150.0,2025-04
2025-04-29,Sulawesi Barat,30,13450.0,True,15300.0,1150.0,2025-04
2025-04-29,Maluku,31,16200.0,True,15300.0,1150.0,2025-04
2025-04-29,Maluku Utara,32,16700.0,True,15300.0,1150.0,2025-04
2025-04-29,Papua,33,18200.0,True,15300.0,1150.0,2025-04
2025-04-29,Papua Barat,34,16650.0,True,15300.0,1150.0,2025-04
2025-04-30,Aceh,1,13850.0,True,15300.0,1150.0,2025-04
2025-04-30,Sumatera Utara,2,14050.0,True,15300.0,1150.0,2025-04
2025-04-30,Sumatera Barat,3,17000.0,True,15300.0,1150.0,2025-04
2025-04-30,Riau,4,16050.0,True,15300.0,1150.0,2025-04
2025-04-30,Kepulauan Riau,5,15100.0,True,15300.0,1150.0,2025-04
2025-04-30,Jambi,6,15050.0,True,15300.0,1150.0,2025-04
2025-04-30,Bengkulu,7,15300.0,True,15300.0,1150.0,2025-04
2025-04-30,Sumatera Selatan,8,14950.0,True,15300.0,1150.0,2025-04
2025-04-30,Kepulauan Bangka Belitung,9,15000.0,True,15300.0,1150.0,2025-04
2025-04-30,Lampung,10,14550.0,True,15300.0,1150.0,2025-04
2025-04-30,Banten,11,14500.0,True,15300.0,1150.0,2025-04
2025-04-30,Jawa Barat,12,14600.0,True,15300.0,1150.0,2025-04
2025-04-30,DKI Jakarta,13,15650.0,True,15300.0,1150.0,2025-04
2025-04-30,Jawa Tengah,14,14700.0,True,15300.0,1150.0,2025-04
2025-04-30,DI Yogyakarta,15,14300.0,True,15300.0,1150.0,2025-04
2025-04-30,Jawa Timur,16,14200.0,True,15300.0,1150.0,2025-04
2025-04-30,Bali,17,15300.0,True,15300.0,1150.0,2025-04
2025-04-30,Nusa Tenggara Barat,18,13850.0,True,15300.0,1150.0,2025-04
2025-04-30,Nusa Tenggara Timur,19,15450.0,True,15300.0,1150.0,2025-04
2025-04-30,Kalimantan Barat,20,16250.0,True,15300.0,1150.0,2025-04
2025-04-30,Kalimantan Selatan,21,17100.0,True,15300.0,1150.0,2025-04
2025-04-30,Kalimantan Tengah,22,17500.0,True,15300.0,1150.0,2025-04
2025-04-30,Kalimantan Timur,23,15900.0,True,15300.0,1150.0,2025-04
2025-04-30,Kalimantan Utara,24,16600.0,True,15300.0,1150.0,2025-04
2025-04-30,Gorontalo,25,14750.0,True,15300.0,1150.0,2025-04
2025-04-30,Sulawesi Selatan,26,13550.0,True,15300.0,1150.0,2025-04
2025-04-30,Sulawesi Tenggara,27,15150.0,True,15300.0,1150.0,2025-04
2025-04-30,Sulawesi Tengah,28,14450.0,True,15300.0,1150.0,2025-04
2025-04-30,Sulawesi Utara,29,14450.0,True,15300.0,1150.0,2025-04
2025-04-30,Sulawesi Barat,30,13450.0,True,15300.0,1150.0,2025-04
2025-04-30,Maluku,31,16200.0,True,15300.0,1150.0,2025-04
2025-04-30,Maluku Utara,32,16700.0,True,15300.0,1150.0,2025-04
2025-04-30,Papua,33,18050.0,True,15300.0,1150.0,2025-04
2025-04-30,Papua Barat,34,16650.0,True,15300.0,1150.0,2025-04
2025-05-01,Aceh,1,13850.0,True,15300.0,1150.0,2025-05
2025-05-01,Sumatera Utara,2,14050.0,True,15300.0,1150.0,2025-05
2025-05-01,Sumatera Barat,3,17000.0,True,15300.0,1150.0,2025-05
2025-05-01,Riau,4,16050.0,True,15300.0,1150.0,2025-05
2025-05-01,Kepulauan Riau,5,15150.0,True,15300.0,1150.0,2025-05
2025-05-01,Jambi,6,15050.0,True,15300.0,1150.0,2025-05
2025-05-01,Bengkulu,7,15300.0,True,15300.0,1150.0,2025-05
2025-05-01,Sumatera Selatan,8,14950.0,True,15300.0,1150.0,2025-05
2025-05-01,Kepulauan Bangka Belitung,9,15000.0,True,15300.0,1150.0,2025-05
2025-05-01,Lampung,10,14550.0,True,15300.0,1150.0,2025-05
2025-05-01,Banten,11,14500.0,True,15300.0,1150.0,2025-05
2025-05-01,Jawa Barat,12,14600.0,True,15300.0,1150.0,2025-05
2025-05-01,DKI Jakarta,13,15650.0,True,15300.0,1150.0,2025-05
2025-05-01,Jawa Tengah,14,14700.0,True,15300.0,1150.0,2025-05
2025-05-01,DI Yogyakarta,15,14300.0,True,15300.0,1150.0,2025-05
2025-05-01,Jawa Timur,16,14200.0,True,15300.0,1150.0,2025-05
2025-05-01,Bali,17,15300.0,True,15300.0,1150.0,2025-05
2025-05-01,Nusa Tenggara Barat,18,13850.0,True,15300.0,1150.0,2025-05
2025-05-01,Nusa Tenggara Timur,19,15450.0,True,15300.0,1150.0,2025-05
2025-05-01,Kalimantan Barat,20,16250.0,True,15300.0,1150.0,2025-05
2025-05-01,Kalimantan Selatan,21,17100.0,True,15300.0,1150.0,2025-05
2025-05-01,Kalimantan Tengah,22,17500.0,True,15300.0,1150.0,2025-05
2025-05-01,Kalimantan Timur,23,15900.0,True,15300.0,1150.0,2025-05
2025-05-01,Kalimantan Utara,24,16600.0,True,15300.0,1150.0,2025-05
2025-05-01,Gorontalo,25,14750.0,True,15300.0,1150.0,2025-05
2025-05-01,Sulawesi Selatan,26,13550.0,True,15300.0,1150.0,2025-05
2025-05-01,Sulawesi Tenggara,27,15150.0,True,15300.0,1150.0,2025-05
2025-05-01,Sulawesi Tengah,28,14450.0,True,15300.0,1150.0,2025-05
2025-05-01,Sulawesi Utara,29,14450.0,True,15300.0,1150.0,2025-05
2025-05-01,Sulawesi Barat,30,13450.0,True,15300.0,1150.0,2025-05
2025-05-01,Maluku,31,16200.0,True,15300.0,1150.0,2025-05
2025-05-01,Maluku Utara,32,16700.0,True,15300.0,1150.0,2025-05
2025-05-01,Papua,33,18200.0,True,15300.0,1150.0,2025-05
2025-05-01,Papua Barat,34,16650.0,True,15300.0,1150.0,2025-05
2025-05-02,Aceh,1,13850.0,True,15300.0,1150.0,2025-05
2025-05-02,Sumatera Utara,2,14000.0,True,15300.0,1150.0,2025-05
2025-05-02,Sumatera Barat,3,17000.0,True,15300.0,1150.0,2025-05
2025-05-02,Riau,4,16050.0,True,15300.0,1150.0,2025-05
2025-05-02,Kepulauan Riau,5,15100.0,True,15300.0,1150.0,2025-05
2025-05-02,Jambi,6,15050.0,True,15300.0,1150.0,2025-05
2025-05-02,Bengkulu,7,15300.0,True,15300.0,1150.0,2025-05
2025-05-02,Sumatera Selatan,8,14950.0,True,15300.0,1150.0,2025-05
2025-05-02,Kepulauan Bangka Belitung,9,15000.0,True,15300.0,1150.0,2025-05
2025-05-02,Lampung,10,14550.0,True,15300.0,1150.0,2025-05
2025-05-02,Banten,11,14500.0,True,15300.0,1150.0,2025-05
2025-05-02,Jawa Barat,12,14600.0,True,15300.0,1150.0,2025-05
2025-05-02,DKI Jakarta,13,15650.0,True,15300.0,1150.0,2025-05
2025-05-02,Jawa Tengah,14,14700.0,True,15300.0,1150.0,2025-05
2025-05-02,DI Yogyakarta,15,14300.0,True,15300.0,1150.0,2025-05
2025-05-02,Jawa Timur,16,14200.0,True,15300.0,1150.0,2025-05
2025-05-02,Bali,17,15300.0,True,15300.0,1150.0,2025-05
2025-05-02,Nusa Tenggara Barat,18,13850.0,True,15300.0,1150.0,2025-05
2025-05-02,Nusa Tenggara Timur,19,15200.0,True,15300.0,1150.0,2025-05
2025-05-02,Kalimantan Barat,20,16250.0,True,15300.0,1150.0,2025-05
2025-05-02,Kalimantan Selatan,21,17100.0,True,15300.0,1150.0,2025-05
2025-05-02,Kalimantan Tengah,22,17500.0,True,15300.0,1150.0,2025-05
2025-05-02,Kalimantan Timur,23,15850.0,True,15300.0,1150.0,2025-05
2025-05-02,Kalimantan Utara,24,16600.0,True,15300.0,1150.0,2025-05
2025-05-02,Gorontalo,25,14750.0,True,15300.0,1150.0,2025-05
2025-05-02,Sulawesi Selatan,26,13550.0,True,15300.0,1150.0,2025-05
2025-05-02,Sulawesi Tenggara,27,15150.0,True,15300.0,1150.0,2025-05
2025-05-02,Sulawesi Tengah,28,14450.0,True,15300.0,1150.0,2025-05
2025-05-02,Sulawesi Utara,29,14450.0,True,15300.0,1150.0,2025-05
2025-05-02,Sulawesi Barat,30,13450.0,True,15300.0,1150.0,2025-05
2025-05-02,Maluku,31,16200.0,True,15300.0,1150.0,2025-05
2025-05-02,Maluku Utara,32,16700.0,True,15300.0,1150.0,2025-05
2025-05-02,Papua,33,18200.0,True,15300.0,1150.0,2025-05
2025-05-02,Papua Barat,34,16700.0,True,15300.0,1150.0,2025-05
2025-05-03,Aceh,1,13850.0,True,15300.0,1150.0,2025-05
2025-05-03,Sumatera Utara,2,14000.0,True,15300.0,1150.0,2025-05
2025-05-03,Sumatera Barat,3,17000.0,True,15300.0,1150.0,2025-05
2025-05-03,Riau,4,16050.0,True,15300.0,1150.0,2025-05
2025-05-03,Kepulauan Riau,5,15100.0,True,15300.0,1150.0,2025-05
2025-05-03,Jambi,6,15050.0,True,15300.0,1150.0,2025-05
2025-05-03,Bengkulu,7,15300.0,True,15300.0,1150.0,2025-05
2025-05-03,Sumatera Selatan,8,14950.0,True,15300.0,1150.0,2025-05
2025-05-03,Kepulauan Bangka Belitung,9,15000.0,True,15300.0,1150.0,2025-05
2025-05-03,Lampung,10,14550.0,True,15300.0,1150.0,2025-05
2025-05-03,Banten,11,14500.0,True,15300.0,1150.0,2025-05
2025-05-03,Jawa Barat,12,14600.0,True,15300.0,1150.0,2025-05
2025-05-03,DKI Jakarta,13,15650.0,True,15300.0,1150.0,2025-05
2025-05-03,Jawa Tengah,14,14700.0,True,15300.0,1150.0,2025-05
2025-05-03,DI Yogyakarta,15,14300.0,True,15300.0,1150.0,2025-05
2025-05-03,Jawa Timur,16,14200.0,True,15300.0,1150.0,2025-05
2025-05-03,Bali,17,15300.0,True,15300.0,1150.0,2025-05
2025-05-03,Nusa Tenggara Barat,18,13850.0,True,15300.0,1150.0,2025-05
2025-05-03,Nusa Tenggara Timur,19,15200.0,True,15300.0,1150.0,2025-05
2025-05-03,Kalimantan Barat,20,16250.0,True,15300.0,1150.0,2025-05
2025-05-03,Kalimantan Selatan,21,17100.0,True,15300.0,1150.0,2025-05
2025-05-03,Kalimantan Tengah,22,17500.0,True,15300.0,1150.0,2025-05
2025-05-03,Kalimantan Timur,23,15850.0,True,15300.0,1150.0,2025-05
2025-05-03,Kalimantan Utara,24,16600.0,True,15300.0,1150.0,2025-05
2025-05-03,Gorontalo,25,14750.0,True,15300.0,1150.0,2025-05
2025-05-03,Sulawesi Selatan,26,13550.0,True,15300.0,1150.0,2025-05
2025-05-03,Sulawesi Tenggara,27,15150.0,True,15300.0,1150.0,2025-05
2025-05-03,Sulawesi Tengah,28,14450.0,True,15300.0,1150.0,2025-05
2025-05-03,Sulawesi Utara,29,14450.0,True,15300.0,1150.0,2025-05
2025-05-03,Sulawesi Barat,30,13450.0,True,15300.0,1150.0,2025-05
2025-05-03,Maluku,31,16200.0,True,15300.0,1150.0,2025-05
2025-05-03,Maluku Utara,32,16700.0,True,15300.0,1150.0,2025-05
2025-05-03,Papua,33,18200.0,True,15300.0,1150.0,2025-05
2025-05-03,Papua Barat,34,16700.0,True,15300.0,1150.0,2025-05
2025-05-04,Aceh,1,13850.0,True,15300.0,1150.0,2025-05
2025-05-04,Sumatera Utara,2,14000.0,True,15300.0,1150.0,2025-05
2025-05-04,Sumatera Barat,3,17000.0,True,15300.0,1150.0,2025-05
2025-05-04,Riau,4,16050.0,True,15300.0,1150.0,2025-05
2025-05-04,Kepulauan Riau,5,15100.0,True,15300.0,1150.0,2025-05
2025-05-04,Jambi,6,15050.0,True,15300.0,1150.0,2025-05
2025-05-04,Bengkulu,7,15300.0,True,15300.0,1150.0,2025-05
2025-05-04,Sumatera Selatan,8,14950.0,True,15300.0,1150.0,2025-05
2025-05-04,Kepulauan Bangka Belitung,9,15000.0,True,15300.0,1150.0,2025-05
2025-05-04,Lampung,10,14550.0,True,15300.0,1150.0,2025-05
2025-05-04,Banten,11,14500.0,True,15300.0,1150.0,2025-05
2025-05-04,Jawa Barat,12,14600.0,True,15300.0,1150.0,2025-05
2025-05-04,DKI Jakarta,13,15650.0,True,15300.0,1150.0,2025-05
2025-05-04,Jawa Tengah,14,14700.0,True,15300.0,1150.0,2025-05
2025-05-04,DI Yogyakarta,15,14300.0,True,15300.0,1150.0,2025-05
2025-05-04,Jawa Timur,16,14200.0,True,15300.0,1150.0,2025-05
2025-05-04,Bali,17,15300.0,True,15300.0,1150.0,2025-05
2025-05-04,Nusa Tenggara Barat,18,13850.0,True,15300.0,1150.0,2025-05
2025-05-04,Nusa Tenggara Timur,19,15200.0,True,15300.0,1150.0,2025-05
2025-05-04,Kalimantan Barat,20,16250.0,True,15300.0,1150.0,2025-05
2025-05-04,Kalimantan Selatan,21,17100.0,True,15300.0,1150.0,2025-05
2025-05-04,Kalimantan Tengah,22,17500.0,True,15300.0,1150.0,2025-05
2025-05-04,Kalimantan Timur,23,15850.0,True,15300.0,1150.0,2025-05
2025-05-04,Kalimantan Utara,24,16600.0,True,15300.0,1150.0,2025-05
2025-05-04,Gorontalo,25,14750.0,True,15300.0,1150.0,2025-05
2025-05-04,Sulawesi Selatan,26,13550.0,True,15300.0,1150.0,2025-05
2025-05-04,Sulawesi Tenggara,27,15150.0,True,15300.0,1150.0,2025-05
2025-05-04,Sulawesi Tengah,28,14450.0,True,15300.0,1150.0,2025-05
2025-05-04,Sulawesi Utara,29,14450.0,True,15300.0,1150.0,2025-05
2025-05-04,Sulawesi Barat,30,13450.0,True,15300.0,1150.0,2025-05
2025-05-04,Maluku,31,16200.0,True,15300.0,1150.0,2025-05
2025-05-04,Maluku Utara,32,16700.0,True,15300.0,1150.0,2025-05
2025-05-04,Papua,33,18200.0,True,15300.0,1150.0,2025-05
2025-05-04,Papua Barat,34,16700.0,True,15300.0,1150.0,2025-05
2025-05-05,Aceh,1,13900.0,True,15300.0,1150.0,2025-05
2025-05-05,Sumatera Utara,2,14050.0,True,15300.0,1150.0,2025-05
2025-05-05,Sumatera Barat,3,17000.0,True,15300.0,1150.0,2025-05
2025-05-05,Riau,4,16050.0,True,15300.0,1150.0,2025-05
2025-05-05,Kepulauan Riau,5,15100.0,True,15300.0,1150.0,2025-05
2025-05-05,Jambi,6,15100.0,True,15300.0,1150.0,2025-05
2025-05-05,Bengkulu,7,15300.0,True,15300.0,1150.0,2025-05
2025-05-05,Sumatera Selatan,8,14950.0,True,15300.0,1150.0,2025-05
2025-05-05,Kepulauan Bangka Belitung,9,15000.0,True,15300.0,1150.0,2025-05
2025-05-05,Lampung,10,14550.0,True,15300.0,1150.0,2025-05
2025-05-05,Banten,11,14500.0,True,15300.0,1150.0,2025-05
2025-05-05,Jawa Barat,12,14600.0,True,15300.0,1150.0,2025-05
2025-05-05,DKI Jakarta,13,15650.0,True,15300.0,1150.0,2025-05
2025-05-05,Jawa Tengah,14,14700.0,True,15300.0,1150.0,2025-05
2025-05-05,DI Yogyakarta,15,14300.0,True,15300.0,1150.0,2025-05
2025-05-05,Jawa Timur,16,14200.0,True,15300.0,1150.0,2025-05
2025-05-05,Bali,17,15300.0,True,15300.0,1150.0,2025-05
2025-05-05,Nusa Tenggara Barat,18,13850.0,True,15300.0,1150.0,2025-05
2025-05-05,Nusa Tenggara Timur,19,15350.0,True,15300.0,1150.0,2025-05
2025-05-05,Kalimantan Barat,20,16250.0,True,15300.0,1150.0,2025-05
2025-05-05,Kalimantan Selatan,21,17100.0,True,15300.0,1150.0,2025-05
2025-05-05,Kalimantan Tengah,22,17500.0,True,15300.0,1150.0,2025-05
2025-05-05,Kalimantan Timur,23,15850.0,True,15300.0,1150.0,2025-05
2025-05-05,Kalimantan Utara,24,16600.0,True,15300.0,1150.0,2025-05
2025-05-05,Gorontalo,25,14750.0,True,15300.0,1150.0,2025-05
2025-05-05,Sulawesi Selatan,26,13550.0,True,15300.0,1150.0,2025-05
2025-05-05,Sulawesi Tenggara,27,15150.0,True,15300.0,1150.0,2025-05
2025-05-05,Sulawesi Tengah,28,14450.0,True,15300.0,1150.0,2025-05
2025-05-05,Sulawesi Utara,29,14550.0,True,15300.0,1150.0,2025-05
2025-05-05,Sulawesi Barat,30,13450.0,True,15300.0,1150.0,2025-05
2025-05-05,Maluku,31,16200.0,True,15300.0,1150.0,2025-05
2025-05-05,Maluku Utara,32,16700.0,True,15300.0,1150.0,2025-05
2025-05-05,Papua,33,18300.0,True,15300.0,1150.0,2025-05
2025-05-05,Papua Barat,34,16700.0,True,15300.0,1150.0,2025-05
2025-05-06,Aceh,1,13900.0,True,15300.0,1150.0,2025-05
2025-05-06,Sumatera Utara,2,14050.0,True,15300.0,1150.0,2025-05
2025-05-06,Sumatera Barat,3,17000.0,True,15300.0,1150.0,2025-05
2025-05-06,Riau,4,16050.0,True,15300.0,1150.0,2025-05
2025-05-06,Kepulauan Riau,5,15100.0,True,15300.0,1150.0,2025-05
2025-05-06,Jambi,6,15100.0,True,15300.0,1150.0,2025-05
2025-05-06,Bengkulu,7,15300.0,True,15300.0,1150.0,2025-05
2025-05-06,Sumatera Selatan,8,14950.0,True,15300.0,1150.0,2025-05
2025-05-06,Kepulauan Bangka Belitung,9,15000.0,True,15300.0,1150.0,2025-05
2025-05-06,Lampung,10,14550.0,True,15300.0,1150.0,2025-05
2025-05-06,Banten,11,14500.0,True,15300.0,1150.0,2025-05
2025-05-06,Jawa Barat,12,14600.0,True,15300.0,1150.0,2025-05
2025-05-06,DKI Jakarta,13,15650.0,True,15300.0,1150.0,2025-05
2025-05-06,Jawa Tengah,14,14700.0,True,15300.0,1150.0,2025-05
2025-05-06,DI Yogyakarta,15,14300.0,True,15300.0,1150.0,2025-05
2025-05-06,Jawa Timur,16,14200.0,True,15300.0,1150.0,2025-05
2025-05-06,Bali,17,15350.0,True,15300.0,1150.0,2025-05
2025-05-06,Nusa Tenggara Barat,18,13850.0,True,15300.0,1150.0,2025-05
2025-05-06,Nusa Tenggara Timur,19,15500.0,True,15300.0,1150.0,2025-05
2025-05-06,Kalimantan Barat,20,16250.0,True,15300.0,1150.0,2025-05
2025-05-06,Kalimantan Selatan,21,17100.0,True,15300.0,1150.0,2025-05
2025-05-06,Kalimantan Tengah,22,17500.0,True,15300.0,1150.0,2025-05
2025-05-06,Kalimantan Timur,23,15850.0,True,15300.0,1150.0,2025-05
2025-05-06,Kalimantan Utara,24,16600.0,True,15300.0,1150.0,2025-05
2025-05-06,Gorontalo,25,14750.0,True,15300.0,1150.0,2025-05
2025-05-06,Sulawesi Selatan,26,13550.0,True,15300.0,1150.0,2025-05
2025-05-06,Sulawesi Tenggara,27,15150.0,True,15300.0,1150.0,2025-05
2025-05-06,Sulawesi Tengah,28,14450.0,True,15300.0,1150.0,2025-05
2025-05-06,Sulawesi Utara,29,14550.0,True,15300.0,1150.0,2025-05
2025-05-06,Sulawesi Barat,30,13450.0,True,15300.0,1150.0,2025-05
2025-05-06,Maluku,31,16200.0,True,15300.0,1150.0,2025-05
2025-05-06,Maluku Utara,32,16700.0,True,15300.0,1150.0,2025-05
2025-05-06,Papua,33,18250.0,True,15300.0,1150.0,2025-05
2025-05-06,Papua Barat,34,16700.0,True,15300.0,1150.0,2025-05
2025-05-07,Aceh,1,13900.0,True,15300.0,1150.0,2025-05
2025-05-07,Sumatera Utara,2,14050.0,True,15300.0,1150.0,2025-05
2025-05-07,Sumatera Barat,3,17000.0,True,15300.0,1150.0,2025-05
2025-05-07,Riau,4,16050.0,True,15300.0,1150.0,2025-05
2025-05-07,Kepulauan Riau,5,15100.0,True,15300.0,1150.0,2025-05
2025-05-07,Jambi,6,15100.0,True,15300.0,1150.0,2025-05
2025-05-07,Bengkulu,7,15300.0,True,15300.0,1150.0,2025-05
2025-05-07,Sumatera Selatan,8,14950.0,True,15300.0,1150.0,2025-05
2025-05-07,Kepulauan Bangka Belitung,9,15000.0,True,15300.0,1150.0,2025-05
2025-05-07,Lampung,10,14550.0,True,15300.0,1150.0,2025-05
2025-05-07,Banten,11,14500.0,True,15300.0,1150.0,2025-05
2025-05-07,Jawa Barat,12,14600.0,True,15300.0,1150.0,2025-05
2025-05-07,DKI Jakarta,13,15650.0,True,15300.0,1150.0,2025-05
2025-05-07,Jawa Tengah,14,14700.0,True,15300.0,1150.0,2025-05
2025-05-07,DI Yogyakarta,15,14300.0,True,15300.0,1150.0,2025-05
2025-05-07,Jawa Timur,16,14200.0,True,15300.0,1150.0,2025-05
2025-05-07,Bali,17,15350.0,True,15300.0,1150.0,2025-05
2025-05-07,Nusa Tenggara Barat,18,13850.0,True,15300.0,1150.0,2025-05
2025-05-07,Nusa Tenggara Timur,19,15350.0,True,15300.0,1150.0,2025-05
2025-05-07,Kalimantan Barat,20,16300.0,True,15300.0,1150.0,2025-05
2025-05-07,Kalimantan Selatan,21,17100.0,True,15300.0,1150.0,2025-05
2025-05-07,Kalimantan Tengah,22,17500.0,True,15300.0,1150.0,2025-05
2025-05-07,Kalimantan Timur,23,15850.0,True,15300.0,1150.0,2025-05
2025-05-07,Kalimantan Utara,24,16600.0,True,15300.0,1150.0,2025-05
2025-05-07,Gorontalo,25,14750.0,True,15300.0,1150.0,2025-05
2025-05-07,Sulawesi Selatan,26,13550.0,True,15300.0,1150.0,2025-05
2025-05-07,Sulawesi Tenggara,27,15150.0,True,15300.0,1150.0,2025-05
2025-05-07,Sulawesi Tengah,28,14450.0,True,15300.0,1150.0,2025-05
2025-05-07,Sulawesi Utara,29,14800.0,True,15300.0,1150.0,2025-05
2025-05-07,Sulawesi Barat,30,13450.0,True,15300.0,1150.0,2025-05
2025-05-07,Maluku,31,16200.0,True,15300.0,1150.0,2025-05
2025-05-07,Maluku Utara,32,16700.0,True,15300.0,1150.0,2025-05
2025-05-07,Papua,33,18250.0,True,15300.0,1150.0,2025-05
2025-05-07,Papua Barat,34,16700.0,True,15300.0,1150.0,2025-05
2025-05-08,Aceh,1,13900.0,True,15300.0,1150.0,2025-05
2025-05-08,Sumatera Utara,2,14100.0,True,15300.0,1150.0,2025-05
2025-05-08,Sumatera Barat,3,17000.0,True,15300.0,1150.0,2025-05
2025-05-08,Riau,4,16050.0,True,15300.0,1150.0,2025-05
2025-05-08,Kepulauan Riau,5,15100.0,True,15300.0,1150.0,2025-05
2025-05-08,Jambi,6,15100.0,True,15300.0,1150.0,2025-05
2025-05-08,Bengkulu,7,15300.0,True,15300.0,1150.0,2025-05
2025-05-08,Sumatera Selatan,8,14950.0,True,15300.0,1150.0,2025-05
2025-05-08,Kepulauan Bangka Belitung,9,15000.0,True,15300.0,1150.0,2025-05
2025-05-08,Lampung,10,14500.0,True,15300.0,1150.0,2025-05
2025-05-08,Banten,11,14500.0,True,15300.0,1150.0,2025-05
2025-05-08,Jawa Barat,12,14600.0,True,15300.0,1150.0,2025-05
2025-05-08,DKI Jakarta,13,15650.0,True,15300.0,1150.0,2025-05
2025-05-08,Jawa Tengah,14,14700.0,True,15300.0,1150.0,2025-05
2025-05-08,DI Yogyakarta,15,14300.0,True,15300.0,1150.0,2025-05
2025-05-08,Jawa Timur,16,14200.0,True,15300.0,1150.0,2025-05
2025-05-08,Bali,17,15350.0,True,15300.0,1150.0,2025-05
2025-05-08,Nusa Tenggara Barat,18,13850.0,True,15300.0,1150.0,2025-05
2025-05-08,Nusa Tenggara Timur,19,15300.0,True,15300.0,1150.0,2025-05
2025-05-08,Kalimantan Barat,20,16300.0,True,15300.0,1150.0,2025-05
2025-05-08,Kalimantan Selatan,21,17100.0,True,15300.0,1150.0,2025-05
2025-05-08,Kalimantan Tengah,22,17500.0,True,15300.0,1150.0,2025-05
2025-05-08,Kalimantan Timur,23,15850.0,True,15300.0,1150.0,2025-05
2025-05-08,Kalimantan Utara,24,16600.0,True,15300.0,1150.0,2025-05
2025-05-08,Gorontalo,25,14750.0,True,15300.0,1150.0,2025-05
2025-05-08,Sulawesi Selatan,26,13550.0,True,15300.0,1150.0,2025-05
2025-05-08,Sulawesi Tenggara,27,15150.0,True,15300.0,1150.0,2025-05
2025-05-08,Sulawesi Tengah,28,14450.0,True,15300.0,1150.0,2025-05
2025-05-08,Sulawesi Utara,29,14800.0,True,15300.0,1150.0,2025-05
2025-05-08,Sulawesi Barat,30,13450.0,True,15300.0,1150.0,2025-05
2025-05-08,Maluku,31,16200.0,True,15300.0,1150.0,2025-05
2025-05-08,Maluku Utara,32,16700.0,True,15300.0,1150.0,2025-05
2025-05-08,Papua,33,18250.0,True,15300.0,1150.0,2025-05
2025-05-08,Papua Barat,34,16700.0,True,15300.0,1150.0,2025-05
2025-05-09,Aceh,1,13900.0,True,15300.0,1150.0,2025-05
2025-05-09,Sumatera Utara,2,14100.0,True,15300.0,1150.0,2025-05
2025-05-09,Sumatera Barat,3,17000.0,True,15300.0,1150.0,2025-05
2025-05-09,Riau,4,16050.0,True,15300.0,1150.0,2025-05
2025-05-09,Kepulauan Riau,5,15100.0,True,15300.0,1150.0,2025-05
2025-05-09,Jambi,6,15100.0,True,15300.0,1150.0,2025-05
2025-05-09,Bengkulu,7,15300.0,True,15300.0,1150.0,2025-05
2025-05-09,Sumatera Selatan,8,14950.0,True,15300.0,1150.0,2025-05
2025-05-09,Kepulauan Bangka Belitung,9,15000.0,True,15300.0,1150.0,2025-05
2025-05-09,Lampung,10,14500.0,True,15300.0,1150.0,2025-05
2025-05-09,Banten,11,14500.0,True,15300.0,1150.0,2025-05
2025-05-09,Jawa Barat,12,14600.0,True,15300.0,1150.0,2025-05
2025-05-09,DKI Jakarta,13,15650.0,True,15300.0,1150.0,2025-05
2025-05-09,Jawa Tengah,14,14700.0,True,15300.0,1150.0,2025-05
2025-05-09,DI Yogyakarta,15,14300.0,True,15300.0,1150.0,2025-05
2025-05-09,Jawa Timur,16,14200.0,True,15300.0,1150.0,2025-05
2025-05-09,Bali,17,15350.0,True,15300.0,1150.0,2025-05
2025-05-09,Nusa Tenggara Barat,18,13850.0,True,15300.0,1150.0,2025-05
2025-05-09,Nusa Tenggara Timur,19,15300.0,True,15300.0,1150.0,2025-05
2025-05-09,Kalimantan Barat,20,16300.0,True,15300.0,1150.0,2025-05
2025-05-09,Kalimantan Selatan,21,17100.0,True,15300.0,1150.0,2025-05
2025-05-09,Kalimantan Tengah,22,17500.0,True,15300.0,1150.0,2025-05
2025-05-09,Kalimantan Timur,23,15850.0,True,15300.0,1150.0,2025-05
2025-05-09,Kalimantan Utara,24,16600.0,True,15300.0,1150.0,2025-05
2025-05-09,Gorontalo,25,14750.0,True,15300.0,1150.0,2025-05
2025-05-09,Sulawesi Selatan,26,13550.0,True,15300.0,1150.0,2025-05
2025-05-09,Sulawesi Tenggara,27,15150.0,True,15300.0,1150.0,2025-05
2025-05-09,Sulawesi Tengah,28,14450.0,True,15300.0,1150.0,2025-05
2025-05-09,Sulawesi Utara,29,14800.0,True,15300.0,1150.0,2025-05
2025-05-09,Sulawesi Barat,30,13450.0,True,15300.0,1150.0,2025-05
2025-05-09,Maluku,31,16200.0,True,15300.0,1150.0,2025-05
2025-05-09,Maluku Utara,32,16700.0,True,15300.0,1150.0,2025-05
2025-05-09,Papua,33,18250.0,True,15300.0,1150.0,2025-05
2025-05-09,Papua Barat,34,16700.0,True,15300.0,1150.0,2025-05
2025-05-10,Aceh,1,13900.0,True,15300.0,1150.0,2025-05
2025-05-10,Sumatera Utara,2,14100.0,True,15300.0,1150.0,2025-05
2025-05-10,Sumatera Barat,3,17000.0,True,15300.0,1150.0,2025-05
2025-05-10,Riau,4,16050.0,True,15300.0,1150.0,2025-05
2025-05-10,Kepulauan Riau,5,15100.0,True,15300.0,1150.0,2025-05
2025-05-10,Jambi,6,15100.0,True,15300.0,1150.0,2025-05
2025-05-10,Bengkulu,7,15300.0,True,15300.0,1150.0,2025-05
2025-05-10,Sumatera Selatan,8,14950.0,True,15300.0,1150.0,2025-05
2025-05-10,Kepulauan Bangka Belitung,9,15000.0,True,15300.0,1150.0,2025-05
2025-05-10,Lampung,10,14500.0,True,15300.0,1150.0,2025-05
2025-05-10,Banten,11,14500.0,True,15300.0,1150.0,2025-05
2025-05-10,Jawa Barat,12,14600.0,True,15300.0,1150.0,2025-05
2025-05-10,DKI Jakarta,13,15650.0,True,15300.0,1150.0,2025-05
2025-05-10,Jawa Tengah,14,14700.0,True,15300.0,1150.0,2025-05
2025-05-10,DI Yogyakarta,15,14300.0,True,15300.0,1150.0,2025-05
2025-05-10,Jawa Timur,16,14200.0,True,15300.0,1150.0,2025-05
2025-05-10,Bali,17,15350.0,True,15300.0,1150.0,2025-05
2025-05-10,Nusa Tenggara Barat,18,13850.0,True,15300.0,1150.0,2025-05
2025-05-10,Nusa Tenggara Timur,19,15300.0,True,15300.0,1150.0,2025-05
2025-05-10,Kalimantan Barat,20,16300.0,True,15300.0,1150.0,2025-05
2025-05-10,Kalimantan Selatan,21,17100.0,True,15300.0,1150.0,2025-05
2025-05-10,Kalimantan Tengah,22,17500.0,True,15300.0,1150.0,2025-05
2025-05-10,Kalimantan Timur,23,15850.0,True,15300.0,1150.0,2025-05
2025-05-10,Kalimantan Utara,24,16600.0,True,15300.0,1150.0,2025-05
2025-05-10,Gorontalo,25,14750.0,True,15300.0,1150.0,2025-05
2025-05-10,Sulawesi Selatan,26,13550.0,True,15300.0,1150.0,2025-05
2025-05-10,Sulawesi Tenggara,27,15150.0,True,15300.0,1150.0,2025-05
2025-05-10,Sulawesi Tengah,28,14450.0,True,15300.0,1150.0,2025-05
2025-05-10,Sulawesi Utara,29,14800.0,True,15300.0,1150.0,2025-05
2025-05-10,Sulawesi Barat,30,13450.0,True,15300.0,1150.0,2025-05
2025-05-10,Maluku,31,16200.0,True,15300.0,1150.0,2025-05
2025-05-10,Maluku Utara,32,16700.0,True,15300.0,1150.0,2025-05
2025-05-10,Papua,33,18250.0,True,15300.0,1150.0,2025-05
2025-05-10,Papua Barat,34,16700.0,True,15300.0,1150.0,2025-05
2025-05-11,Aceh,1,13900.0,True,15300.0,1150.0,2025-05
2025-05-11,Sumatera Utara,2,14100.0,True,15300.0,1150.0,2025-05
2025-05-11,Sumatera Barat,3,17000.0,True,15300.0,1150.0,2025-05
2025-05-11,Riau,4,16050.0,True,15300.0,1150.0,2025-05
2025-05-11,Kepulauan Riau,5,15100.0,True,15300.0,1150.0,2025-05
2025-05-11,Jambi,6,15100.0,True,15300.0,1150.0,2025-05
2025-05-11,Bengkulu,7,15300.0,True,15300.0,1150.0,2025-05
2025-05-11,Sumatera Selatan,8,14950.0,True,15300.0,1150.0,2025-05
2025-05-11,Kepulauan Bangka Belitung,9,15000.0,True,15300.0,1150.0,2025-05
2025-05-11,Lampung,10,14500.0,True,15300.0,1150.0,2025-05
2025-05-11,Banten,11,14500.0,True,15300.0,1150.0,2025-05
2025-05-11,Jawa Barat,12,14600.0,True,15300.0,1150.0,2025-05
2025-05-11,DKI Jakarta,13,15650.0,True,15300.0,1150.0,2025-05
2025-05-11,Jawa Tengah,14,14700.0,True,15300.0,1150.0,2025-05
2025-05-11,DI Yogyakarta,15,14300.0,True,15300.0,1150.0,2025-05
2025-05-11,Jawa Timur,16,14200.0,True,15300.0,1150.0,2025-05
2025-05-11,Bali,17,15350.0,True,15300.0,1150.0,2025-05
2025-05-11,Nusa Tenggara Barat,18,13850.0,True,15300.0,1150.0,2025-05
2025-05-11,Nusa Tenggara Timur,19,15300.0,True,15300.0,1150.0,2025-05
2025-05-11,Kalimantan Barat,20,16300.0,True,15300.0,1150.0,2025-05
2025-05-11,Kalimantan Selatan,21,17100.0,True,15300.0,1150.0,2025-05
2025-05-11,Kalimantan Tengah,22,17500.0,True,15300.0,1150.0,2025-05
2025-05-11,Kalimantan Timur,23,15850.0,True,15300.0,1150.0,2025-05
2025-05-11,Kalimantan Utara,24,16600.0,True,15300.0,1150.0,2025-05
2025-05-11,Gorontalo,25,14750.0,True,15300.0,1150.0,2025-05
2025-05-11,Sulawesi Selatan,26,13550.0,True,15300.0,1150.0,2025-05
2025-05-11,Sulawesi Tenggara,27,15150.0,True,15300.0,1150.0,2025-05
2025-05-11,Sulawesi Tengah,28,14450.0,True,15300.0,1150.0,2025-05
2025-05-11,Sulawesi Utara,29,14800.0,True,15300.0,1150.0,2025-05
2025-05-11,Sulawesi Barat,30,13450.0,True,15300.0,1150.0,2025-05
2025-05-11,Maluku,31,16200.0,True,15300.0,1150.0,2025-05
2025-05-11,Maluku Utara,32,16700.0,True,15300.0,1150.0,2025-05
2025-05-11,Papua,33,18250.0,True,15300.0,1150.0,2025-05
2025-05-11,Papua Barat,34,16700.0,True,15300.0,1150.0,2025-05
2025-05-12,Aceh,1,13950.0,True,15300.0,1150.0,2025-05
2025-05-12,Sumatera Utara,2,14100.0,True,15300.0,1150.0,2025-05
2025-05-12,Sumatera Barat,3,17000.0,True,15300.0,1150.0,2025-05
2025-05-12,Riau,4,16050.0,True,15300.0,1150.0,2025-05
2025-05-12,Kepulauan Riau,5,15150.0,True,15300.0,1150.0,2025-05
2025-05-12,Jambi,6,15100.0,True,15300.0,1150.0,2025-05
2025-05-12,Bengkulu,7,15300.0,True,15300.0,1150.0,2025-05
2025-05-12,Sumatera Selatan,8,14950.0,True,15300.0,1150.0,2025-05
2025-05-12,Kepulauan Bangka Belitung,9,15000.0,True,15300.0,1150.0,2025-05
2025-05-12,Lampung,10,14500.0,True,15300.0,1150.0,2025-05
2025-05-12,Banten,11,14500.0,True,15300.0,1150.0,2025-05
2025-05-12,Jawa Barat,12,14600.0,True,15300.0,1150.0,2025-05
2025-05-12,DKI Jakarta,13,15650.0,True,15300.0,1150.0,2025-05
2025-05-12,Jawa Tengah,14,14700.0,True,15300.0,1150.0,2025-05
2025-05-12,DI Yogyakarta,15,14300.0,True,15300.0,1150.0,2025-05
2025-05-12,Jawa Timur,16,14200.0,True,15300.0,1150.0,2025-05
2025-05-12,Bali,17,15350.0,True,15300.0,1150.0,2025-05
2025-05-12,Nusa Tenggara Barat,18,13850.0,True,15300.0,1150.0,2025-05
2025-05-12,Nusa Tenggara Timur,19,15300.0,True,15300.0,1150.0,2025-05
2025-05-12,Kalimantan Barat,20,16300.0,True,15300.0,1150.0,2025-05
2025-05-12,Kalimantan Selatan,21,17100.0,True,15300.0,1150.0,2025-05
2025-05-12,Kalimantan Tengah,22,17500.0,True,15300.0,1150.0,2025-05
2025-05-12,Kalimantan Timur,23,15850.0,True,15300.0,1150.0,2025-05
2025-05-12,Kalimantan Utara,24,16600.0,True,15300.0,1150.0,2025-05
2025-05-12,Gorontalo,25,14750.0,True,15300.0,1150.0,2025-05
2025-05-12,Sulawesi Selatan,26,13550.0,True,15300.0,1150.0,2025-05
2025-05-12,Sulawesi Tenggara,27,15150.0,True,15300.0,1150.0,2025-05
2025-05-12,Sulawesi Tengah,28,14450.0,True,15300.0,1150.0,2025-05
2025-05-12,Sulawesi Utara,29,14800.0,True,15300.0,1150.0,2025-05
2025-05-12,Sulawesi Barat,30,13450.0,True,15300.0,1150.0,2025-05
2025-05-12,Maluku,31,16200.0,True,15300.0,1150.0,2025-05
2025-05-12,Maluku Utara,32,16700.0,True,15300.0,1150.0,2025-05
2025-05-12,Papua,33,18250.0,True,15300.0,1150.0,2025-05
2025-05-12,Papua Barat,34,16700.0,True,15300.0,1150.0,2025-05
2025-05-13,Aceh,1,13900.0,True,15300.0,1150.0,2025-05
2025-05-13,Sumatera Utara,2,14100.0,True,15300.0,1150.0,2025-05
2025-05-13,Sumatera Barat,3,17000.0,True,15300.0,1150.0,2025-05
2025-05-13,Riau,4,16050.0,True,15300.0,1150.0,2025-05
2025-05-13,Kepulauan Riau,5,15150.0,True,15300.0,1150.0,2025-05
2025-05-13,Jambi,6,15100.0,True,15300.0,1150.0,2025-05
2025-05-13,Bengkulu,7,15300.0,True,15300.0,1150.0,2025-05
2025-05-13,Sumatera Selatan,8,14950.0,True,15300.0,1150.0,2025-05
2025-05-13,Kepulauan Bangka Belitung,9,15000.0,True,15300.0,1150.0,2025-05
2025-05-13,Lampung,10,14500.0,True,15300.0,1150.0,2025-05
2025-05-13,Banten,11,14500.0,True,15300.0,1150.0,2025-05
2025-05-13,Jawa Barat,12,14600.0,True,15300.0,1150.0,2025-05
2025-05-13,DKI Jakarta,13,15650.0,True,15300.0,1150.0,2025-05
2025-05-13,Jawa Tengah,14,14650.0,True,15300.0,1150.0,2025-05
2025-05-13,DI Yogyakarta,15,14300.0,True,15300.0,1150.0,2025-05
2025-05-13,Jawa Timur,16,14200.0,True,15300.0,1150.0,2025-05
2025-05-13,Bali,17,15400.0,True,15300.0,1150.0,2025-05
2025-05-13,Nusa Tenggara Barat,18,13850.0,True,15300.0,1150.0,2025-05
2025-05-13,Nusa Tenggara Timur,19,15300.0,True,15300.0,1150.0,2025-05
2025-05-13,Kalimantan Barat,20,16300.0,True,15300.0,1150.0,2025-05
2025-05-13,Kalimantan Selatan,21,17100.0,True,15300.0,1150.0,2025-05
2025-05-13,Kalimantan Tengah,22,17500.0,True,15300.0,1150.0,2025-05
2025-05-13,Kalimantan Timur,23,15850.0,True,15300.0,1150.0,2025-05
2025-05-13,Kalimantan Utara,24,16600.0,True,15300.0,1150.0,2025-05
2025-05-13,Gorontalo,25,14750.0,True,15300.0,1150.0,2025-05
2025-05-13,Sulawesi Selatan,26,13550.0,True,15300.0,1150.0,2025-05
2025-05-13,Sulawesi Tenggara,27,15150.0,True,15300.0,1150.0,2025-05
2025-05-13,Sulawesi Tengah,28,14450.0,True,15300.0,1150.0,2025-05
2025-05-13,Sulawesi Utara,29,14800.0,True,15300.0,1150.0,2025-05
2025-05-13,Sulawesi Barat,30,13450.0,True,15300.0,1150.0,2025-05
2025-05-13,Maluku,31,16200.0,True,15300.0,1150.0,2025-05
2025-05-13,Maluku Utara,32,16700.0,True,15300.0,1150.0,2025-05
2025-05-13,Papua,33,18250.0,True,15300.0,1150.0,2025-05
2025-05-13,Papua Barat,34,16700.0,True,15300.0,1150.0,2025-05
2025-05-14,Aceh,1,13950.0,True,15350.0,1150.0,2025-05
2025-05-14,Sumatera Utara,2,14100.0,True,15350.0,1150.0,2025-05
2025-05-14,Sumatera Barat,3,17000.0,True,15350.0,1150.0,2025-05
2025-05-14,Riau,4,16050.0,True,15350.0,1150.0,2025-05
2025-05-14,Kepulauan Riau,5,15100.0,True,15350.0,1150.0,2025-05
2025-05-14,Jambi,6,15100.0,True,15350.0,1150.0,2025-05
2025-05-14,Bengkulu,7,15300.0,True,15350.0,1150.0,2025-05
2025-05-14,Sumatera Selatan,8,15000.0,True,15350.0,1150.0,2025-05
2025-05-14,Kepulauan Bangka Belitung,9,15000.0,True,15350.0,1150.0,2025-05
2025-05-14,Lampung,10,14450.0,True,15350.0,1150.0,2025-05
2025-05-14,Banten,11,14500.0,True,15350.0,1150.0,2025-05
2025-05-14,Jawa Barat,12,14600.0,True,15350.0,1150.0,2025-05
2025-05-14,DKI Jakarta,13,15650.0,True,15350.0,1150.0,2025-05
2025-05-14,Jawa Tengah,14,14700.0,True,15350.0,1150.0,2025-05
2025-05-14,DI Yogyakarta,15,14300.0,True,15350.0,1150.0,2025-05
2025-05-14,Jawa Timur,16,14200.0,True,15350.0,1150.0,2025-05
2025-05-14,Bali,17,15400.0,True,15350.0,1150.0,2025-05
2025-05-14,Nusa Tenggara Barat,18,13850.0,True,15350.0,1150.0,2025-05
2025-05-14,Nusa Tenggara Timur,19,15300.0,True,15350.0,1150.0,2025-05
2025-05-14,Kalimantan Barat,20,16300.0,True,15350.0,1150.0,2025-05
2025-05-14,Kalimantan Selatan,21,17100.0,True,15350.0,1150.0,2025-05
2025-05-14,Kalimantan Tengah,22,17500.0,True,15350.0,1150.0,2025-05
2025-05-14,Kalimantan Timur,23,15850.0,True,15350.0,1150.0,2025-05
2025-05-14,Kalimantan Utara,24,16600.0,True,15350.0,1150.0,2025-05
2025-05-14,Gorontalo,25,14750.0,True,15350.0,1150.0,2025-05
2025-05-14,Sulawesi Selatan,26,13550.0,True,15350.0,1150.0,2025-05
2025-05-14,Sulawesi Tenggara,27,15150.0,True,15350.0,1150.0,2025-05
2025-05-14,Sulawesi Tengah,28,14450.0,True,15350.0,1150.0,2025-05
2025-05-14,Sulawesi Utara,29,14800.0,True,15350.0,1150.0,2025-05
2025-05-14,Sulawesi Barat,30,13550.0,True,15350.0,1150.0,2025-05
2025-05-14,Maluku,31,16200.0,True,15350.0,1150.0,2025-05
2025-05-14,Maluku Utara,32,16700.0,True,15350.0,1150.0,2025-05
2025-05-14,Papua,33,18450.0,True,15350.0,1150.0,2025-05
2025-05-14,Papua Barat,34,16700.0,True,15350.0,1150.0,2025-05
2025-05-15,Aceh,1,13950.0,True,15350.0,1150.0,2025-05
2025-05-15,Sumatera Utara,2,14100.0,True,15350.0,1150.0,2025-05
2025-05-15,Sumatera Barat,3,17000.0,True,15350.0,1150.0,2025-05
2025-05-15,Riau,4,16050.0,True,15350.0,1150.0,2025-05
2025-05-15,Kepulauan Riau,5,15100.0,True,15350.0,1150.0,2025-05
2025-05-15,Jambi,6,15100.0,True,15350.0,1150.0,2025-05
2025-05-15,Bengkulu,7,15300.0,True,15350.0,1150.0,2025-05
2025-05-15,Sumatera Selatan,8,15000.0,True,15350.0,1150.0,2025-05
2025-05-15,Kepulauan Bangka Belitung,9,15000.0,True,15350.0,1150.0,2025-05
2025-05-15,Lampung,10,14450.0,True,15350.0,1150.0,2025-05
2025-05-15,Banten,11,14500.0,True,15350.0,1150.0,2025-05
2025-05-15,Jawa Barat,12,14600.0,True,15350.0,1150.0,2025-05
2025-05-15,DKI Jakarta,13,15650.0,True,15350.0,1150.0,2025-05
2025-05-15,Jawa Tengah,14,14750.0,True,15350.0,1150.0,2025-05
2025-05-15,DI Yogyakarta,15,14300.0,True,15350.0,1150.0,2025-05
2025-05-15,Jawa Timur,16,14200.0,True,15350.0,1150.0,2025-05
2025-05-15,Bali,17,15400.0,True,15350.0,1150.0,2025-05
2025-05-15,Nusa Tenggara Barat,18,13850.0,True,15350.0,1150.0,2025-05
2025-05-15,Nusa Tenggara Timur,19,15300.0,True,15350.0,1150.0,2025-05
2025-05-15,Kalimantan Barat,20,16300.0,True,15350.0,1150.0,2025-05
2025-05-15,Kalimantan Selatan,21,17100.0,True,15350.0,1150.0,2025-05
2025-05-15,Kalimantan Tengah,22,17500.0,True,15350.0,1150.0,2025-05
2025-05-15,Kalimantan Timur,23,15850.0,True,15350.0,1150.0,2025-05
2025-05-15,Kalimantan Utara,24,16600.0,True,15350.0,1150.0,2025-05
2025-05-15,Gorontalo,25,14750.0,True,15350.0,1150.0,2025-05
2025-05-15,Sulawesi Selatan,26,13550.0,True,15350.0,1150.0,2025-05
2025-05-15,Sulawesi Tenggara,27,15150.0,True,15350.0,1150.0,2025-05
2025-05-15,Sulawesi Tengah,28,14450.0,True,15350.0,1150.0,2025-05
2025-05-15,Sulawesi Utara,29,14800.0,True,15350.0,1150.0,2025-05
2025-05-15,Sulawesi Barat,30,13650.0,True,15350.0,1150.0,2025-05
2025-05-15,Maluku,31,16200.0,True,15350.0,1150.0,2025-05
2025-05-15,Maluku Utara,32,16700.0,True,15350.0,1150.0,2025-05
2025-05-15,Papua,33,18450.0,True,15350.0,1150.0,2025-05
2025-05-15,Papua Barat,34,16700.0,True,15350.0,1150.0,2025-05
2025-05-16,Aceh,1,14000.0,True,15350.0,1150.0,2025-05
2025-05-16,Sumatera Utara,2,14150.0,True,15350.0,1150.0,2025-05
2025-05-16,Sumatera Barat,3,17000.0,True,15350.0,1150.0,2025-05
2025-05-16,Riau,4,16050.0,True,15350.0,1150.0,2025-05
2025-05-16,Kepulauan Riau,5,15100.0,True,15350.0,1150.0,2025-05
2025-05-16,Jambi,6,15200.0,True,15350.0,1150.0,2025-05
2025-05-16,Bengkulu,7,15300.0,True,15350.0,1150.0,2025-05
2025-05-16,Sumatera Selatan,8,15050.0,True,15350.0,1150.0,2025-05
2025-05-16,Kepulauan Bangka Belitung,9,15000.0,True,15350.0,1150.0,2025-05
2025-05-16,Lampung,10,14450.0,True,15350.0,1150.0,2025-05
2025-05-16,Banten,11,14500.0,True,15350.0,1150.0,2025-05
2025-05-16,Jawa Barat,12,14600.0,True,15350.0,1150.0,2025-05
2025-05-16,DKI Jakarta,13,15650.0,True,15350.0,1150.0,2025-05
2025-05-16,Jawa Tengah,14,14700.0,True,15350.0,1150.0,2025-05
2025-05-16,DI Yogyakarta,15,14300.0,True,15350.0,1150.0,2025-05
2025-05-16,Jawa Timur,16,14250.0,True,15350.0,1150.0,2025-05
2025-05-16,Bali,17,15400.0,True,15350.0,1150.0,2025-05
2025-05-16,Nusa Tenggara Barat,18,13850.0,True,15350.0,1150.0,2025-05
2025-05-16,Nusa Tenggara Timur,19,15300.0,True,15350.0,1150.0,2025-05
2025-05-16,Kalimantan Barat,20,16300.0,True,15350.0,1150.0,2025-05
2025-05-16,Kalimantan Selatan,21,17100.0,True,15350.0,1150.0,2025-05
2025-05-16,Kalimantan Tengah,22,17500.0,True,15350.0,1150.0,2025-05
2025-05-16,Kalimantan Timur,23,15850.0,True,15350.0,1150.0,2025-05
2025-05-16,Kalimantan Utara,24,16600.0,True,15350.0,1150.0,2025-05
2025-05-16,Gorontalo,25,14750.0,True,15350.0,1150.0,2025-05
2025-05-16,Sulawesi Selatan,26,13550.0,True,15350.0,1150.0,2025-05
2025-05-16,Sulawesi Tenggara,27,15250.0,True,15350.0,1150.0,2025-05
2025-05-16,Sulawesi Tengah,28,14450.0,True,15350.0,1150.0,2025-05
2025-05-16,Sulawesi Utara,29,14850.0,True,15350.0,1150.0,2025-05
2025-05-16,Sulawesi Barat,30,13650.0,True,15350.0,1150.0,2025-05
2025-05-16,Maluku,31,16200.0,True,15350.0,1150.0,2025-05
2025-05-16,Maluku Utara,32,16700.0,True,15350.0,1150.0,2025-05
2025-05-16,Papua,33,18450.0,True,15350.0,1150.0,2025-05
2025-05-16,Papua Barat,34,16700.0,True,15350.0,1150.0,2025-05
2025-05-19,Aceh,1,13950.0,True,15350.0,1150.0,2025-05
2025-05-19,Sumatera Utara,2,14100.0,True,15350.0,1150.0,2025-05
2025-05-19,Sumatera Barat,3,16950.0,True,15350.0,1150.0,2025-05
2025-05-19,Riau,4,16100.0,True,15350.0,1150.0,2025-05
2025-05-19,Kepulauan Riau,5,15100.0,True,15350.0,1150.0,2025-05
2025-05-19,Jambi,6,15250.0,True,15350.0,1150.0,2025-05
2025-05-19,Bengkulu,7,15300.0,True,15350.0,1150.0,2025-05
2025-05-19,Sumatera Selatan,8,15050.0,True,15350.0,1150.0,2025-05
2025-05-19,Kepulauan Bangka Belitung,9,15000.0,True,15350.0,1150.0,2025-05
2025-05-19,Lampung,10,14450.0,True,15350.0,1150.0,2025-05
2025-05-19,Banten,11,14500.0,True,15350.0,1150.0,2025-05
2025-05-19,Jawa Barat,12,14600.0,True,15350.0,1150.0,2025-05
2025-05-19,DKI Jakarta,13,15650.0,True,15350.0,1150.0,2025-05
2025-05-19,Jawa Tengah,14,14750.0,True,15350.0,1150.0,2025-05
2025-05-19,DI Yogyakarta,15,14300.0,True,15350.0,1150.0,2025-05
2025-05-19,Jawa Timur,16,14250.0,True,15350.0,1150.0,2025-05
2025-05-19,Bali,17,15450.0,True,15350.0,1150.0,2025-05
2025-05-19,Nusa Tenggara Barat,18,13850.0,True,15350.0,1150.0,2025-05
2025-05-19,Nusa Tenggara Timur,19,15250.0,True,15350.0,1150.0,2025-05
2025-05-19,Kalimantan Barat,20,16300.0,True,15350.0,1150.0,2025-05
2025-05-19,Kalimantan Selatan,21,17100.0,True,15350.0,1150.0,2025-05
2025-05-19,Kalimantan Tengah,22,17500.0,True,15350.0,1150.0,2025-05
2025-05-19,Kalimantan Timur,23,16000.0,True,15350.0,1150.0,2025-05
2025-05-19,Kalimantan Utara,24,16600.0,True,15350.0,1150.0,2025-05
2025-05-19,Gorontalo,25,14750.0,True,15350.0,1150.0,2025-05
2025-05-19,Sulawesi Selatan,26,13550.0,True,15350.0,1150.0,2025-05
2025-05-19,Sulawesi Tenggara,27,15250.0,True,15350.0,1150.0,2025-05
2025-05-19,Sulawesi Tengah,28,14550.0,True,15350.0,1150.0,2025-05
2025-05-19,Sulawesi Utara,29,14900.0,True,15350.0,1150.0,2025-05
2025-05-19,Sulawesi Barat,30,13700.0,True,15350.0,1150.0,2025-05
2025-05-19,Maluku,31,16200.0,True,15350.0,1150.0,2025-05
2025-05-19,Maluku Utara,32,16700.0,True,15350.0,1150.0,2025-05
2025-05-19,Papua,33,18450.0,True,15350.0,1150.0,2025-05
2025-05-19,Papua Barat,34,16700.0,True,15350.0,1150.0,2025-05
2025-05-20,Aceh,1,13950.0,True,15350.0,1150.0,2025-05
2025-05-20,Sumatera Utara,2,14150.0,True,15350.0,1150.0,2025-05
2025-05-20,Sumatera Barat,3,16950.0,True,15350.0,1150.0,2025-05
2025-05-20,Riau,4,16100.0,True,15350.0,1150.0,2025-05
2025-05-20,Kepulauan Riau,5,15100.0,True,15350.0,1150.0,2025-05
2025-05-20,Jambi,6,15250.0,True,15350.0,1150.0,2025-05
2025-05-20,Bengkulu,7,15300.0,True,15350.0,1150.0,2025-05
2025-05-20,Sumatera Selatan,8,15100.0,True,15350.0,1150.0,2025-05
2025-05-20,Kepulauan Bangka Belitung,9,15000.0,True,15350.0,1150.0,2025-05
2025-05-20,Lampung,10,14400.0,True,15350.0,1150.0,2025-05
2025-05-20,Banten,11,14600.0,True,15350.0,1150.0,2025-05
2025-05-20,Jawa Barat,12,14600.0,True,15350.0,1150.0,2025-05
2025-05-20,DKI Jakarta,13,15650.0,True,15350.0,1150.0,2025-05
2025-05-20,Jawa Tengah,14,14750.0,True,15350.0,1150.0,2025-05
2025-05-20,DI Yogyakarta,15,14300.0,True,15350.0,1150.0,2025-05
2025-05-20,Jawa Timur,16,14250.0,True,15350.0,1150.0,2025-05
2025-05-20,Bali,17,15450.0,True,15350.0,1150.0,2025-05
2025-05-20,Nusa Tenggara Barat,18,13850.0,True,15350.0,1150.0,2025-05
2025-05-20,Nusa Tenggara Timur,19,15250.0,True,15350.0,1150.0,2025-05
2025-05-20,Kalimantan Barat,20,16300.0,True,15350.0,1150.0,2025-05
2025-05-20,Kalimantan Selatan,21,17100.0,True,15350.0,1150.0,2025-05
2025-05-20,Kalimantan Tengah,22,17500.0,True,15350.0,1150.0,2025-05
2025-05-20,Kalimantan Timur,23,16000.0,True,15350.0,1150.0,2025-05
2025-05-20,Kalimantan Utara,24,16600.0,True,15350.0,1150.0,2025-05
2025-05-20,Gorontalo,25,14750.0,True,15350.0,1150.0,2025-05
2025-05-20,Sulawesi Selatan,26,13550.0,True,15350.0,1150.0,2025-05
2025-05-20,Sulawesi Tenggara,27,15250.0,True,15350.0,1150.0,2025-05
2025-05-20,Sulawesi Tengah,28,14550.0,True,15350.0,1150.0,2025-05
2025-05-20,Sulawesi Utara,29,14950.0,True,15350.0,1150.0,2025-05
2025-05-20,Sulawesi Barat,30,13700.0,True,15350.0,1150.0,2025-05
2025-05-20,Maluku,31,16450.0,True,15350.0,1150.0,2025-05
2025-05-20,Maluku Utara,32,16700.0,True,15350.0,1150.0,2025-05
2025-05-20,Papua,33,18450.0,True,15350.0,1150.0,2025-05
2025-05-20,Papua Barat,34,16700.0,True,15350.0,1150.0,2025-05
2025-05-21,Aceh,1,13950.0,True,15400.0,1150.0,2025-05
2025-05-21,Sumatera Utara,2,14150.0,True,15400.0,1150.0,2025-05
2025-05-21,Sumatera Barat,3,16950.0,True,15400.0,1150.0,2025-05
2025-05-21,Riau,4,16100.0,True,15400.0,1150.0,2025-05
2025-05-21,Kepulauan Riau,5,15100.0,True,15400.0,1150.0,2025-05
2025-05-21,Jambi,6,15250.0,True,15400.0,1150.0,2025-05
2025-05-21,Bengkulu,7,15300.0,True,15400.0,1150.0,2025-05
2025-05-21,Sumatera Selatan,8,15100.0,True,15400.0,1150.0,2025-05
2025-05-21,Kepulauan Bangka Belitung,9,15100.0,True,15400.0,1150.0,2025-05
2025-05-21,Lampung,10,14400.0,True,15400.0,1150.0,2025-05
2025-05-21,Banten,11,14600.0,True,15400.0,1150.0,2025-05
2025-05-21,Jawa Barat,12,14600.0,True,15400.0,1150.0,2025-05
2025-05-21,DKI Jakarta,13,15650.0,True,15400.0,1150.0,2025-05
2025-05-21,Jawa Tengah,14,14750.0,True,15400.0,1150.0,2025-05
2025-05-21,DI Yogyakarta,15,14300.0,True,15400.0,1150.0,2025-05
2025-05-21,Jawa Timur,16,14300.0,True,15400.0,1150.0,2025-05
2025-05-21,Bali,17,15450.0,True,15400.0,1150.0,2025-05
2025-05-21,Nusa Tenggara Barat,18,13850.0,True,15400.0,1150.0,2025-05
2025-05-21,Nusa Tenggara Timur,19,15250.0,True,15400.0,1150.0,2025-05
2025-05-21,Kalimantan Barat,20,16300.0,True,15400.0,1150.0,2025-05
2025-05-21,Kalimantan Selatan,21,17100.0,True,15400.0,1150.0,2025-05
2025-05-21,Kalimantan Tengah,22,17500.0,True,15400.0,1150.0,2025-05
2025-05-21,Kalimantan Timur,23,16000.0,True,15400.0,1150.0,2025-05
2025-05-21,Kalimantan Utara,24,16600.0,True,15400.0,1150.0,2025-05
2025-05-21,Gorontalo,25,14750.0,True,15400.0,1150.0,2025-05
2025-05-21,Sulawesi Selatan,26,13550.0,True,15400.0,1150.0,2025-05
2025-05-21,Sulawesi Tenggara,27,15300.0,True,15400.0,1150.0,2025-05
2025-05-21,Sulawesi Tengah,28,14600.0,True,15400.0,1150.0,2025-05
2025-05-21,Sulawesi Utara,29,14950.0,True,15400.0,1150.0,2025-05
2025-05-21,Sulawesi Barat,30,13700.0,True,15400.0,1150.0,2025-05
2025-05-21,Maluku,31,16450.0,True,15400.0,1150.0,2025-05
2025-05-21,Maluku Utara,32,16700.0,True,15400.0,1150.0,2025-05
2025-05-21,Papua,33,18450.0,True,15400.0,1150.0,2025-05
2025-05-21,Papua Barat,34,16700.0,True,15400.0,1150.0,2025-05
2025-05-22,Aceh,1,14000.0,True,15400.0,1150.0,2025-05
2025-05-22,Sumatera Utara,2,14150.0,True,15400.0,1150.0,2025-05
2025-05-22,Sumatera Barat,3,16950.0,True,15400.0,1150.0,2025-05
2025-05-22,Riau,4,16100.0,True,15400.0,1150.0,2025-05
2025-05-22,Kepulauan Riau,5,15100.0,True,15400.0,1150.0,2025-05
2025-05-22,Jambi,6,15250.0,True,15400.0,1150.0,2025-05
2025-05-22,Bengkulu,7,15300.0,True,15400.0,1150.0,2025-05
2025-05-22,Sumatera Selatan,8,15150.0,True,15400.0,1150.0,2025-05
2025-05-22,Kepulauan Bangka Belitung,9,15100.0,True,15400.0,1150.0,2025-05
2025-05-22,Lampung,10,14400.0,True,15400.0,1150.0,2025-05
2025-05-22,Banten,11,14600.0,True,15400.0,1150.0,2025-05
2025-05-22,Jawa Barat,12,14600.0,True,15400.0,1150.0,2025-05
2025-05-22,DKI Jakarta,13,15650.0,True,15400.0,1150.0,2025-05
2025-05-22,Jawa Tengah,14,14800.0,True,15400.0,1150.0,2025-05
2025-05-22,DI Yogyakarta,15,14300.0,True,15400.0,1150.0,2025-05
2025-05-22,Jawa Timur,16,14300.0,True,15400.0,1150.0,2025-05
2025-05-22,Bali,17,15450.0,True,15400.0,1150.0,2025-05
2025-05-22,Nusa Tenggara Barat,18,13850.0,True,15400.0,1150.0,2025-05
2025-05-22,Nusa Tenggara Timur,19,15250.0,True,15400.0,1150.0,2025-05
2025-05-22,Kalimantan Barat,20,16300.0,True,15400.0,1150.0,2025-05
2025-05-22,Kalimantan Selatan,21,17100.0,True,15400.0,1150.0,2025-05
2025-05-22,Kalimantan Tengah,22,17500.0,True,15400.0,1150.0,2025-05
2025-05-22,Kalimantan Timur,23,16000.0,True,15400.0,1150.0,2025-05
2025-05-22,Kalimantan Utara,24,16600.0,True,15400.0,1150.0,2025-05
2025-05-22,Gorontalo,25,14750.0,True,15400.0,1150.0,2025-05
2025-05-22,Sulawesi Selatan,26,13550.0,True,15400.0,1150.0,2025-05
2025-05-22,Sulawesi Tenggara,27,15450.0,True,15400.0,1150.0,2025-05
2025-05-22,Sulawesi Tengah,28,14600.0,True,15400.0,1150.0,2025-05
2025-05-22,Sulawesi Utara,29,15000.0,True,15400.0,1150.0,2025-05
2025-05-22,Sulawesi Barat,30,13700.0,True,15400.0,1150.0,2025-05
2025-05-22,Maluku,31,16450.0,True,15400.0,1150.0,2025-05
2025-05-22,Maluku Utara,32,16700.0,True,15400.0,1150.0,2025-05
2025-05-22,Papua,33,18450.0,True,15400.0,1150.0,2025-05
2025-05-22,Papua Barat,34,16700.0,True,15400.0,1150.0,2025-05
2025-05-23,Aceh,1,14000.0,True,15400.0,1150.0,2025-05
2025-05-23,Sumatera Utara,2,14200.0,True,15400.0,1150.0,2025-05
2025-05-23,Sumatera Barat,3,16950.0,True,15400.0,1150.0,2025-05
2025-05-23,Riau,4,16100.0,True,15400.0,1150.0,2025-05
2025-05-23,Kepulauan Riau,5,15100.0,True,15400.0,1150.0,2025-05
2025-05-23,Jambi,6,15250.0,True,15400.0,1150.0,2025-05
2025-05-23,Bengkulu,7,15300.0,True,15400.0,1150.0,2025-05
2025-05-23,Sumatera Selatan,8,15200.0,True,15400.0,1150.0,2025-05
2025-05-23,Kepulauan Bangka Belitung,9,15150.0,True,15400.0,1150.0,2025-05
2025-05-23,Lampung,10,14400.0,True,15400.0,1150.0,2025-05
2025-05-23,Banten,11,14600.0,True,15400.0,1150.0,2025-05
2025-05-23,Jawa Barat,12,14600.0,True,15400.0,1150.0,2025-05
2025-05-23,DKI Jakarta,13,15650.0,True,15400.0,1150.0,2025-05
2025-05-23,Jawa Tengah,14,14800.0,True,15400.0,1150.0,2025-05
2025-05-23,DI Yogyakarta,15,14300.0,True,15400.0,1150.0,2025-05
2025-05-23,Jawa Timur,16,14300.0,True,15400.0,1150.0,2025-05
2025-05-23,Bali,17,15450.0,True,15400.0,1150.0,2025-05
2025-05-23,Nusa Tenggara Barat,18,13850.0,True,15400.0,1150.0,2025-05
2025-05-23,Nusa Tenggara Timur,19,15250.0,True,15400.0,1150.0,2025-05
2025-05-23,Kalimantan Barat,20,16300.0,True,15400.0,1150.0,2025-05
2025-05-23,Kalimantan Selatan,21,17100.0,True,15400.0,1150.0,2025-05
2025-05-23,Kalimantan Tengah,22,17500.0,True,15400.0,1150.0,2025-05
2025-05-23,Kalimantan Timur,23,16000.0,True,15400.0,1150.0,2025-05
2025-05-23,Kalimantan Utara,24,16600.0,True,15400.0,1150.0,2025-05
2025-05-23,Gorontalo,25,14750.0,True,15400.0,1150.0,2025-05
2025-05-23,Sulawesi Selatan,26,13550.0,True,15400.0,1150.0,2025-05
2025-05-23,Sulawesi Tenggara,27,15450.0,True,15400.0,1150.0,2025-05
2025-05-23,Sulawesi Tengah,28,14650.0,True,15400.0,1150.0,2025-05
2025-05-23,Sulawesi Utara,29,15000.0,True,15400.0,1150.0,2025-05
2025-05-23,Sulawesi Barat,30,13700.0,True,15400.0,1150.0,2025-05
2025-05-23,Maluku,31,16450.0,True,15400.0,1150.0,2025-05
2025-05-23,Maluku Utara,32,16700.0,True,15400.0,1150.0,2025-05
2025-05-23,Papua,33,18450.0,True,15400.0,1150.0,2025-05
2025-05-23,Papua Barat,34,16700.0,True,15400.0,1150.0,2025-05
2025-05-24,Aceh,1,14000.0,True,15400.0,1150.0,2025-05
2025-05-24,Sumatera Utara,2,14200.0,True,15400.0,1150.0,2025-05
2025-05-24,Sumatera Barat,3,16950.0,True,15400.0,1150.0,2025-05
2025-05-24,Riau,4,16100.0,True,15400.0,1150.0,2025-05
2025-05-24,Kepulauan Riau,5,15100.0,True,15400.0,1150.0,2025-05
2025-05-24,Jambi,6,15250.0,True,15400.0,1150.0,2025-05
2025-05-24,Bengkulu,7,15300.0,True,15400.0,1150.0,2025-05
2025-05-24,Sumatera Selatan,8,15200.0,True,15400.0,1150.0,2025-05
2025-05-24,Kepulauan Bangka Belitung,9,15150.0,True,15400.0,1150.0,2025-05
2025-05-24,Lampung,10,14400.0,True,15400.0,1150.0,2025-05
2025-05-24,Banten,11,14600.0,True,15400.0,1150.0,2025-05
2025-05-24,Jawa Barat,12,14600.0,True,15400.0,1150.0,2025-05
2025-05-24,DKI Jakarta,13,15650.0,True,15400.0,1150.0,2025-05
2025-05-24,Jawa Tengah,14,14800.0,True,15400.0,1150.0,2025-05
2025-05-24,DI Yogyakarta,15,14300.0,True,15400.0,1150.0,2025-05
2025-05-24,Jawa Timur,16,14300.0,True,15400.0,1150.0,2025-05
2025-05-24,Bali,17,15450.0,True,15400.0,1150.0,2025-05
2025-05-24,Nusa Tenggara Barat,18,13850.0,True,15400.0,1150.0,2025-05
2025-05-24,Nusa Tenggara Timur,19,15250.0,True,15400.0,1150.0,2025-05
2025-05-24,Kalimantan Barat,20,16300.0,True,15400.0,1150.0,2025-05
2025-05-24,Kalimantan Selatan,21,17100.0,True,15400.0,1150.0,2025-05
2025-05-24,Kalimantan Tengah,22,17500.0,True,15400.0,1150.0,2025-05
2025-05-24,Kalimantan Timur,23,16000.0,True,15400.0,1150.0,2025-05
2025-05-24,Kalimantan Utara,24,16600.0,True,15400.0,1150.0,2025-05
2025-05-24,Gorontalo,25,14750.0,True,15400.0,1150.0,2025-05
2025-05-24,Sulawesi Selatan,26,13550.0,True,15400.0,1150.0,2025-05
2025-05-24,Sulawesi Tenggara,27,15450.0,True,15400.0,1150.0,2025-05
2025-05-24,Sulawesi Tengah,28,14650.0,True,15400.0,1150.0,2025-05
2025-05-24,Sulawesi Utara,29,15000.0,True,15400.0,1150.0,2025-05
2025-05-24,Sulawesi Barat,30,13700.0,True,15400.0,1150.0,2025-05
2025-05-24,Maluku,31,16450.0,True,15400.0,1150.0,2025-05
2025-05-24,Maluku Utara,32,16700.0,True,15400.0,1150.0,2025-05
2025-05-24,Papua,33,18450.0,True,15400.0,1150.0,2025-05
2025-05-24,Papua Barat,34,16700.0,True,15400.0,1150.0,2025-05
2025-05-26,Aceh,1,14050.0,True,15400.0,1150.0,2025-05
2025-05-26,Sumatera Utara,2,14250.0,True,15400.0,1150.0,2025-05
2025-05-26,Sumatera Barat,3,16950.0,True,15400.0,1150.0,2025-05
2025-05-26,Riau,4,16100.0,True,15400.0,1150.0,2025-05
2025-05-26,Kepulauan Riau,5,15100.0,True,15400.0,1150.0,2025-05
2025-05-26,Jambi,6,15250.0,True,15400.0,1150.0,2025-05
2025-05-26,Bengkulu,7,15300.0,True,15400.0,1150.0,2025-05
2025-05-26,Sumatera Selatan,8,15150.0,True,15400.0,1150.0,2025-05
2025-05-26,Kepulauan Bangka Belitung,9,15150.0,True,15400.0,1150.0,2025-05
2025-05-26,Lampung,10,14500.0,True,15400.0,1150.0,2025-05
2025-05-26,Banten,11,14600.0,True,15400.0,1150.0,2025-05
2025-05-26,Jawa Barat,12,14600.0,True,15400.0,1150.0,2025-05
2025-05-26,DKI Jakarta,13,15700.0,True,15400.0,1150.0,2025-05
2025-05-26,Jawa Tengah,14,14800.0,True,15400.0,1150.0,2025-05
2025-05-26,DI Yogyakarta,15,14300.0,True,15400.0,1150.0,2025-05
2025-05-26,Jawa Timur,16,14350.0,True,15400.0,1150.0,2025-05
2025-05-26,Bali,17,15450.0,True,15400.0,1150.0,2025-05
2025-05-26,Nusa Tenggara Barat,18,13850.0,True,15400.0,1150.0,2025-05
2025-05-26,Nusa Tenggara Timur,19,15250.0,True,15400.0,1150.0,2025-05
2025-05-26,Kalimantan Barat,20,16300.0,True,15400.0,1150.0,2025-05
2025-05-26,Kalimantan Selatan,21,17100.0,True,15400.0,1150.0,2025-05
2025-05-26,Kalimantan Tengah,22,17500.0,True,15400.0,1150.0,2025-05
2025-05-26,Kalimantan Timur,23,16000.0,True,15400.0,1150.0,2025-05
2025-05-26,Kalimantan Utara,24,16600.0,True,15400.0,1150.0,2025-05
2025-05-26,Gorontalo,25,14750.0,True,15400.0,1150.0,2025-05
2025-05-26,Sulawesi Selatan,26,13600.0,True,15400.0,1150.0,2025-05
2025-05-26,Sulawesi Tenggara,27,15450.0,True,15400.0,1150.0,2025-05
2025-05-26,Sulawesi Tengah,28,14650.0,True,15400.0,1150.0,2025-05
2025-05-26,Sulawesi Utara,29,15000.0,True,15400.0,1150.0,2025-05
2025-05-26,Sulawesi Barat,30,13750.0,True,15400.0,1150.0,2025-05
2025-05-26,Maluku,31,16650.0,True,15400.0,1150.0,2025-05
2025-05-26,Maluku Utara,32,16700.0,True,15400.0,1150.0,2025-05
2025-05-26,Papua,33,18450.0,True,15400.0,1150.0,2025-05
2025-05-26,Papua Barat,34,16700.0,True,15400.0,1150.0,2025-05
2025-05-27,Aceh,1,14050.0,True,15400.0,1150.0,2025-05
2025-05-27,Sumatera Utara,2,14250.0,True,15400.0,1150.0,2025-05
2025-05-27,Sumatera Barat,3,16950.0,True,15400.0,1150.0,2025-05
2025-05-27,Riau,4,16100.0,True,15400.0,1150.0,2025-05
2025-05-27,Kepulauan Riau,5,15100.0,True,15400.0,1150.0,2025-05
2025-05-27,Jambi,6,15250.0,True,15400.0,1150.0,2025-05
2025-05-27,Bengkulu,7,15350.0,True,15400.0,1150.0,2025-05
2025-05-27,Sumatera Selatan,8,15100.0,True,15400.0,1150.0,2025-05
2025-05-27,Kepulauan Bangka Belitung,9,15150.0,True,15400.0,1150.0,2025-05
2025-05-27,Lampung,10,14500.0,True,15400.0,1150.0,2025-05
2025-05-27,Banten,11,14600.0,True,15400.0,1150.0,2025-05
2025-05-27,Jawa Barat,12,14600.0,True,15400.0,1150.0,2025-05
2025-05-27,DKI Jakarta,13,15700.0,True,15400.0,1150.0,2025-05
2025-05-27,Jawa Tengah,14,14800.0,True,15400.0,1150.0,2025-05
2025-05-27,DI Yogyakarta,15,14300.0,True,15400.0,1150.0,2025-05
2025-05-27,Jawa Timur,16,14350.0,True,15400.0,1150.0,2025-05
2025-05-27,Bali,17,15450.0,True,15400.0,1150.0,2025-05
2025-05-27,Nusa Tenggara Barat,18,13850.0,True,15400.0,1150.0,2025-05
2025-05-27,Nusa Tenggara Timur,19,15250.0,True,15400.0,1150.0,2025-05
2025-05-27,Kalimantan Barat,20,16300.0,True,15400.0,1150.0,2025-05
2025-05-27,Kalimantan Selatan,21,17100.0,True,15400.0,1150.0,2025-05
2025-05-27,Kalimantan Tengah,22,17500.0,True,15400.0,1150.0,2025-05
2025-05-27,Kalimantan Timur,23,16000.0,True,15400.0,1150.0,2025-05
2025-05-27,Kalimantan Utara,24,16600.0,True,15400.0,1150.0,2025-05
2025-05-27,Gorontalo,25,14750.0,True,15400.0,1150.0,2025-05
2025-05-27,Sulawesi Selatan,26,13600.0,True,15400.0,1150.0,2025-05
2025-05-27,Sulawesi Tenggara,27,15500.0,True,15400.0,1150.0,2025-05
2025-05-27,Sulawesi Tengah,28,14650.0,True,15400.0,1150.0,2025-05
2025-05-27,Sulawesi Utara,29,15000.0,True,15400.0,1150.0,2025-05
2025-05-27,Sulawesi Barat,30,13750.0,True,15400.0,1150.0,2025-05
2025-05-27,Maluku,31,16800.0,True,15400.0,1150.0,2025-05
2025-05-27,Maluku Utara,32,16700.0,True,15400.0,1150.0,2025-05
2025-05-27,Papua,33,18450.0,True,15400.0,1150.0,2025-05
2025-05-27,Papua Barat,34,16700.0,True,15400.0,1150.0,2025-05
2025-05-28,Aceh,1,14050.0,True,15400.0,1150.0,2025-05
2025-05-28,Sumatera Utara,2,14250.0,True,15400.0,1150.0,2025-05
2025-05-28,Sumatera Barat,3,16950.0,True,15400.0,1150.0,2025-05
2025-05-28,Riau,4,16100.0,True,15400.0,1150.0,2025-05
2025-05-28,Kepulauan Riau,5,15100.0,True,15400.0,1150.0,2025-05
2025-05-28,Jambi,6,15250.0,True,15400.0,1150.0,2025-05
2025-05-28,Bengkulu,7,15350.0,True,15400.0,1150.0,2025-05
2025-05-28,Sumatera Selatan,8,15200.0,True,15400.0,1150.0,2025-05
2025-05-28,Kepulauan Bangka Belitung,9,15250.0,True,15400.0,1150.0,2025-05
2025-05-28,Lampung,10,14500.0,True,15400.0,1150.0,2025-05
2025-05-28,Banten,11,14600.0,True,15400.0,1150.0,2025-05
2025-05-28,Jawa Barat,12,14600.0,True,15400.0,1150.0,2025-05
2025-05-28,DKI Jakarta,13,15750.0,True,15400.0,1150.0,2025-05
2025-05-28,Jawa Tengah,14,14800.0,True,15400.0,1150.0,2025-05
2025-05-28,DI Yogyakarta,15,14300.0,True,15400.0,1150.0,2025-05
2025-05-28,Jawa Timur,16,14350.0,True,15400.0,1150.0,2025-05
2025-05-28,Bali,17,15450.0,True,15400.0,1150.0,2025-05
2025-05-28,Nusa Tenggara Barat,18,13800.0,True,15400.0,1150.0,2025-05
2025-05-28,Nusa Tenggara Timur,19,15250.0,True,15400.0,1150.0,2025-05
2025-05-28,Kalimantan Barat,20,16300.0,True,15400.0,1150.0,2025-05
2025-05-28,Kalimantan Selatan,21,17100.0,True,15400.0,1150.0,2025-05
2025-05-28,Kalimantan Tengah,22,17500.0,True,15400.0,1150.0,2025-05
2025-05-28,Kalimantan Timur,23,16000.0,True,15400.0,1150.0,2025-05
2025-05-28,Kalimantan Utara,24,16600.0,True,15400.0,1150.0,2025-05
2025-05-28,Gorontalo,25,14750.0,True,15400.0,1150.0,2025-05
2025-05-28,Sulawesi Selatan,26,13600.0,True,15400.0,1150.0,2025-05
2025-05-28,Sulawesi Tenggara,27,15500.0,True,15400.0,1150.0,2025-05
2025-05-28,Sulawesi Tengah,28,14650.0,True,15400.0,1150.0,2025-05
2025-05-28,Sulawesi Utara,29,15000.0,True,15400.0,1150.0,2025-05
2025-05-28,Sulawesi Barat,30,13800.0,True,15400.0,1150.0,2025-05
2025-05-28,Maluku,31,16650.0,True,15400.0,1150.0,2025-05
2025-05-28,Maluku Utara,32,16700.0,True,15400.0,1150.0,2025-05
2025-05-28,Papua,33,18450.0,True,15400.0,1150.0,2025-05
2025-05-28,Papua Barat,34,16700.0,True,15400.0,1150.0,2025-05
2025-05-29,Aceh,1,14050.0,True,15400.0,1150.0,2025-05
2025-05-29,Sumatera Utara,2,14250.0,True,15400.0,1150.0,2025-05
2025-05-29,Sumatera Barat,3,16950.0,True,15400.0,1150.0,2025-05
2025-05-29,Riau,4,16100.0,True,15400.0,1150.0,2025-05
2025-05-29,Kepulauan Riau,5,15150.0,True,15400.0,1150.0,2025-05
2025-05-29,Jambi,6,15250.0,True,15400.0,1150.0,2025-05
2025-05-29,Bengkulu,7,15350.0,True,15400.0,1150.0,2025-05
2025-05-29,Sumatera Selatan,8,15200.0,True,15400.0,1150.0,2025-05
2025-05-29,Kepulauan Bangka Belitung,9,15250.0,True,15400.0,1150.0,2025-05
2025-05-29,Lampung,10,14500.0,True,15400.0,1150.0,2025-05
2025-05-29,Banten,11,14600.0,True,15400.0,1150.0,2025-05
2025-05-29,Jawa Barat,12,14600.0,True,15400.0,1150.0,2025-05
2025-05-29,DKI Jakarta,13,15750.0,True,15400.0,1150.0,2025-05
2025-05-29,Jawa Tengah,14,14800.0,True,15400.0,1150.0,2025-05
2025-05-29,DI Yogyakarta,15,14300.0,True,15400.0,1150.0,2025-05
2025-05-29,Jawa Timur,16,14350.0,True,15400.0,1150.0,2025-05
2025-05-29,Bali,17,15450.0,True,15400.0,1150.0,2025-05
2025-05-29,Nusa Tenggara Barat,18,13800.0,True,15400.0,1150.0,2025-05
2025-05-29,Nusa Tenggara Timur,19,15250.0,True,15400.0,1150.0,2025-05
2025-05-29,Kalimantan Barat,20,16300.0,True,15400.0,1150.0,2025-05
2025-05-29,Kalimantan Selatan,21,17100.0,True,15400.0,1150.0,2025-05
2025-05-29,Kalimantan Tengah,22,17500.0,True,15400.0,1150.0,2025-05
2025-05-29,Kalimantan Timur,23,16000.0,True,15400.0,1150.0,2025-05
2025-05-29,Kalimantan Utara,24,16600.0,True,15400.0,1150.0,2025-05
2025-05-29,Gorontalo,25,14750.0,True,15400.0,1150.0,2025-05
2025-05-29,Sulawesi Selatan,26,13600.0,True,15400.0,1150.0,2025-05
2025-05-29,Sulawesi Tenggara,27,15500.0,True,15400.0,1150.0,2025-05
2025-05-29,Sulawesi Tengah,28,14650.0,True,15400.0,1150.0,2025-05
2025-05-29,Sulawesi Utara,29,15000.0,True,15400.0,1150.0,2025-05
2025-05-29,Sulawesi Barat,30,13800.0,True,15400.0,1150.0,2025-05
2025-05-29,Maluku,31,16650.0,True,15400.0,1150.0,2025-05
2025-05-29,Maluku Utara,32,16700.0,True,15400.0,1150.0,2025-05
2025-05-29,Papua,33,18450.0,True,15400.0,1150.0,2025-05
2025-05-29,Papua Barat,34,16700.0,True,15400.0,1150.0,2025-05
2025-05-30,Aceh,1,14050.0,True,15400.0,1150.0,2025-05
2025-05-30,Sumatera Utara,2,14250.0,True,15400.0,1150.0,2025-05
2025-05-30,Sumatera Barat,3,16950.0,True,15400.0,1150.0,2025-05
2025-05-30,Riau,4,16100.0,True,15400.0,1150.0,2025-05
2025-05-30,Kepulauan Riau,5,14850.0,True,15400.0,1150.0,2025-05
2025-05-30,Jambi,6,15250.0,True,15400.0,1150.0,2025-05
2025-05-30,Bengkulu,7,15350.0,True,15400.0,1150.0,2025-05
2025-05-30,Sumatera Selatan,8,15200.0,True,15400.0,1150.0,2025-05
2025-05-30,Kepulauan Bangka Belitung,9,15250.0,True,15400.0,1150.0,2025-05
2025-05-30,Lampung,10,14500.0,True,15400.0,1150.0,2025-05
2025-05-30,Banten,11,14600.0,True,15400.0,1150.0,2025-05
2025-05-30,Jawa Barat,12,14600.0,True,15400.0,1150.0,2025-05
2025-05-30,DKI Jakarta,13,15750.0,True,15400.0,1150.0,2025-05
2025-05-30,Jawa Tengah,14,14800.0,True,15400.0,1150.0,2025-05
2025-05-30,DI Yogyakarta,15,14300.0,True,15400.0,1150.0,2025-05
2025-05-30,Jawa Timur,16,14350.0,True,15400.0,1150.0,2025-05
2025-05-30,Bali,17,15450.0,True,15400.0,1150.0,2025-05
2025-05-30,Nusa Tenggara Barat,18,13800.0,True,15400.0,1150.0,2025-05
2025-05-30,Nusa Tenggara Timur,19,15250.0,True,15400.0,1150.0,2025-05
2025-05-30,Kalimantan Barat,20,16300.0,True,15400.0,1150.0,2025-05
2025-05-30,Kalimantan Selatan,21,17150.0,True,15400.0,1150.0,2025-05
2025-05-30,Kalimantan Tengah,22,17500.0,True,15400.0,1150.0,2025-05
2025-05-30,Kalimantan Timur,23,16000.0,True,15400.0,1150.0,2025-05
2025-05-30,Kalimantan Utara,24,16600.0,True,15400.0,1150.0,2025-05
2025-05-30,Gorontalo,25,14750.0,True,15400.0,1150.0,2025-05
2025-05-30,Sulawesi Selatan,26,13600.0,True,15400.0,1150.0,2025-05
2025-05-30,Sulawesi Tenggara,27,15500.0,True,15400.0,1150.0,2025-05
2025-05-30,Sulawesi Tengah,28,14650.0,True,15400.0,1150.0,2025-05
2025-05-30,Sulawesi Utara,29,15000.0,True,15400.0,1150.0,2025-05
2025-05-30,Sulawesi Barat,30,13800.0,True,15400.0,1150.0,2025-05
2025-05-30,Maluku,31,16650.0,True,15400.0,1150.0,2025-05
2025-05-30,Maluku Utara,32,16700.0,True,15400.0,1150.0,2025-05
2025-05-30,Papua,33,18450.0,True,15400.0,1150.0,2025-05
2025-05-30,Papua Barat,34,16750.0,True,15400.0,1150.0,2025-05
2025-05-31,Aceh,1,14050.0,True,15400.0,1150.0,2025-05
2025-05-31,Sumatera Utara,2,14250.0,True,15400.0,1150.0,2025-05
2025-05-31,Sumatera Barat,3,16950.0,True,15400.0,1150.0,2025-05
2025-05-31,Riau,4,16100.0,True,15400.0,1150.0,2025-05
2025-05-31,Kepulauan Riau,5,14850.0,True,15400.0,1150.0,2025-05
2025-05-31,Jambi,6,15250.0,True,15400.0,1150.0,2025-05
2025-05-31,Bengkulu,7,15350.0,True,15400.0,1150.0,2025-05
2025-05-31,Sumatera Selatan,8,15200.0,True,15400.0,1150.0,2025-05
2025-05-31,Kepulauan Bangka Belitung,9,15250.0,True,15400.0,1150.0,2025-05
2025-05-31,Lampung,10,14500.0,True,15400.0,1150.0,2025-05
2025-05-31,Banten,11,14600.0,True,15400.0,1150.0,2025-05
2025-05-31,Jawa Barat,12,14600.0,True,15400.0,1150.0,2025-05
2025-05-31,DKI Jakarta,13,15750.0,True,15400.0,1150.0,2025-05
2025-05-31,Jawa Tengah,14,14800.0,True,15400.0,1150.0,2025-05
2025-05-31,DI Yogyakarta,15,14300.0,True,15400.0,1150.0,2025-05
2025-05-31,Jawa Timur,16,14350.0,True,15400.0,1150.0,2025-05
2025-05-31,Bali,17,15450.0,True,15400.0,1150.0,2025-05
2025-05-31,Nusa Tenggara Barat,18,13800.0,True,15400.0,1150.0,2025-05
2025-05-31,Nusa Tenggara Timur,19,15250.0,True,15400.0,1150.0,2025-05
2025-05-31,Kalimantan Barat,20,16300.0,True,15400.0,1150.0,2025-05
2025-05-31,Kalimantan Selatan,21,17150.0,True,15400.0,1150.0,2025-05
2025-05-31,Kalimantan Tengah,22,17500.0,True,15400.0,1150.0,2025-05
2025-05-31,Kalimantan Timur,23,16000.0,True,15400.0,1150.0,2025-05
2025-05-31,Kalimantan Utara,24,16600.0,True,15400.0,1150.0,2025-05
2025-05-31,Gorontalo,25,14750.0,True,15400.0,1150.0,2025-05
2025-05-31,Sulawesi Selatan,26,13600.0,True,15400.0,1150.0,2025-05
2025-05-31,Sulawesi Tenggara,27,15500.0,True,15400.0,1150.0,2025-05
2025-05-31,Sulawesi Tengah,28,14650.0,True,15400.0,1150.0,2025-05
2025-05-31,Sulawesi Utara,29,15000.0,True,15400.0,1150.0,2025-05
2025-05-31,Sulawesi Barat,30,13800.0,True,15400.0,1150.0,2025-05
2025-05-31,Maluku,31,16650.0,True,15400.0,1150.0,2025-05
2025-05-31,Maluku Utara,32,16700.0,True,15400.0,1150.0,2025-05
2025-05-31,Papua,33,18450.0,True,15400.0,1150.0,2025-05
2025-05-31,Papua Barat,34,16750.0,True,15400.0,1150.0,2025-05
2025-06-01,Aceh,1,14050.0,True,15400.0,1150.0,2025-06
2025-06-01,Sumatera Utara,2,14250.0,True,15400.0,1150.0,2025-06
2025-06-01,Sumatera Barat,3,16950.0,True,15400.0,1150.0,2025-06
2025-06-01,Riau,4,16100.0,True,15400.0,1150.0,2025-06
2025-06-01,Kepulauan Riau,5,14850.0,True,15400.0,1150.0,2025-06
2025-06-01,Jambi,6,15250.0,True,15400.0,1150.0,2025-06
2025-06-01,Bengkulu,7,15350.0,True,15400.0,1150.0,2025-06
2025-06-01,Sumatera Selatan,8,15200.0,True,15400.0,1150.0,2025-06
2025-06-01,Kepulauan Bangka Belitung,9,15250.0,True,15400.0,1150.0,2025-06
2025-06-01,Lampung,10,14500.0,True,15400.0,1150.0,2025-06
2025-06-01,Banten,11,14600.0,True,15400.0,1150.0,2025-06
2025-06-01,Jawa Barat,12,14600.0,True,15400.0,1150.0,2025-06
2025-06-01,DKI Jakarta,13,15750.0,True,15400.0,1150.0,2025-06
2025-06-01,Jawa Tengah,14,14800.0,True,15400.0,1150.0,2025-06
2025-06-01,DI Yogyakarta,15,14300.0,True,15400.0,1150.0,2025-06
2025-06-01,Jawa Timur,16,14350.0,True,15400.0,1150.0,2025-06
2025-06-01,Bali,17,15450.0,True,15400.0,1150.0,2025-06
2025-06-01,Nusa Tenggara Barat,18,13800.0,True,15400.0,1150.0,2025-06
2025-06-01,Nusa Tenggara Timur,19,15250.0,True,15400.0,1150.0,2025-06
2025-06-01,Kalimantan Barat,20,16300.0,True,15400.0,1150.0,2025-06
2025-06-01,Kalimantan Selatan,21,17150.0,True,15400.0,1150.0,2025-06
2025-06-01,Kalimantan Tengah,22,17500.0,True,15400.0,1150.0,2025-06
2025-06-01,Kalimantan Timur,23,16000.0,True,15400.0,1150.0,2025-06
2025-06-01,Kalimantan Utara,24,16600.0,True,15400.0,1150.0,2025-06
2025-06-01,Gorontalo,25,14750.0,True,15400.0,1150.0,2025-06
2025-06-01,Sulawesi Selatan,26,13600.0,True,15400.0,1150.0,2025-06
2025-06-01,Sulawesi Tenggara,27,15500.0,True,15400.0,1150.0,2025-06
2025-06-01,Sulawesi Tengah,28,14650.0,True,15400.0,1150.0,2025-06
2025-06-01,Sulawesi Utara,29,15000.0,True,15400.0,1150.0,2025-06
2025-06-01,Sulawesi Barat,30,13800.0,True,15400.0,1150.0,2025-06
2025-06-01,Maluku,31,16650.0,True,15400.0,1150.0,2025-06
2025-06-01,Maluku Utara,32,16700.0,True,15400.0,1150.0,2025-06
2025-06-01,Papua,33,18450.0,True,15400.0,1150.0,2025-06
2025-06-01,Papua Barat,34,16750.0,True,15400.0,1150.0,2025-06
2025-06-02,Aceh,1,14050.0,True,15450.0,1150.0,2025-06
2025-06-02,Sumatera Utara,2,14250.0,True,15450.0,1150.0,2025-06
2025-06-02,Sumatera Barat,3,16900.0,True,15450.0,1150.0,2025-06
2025-06-02,Riau,4,16100.0,True,15450.0,1150.0,2025-06
2025-06-02,Kepulauan Riau,5,15100.0,True,15450.0,1150.0,2025-06
2025-06-02,Jambi,6,15250.0,True,15450.0,1150.0,2025-06
2025-06-02,Bengkulu,7,15350.0,True,15450.0,1150.0,2025-06
2025-06-02,Sumatera Selatan,8,15200.0,True,15450.0,1150.0,2025-06
2025-06-02,Kepulauan Bangka Belitung,9,15250.0,True,15450.0,1150.0,2025-06
2025-06-02,Lampung,10,14500.0,True,15450.0,1150.0,2025-06
2025-06-02,Banten,11,14600.0,True,15450.0,1150.0,2025-06
2025-06-02,Jawa Barat,12,14650.0,True,15450.0,1150.0,2025-06
2025-06-02,DKI Jakarta,13,15800.0,True,15450.0,1150.0,2025-06
2025-06-02,Jawa Tengah,14,14800.0,True,15450.0,1150.0,2025-06
2025-06-02,DI Yogyakarta,15,14300.0,True,15450.0,1150.0,2025-06
2025-06-02,Jawa Timur,16,14450.0,True,15450.0,1150.0,2025-06
2025-06-02,Bali,17,15450.0,True,15450.0,1150.0,2025-06
2025-06-02,Nusa Tenggara Barat,18,13800.0,True,15450.0,1150.0,2025-06
2025-06-02,Nusa Tenggara Timur,19,15300.0,True,15450.0,1150.0,2025-06
2025-06-02,Kalimantan Barat,20,16300.0,True,15450.0,1150.0,2025-06
2025-06-02,Kalimantan Selatan,21,17150.0,True,15450.0,1150.0,2025-06
2025-06-02,Kalimantan Tengah,22,17500.0,True,15450.0,1150.0,2025-06
2025-06-02,Kalimantan Timur,23,16050.0,True,15450.0,1150.0,2025-06
2025-06-02,Kalimantan Utara,24,16600.0,True,15450.0,1150.0,2025-06
2025-06-02,Gorontalo,25,15050.0,True,15450.0,1150.0,2025-06
2025-06-02,Sulawesi Selatan,26,13600.0,True,15450.0,1150.0,2025-06
2025-06-02,Sulawesi Tenggara,27,15600.0,True,15450.0,1150.0,2025-06
2025-06-02,Sulawesi Tengah,28,14650.0,True,15450.0,1150.0,2025-06
2025-06-02,Sulawesi Utara,29,15000.0,True,15450.0,1150.0,2025-06
2025-06-02,Sulawesi Barat,30,13800.0,True,15450.0,1150.0,2025-06
2025-06-02,Maluku,31,16650.0,True,15450.0,1150.0,2025-06
2025-06-02,Maluku Utara,32,16700.0,True,15450.0,1150.0,2025-06
2025-06-02,Papua,33,18500.0,True,15450.0,1150.0,2025-06
2025-06-02,Papua Barat,34,16750.0,True,15450.0,1150.0,2025-06
2025-06-03,Aceh,1,14050.0,True,15450.0,1150.0,2025-06
2025-06-03,Sumatera Utara,2,14250.0,True,15450.0,1150.0,2025-06
2025-06-03,Sumatera Barat,3,16900.0,True,15450.0,1150.0,2025-06
2025-06-03,Riau,4,16100.0,True,15450.0,1150.0,2025-06
2025-06-03,Kepulauan Riau,5,15100.0,True,15450.0,1150.0,2025-06
2025-06-03,Jambi,6,15250.0,True,15450.0,1150.0,2025-06
2025-06-03,Bengkulu,7,15350.0,True,15450.0,1150.0,2025-06
2025-06-03,Sumatera Selatan,8,15200.0,True,15450.0,1150.0,2025-06
2025-06-03,Kepulauan Bangka Belitung,9,15250.0,True,15450.0,1150.0,2025-06
2025-06-03,Lampung,10,14500.0,True,15450.0,1150.0,2025-06
2025-06-03,Banten,11,14600.0,True,15450.0,1150.0,2025-06
2025-06-03,Jawa Barat,12,14650.0,True,15450.0,1150.0,2025-06
2025-06-03,DKI Jakarta,13,15800.0,True,15450.0,1150.0,2025-06
2025-06-03,Jawa Tengah,14,14850.0,True,15450.0,1150.0,2025-06
2025-06-03,DI Yogyakarta,15,14300.0,True,15450.0,1150.0,2025-06
2025-06-03,Jawa Timur,16,14450.0,True,15450.0,1150.0,2025-06
2025-06-03,Bali,17,15450.0,True,15450.0,1150.0,2025-06
2025-06-03,Nusa Tenggara Barat,18,13800.0,True,15450.0,1150.0,2025-06
2025-06-03,Nusa Tenggara Timur,19,15300.0,True,15450.0,1150.0,2025-06
2025-06-03,Kalimantan Barat,20,16350.0,True,15450.0,1150.0,2025-06
2025-06-03,Kalimantan Selatan,21,17150.0,True,15450.0,1150.0,2025-06
2025-06-03,Kalimantan Tengah,22,17500.0,True,15450.0,1150.0,2025-06
2025-06-03,Kalimantan Timur,23,16050.0,True,15450.0,1150.0,2025-06
2025-06-03,Kalimantan Utara,24,16600.0,True,15450.0,1150.0,2025-06
2025-06-03,Gorontalo,25,15200.0,True,15450.0,1150.0,2025-06
2025-06-03,Sulawesi Selatan,26,13600.0,True,15450.0,1150.0,2025-06
2025-06-03,Sulawesi Tenggara,27,15600.0,True,15450.0,1150.0,2025-06
2025-06-03,Sulawesi Tengah,28,14700.0,True,15450.0,1150.0,2025-06
2025-06-03,Sulawesi Utara,29,15000.0,True,15450.0,1150.0,2025-06
2025-06-03,Sulawesi Barat,30,13800.0,True,15450.0,1150.0,2025-06
2025-06-03,Maluku,31,16650.0,True,15450.0,1150.0,2025-06
2025-06-03,Maluku Utara,32,16700.0,True,15450.0,1150.0,2025-06
2025-06-03,Papua,33,18500.0,True,15450.0,1150.0,2025-06
2025-06-03,Papua Barat,34,16750.0,True,15450.0,1150.0,2025-06
2025-06-04,Aceh,1,14100.0,True,15450.0,1150.0,2025-06
2025-06-04,Sumatera Utara,2,14250.0,True,15450.0,1150.0,2025-06
2025-06-04,Sumatera Barat,3,16900.0,True,15450.0,1150.0,2025-06
2025-06-04,Riau,4,16250.0,True,15450.0,1150.0,2025-06
2025-06-04,Kepulauan Riau,5,15100.0,True,15450.0,1150.0,2025-06
2025-06-04,Jambi,6,15250.0,True,15450.0,1150.0,2025-06
2025-06-04,Bengkulu,7,15350.0,True,15450.0,1150.0,2025-06
2025-06-04,Sumatera Selatan,8,15200.0,True,15450.0,1150.0,2025-06
2025-06-04,Kepulauan Bangka Belitung,9,15250.0,True,15450.0,1150.0,2025-06
2025-06-04,Lampung,10,14500.0,True,15450.0,1150.0,2025-06
2025-06-04,Banten,11,14600.0,True,15450.0,1150.0,2025-06
2025-06-04,Jawa Barat,12,14650.0,True,15450.0,1150.0,2025-06
2025-06-04,DKI Jakarta,13,15800.0,True,15450.0,1150.0,2025-06
2025-06-04,Jawa Tengah,14,14850.0,True,15450.0,1150.0,2025-06
2025-06-04,DI Yogyakarta,15,14300.0,True,15450.0,1150.0,2025-06
2025-06-04,Jawa Timur,16,14500.0,True,15450.0,1150.0,2025-06
2025-06-04,Bali,17,15450.0,True,15450.0,1150.0,2025-06
2025-06-04,Nusa Tenggara Barat,18,13800.0,True,15450.0,1150.0,2025-06
2025-06-04,Nusa Tenggara Timur,19,15300.0,True,15450.0,1150.0,2025-06
2025-06-04,Kalimantan Barat,20,16350.0,True,15450.0,1150.0,2025-06
2025-06-04,Kalimantan Selatan,21,17150.0,True,15450.0,1150.0,2025-06
2025-06-04,Kalimantan Tengah,22,17500.0,True,15450.0,1150.0,2025-06
2025-06-04,Kalimantan Timur,23,16050.0,True,15450.0,1150.0,2025-06
2025-06-04,Kalimantan Utara,24,16600.0,True,15450.0,1150.0,2025-06
2025-06-04,Gorontalo,25,15200.0,True,15450.0,1150.0,2025-06
2025-06-04,Sulawesi Selatan,26,13650.0,True,15450.0,1150.0,2025-06
2025-06-04,Sulawesi Tenggara,27,15600.0,True,15450.0,1150.0,2025-06
2025-06-04,Sulawesi Tengah,28,14700.0,True,15450.0,1150.0,2025-06
2025-06-04,Sulawesi Utara,29,15000.0,True,15450.0,1150.0,2025-06
2025-06-04,Sulawesi Barat,30,13850.0,True,15450.0,1150.0,2025-06
2025-06-04,Maluku,31,16650.0,True,15450.0,1150.0,2025-06
2025-06-04,Maluku Utara,32,16700.0,True,15450.0,1150.0,2025-06
2025-06-04,Papua,33,18500.0,True,15450.0,1150.0,2025-06
2025-06-04,Papua Barat,34,16750.0,True,15450.0,1150.0,2025-06
2025-06-05,Aceh,1,14100.0,True,15450.0,1150.0,2025-06
2025-06-05,Sumatera Utara,2,14250.0,True,15450.0,1150.0,2025-06
2025-06-05,Sumatera Barat,3,16900.0,True,15450.0,1150.0,2025-06
2025-06-05,Riau,4,16250.0,True,15450.0,1150.0,2025-06
2025-06-05,Kepulauan Riau,5,15100.0,True,15450.0,1150.0,2025-06
2025-06-05,Jambi,6,15250.0,True,15450.0,1150.0,2025-06
2025-06-05,Bengkulu,7,15350.0,True,15450.0,1150.0,2025-06
2025-06-05,Sumatera Selatan,8,15150.0,True,15450.0,1150.0,2025-06
2025-06-05,Kepulauan Bangka Belitung,9,15250.0,True,15450.0,1150.0,2025-06
2025-06-05,Lampung,10,14500.0,True,15450.0,1150.0,2025-06
2025-06-05,Banten,11,14600.0,True,15450.0,1150.0,2025-06
2025-06-05,Jawa Barat,12,14650.0,True,15450.0,1150.0,2025-06
2025-06-05,DKI Jakarta,13,15800.0,True,15450.0,1150.0,2025-06
2025-06-05,Jawa Tengah,14,14850.0,True,15450.0,1150.0,2025-06
2025-06-05,DI Yogyakarta,15,14300.0,True,15450.0,1150.0,2025-06
2025-06-05,Jawa Timur,16,14500.0,True,15450.0,1150.0,2025-06
2025-06-05,Bali,17,15450.0,True,15450.0,1150.0,2025-06
2025-06-05,Nusa Tenggara Barat,18,13800.0,True,15450.0,1150.0,2025-06
2025-06-05,Nusa Tenggara Timur,19,15300.0,True,15450.0,1150.0,2025-06
2025-06-05,Kalimantan Barat,20,16350.0,True,15450.0,1150.0,2025-06
2025-06-05,Kalimantan Selatan,21,17150.0,True,15450.0,1150.0,2025-06
2025-06-05,Kalimantan Tengah,22,17500.0,True,15450.0,1150.0,2025-06
2025-06-05,Kalimantan Timur,23,16050.0,True,15450.0,1150.0,2025-06
2025-06-05,Kalimantan Utara,24,16600.0,True,15450.0,1150.0,2025-06
2025-06-05,Gorontalo,25,15200.0,True,15450.0,1150.0,2025-06
2025-06-05,Sulawesi Selatan,26,13650.0,True,15450.0,1150.0,2025-06
2025-06-05,Sulawesi Tenggara,27,15650.0,True,15450.0,1150.0,2025-06
2025-06-05,Sulawesi Tengah,28,14700.0,True,15450.0,1150.0,2025-06
2025-06-05,Sulawesi Utara,29,15000.0,True,15450.0,1150.0,2025-06
2025-06-05,Sulawesi Barat,30,13850.0,True,15450.0,1150.0,2025-06
2025-06-05,Maluku,31,16650.0,True,15450.0,1150.0,2025-06
2025-06-05,Maluku Utara,32,16700.0,True,15450.0,1150.0,2025-06
2025-06-05,Papua,33,18450.0,True,15450.0,1150.0,2025-06
2025-06-05,Papua Barat,34,16750.0,True,15450.0,1150.0,2025-06
2025-06-06,Aceh,1,14100.0,True,15450.0,1150.0,2025-06
2025-06-06,Sumatera Utara,2,14250.0,True,15450.0,1150.0,2025-06
2025-06-06,Sumatera Barat,3,16900.0,True,15450.0,1150.0,2025-06
2025-06-06,Riau,4,16250.0,True,15450.0,1150.0,2025-06
2025-06-06,Kepulauan Riau,5,15150.0,True,15450.0,1150.0,2025-06
2025-06-06,Jambi,6,15250.0,True,15450.0,1150.0,2025-06
2025-06-06,Bengkulu,7,15350.0,True,15450.0,1150.0,2025-06
2025-06-06,Sumatera Selatan,8,15150.0,True,15450.0,1150.0,2025-06
2025-06-06,Kepulauan Bangka Belitung,9,15250.0,True,15450.0,1150.0,2025-06
2025-06-06,Lampung,10,14500.0,True,15450.0,1150.0,2025-06
2025-06-06,Banten,11,14600.0,True,15450.0,1150.0,2025-06
2025-06-06,Jawa Barat,12,14650.0,True,15450.0,1150.0,2025-06
2025-06-06,DKI Jakarta,13,15800.0,True,15450.0,1150.0,2025-06
2025-06-06,Jawa Tengah,14,14850.0,True,15450.0,1150.0,2025-06
2025-06-06,DI Yogyakarta,15,14300.0,True,15450.0,1150.0,2025-06
2025-06-06,Jawa Timur,16,14500.0,True,15450.0,1150.0,2025-06
2025-06-06,Bali,17,15450.0,True,15450.0,1150.0,2025-06
2025-06-06,Nusa Tenggara Barat,18,13800.0,True,15450.0,1150.0,2025-06
2025-06-06,Nusa Tenggara Timur,19,15300.0,True,15450.0,1150.0,2025-06
2025-06-06,Kalimantan Barat,20,16350.0,True,15450.0,1150.0,2025-06
2025-06-06,Kalimantan Selatan,21,17150.0,True,15450.0,1150.0,2025-06
2025-06-06,Kalimantan Tengah,22,17500.0,True,15450.0,1150.0,2025-06
2025-06-06,Kalimantan Timur,23,16050.0,True,15450.0,1150.0,2025-06
2025-06-06,Kalimantan Utara,24,16600.0,True,15450.0,1150.0,2025-06
2025-06-06,Gorontalo,25,15200.0,True,15450.0,1150.0,2025-06
2025-06-06,Sulawesi Selatan,26,13650.0,True,15450.0,1150.0,2025-06
2025-06-06,Sulawesi Tenggara,27,15650.0,True,15450.0,1150.0,2025-06
2025-06-06,Sulawesi Tengah,28,14700.0,True,15450.0,1150.0,2025-06
2025-06-06,Sulawesi Utara,29,15000.0,True,15450.0,1150.0,2025-06
2025-06-06,Sulawesi Barat,30,13850.0,True,15450.0,1150.0,2025-06
2025-06-06,Maluku,31,16650.0,True,15450.0,1150.0,2025-06
2025-06-06,Maluku Utara,32,16700.0,True,15450.0,1150.0,2025-06
2025-06-06,Papua,33,18450.0,True,15450.0,1150.0,2025-06
2025-06-06,Papua Barat,34,16750.0,True,15450.0,1150.0,2025-06
2025-06-07,Aceh,1,14100.0,True,15450.0,1150.0,2025-06
2025-06-07,Sumatera Utara,2,14250.0,True,15450.0,1150.0,2025-06
2025-06-07,Sumatera Barat,3,16900.0,True,15450.0,1150.0,2025-06
2025-06-07,Riau,4,16250.0,True,15450.0,1150.0,2025-06
2025-06-07,Kepulauan Riau,5,15150.0,True,15450.0,1150.0,2025-06
2025-06-07,Jambi,6,15250.0,True,15450.0,1150.0,2025-06
2025-06-07,Bengkulu,7,15350.0,True,15450.0,1150.0,2025-06
2025-06-07,Sumatera Selatan,8,15150.0,True,15450.0,1150.0,2025-06
2025-06-07,Kepulauan Bangka Belitung,9,15250.0,True,15450.0,1150.0,2025-06
2025-06-07,Lampung,10,14500.0,True,15450.0,1150.0,2025-06
2025-06-07,Banten,11,14600.0,True,15450.0,1150.0,2025-06
2025-06-07,Jawa Barat,12,14650.0,True,15450.0,1150.0,2025-06
2025-06-07,DKI Jakarta,13,15800.0,True,15450.0,1150.0,2025-06
2025-06-07,Jawa Tengah,14,14850.0,True,15450.0,1150.0,2025-06
2025-06-07,DI Yogyakarta,15,14300.0,True,15450.0,1150.0,2025-06
2025-06-07,Jawa Timur,16,14500.0,True,15450.0,1150.0,2025-06
2025-06-07,Bali,17,15450.0,True,15450.0,1150.0,2025-06
2025-06-07,Nusa Tenggara Barat,18,13800.0,True,15450.0,1150.0,2025-06
2025-06-07,Nusa Tenggara Timur,19,15300.0,True,15450.0,1150.0,2025-06
2025-06-07,Kalimantan Barat,20,16350.0,True,15450.0,1150.0,2025-06
2025-06-07,Kalimantan Selatan,21,17150.0,True,15450.0,1150.0,2025-06
2025-06-07,Kalimantan Tengah,22,17500.0,True,15450.0,1150.0,2025-06
2025-06-07,Kalimantan Timur,23,16050.0,True,15450.0,1150.0,2025-06
2025-06-07,Kalimantan Utara,24,16600.0,True,15450.0,1150.0,2025-06
2025-06-07,Gorontalo,25,15200.0,True,15450.0,1150.0,2025-06
2025-06-07,Sulawesi Selatan,26,13650.0,True,15450.0,1150.0,2025-06
2025-06-07,Sulawesi Tenggara,27,15650.0,True,15450.0,1150.0,2025-06
2025-06-07,Sulawesi Tengah,28,14700.0,True,15450.0,1150.0,2025-06
2025-06-07,Sulawesi Utara,29,15000.0,True,15450.0,1150.0,2025-06
2025-06-07,Sulawesi Barat,30,13850.0,True,15450.0,1150.0,2025-06
2025-06-07,Maluku,31,16650.0,True,15450.0,1150.0,2025-06
2025-06-07,Maluku Utara,32,16700.0,True,15450.0,1150.0,2025-06
2025-06-07,Papua,33,18450.0,True,15450.0,1150.0,2025-06
2025-06-07,Papua Barat,34,16750.0,True,15450.0,1150.0,2025-06
2025-06-08,Aceh,1,14100.0,True,15450.0,1150.0,2025-06
2025-06-08,Sumatera Utara,2,14250.0,True,15450.0,1150.0,2025-06
2025-06-08,Sumatera Barat,3,16900.0,True,15450.0,1150.0,2025-06
2025-06-08,Riau,4,16250.0,True,15450.0,1150.0,2025-06
2025-06-08,Kepulauan Riau,5,15150.0,True,15450.0,1150.0,2025-06
2025-06-08,Jambi,6,15250.0,True,15450.0,1150.0,2025-06
2025-06-08,Bengkulu,7,15350.0,True,15450.0,1150.0,2025-06
2025-06-08,Sumatera Selatan,8,15150.0,True,15450.0,1150.0,2025-06
2025-06-08,Kepulauan Bangka Belitung,9,15250.0,True,15450.0,1150.0,2025-06
2025-06-08,Lampung,10,14500.0,True,15450.0,1150.0,2025-06
2025-06-08,Banten,11,14600.0,True,15450.0,1150.0,2025-06
2025-06-08,Jawa Barat,12,14650.0,True,15450.0,1150.0,2025-06
2025-06-08,DKI Jakarta,13,15800.0,True,15450.0,1150.0,2025-06
2025-06-08,Jawa Tengah,14,14850.0,True,15450.0,1150.0,2025-06
2025-06-08,DI Yogyakarta,15,14300.0,True,15450.0,1150.0,2025-06
2025-06-08,Jawa Timur,16,14500.0,True,15450.0,1150.0,2025-06
2025-06-08,Bali,17,15450.0,True,15450.0,1150.0,2025-06
2025-06-08,Nusa Tenggara Barat,18,13800.0,True,15450.0,1150.0,2025-06
2025-06-08,Nusa Tenggara Timur,19,15300.0,True,15450.0,1150.0,2025-06
2025-06-08,Kalimantan Barat,20,16350.0,True,15450.0,1150.0,2025-06
2025-06-08,Kalimantan Selatan,21,17150.0,True,15450.0,1150.0,2025-06
2025-06-08,Kalimantan Tengah,22,17500.0,True,15450.0,1150.0,2025-06
2025-06-08,Kalimantan Timur,23,16050.0,True,15450.0,1150.0,2025-06
2025-06-08,Kalimantan Utara,24,16600.0,True,15450.0,1150.0,2025-06
2025-06-08,Gorontalo,25,15200.0,True,15450.0,1150.0,2025-06
2025-06-08,Sulawesi Selatan,26,13650.0,True,15450.0,1150.0,2025-06
2025-06-08,Sulawesi Tenggara,27,15650.0,True,15450.0,1150.0,2025-06
2025-06-08,Sulawesi Tengah,28,14700.0,True,15450.0,1150.0,2025-06
2025-06-08,Sulawesi Utara,29,15000.0,True,15450.0,1150.0,2025-06
2025-06-08,Sulawesi Barat,30,13850.0,True,15450.0,1150.0,2025-06
2025-06-08,Maluku,31,16650.0,True,15450.0,1150.0,2025-06
2025-06-08,Maluku Utara,32,16700.0,True,15450.0,1150.0,2025-06
2025-06-08,Papua,33,18450.0,True,15450.0,1150.0,2025-06
2025-06-08,Papua Barat,34,16750.0,True,15450.0,1150.0,2025-06
2025-06-09,Aceh,1,14100.0,True,15450.0,1150.0,2025-06
2025-06-09,Sumatera Utara,2,14250.0,True,15450.0,1150.0,2025-06
2025-06-09,Sumatera Barat,3,16900.0,True,15450.0,1150.0,2025-06
2025-06-09,Riau,4,16250.0,True,15450.0,1150.0,2025-06
2025-06-09,Kepulauan Riau,5,15150.0,True,15450.0,1150.0,2025-06
2025-06-09,Jambi,6,15250.0,True,15450.0,1150.0,2025-06
2025-06-09,Bengkulu,7,15350.0,True,15450.0,1150.0,2025-06
2025-06-09,Sumatera Selatan,8,15150.0,True,15450.0,1150.0,2025-06
2025-06-09,Kepulauan Bangka Belitung,9,15250.0,True,15450.0,1150.0,2025-06
2025-06-09,Lampung,10,14500.0,True,15450.0,1150.0,2025-06
2025-06-09,Banten,11,14600.0,True,15450.0,1150.0,2025-06
2025-06-09,Jawa Barat,12,14650.0,True,15450.0,1150.0,2025-06
2025-06-09,DKI Jakarta,13,15800.0,True,15450.0,1150.0,2025-06
2025-06-09,Jawa Tengah,14,14850.0,True,15450.0,1150.0,2025-06
2025-06-09,DI Yogyakarta,15,14300.0,True,15450.0,1150.0,2025-06
2025-06-09,Jawa Timur,16,14500.0,True,15450.0,1150.0,2025-06
2025-06-09,Bali,17,15450.0,True,15450.0,1150.0,2025-06
2025-06-09,Nusa Tenggara Barat,18,13800.0,True,15450.0,1150.0,2025-06
2025-06-09,Nusa Tenggara Timur,19,15300.0,True,15450.0,1150.0,2025-06
2025-06-09,Kalimantan Barat,20,16350.0,True,15450.0,1150.0,2025-06
2025-06-09,Kalimantan Selatan,21,17150.0,True,15450.0,1150.0,2025-06
2025-06-09,Kalimantan Tengah,22,17500.0,True,15450.0,1150.0,2025-06
2025-06-09,Kalimantan Timur,23,16050.0,True,15450.0,1150.0,2025-06
2025-06-09,Kalimantan Utara,24,16600.0,True,15450.0,1150.0,2025-06
2025-06-09,Gorontalo,25,15200.0,True,15450.0,1150.0,2025-06
2025-06-09,Sulawesi Selatan,26,13650.0,True,15450.0,1150.0,2025-06
2025-06-09,Sulawesi Tenggara,27,15650.0,True,15450.0,1150.0,2025-06
2025-06-09,Sulawesi Tengah,28,14700.0,True,15450.0,1150.0,2025-06
2025-06-09,Sulawesi Utara,29,15000.0,True,15450.0,1150.0,2025-06
2025-06-09,Sulawesi Barat,30,13850.0,True,15450.0,1150.0,2025-06
2025-06-09,Maluku,31,16650.0,True,15450.0,1150.0,2025-06
2025-06-09,Maluku Utara,32,16700.0,True,15450.0,1150.0,2025-06
2025-06-09,Papua,33,18450.0,True,15450.0,1150.0,2025-06
2025-06-09,Papua Barat,34,16750.0,True,15450.0,1150.0,2025-06
2025-06-10,Aceh,1,14150.0,True,15500.0,1150.0,2025-06
2025-06-10,Sumatera Utara,2,14250.0,True,15500.0,1150.0,2025-06
2025-06-10,Sumatera Barat,3,16900.0,True,15500.0,1150.0,2025-06
2025-06-10,Riau,4,16300.0,True,15500.0,1150.0,2025-06
2025-06-10,Kepulauan Riau,5,15100.0,True,15500.0,1150.0,2025-06
2025-06-10,Jambi,6,15250.0,True,15500.0,1150.0,2025-06
2025-06-10,Bengkulu,7,15350.0,True,15500.0,1150.0,2025-06
2025-06-10,Sumatera Selatan,8,15200.0,True,15500.0,1150.0,2025-06
2025-06-10,Kepulauan Bangka Belitung,9,15250.0,True,15500.0,1150.0,2025-06
2025-06-10,Lampung,10,14500.0,True,15500.0,1150.0,2025-06
2025-06-10,Banten,11,14600.0,True,15500.0,1150.0,2025-06
2025-06-10,Jawa Barat,12,14650.0,True,15500.0,1150.0,2025-06
2025-06-10,DKI Jakarta,13,15900.0,True,15500.0,1150.0,2025-06
2025-06-10,Jawa Tengah,14,14850.0,True,15500.0,1150.0,2025-06
2025-06-10,DI Yogyakarta,15,14300.0,True,15500.0,1150.0,2025-06
2025-06-10,Jawa Timur,16,14500.0,True,15500.0,1150.0,2025-06
2025-06-10,Bali,17,15450.0,True,15500.0,1150.0,2025-06
2025-06-10,Nusa Tenggara Barat,18,13800.0,True,15500.0,1150.0,2025-06
2025-06-10,Nusa Tenggara Timur,19,15300.0,True,15500.0,1150.0,2025-06
2025-06-10,Kalimantan Barat,20,16350.0,True,15500.0,1150.0,2025-06
2025-06-10,Kalimantan Selatan,21,17150.0,True,15500.0,1150.0,2025-06
2025-06-10,Kalimantan Tengah,22,17500.0,True,15500.0,1150.0,2025-06
2025-06-10,Kalimantan Timur,23,16050.0,True,15500.0,1150.0,2025-06
2025-06-10,Kalimantan Utara,24,16850.0,True,15500.0,1150.0,2025-06
2025-06-10,Gorontalo,25,15150.0,True,15500.0,1150.0,2025-06
2025-06-10,Sulawesi Selatan,26,13650.0,True,15500.0,1150.0,2025-06
2025-06-10,Sulawesi Tenggara,27,15650.0,True,15500.0,1150.0,2025-06
2025-06-10,Sulawesi Tengah,28,14900.0,True,15500.0,1150.0,2025-06
2025-06-10,Sulawesi Utara,29,15150.0,True,15500.0,1150.0,2025-06
2025-06-10,Sulawesi Barat,30,13900.0,True,15500.0,1150.0,2025-06
2025-06-10,Maluku,31,16700.0,True,15500.0,1150.0,2025-06
2025-06-10,Maluku Utara,32,16700.0,True,15500.0,1150.0,2025-06
2025-06-10,Papua,33,18450.0,True,15500.0,1150.0,2025-06
2025-06-10,Papua Barat,34,16800.0,True,15500.0,1150.0,2025-06
2025-06-11,Aceh,1,14150.0,True,15500.0,1150.0,2025-06
2025-06-11,Sumatera Utara,2,14250.0,True,15500.0,1150.0,2025-06
2025-06-11,Sumatera Barat,3,16900.0,True,15500.0,1150.0,2025-06
2025-06-11,Riau,4,16300.0,True,15500.0,1150.0,2025-06
2025-06-11,Kepulauan Riau,5,15100.0,True,15500.0,1150.0,2025-06
2025-06-11,Jambi,6,15250.0,True,15500.0,1150.0,2025-06
2025-06-11,Bengkulu,7,15400.0,True,15500.0,1150.0,2025-06
2025-06-11,Sumatera Selatan,8,15200.0,True,15500.0,1150.0,2025-06
2025-06-11,Kepulauan Bangka Belitung,9,15250.0,True,15500.0,1150.0,2025-06
2025-06-11,Lampung,10,14500.0,True,15500.0,1150.0,2025-06
2025-06-11,Banten,11,14600.0,True,15500.0,1150.0,2025-06
2025-06-11,Jawa Barat,12,14650.0,True,15500.0,1150.0,2025-06
2025-06-11,DKI Jakarta,13,15950.0,True,15500.0,1150.0,2025-06
2025-06-11,Jawa Tengah,14,14850.0,True,15500.0,1150.0,2025-06
2025-06-11,DI Yogyakarta,15,14300.0,True,15500.0,1150.0,2025-06
2025-06-11,Jawa Timur,16,14500.0,True,15500.0,1150.0,2025-06
2025-06-11,Bali,17,15450.0,True,15500.0,1150.0,2025-06
2025-06-11,Nusa Tenggara Barat,18,13800.0,True,15500.0,1150.0,2025-06
2025-06-11,Nusa Tenggara Timur,19,15300.0,True,15500.0,1150.0,2025-06
2025-06-11,Kalimantan Barat,20,16350.0,True,15500.0,1150.0,2025-06
2025-06-11,Kalimantan Selatan,21,17150.0,True,15500.0,1150.0,2025-06
2025-06-11,Kalimantan Tengah,22,17500.0,True,15500.0,1150.0,2025-06
2025-06-11,Kalimantan Timur,23,16150.0,True,15500.0,1150.0,2025-06
2025-06-11,Kalimantan Utara,24,16650.0,True,15500.0,1150.0,2025-06
2025-06-11,Gorontalo,25,15400.0,True,15500.0,1150.0,2025-06
2025-06-11,Sulawesi Selatan,26,13650.0,True,15500.0,1150.0,2025-06
2025-06-11,Sulawesi Tenggara,27,15650.0,True,15500.0,1150.0,2025-06
2025-06-11,Sulawesi Tengah,28,14950.0,True,15500.0,1150.0,2025-06
2025-06-11,Sulawesi Utara,29,15150.0,True,15500.0,1150.0,2025-06
2025-06-11,Sulawesi Barat,30,13900.0,True,15500.0,1150.0,2025-06
2025-06-11,Maluku,31,16700.0,True,15500.0,1150.0,2025-06
2025-06-11,Maluku Utara,32,16700.0,True,15500.0,1150.0,2025-06
2025-06-11,Papua,33,18500.0,True,15500.0,1150.0,2025-06
2025-06-11,Papua Barat,34,16800.0,True,15500.0,1150.0,2025-06
2025-06-12,Aceh,1,14150.0,True,15500.0,1150.0,2025-06
2025-06-12,Sumatera Utara,2,14250.0,True,15500.0,1150.0,2025-06
2025-06-12,Sumatera Barat,3,16900.0,True,15500.0,1150.0,2025-06
2025-06-12,Riau,4,16300.0,True,15500.0,1150.0,2025-06
2025-06-12,Kepulauan Riau,5,15100.0,True,15500.0,1150.0,2025-06
2025-06-12,Jambi,6,15250.0,True,15500.0,1150.0,2025-06
2025-06-12,Bengkulu,7,15400.0,True,15500.0,1150.0,2025-06
2025-06-12,Sumatera Selatan,8,15200.0,True,15500.0,1150.0,2025-06
2025-06-12,Kepulauan Bangka Belitung,9,15250.0,True,15500.0,1150.0,2025-06
2025-06-12,Lampung,10,14550.0,True,15500.0,1150.0,2025-06
2025-06-12,Banten,11,14600.0,True,15500.0,1150.0,2025-06
2025-06-12,Jawa Barat,12,14650.0,True,15500.0,1150.0,2025-06
2025-06-12,DKI Jakarta,13,15950.0,True,15500.0,1150.0,2025-06
2025-06-12,Jawa Tengah,14,14900.0,True,15500.0,1150.0,2025-06
2025-06-12,DI Yogyakarta,15,14300.0,True,15500.0,1150.0,2025-06
2025-06-12,Jawa Timur,16,14500.0,True,15500.0,1150.0,2025-06
2025-06-12,Bali,17,15450.0,True,15500.0,1150.0,2025-06
2025-06-12,Nusa Tenggara Barat,18,13800.0,True,15500.0,1150.0,2025-06
2025-06-12,Nusa Tenggara Timur,19,15300.0,True,15500.0,1150.0,2025-06
2025-06-12,Kalimantan Barat,20,16350.0,True,15500.0,1150.0,2025-06
2025-06-12,Kalimantan Selatan,21,17150.0,True,15500.0,1150.0,2025-06
2025-06-12,Kalimantan Tengah,22,17500.0,True,15500.0,1150.0,2025-06
2025-06-12,Kalimantan Timur,23,16150.0,True,15500.0,1150.0,2025-06
2025-06-12,Kalimantan Utara,24,16650.0,True,15500.0,1150.0,2025-06
2025-06-12,Gorontalo,25,15400.0,True,15500.0,1150.0,2025-06
2025-06-12,Sulawesi Selatan,26,13650.0,True,15500.0,1150.0,2025-06
2025-06-12,Sulawesi Tenggara,27,15650.0,True,15500.0,1150.0,2025-06
2025-06-12,Sulawesi Tengah,28,15150.0,True,15500.0,1150.0,2025-06
2025-06-12,Sulawesi Utara,29,15200.0,True,15500.0,1150.0,2025-06
2025-06-12,Sulawesi Barat,30,13900.0,True,15500.0,1150.0,2025-06
2025-06-12,Maluku,31,16700.0,True,15500.0,1150.0,2025-06
2025-06-12,Maluku Utara,32,16700.0,True,15500.0,1150.0,2025-06
2025-06-12,Papua,33,18500.0,True,15500.0,1150.0,2025-06
2025-06-12,Papua Barat,34,16800.0,True,15500.0,1150.0,2025-06
2025-06-13,Aceh,1,14200.0,True,15500.0,1150.0,2025-06
2025-06-13,Sumatera Utara,2,14250.0,True,15500.0,1150.0,2025-06
2025-06-13,Sumatera Barat,3,16900.0,True,15500.0,1150.0,2025-06
2025-06-13,Riau,4,16300.0,True,15500.0,1150.0,2025-06
2025-06-13,Kepulauan Riau,5,15100.0,True,15500.0,1150.0,2025-06
2025-06-13,Jambi,6,15250.0,True,15500.0,1150.0,2025-06
2025-06-13,Bengkulu,7,15450.0,True,15500.0,1150.0,2025-06
2025-06-13,Sumatera Selatan,8,15200.0,True,15500.0,1150.0,2025-06
2025-06-13,Kepulauan Bangka Belitung,9,15250.0,True,15500.0,1150.0,2025-06
2025-06-13,Lampung,10,14550.0,True,15500.0,1150.0,2025-06
2025-06-13,Banten,11,14600.0,True,15500.0,1150.0,2025-06
2025-06-13,Jawa Barat,12,14650.0,True,15500.0,1150.0,2025-06
2025-06-13,DKI Jakarta,13,15950.0,True,15500.0,1150.0,2025-06
2025-06-13,Jawa Tengah,14,14900.0,True,15500.0,1150.0,2025-06
2025-06-13,DI Yogyakarta,15,14300.0,True,15500.0,1150.0,2025-06
2025-06-13,Jawa Timur,16,14500.0,True,15500.0,1150.0,2025-06
2025-06-13,Bali,17,15450.0,True,15500.0,1150.0,2025-06
2025-06-13,Nusa Tenggara Barat,18,13800.0,True,15500.0,1150.0,2025-06
2025-06-13,Nusa Tenggara Timur,19,15300.0,True,15500.0,1150.0,2025-06
2025-06-13,Kalimantan Barat,20,16350.0,True,15500.0,1150.0,2025-06
2025-06-13,Kalimantan Selatan,21,17150.0,True,15500.0,1150.0,2025-06
2025-06-13,Kalimantan Tengah,22,17500.0,True,15500.0,1150.0,2025-06
2025-06-13,Kalimantan Timur,23,16100.0,True,15500.0,1150.0,2025-06
2025-06-13,Kalimantan Utara,24,16650.0,True,15500.0,1150.0,2025-06
2025-06-13,Gorontalo,25,15400.0,True,15500.0,1150.0,2025-06
2025-06-13,Sulawesi Selatan,26,13650.0,True,15500.0,1150.0,2025-06
2025-06-13,Sulawesi Tenggara,27,15700.0,True,15500.0,1150.0,2025-06
2025-06-13,Sulawesi Tengah,28,15150.0,True,15500.0,1150.0,2025-06
2025-06-13,Sulawesi Utara,29,15250.0,True,15500.0,1150.0,2025-06
2025-06-13,Sulawesi Barat,30,13900.0,True,15500.0,1150.0,2025-06
2025-06-13,Maluku,31,16700.0,True,15500.0,1150.0,2025-06
2025-06-13,Maluku Utara,32,16700.0,True,15500.0,1150.0,2025-06
2025-06-13,Papua,33,18500.0,True,15500.0,1150.0,2025-06
2025-06-13,Papua Barat,34,16750.0,True,15500.0,1150.0,2025-06
2025-06-14,Aceh,1,14200.0,True,15500.0,1150.0,2025-06
2025-06-14,Sumatera Utara,2,14250.0,True,15500.0,1150.0,2025-06
2025-06-14,Sumatera Barat,3,16900.0,True,15500.0,1150.0,2025-06
2025-06-14,Riau,4,16300.0,True,15500.0,1150.0,2025-06
2025-06-14,Kepulauan Riau,5,15100.0,True,15500.0,1150.0,2025-06
2025-06-14,Jambi,6,15250.0,True,15500.0,1150.0,2025-06
2025-06-14,Bengkulu,7,15450.0,True,15500.0,1150.0,2025-06
2025-06-14,Sumatera Selatan,8,15200.0,True,15500.0,1150.0,2025-06
2025-06-14,Kepulauan Bangka Belitung,9,15250.0,True,15500.0,1150.0,2025-06
2025-06-14,Lampung,10,14550.0,True,15500.0,1150.0,2025-06
2025-06-14,Banten,11,14600.0,True,15500.0,1150.0,2025-06
2025-06-14,Jawa Barat,12,14650.0,True,15500.0,1150.0,2025-06
2025-06-14,DKI Jakarta,13,15950.0,True,15500.0,1150.0,2025-06
2025-06-14,Jawa Tengah,14,14900.0,True,15500.0,1150.0,2025-06
2025-06-14,DI Yogyakarta,15,14300.0,True,15500.0,1150.0,2025-06
2025-06-14,Jawa Timur,16,14500.0,True,15500.0,1150.0,2025-06
2025-06-14,Bali,17,15450.0,True,15500.0,1150.0,2025-06
2025-06-14,Nusa Tenggara Barat,18,13800.0,True,15500.0,1150.0,2025-06
2025-06-14,Nusa Tenggara Timur,19,15300.0,True,15500.0,1150.0,2025-06
2025-06-14,Kalimantan Barat,20,16350.0,True,15500.0,1150.0,2025-06
2025-06-14,Kalimantan Selatan,21,17150.0,True,15500.0,1150.0,2025-06
2025-06-14,Kalimantan Tengah,22,17500.0,True,15500.0,1150.0,2025-06
2025-06-14,Kalimantan Timur,23,16100.0,True,15500.0,1150.0,2025-06
2025-06-14,Kalimantan Utara,24,16650.0,True,15500.0,1150.0,2025-06
2025-06-14,Gorontalo,25,15400.0,True,15500.0,1150.0,2025-06
2025-06-14,Sulawesi Selatan,26,13650.0,True,15500.0,1150.0,2025-06
2025-06-14,Sulawesi Tenggara,27,15700.0,True,15500.0,1150.0,2025-06
2025-06-14,Sulawesi Tengah,28,15150.0,True,15500.0,1150.0,2025-06
2025-06-14,Sulawesi Utara,29,15250.0,True,15500.0,1150.0,2025-06
2025-06-14,Sulawesi Barat,30,13900.0,True,15500.0,1150.0,2025-06
2025-06-14,Maluku,31,16700.0,True,15500.0,1150.0,2025-06
2025-06-14,Maluku Utara,32,16700.0,True,15500.0,1150.0,2025-06
2025-06-14,Papua,33,18500.0,True,15500.0,1150.0,2025-06
2025-06-14,Papua Barat,34,16750.0,True,15500.0,1150.0,2025-06
2025-06-15,Aceh,1,14200.0,True,15500.0,1150.0,2025-06
2025-06-15,Sumatera Utara,2,14250.0,True,15500.0,1150.0,2025-06
2025-06-15,Sumatera Barat,3,16900.0,True,15500.0,1150.0,2025-06
2025-06-15,Riau,4,16300.0,True,15500.0,1150.0,2025-06
2025-06-15,Kepulauan Riau,5,15100.0,True,15500.0,1150.0,2025-06
2025-06-15,Jambi,6,15250.0,True,15500.0,1150.0,2025-06
2025-06-15,Bengkulu,7,15450.0,True,15500.0,1150.0,2025-06
2025-06-15,Sumatera Selatan,8,15200.0,True,15500.0,1150.0,2025-06
2025-06-15,Kepulauan Bangka Belitung,9,15250.0,True,15500.0,1150.0,2025-06
2025-06-15,Lampung,10,14550.0,True,15500.0,1150.0,2025-06
2025-06-15,Banten,11,14600.0,True,15500.0,1150.0,2025-06
2025-06-15,Jawa Barat,12,14650.0,True,15500.0,1150.0,2025-06
2025-06-15,DKI Jakarta,13,15950.0,True,15500.0,1150.0,2025-06
2025-06-15,Jawa Tengah,14,14900.0,True,15500.0,1150.0,2025-06
2025-06-15,DI Yogyakarta,15,14300.0,True,15500.0,1150.0,2025-06
2025-06-15,Jawa Timur,16,14500.0,True,15500.0,1150.0,2025-06
2025-06-15,Bali,17,15450.0,True,15500.0,1150.0,2025-06
2025-06-15,Nusa Tenggara Barat,18,13800.0,True,15500.0,1150.0,2025-06
2025-06-15,Nusa Tenggara Timur,19,15300.0,True,15500.0,1150.0,2025-06
2025-06-15,Kalimantan Barat,20,16350.0,True,15500.0,1150.0,2025-06
2025-06-15,Kalimantan Selatan,21,17150.0,True,15500.0,1150.0,2025-06
2025-06-15,Kalimantan Tengah,22,17500.0,True,15500.0,1150.0,2025-06
2025-06-15,Kalimantan Timur,23,16100.0,True,15500.0,1150.0,2025-06
2025-06-15,Kalimantan Utara,24,16650.0,True,15500.0,1150.0,2025-06
2025-06-15,Gorontalo,25,15400.0,True,15500.0,1150.0,2025-06
2025-06-15,Sulawesi Selatan,26,13650.0,True,15500.0,1150.0,2025-06
2025-06-15,Sulawesi Tenggara,27,15700.0,True,15500.0,1150.0,2025-06
2025-06-15,Sulawesi Tengah,28,15150.0,True,15500.0,1150.0,2025-06
2025-06-15,Sulawesi Utara,29,15250.0,True,15500.0,1150.0,2025-06
2025-06-15,Sulawesi Barat,30,13900.0,True,15500.0,1150.0,2025-06
2025-06-15,Maluku,31,16700.0,True,15500.0,1150.0,2025-06
2025-06-15,Maluku Utara,32,16700.0,True,15500.0,1150.0,2025-06
2025-06-15,Papua,33,18500.0,True,15500.0,1150.0,2025-06
2025-06-15,Papua Barat,34,16750.0,True,15500.0,1150.0,2025-06
2025-06-16,Aceh,1,14250.0,True,15550.0,1100.0,2025-06
2025-06-16,Sumatera Utara,2,14300.0,True,15550.0,1100.0,2025-06
2025-06-16,Sumatera Barat,3,16900.0,True,15550.0,1100.0,2025-06
2025-06-16,Riau,4,16300.0,True,15550.0,1100.0,2025-06
2025-06-16,Kepulauan Riau,5,15100.0,True,15550.0,1100.0,2025-06
2025-06-16,Jambi,6,15250.0,True,15550.0,1100.0,2025-06
2025-06-16,Bengkulu,7,15450.0,True,15550.0,1100.0,2025-06
2025-06-16,Sumatera Selatan,8,15200.0,True,15550.0,1100.0,2025-06
2025-06-16,Kepulauan Bangka Belitung,9,15250.0,True,15550.0,1100.0,2025-06
2025-06-16,Lampung,10,14600.0,True,15550.0,1100.0,2025-06
2025-06-16,Banten,11,14800.0,True,15550.0,1100.0,2025-06
2025-06-16,Jawa Barat,12,14650.0,True,15550.0,1100.0,2025-06
2025-06-16,DKI Jakarta,13,15950.0,True,15550.0,1100.0,2025-06
2025-06-16,Jawa Tengah,14,14900.0,True,15550.0,1100.0,2025-06
2025-06-16,DI Yogyakarta,15,14300.0,True,15550.0,1100.0,2025-06
2025-06-16,Jawa Timur,16,14550.0,True,15550.0,1100.0,2025-06
2025-06-16,Bali,17,15500.0,True,15550.0,1100.0,2025-06
2025-06-16,Nusa Tenggara Barat,18,13850.0,True,15550.0,1100.0,2025-06
2025-06-16,Nusa Tenggara Timur,19,15300.0,True,15550.0,1100.0,2025-06
2025-06-16,Kalimantan Barat,20,16350.0,True,15550.0,1100.0,2025-06
2025-06-16,Kalimantan Selatan,21,17200.0,True,15550.0,1100.0,2025-06
2025-06-16,Kalimantan Tengah,22,17500.0,True,15550.0,1100.0,2025-06
2025-06-16,Kalimantan Timur,23,16100.0,True,15550.0,1100.0,2025-06
2025-06-16,Kalimantan Utara,24,16650.0,True,15550.0,1100.0,2025-06
2025-06-16,Gorontalo,25,15450.0,True,15550.0,1100.0,2025-06
2025-06-16,Sulawesi Selatan,26,13650.0,True,15550.0,1100.0,2025-06
2025-06-16,Sulawesi Tenggara,27,15750.0,True,15550.0,1100.0,2025-06
2025-06-16,Sulawesi Tengah,28,15150.0,True,15550.0,1100.0,2025-06
2025-06-16,Sulawesi Utara,29,15300.0,True,15550.0,1100.0,2025-06
2025-06-16,Sulawesi Barat,30,14050.0,True,15550.0,1100.0,2025-06
2025-06-16,Maluku,31,16700.0,True,15550.0,1100.0,2025-06
2025-06-16,Maluku Utara,32,16700.0,True,15550.0,1100.0,2025-06
2025-06-16,Papua,33,18500.0,True,15550.0,1100.0,2025-06
2025-06-16,Papua Barat,34,16750.0,True,15550.0,1100.0,2025-06
2025-06-17,Aceh,1,14250.0,True,15550.0,1100.0,2025-06
2025-06-17,Sumatera Utara,2,14300.0,True,15550.0,1100.0,2025-06
2025-06-17,Sumatera Barat,3,16850.0,True,15550.0,1100.0,2025-06
2025-06-17,Riau,4,16300.0,True,15550.0,1100.0,2025-06
2025-06-17,Kepulauan Riau,5,15100.0,True,15550.0,1100.0,2025-06
2025-06-17,Jambi,6,15250.0,True,15550.0,1100.0,2025-06
2025-06-17,Bengkulu,7,15450.0,True,15550.0,1100.0,2025-06
2025-06-17,Sumatera Selatan,8,15200.0,True,15550.0,1100.0,2025-06
2025-06-17,Kepulauan Bangka Belitung,9,15250.0,True,15550.0,1100.0,2025-06
2025-06-17,Lampung,10,14600.0,True,15550.0,1100.0,2025-06
2025-06-17,Banten,11,14800.0,True,15550.0,1100.0,2025-06
2025-06-17,Jawa Barat,12,14700.0,True,15550.0,1100.0,2025-06
2025-06-17,DKI Jakarta,13,15950.0,True,15550.0,1100.0,2025-06
2025-06-17,Jawa Tengah,14,14900.0,True,15550.0,1100.0,2025-06
2025-06-17,DI Yogyakarta,15,14300.0,True,15550.0,1100.0,2025-06
2025-06-17,Jawa Timur,16,14550.0,True,15550.0,1100.0,2025-06
2025-06-17,Bali,17,15550.0,True,15550.0,1100.0,2025-06
2025-06-17,Nusa Tenggara Barat,18,13900.0,True,15550.0,1100.0,2025-06
2025-06-17,Nusa Tenggara Timur,19,15300.0,True,15550.0,1100.0,2025-06
2025-06-17,Kalimantan Barat,20,16350.0,True,15550.0,1100.0,2025-06
2025-06-17,Kalimantan Selatan,21,17200.0,True,15550.0,1100.0,2025-06
2025-06-17,Kalimantan Tengah,22,17500.0,True,15550.0,1100.0,2025-06
2025-06-17,Kalimantan Timur,23,16150.0,True,15550.0,1100.0,2025-06
2025-06-17,Kalimantan Utara,24,16650.0,True,15550.0,1100.0,2025-06
2025-06-17,Gorontalo,25,15550.0,True,15550.0,1100.0,2025-06
2025-06-17,Sulawesi Selatan,26,13650.0,True,15550.0,1100.0,2025-06
2025-06-17,Sulawesi Tenggara,27,15750.0,True,15550.0,1100.0,2025-06
2025-06-17,Sulawesi Tengah,28,15200.0,True,15550.0,1100.0,2025-06
2025-06-17,Sulawesi Utara,29,15350.0,True,15550.0,1100.0,2025-06
2025-06-17,Sulawesi Barat,30,14050.0,True,15550.0,1100.0,2025-06
2025-06-17,Maluku,31,16850.0,True,15550.0,1100.0,2025-06
2025-06-17,Maluku Utara,32,16700.0,True,15550.0,1100.0,2025-06
2025-06-17,Papua,33,18500.0,True,15550.0,1100.0,2025-06
2025-06-17,Papua Barat,34,16750.0,True,15550.0,1100.0,2025-06
2025-06-18,Aceh,1,14250.0,True,15550.0,1100.0,2025-06
2025-06-18,Sumatera Utara,2,14300.0,True,15550.0,1100.0,2025-06
2025-06-18,Sumatera Barat,3,16850.0,True,15550.0,1100.0,2025-06
2025-06-18,Riau,4,16300.0,True,15550.0,1100.0,2025-06
2025-06-18,Kepulauan Riau,5,15100.0,True,15550.0,1100.0,2025-06
2025-06-18,Jambi,6,15300.0,True,15550.0,1100.0,2025-06
2025-06-18,Bengkulu,7,15450.0,True,15550.0,1100.0,2025-06
2025-06-18,Sumatera Selatan,8,15200.0,True,15550.0,1100.0,2025-06
2025-06-18,Kepulauan Bangka Belitung,9,15250.0,True,15550.0,1100.0,2025-06
2025-06-18,Lampung,10,14650.0,True,15550.0,1100.0,2025-06
2025-06-18,Banten,11,14800.0,True,15550.0,1100.0,2025-06
2025-06-18,Jawa Barat,12,14700.0,True,15550.0,1100.0,2025-06
2025-06-18,DKI Jakarta,13,15950.0,True,15550.0,1100.0,2025-06
2025-06-18,Jawa Tengah,14,14900.0,True,15550.0,1100.0,2025-06
2025-06-18,DI Yogyakarta,15,14300.0,True,15550.0,1100.0,2025-06
2025-06-18,Jawa Timur,16,14550.0,True,15550.0,1100.0,2025-06
2025-06-18,Bali,17,15550.0,True,15550.0,1100.0,2025-06
2025-06-18,Nusa Tenggara Barat,18,13900.0,True,15550.0,1100.0,2025-06
2025-06-18,Nusa Tenggara Timur,19,15250.0,True,15550.0,1100.0,2025-06
2025-06-18,Kalimantan Barat,20,16400.0,True,15550.0,1100.0,2025-06
2025-06-18,Kalimantan Selatan,21,17200.0,True,15550.0,1100.0,2025-06
2025-06-18,Kalimantan Tengah,22,17500.0,True,15550.0,1100.0,2025-06
2025-06-18,Kalimantan Timur,23,16150.0,True,15550.0,1100.0,2025-06
2025-06-18,Kalimantan Utara,24,16650.0,True,15550.0,1100.0,2025-06
2025-06-18,Gorontalo,25,15550.0,True,15550.0,1100.0,2025-06
2025-06-18,Sulawesi Selatan,26,13650.0,True,15550.0,1100.0,2025-06
2025-06-18,Sulawesi Tenggara,27,15750.0,True,15550.0,1100.0,2025-06
2025-06-18,Sulawesi Tengah,28,15200.0,True,15550.0,1100.0,2025-06
2025-06-18,Sulawesi Utara,29,15350.0,True,15550.0,1100.0,2025-06
2025-06-18,Sulawesi Barat,30,14050.0,True,15550.0,1100.0,2025-06
2025-06-18,Maluku,31,16850.0,True,15550.0,1100.0,2025-06
2025-06-18,Maluku Utara,32,16700.0,True,15550.0,1100.0,2025-06
2025-06-18,Papua,33,18500.0,True,15550.0,1100.0,2025-06
2025-06-18,Papua Barat,34,16750.0,True,15550.0,1100.0,2025-06
2025-06-19,Aceh,1,14250.0,True,15550.0,1100.0,2025-06
2025-06-19,Sumatera Utara,2,14300.0,True,15550.0,1100.0,2025-06
2025-06-19,Sumatera Barat,3,16850.0,True,15550.0,1100.0,2025-06
2025-06-19,Riau,4,16300.0,True,15550.0,1100.0,2025-06
2025-06-19,Kepulauan Riau,5,15100.0,True,15550.0,1100.0,2025-06
2025-06-19,Jambi,6,15300.0,True,15550.0,1100.0,2025-06
2025-06-19,Bengkulu,7,15450.0,True,15550.0,1100.0,2025-06
2025-06-19,Sumatera Selatan,8,15200.0,True,15550.0,1100.0,2025-06
2025-06-19,Kepulauan Bangka Belitung,9,15250.0,True,15550.0,1100.0,2025-06
2025-06-19,Lampung,10,14600.0,True,15550.0,1100.0,2025-06
2025-06-19,Banten,11,14800.0,True,15550.0,1100.0,2025-06
2025-06-19,Jawa Barat,12,14700.0,True,15550.0,1100.0,2025-06
2025-06-19,DKI Jakarta,13,15950.0,True,15550.0,1100.0,2025-06
2025-06-19,Jawa Tengah,14,14900.0,True,15550.0,1100.0,2025-06
2025-06-19,DI Yogyakarta,15,14300.0,True,15550.0,1100.0,2025-06
2025-06-19,Jawa Timur,16,14550.0,True,15550.0,1100.0,2025-06
2025-06-19,Bali,17,15550.0,True,15550.0,1100.0,2025-06
2025-06-19,Nusa Tenggara Barat,18,13900.0,True,15550.0,1100.0,2025-06
2025-06-19,Nusa Tenggara Timur,19,15250.0,True,15550.0,1100.0,2025-06
2025-06-19,Kalimantan Barat,20,16400.0,True,15550.0,1100.0,2025-06
2025-06-19,Kalimantan Selatan,21,17200.0,True,15550.0,1100.0,2025-06
2025-06-19,Kalimantan Tengah,22,17500.0,True,15550.0,1100.0,2025-06
2025-06-19,Kalimantan Timur,23,16150.0,True,15550.0,1100.0,2025-06
2025-06-19,Kalimantan Utara,24,16650.0,True,15550.0,1100.0,2025-06
2025-06-19,Gorontalo,25,15650.0,True,15550.0,1100.0,2025-06
2025-06-19,Sulawesi Selatan,26,13650.0,True,15550.0,1100.0,2025-06
2025-06-19,Sulawesi Tenggara,27,15750.0,True,15550.0,1100.0,2025-06
2025-06-19,Sulawesi Tengah,28,15200.0,True,15550.0,1100.0,2025-06
2025-06-19,Sulawesi Utara,29,15400.0,True,15550.0,1100.0,2025-06
2025-06-19,Sulawesi Barat,30,14100.0,True,15550.0,1100.0,2025-06
2025-06-19,Maluku,31,16850.0,True,15550.0,1100.0,2025-06
2025-06-19,Maluku Utara,32,16700.0,True,15550.0,1100.0,2025-06
2025-06-19,Papua,33,18500.0,True,15550.0,1100.0,2025-06
2025-06-19,Papua Barat,34,16750.0,True,15550.0,1100.0,2025-06
2025-06-20,Aceh,1,14250.0,True,15600.0,1100.0,2025-06
2025-06-20,Sumatera Utara,2,14350.0,True,15600.0,1100.0,2025-06
2025-06-20,Sumatera Barat,3,16850.0,True,15600.0,1100.0,2025-06
2025-06-20,Riau,4,16300.0,True,15600.0,1100.0,2025-06
2025-06-20,Kepulauan Riau,5,15100.0,True,15600.0,1100.0,2025-06
2025-06-20,Jambi,6,15400.0,True,15600.0,1100.0,2025-06
2025-06-20,Bengkulu,7,15450.0,True,15600.0,1100.0,2025-06
2025-06-20,Sumatera Selatan,8,15250.0,True,15600.0,1100.0,2025-06
2025-06-20,Kepulauan Bangka Belitung,9,15250.0,True,15600.0,1100.0,2025-06
2025-06-20,Lampung,10,14600.0,True,15600.0,1100.0,2025-06
2025-06-20,Banten,11,14800.0,True,15600.0,1100.0,2025-06
2025-06-20,Jawa Barat,12,14700.0,True,15600.0,1100.0,2025-06
2025-06-20,DKI Jakarta,13,15950.0,True,15600.0,1100.0,2025-06
2025-06-20,Jawa Tengah,14,14900.0,True,15600.0,1100.0,2025-06
2025-06-20,DI Yogyakarta,15,14300.0,True,15600.0,1100.0,2025-06
2025-06-20,Jawa Timur,16,14550.0,True,15600.0,1100.0,2025-06
2025-06-20,Bali,17,15550.0,True,15600.0,1100.0,2025-06
2025-06-20,Nusa Tenggara Barat,18,13950.0,True,15600.0,1100.0,2025-06
2025-06-20,Nusa Tenggara Timur,19,15250.0,True,15600.0,1100.0,2025-06
2025-06-20,Kalimantan Barat,20,16400.0,True,15600.0,1100.0,2025-06
2025-06-20,Kalimantan Selatan,21,17200.0,True,15600.0,1100.0,2025-06
2025-06-20,Kalimantan Tengah,22,17500.0,True,15600.0,1100.0,2025-06
2025-06-20,Kalimantan Timur,23,16300.0,True,15600.0,1100.0,2025-06
2025-06-20,Kalimantan Utara,24,16650.0,True,15600.0,1100.0,2025-06
2025-06-20,Gorontalo,25,15600.0,True,15600.0,1100.0,2025-06
2025-06-20,Sulawesi Selatan,26,13650.0,True,15600.0,1100.0,2025-06
2025-06-20,Sulawesi Tenggara,27,15800.0,True,15600.0,1100.0,2025-06
2025-06-20,Sulawesi Tengah,28,15200.0,True,15600.0,1100.0,2025-06
2025-06-20,Sulawesi Utara,29,15650.0,True,15600.0,1100.0,2025-06
2025-06-20,Sulawesi Barat,30,14100.0,True,15600.0,1100.0,2025-06
2025-06-20,Maluku,31,16850.0,True,15600.0,1100.0,2025-06
2025-06-20,Maluku Utara,32,16700.0,True,15600.0,1100.0,2025-06
2025-06-20,Papua,33,18500.0,True,15600.0,1100.0,2025-06
2025-06-20,Papua Barat,34,16750.0,True,15600.0,1100.0,2025-06
2025-06-21,Aceh,1,14250.0,True,15600.0,1100.0,2025-06
2025-06-21,Sumatera Utara,2,14350.0,True,15600.0,1100.0,2025-06
2025-06-21,Sumatera Barat,3,16850.0,True,15600.0,1100.0,2025-06
2025-06-21,Riau,4,16300.0,True,15600.0,1100.0,2025-06
2025-06-21,Kepulauan Riau,5,15100.0,True,15600.0,1100.0,2025-06
2025-06-21,Jambi,6,15400.0,True,15600.0,1100.0,2025-06
2025-06-21,Bengkulu,7,15450.0,True,15600.0,1100.0,2025-06
2025-06-21,Sumatera Selatan,8,15250.0,True,15600.0,1100.0,2025-06
2025-06-21,Kepulauan Bangka Belitung,9,15250.0,True,15600.0,1100.0,2025-06
2025-06-21,Lampung,10,14600.0,True,15600.0,1100.0,2025-06
2025-06-21,Banten,11,14800.0,True,15600.0,1100.0,2025-06
2025-06-21,Jawa Barat,12,14700.0,True,15600.0,1100.0,2025-06
2025-06-21,DKI Jakarta,13,15950.0,True,15600.0,1100.0,2025-06
2025-06-21,Jawa Tengah,14,14900.0,True,15600.0,1100.0,2025-06
2025-06-21,DI Yogyakarta,15,14300.0,True,15600.0,1100.0,2025-06
2025-06-21,Jawa Timur,16,14550.0,True,15600.0,1100.0,2025-06
2025-06-21,Bali,17,15550.0,True,15600.0,1100.0,2025-06
2025-06-21,Nusa Tenggara Barat,18,13950.0,True,15600.0,1100.0,2025-06
2025-06-21,Nusa Tenggara Timur,19,15250.0,True,15600.0,1100.0,2025-06
2025-06-21,Kalimantan Barat,20,16400.0,True,15600.0,1100.0,2025-06
2025-06-21,Kalimantan Selatan,21,17200.0,True,15600.0,1100.0,2025-06
2025-06-21,Kalimantan Tengah,22,17500.0,True,15600.0,1100.0,2025-06
2025-06-21,Kalimantan Timur,23,16300.0,True,15600.0,1100.0,2025-06
2025-06-21,Kalimantan Utara,24,16650.0,True,15600.0,1100.0,2025-06
2025-06-21,Gorontalo,25,15600.0,True,15600.0,1100.0,2025-06
2025-06-21,Sulawesi Selatan,26,13650.0,True,15600.0,1100.0,2025-06
2025-06-21,Sulawesi Tenggara,27,15800.0,True,15600.0,1100.0,2025-06
2025-06-21,Sulawesi Tengah,28,15200.0,True,15600.0,1100.0,2025-06
2025-06-21,Sulawesi Utara,29,15650.0,True,15600.0,1100.0,2025-06
2025-06-21,Sulawesi Barat,30,14100.0,True,15600.0,1100.0,2025-06
2025-06-21,Maluku,31,16850.0,True,15600.0,1100.0,2025-06
2025-06-21,Maluku Utara,32,16700.0,True,15600.0,1100.0,2025-06
2025-06-21,Papua,33,18500.0,True,15600.0,1100.0,2025-06
2025-06-21,Papua Barat,34,16750.0,True,15600.0,1100.0,2025-06
2025-06-22,Aceh,1,14250.0,True,15600.0,1100.0,2025-06
2025-06-22,Sumatera Utara,2,14350.0,True,15600.0,1100.0,2025-06
2025-06-22,Sumatera Barat,3,16850.0,True,15600.0,1100.0,2025-06
2025-06-22,Riau,4,16300.0,True,15600.0,1100.0,2025-06
2025-06-22,Kepulauan Riau,5,15100.0,True,15600.0,1100.0,2025-06
2025-06-22,Jambi,6,15400.0,True,15600.0,1100.0,2025-06
2025-06-22,Bengkulu,7,15450.0,True,15600.0,1100.0,2025-06
2025-06-22,Sumatera Selatan,8,15250.0,True,15600.0,1100.0,2025-06
2025-06-22,Kepulauan Bangka Belitung,9,15250.0,True,15600.0,1100.0,2025-06
2025-06-22,Lampung,10,14600.0,True,15600.0,1100.0,2025-06
2025-06-22,Banten,11,14800.0,True,15600.0,1100.0,2025-06
2025-06-22,Jawa Barat,12,14700.0,True,15600.0,1100.0,2025-06
2025-06-22,DKI Jakarta,13,15950.0,True,15600.0,1100.0,2025-06
2025-06-22,Jawa Tengah,14,14900.0,True,15600.0,1100.0,2025-06
2025-06-22,DI Yogyakarta,15,14300.0,True,15600.0,1100.0,2025-06
2025-06-22,Jawa Timur,16,14550.0,True,15600.0,1100.0,2025-06
2025-06-22,Bali,17,15550.0,True,15600.0,1100.0,2025-06
2025-06-22,Nusa Tenggara Barat,18,13950.0,True,15600.0,1100.0,2025-06
2025-06-22,Nusa Tenggara Timur,19,15250.0,True,15600.0,1100.0,2025-06
2025-06-22,Kalimantan Barat,20,16400.0,True,15600.0,1100.0,2025-06
2025-06-22,Kalimantan Selatan,21,17200.0,True,15600.0,1100.0,2025-06
2025-06-22,Kalimantan Tengah,22,17500.0,True,15600.0,1100.0,2025-06
2025-06-22,Kalimantan Timur,23,16300.0,True,15600.0,1100.0,2025-06
2025-06-22,Kalimantan Utara,24,16650.0,True,15600.0,1100.0,2025-06
2025-06-22,Gorontalo,25,15600.0,True,15600.0,1100.0,2025-06
2025-06-22,Sulawesi Selatan,26,13650.0,True,15600.0,1100.0,2025-06
2025-06-22,Sulawesi Tenggara,27,15800.0,True,15600.0,1100.0,2025-06
2025-06-22,Sulawesi Tengah,28,15200.0,True,15600.0,1100.0,2025-06
2025-06-22,Sulawesi Utara,29,15650.0,True,15600.0,1100.0,2025-06
2025-06-22,Sulawesi Barat,30,14100.0,True,15600.0,1100.0,2025-06
2025-06-22,Maluku,31,16850.0,True,15600.0,1100.0,2025-06
2025-06-22,Maluku Utara,32,16700.0,True,15600.0,1100.0,2025-06
2025-06-22,Papua,33,18500.0,True,15600.0,1100.0,2025-06
2025-06-22,Papua Barat,34,16750.0,True,15600.0,1100.0,2025-06
2025-06-23,Aceh,1,14300.0,True,15600.0,1100.0,2025-06
2025-06-23,Sumatera Utara,2,14350.0,True,15600.0,1100.0,2025-06
2025-06-23,Sumatera Barat,3,16850.0,True,15600.0,1100.0,2025-06
2025-06-23,Riau,4,16300.0,True,15600.0,1100.0,2025-06
2025-06-23,Kepulauan Riau,5,15100.0,True,15600.0,1100.0,2025-06
2025-06-23,Jambi,6,15400.0,True,15600.0,1100.0,2025-06
2025-06-23,Bengkulu,7,15450.0,True,15600.0,1100.0,2025-06
2025-06-23,Sumatera Selatan,8,15200.0,True,15600.0,1100.0,2025-06
2025-06-23,Kepulauan Bangka Belitung,9,15250.0,True,15600.0,1100.0,2025-06
2025-06-23,Lampung,10,14600.0,True,15600.0,1100.0,2025-06
2025-06-23,Banten,11,14800.0,True,15600.0,1100.0,2025-06
2025-06-23,Jawa Barat,12,14750.0,True,15600.0,1100.0,2025-06
2025-06-23,DKI Jakarta,13,16100.0,True,15600.0,1100.0,2025-06
2025-06-23,Jawa Tengah,14,14900.0,True,15600.0,1100.0,2025-06
2025-06-23,DI Yogyakarta,15,14300.0,True,15600.0,1100.0,2025-06
2025-06-23,Jawa Timur,16,14550.0,True,15600.0,1100.0,2025-06
2025-06-23,Bali,17,15550.0,True,15600.0,1100.0,2025-06
2025-06-23,Nusa Tenggara Barat,18,13950.0,True,15600.0,1100.0,2025-06
2025-06-23,Nusa Tenggara Timur,19,15250.0,True,15600.0,1100.0,2025-06
2025-06-23,Kalimantan Barat,20,16400.0,True,15600.0,1100.0,2025-06
2025-06-23,Kalimantan Selatan,21,17200.0,True,15600.0,1100.0,2025-06
2025-06-23,Kalimantan Tengah,22,17500.0,True,15600.0,1100.0,2025-06
2025-06-23,Kalimantan Timur,23,16350.0,True,15600.0,1100.0,2025-06
2025-06-23,Kalimantan Utara,24,16650.0,True,15600.0,1100.0,2025-06
2025-06-23,Gorontalo,25,15500.0,True,15600.0,1100.0,2025-06
2025-06-23,Sulawesi Selatan,26,13700.0,True,15600.0,1100.0,2025-06
2025-06-23,Sulawesi Tenggara,27,15800.0,True,15600.0,1100.0,2025-06
2025-06-23,Sulawesi Tengah,28,15200.0,True,15600.0,1100.0,2025-06
2025-06-23,Sulawesi Utara,29,15950.0,True,15600.0,1100.0,2025-06
2025-06-23,Sulawesi Barat,30,14150.0,True,15600.0,1100.0,2025-06
2025-06-23,Maluku,31,16900.0,True,15600.0,1100.0,2025-06
2025-06-23,Maluku Utara,32,16700.0,True,15600.0,1100.0,2025-06
2025-06-23,Papua,33,18450.0,True,15600.0,1100.0,2025-06
2025-06-23,Papua Barat,34,16750.0,True,15600.0,1100.0,2025-06
2025-06-24,Aceh,1,14300.0,True,15600.0,1100.0,2025-06
2025-06-24,Sumatera Utara,2,14350.0,True,15600.0,1100.0,2025-06
2025-06-24,Sumatera Barat,3,16850.0,True,15600.0,1100.0,2025-06
2025-06-24,Riau,4,16300.0,True,15600.0,1100.0,2025-06
2025-06-24,Kepulauan Riau,5,15100.0,True,15600.0,1100.0,2025-06
2025-06-24,Jambi,6,15400.0,True,15600.0,1100.0,2025-06
2025-06-24,Bengkulu,7,15450.0,True,15600.0,1100.0,2025-06
2025-06-24,Sumatera Selatan,8,15200.0,True,15600.0,1100.0,2025-06
2025-06-24,Kepulauan Bangka Belitung,9,15250.0,True,15600.0,1100.0,2025-06
2025-06-24,Lampung,10,14600.0,True,15600.0,1100.0,2025-06
2025-06-24,Banten,11,14950.0,True,15600.0,1100.0,2025-06
2025-06-24,Jawa Barat,12,14750.0,True,15600.0,1100.0,2025-06
2025-06-24,DKI Jakarta,13,16100.0,True,15600.0,1100.0,2025-06
2025-06-24,Jawa Tengah,14,14900.0,True,15600.0,1100.0,2025-06
2025-06-24,DI Yogyakarta,15,14300.0,True,15600.0,1100.0,2025-06
2025-06-24,Jawa Timur,16,14550.0,True,15600.0,1100.0,2025-06
2025-06-24,Bali,17,15550.0,True,15600.0,1100.0,2025-06
2025-06-24,Nusa Tenggara Barat,18,13950.0,True,15600.0,1100.0,2025-06
2025-06-24,Nusa Tenggara Timur,19,15250.0,True,15600.0,1100.0,2025-06
2025-06-24,Kalimantan Barat,20,16400.0,True,15600.0,1100.0,2025-06
2025-06-24,Kalimantan Selatan,21,17200.0,True,15600.0,1100.0,2025-06
2025-06-24,Kalimantan Tengah,22,17500.0,True,15600.0,1100.0,2025-06
2025-06-24,Kalimantan Timur,23,16350.0,True,15600.0,1100.0,2025-06
2025-06-24,Kalimantan Utara,24,16650.0,True,15600.0,1100.0,2025-06
2025-06-24,Gorontalo,25,15500.0,True,15600.0,1100.0,2025-06
2025-06-24,Sulawesi Selatan,26,13700.0,True,15600.0,1100.0,2025-06
2025-06-24,Sulawesi Tenggara,27,15800.0,True,15600.0,1100.0,2025-06
2025-06-24,Sulawesi Tengah,28,15200.0,True,15600.0,1100.0,2025-06
2025-06-24,Sulawesi Utara,29,16000.0,True,15600.0,1100.0,2025-06
2025-06-24,Sulawesi Barat,30,14150.0,True,15600.0,1100.0,2025-06
2025-06-24,Maluku,31,16900.0,True,15600.0,1100.0,2025-06
2025-06-24,Maluku Utara,32,16700.0,True,15600.0,1100.0,2025-06
2025-06-24,Papua,33,18450.0,True,15600.0,1100.0,2025-06
2025-06-24,Papua Barat,34,16750.0,True,15600.0,1100.0,2025-06
2025-06-25,Aceh,1,14300.0,True,15600.0,1100.0,2025-06
2025-06-25,Sumatera Utara,2,14400.0,True,15600.0,1100.0,2025-06
2025-06-25,Sumatera Barat,3,16850.0,True,15600.0,1100.0,2025-06
2025-06-25,Riau,4,16300.0,True,15600.0,1100.0,2025-06
2025-06-25,Kepulauan Riau,5,15100.0,True,15600.0,1100.0,2025-06
2025-06-25,Jambi,6,15400.0,True,15600.0,1100.0,2025-06
2025-06-25,Bengkulu,7,15450.0,True,15600.0,1100.0,2025-06
2025-06-25,Sumatera Selatan,8,15200.0,True,15600.0,1100.0,2025-06
2025-06-25,Kepulauan Bangka Belitung,9,15250.0,True,15600.0,1100.0,2025-06
2025-06-25,Lampung,10,14650.0,True,15600.0,1100.0,2025-06
2025-06-25,Banten,11,15200.0,True,15600.0,1100.0,2025-06
2025-06-25,Jawa Barat,12,14750.0,True,15600.0,1100.0,2025-06
2025-06-25,DKI Jakarta,13,16100.0,True,15600.0,1100.0,2025-06
2025-06-25,Jawa Tengah,14,14950.0,True,15600.0,1100.0,2025-06
2025-06-25,DI Yogyakarta,15,14300.0,True,15600.0,1100.0,2025-06
2025-06-25,Jawa Timur,16,14550.0,True,15600.0,1100.0,2025-06
2025-06-25,Bali,17,15550.0,True,15600.0,1100.0,2025-06
2025-06-25,Nusa Tenggara Barat,18,13950.0,True,15600.0,1100.0,2025-06
2025-06-25,Nusa Tenggara Timur,19,15250.0,True,15600.0,1100.0,2025-06
2025-06-25,Kalimantan Barat,20,16400.0,True,15600.0,1100.0,2025-06
2025-06-25,Kalimantan Selatan,21,17200.0,True,15600.0,1100.0,2025-06
2025-06-25,Kalimantan Tengah,22,17500.0,True,15600.0,1100.0,2025-06
2025-06-25,Kalimantan Timur,23,16350.0,True,15600.0,1100.0,2025-06
2025-06-25,Kalimantan Utara,24,16650.0,True,15600.0,1100.0,2025-06
2025-06-25,Gorontalo,25,15600.0,True,15600.0,1100.0,2025-06
2025-06-25,Sulawesi Selatan,26,13700.0,True,15600.0,1100.0,2025-06
2025-06-25,Sulawesi Tenggara,27,15800.0,True,15600.0,1100.0,2025-06
2025-06-25,Sulawesi Tengah,28,15200.0,True,15600.0,1100.0,2025-06
2025-06-25,Sulawesi Utara,29,16000.0,True,15600.0,1100.0,2025-06
2025-06-25,Sulawesi Barat,30,14150.0,True,15600.0,1100.0,2025-06
2025-06-25,Maluku,31,16900.0,True,15600.0,1100.0,2025-06
2025-06-25,Maluku Utara,32,16700.0,True,15600.0,1100.0,2025-06
2025-06-25,Papua,33,18450.0,True,15600.0,1100.0,2025-06
2025-06-25,Papua Barat,34,16850.0,True,15600.0,1100.0,2025-06
2025-06-26,Aceh,1,14400.0,True,15650.0,1100.0,2025-06
2025-06-26,Sumatera Utara,2,14400.0,True,15650.0,1100.0,2025-06
2025-06-26,Sumatera Barat,3,16850.0,True,15650.0,1100.0,2025-06
2025-06-26,Riau,4,16350.0,True,15650.0,1100.0,2025-06
2025-06-26,Kepulauan Riau,5,15100.0,True,15650.0,1100.0,2025-06
2025-06-26,Jambi,6,15400.0,True,15650.0,1100.0,2025-06
2025-06-26,Bengkulu,7,15500.0,True,15650.0,1100.0,2025-06
2025-06-26,Sumatera Selatan,8,15200.0,True,15650.0,1100.0,2025-06
2025-06-26,Kepulauan Bangka Belitung,9,15250.0,True,15650.0,1100.0,2025-06
2025-06-26,Lampung,10,14650.0,True,15650.0,1100.0,2025-06
2025-06-26,Banten,11,15200.0,True,15650.0,1100.0,2025-06
2025-06-26,Jawa Barat,12,14750.0,True,15650.0,1100.0,2025-06
2025-06-26,DKI Jakarta,13,16100.0,True,15650.0,1100.0,2025-06
2025-06-26,Jawa Tengah,14,14900.0,True,15650.0,1100.0,2025-06
2025-06-26,DI Yogyakarta,15,14450.0,True,15650.0,1100.0,2025-06
2025-06-26,Jawa Timur,16,14550.0,True,15650.0,1100.0,2025-06
2025-06-26,Bali,17,15550.0,True,15650.0,1100.0,2025-06
2025-06-26,Nusa Tenggara Barat,18,13950.0,True,15650.0,1100.0,2025-06
2025-06-26,Nusa Tenggara Timur,19,15250.0,True,15650.0,1100.0,2025-06
2025-06-26,Kalimantan Barat,20,16400.0,True,15650.0,1100.0,2025-06
2025-06-26,Kalimantan Selatan,21,17200.0,True,15650.0,1100.0,2025-06
2025-06-26,Kalimantan Tengah,22,17500.0,True,15650.0,1100.0,2025-06
2025-06-26,Kalimantan Timur,23,16350.0,True,15650.0,1100.0,2025-06
2025-06-26,Kalimantan Utara,24,16650.0,True,15650.0,1100.0,2025-06
2025-06-26,Gorontalo,25,15600.0,True,15650.0,1100.0,2025-06
2025-06-26,Sulawesi Selatan,26,13700.0,True,15650.0,1100.0,2025-06
2025-06-26,Sulawesi Tenggara,27,15800.0,True,15650.0,1100.0,2025-06
2025-06-26,Sulawesi Tengah,28,15200.0,True,15650.0,1100.0,2025-06
2025-06-26,Sulawesi Utara,29,16050.0,True,15650.0,1100.0,2025-06
2025-06-26,Sulawesi Barat,30,14250.0,True,15650.0,1100.0,2025-06
2025-06-26,Maluku,31,16950.0,True,15650.0,1100.0,2025-06
2025-06-26,Maluku Utara,32,16700.0,True,15650.0,1100.0,2025-06
2025-06-26,Papua,33,18450.0,True,15650.0,1100.0,2025-06
2025-06-26,Papua Barat,34,16850.0,True,15650.0,1100.0,2025-06
2025-06-27,Aceh,1,14400.0,True,15650.0,1100.0,2025-06
2025-06-27,Sumatera Utara,2,14400.0,True,15650.0,1100.0,2025-06
2025-06-27,Sumatera Barat,3,16850.0,True,15650.0,1100.0,2025-06
2025-06-27,Riau,4,16350.0,True,15650.0,1100.0,2025-06
2025-06-27,Kepulauan Riau,5,15150.0,True,15650.0,1100.0,2025-06
2025-06-27,Jambi,6,15400.0,True,15650.0,1100.0,2025-06
2025-06-27,Bengkulu,7,15500.0,True,15650.0,1100.0,2025-06
2025-06-27,Sumatera Selatan,8,15200.0,True,15650.0,1100.0,2025-06
2025-06-27,Kepulauan Bangka Belitung,9,15250.0,True,15650.0,1100.0,2025-06
2025-06-27,Lampung,10,14650.0,True,15650.0,1100.0,2025-06
2025-06-27,Banten,11,15200.0,True,15650.0,1100.0,2025-06
2025-06-27,Jawa Barat,12,14750.0,True,15650.0,1100.0,2025-06
2025-06-27,DKI Jakarta,13,16100.0,True,15650.0,1100.0,2025-06
2025-06-27,Jawa Tengah,14,14900.0,True,15650.0,1100.0,2025-06
2025-06-27,DI Yogyakarta,15,14450.0,True,15650.0,1100.0,2025-06
2025-06-27,Jawa Timur,16,14550.0,True,15650.0,1100.0,2025-06
2025-06-27,Bali,17,15550.0,True,15650.0,1100.0,2025-06
2025-06-27,Nusa Tenggara Barat,18,13950.0,True,15650.0,1100.0,2025-06
2025-06-27,Nusa Tenggara Timur,19,15250.0,True,15650.0,1100.0,2025-06
2025-06-27,Kalimantan Barat,20,16400.0,True,15650.0,1100.0,2025-06
2025-06-27,Kalimantan Selatan,21,17200.0,True,15650.0,1100.0,2025-06
2025-06-27,Kalimantan Tengah,22,17500.0,True,15650.0,1100.0,2025-06
2025-06-27,Kalimantan Timur,23,16350.0,True,15650.0,1100.0,2025-06
2025-06-27,Kalimantan Utara,24,16650.0,True,15650.0,1100.0,2025-06
2025-06-27,Gorontalo,25,15600.0,True,15650.0,1100.0,2025-06
2025-06-27,Sulawesi Selatan,26,13700.0,True,15650.0,1100.0,2025-06
2025-06-27,Sulawesi Tenggara,27,15800.0,True,15650.0,1100.0,2025-06
2025-06-27,Sulawesi Tengah,28,15200.0,True,15650.0,1100.0,2025-06
2025-06-27,Sulawesi Utara,29,16050.0,True,15650.0,1100.0,2025-06
2025-06-27,Sulawesi Barat,30,14250.0,True,15650.0,1100.0,2025-06
2025-06-27,Maluku,31,16950.0,True,15650.0,1100.0,2025-06
2025-06-27,Maluku Utara,32,16700.0,True,15650.0,1100.0,2025-06
2025-06-27,Papua,33,18450.0,True,15650.0,1100.0,2025-06
2025-06-27,Papua Barat,34,16850.0,True,15650.0,1100.0,2025-06
2025-06-28,Aceh,1,14400.0,True,15650.0,1100.0,2025-06
2025-06-28,Sumatera Utara,2,14400.0,True,15650.0,1100.0,2025-06
2025-06-28,Sumatera Barat,3,16850.0,True,15650.0,1100.0,2025-06
2025-06-28,Riau,4,16350.0,True,15650.0,1100.0,2025-06
2025-06-28,Kepulauan Riau,5,15150.0,True,15650.0,1100.0,2025-06
2025-06-28,Jambi,6,15400.0,True,15650.0,1100.0,2025-06
2025-06-28,Bengkulu,7,15500.0,True,15650.0,1100.0,2025-06
2025-06-28,Sumatera Selatan,8,15200.0,True,15650.0,1100.0,2025-06
2025-06-28,Kepulauan Bangka Belitung,9,15250.0,True,15650.0,1100.0,2025-06
2025-06-28,Lampung,10,14650.0,True,15650.0,1100.0,2025-06
2025-06-28,Banten,11,15200.0,True,15650.0,1100.0,2025-06
2025-06-28,Jawa Barat,12,14750.0,True,15650.0,1100.0,2025-06
2025-06-28,DKI Jakarta,13,16100.0,True,15650.0,1100.0,2025-06
2025-06-28,Jawa Tengah,14,14900.0,True,15650.0,1100.0,2025-06
2025-06-28,DI Yogyakarta,15,14450.0,True,15650.0,1100.0,2025-06
2025-06-28,Jawa Timur,16,14550.0,True,15650.0,1100.0,2025-06
2025-06-28,Bali,17,15550.0,True,15650.0,1100.0,2025-06
2025-06-28,Nusa Tenggara Barat,18,13950.0,True,15650.0,1100.0,2025-06
2025-06-28,Nusa Tenggara Timur,19,15250.0,True,15650.0,1100.0,2025-06
2025-06-28,Kalimantan Barat,20,16400.0,True,15650.0,1100.0,2025-06
2025-06-28,Kalimantan Selatan,21,17200.0,True,15650.0,1100.0,2025-06
2025-06-28,Kalimantan Tengah,22,17500.0,True,15650.0,1100.0,2025-06
2025-06-28,Kalimantan Timur,23,16350.0,True,15650.0,1100.0,2025-06
2025-06-28,Kalimantan Utara,24,16650.0,True,15650.0,1100.0,2025-06
2025-06-28,Gorontalo,25,15600.0,True,15650.0,1100.0,2025-06
2025-06-28,Sulawesi Selatan,26,13700.0,True,15650.0,1100.0,2025-06
2025-06-28,Sulawesi Tenggara,27,15800.0,True,15650.0,1100.0,2025-06
2025-06-28,Sulawesi Tengah,28,15200.0,True,15650.0,1100.0,2025-06
2025-06-28,Sulawesi Utara,29,16050.0,True,15650.0,1100.0,2025-06
2025-06-28,Sulawesi Barat,30,14250.0,True,15650.0,1100.0,2025-06
2025-06-28,Maluku,31,16950.0,True,15650.0,1100.0,2025-06
2025-06-28,Maluku Utara,32,16700.0,True,15650.0,1100.0,2025-06
2025-06-28,Papua,33,18450.0,True,15650.0,1100.0,2025-06
2025-06-28,Papua Barat,34,16850.0,True,15650.0,1100.0,2025-06
2025-06-29,Aceh,1,14400.0,True,15650.0,1100.0,2025-06
2025-06-29,Sumatera Utara,2,14400.0,True,15650.0,1100.0,2025-06
2025-06-29,Sumatera Barat,3,16850.0,True,15650.0,1100.0,2025-06
2025-06-29,Riau,4,16350.0,True,15650.0,1100.0,2025-06
2025-06-29,Kepulauan Riau,5,15150.0,True,15650.0,1100.0,2025-06
2025-06-29,Jambi,6,15400.0,True,15650.0,1100.0,2025-06
2025-06-29,Bengkulu,7,15500.0,True,15650.0,1100.0,2025-06
2025-06-29,Sumatera Selatan,8,15200.0,True,15650.0,1100.0,2025-06
2025-06-29,Kepulauan Bangka Belitung,9,15250.0,True,15650.0,1100.0,2025-06
2025-06-29,Lampung,10,14650.0,True,15650.0,1100.0,2025-06
2025-06-29,Banten,11,15200.0,True,15650.0,1100.0,2025-06
2025-06-29,Jawa Barat,12,14750.0,True,15650.0,1100.0,2025-06
2025-06-29,DKI Jakarta,13,16100.0,True,15650.0,1100.0,2025-06
2025-06-29,Jawa Tengah,14,14900.0,True,15650.0,1100.0,2025-06
2025-06-29,DI Yogyakarta,15,14450.0,True,15650.0,1100.0,2025-06
2025-06-29,Jawa Timur,16,14550.0,True,15650.0,1100.0,2025-06
2025-06-29,Bali,17,15550.0,True,15650.0,1100.0,2025-06
2025-06-29,Nusa Tenggara Barat,18,13950.0,True,15650.0,1100.0,2025-06
2025-06-29,Nusa Tenggara Timur,19,15250.0,True,15650.0,1100.0,2025-06
2025-06-29,Kalimantan Barat,20,16400.0,True,15650.0,1100.0,2025-06
2025-06-29,Kalimantan Selatan,21,17200.0,True,15650.0,1100.0,2025-06
2025-06-29,Kalimantan Tengah,22,17500.0,True,15650.0,1100.0,2025-06
2025-06-29,Kalimantan Timur,23,16350.0,True,15650.0,1100.0,2025-06
2025-06-29,Kalimantan Utara,24,16650.0,True,15650.0,1100.0,2025-06
2025-06-29,Gorontalo,25,15600.0,True,15650.0,1100.0,2025-06
2025-06-29,Sulawesi Selatan,26,13700.0,True,15650.0,1100.0,2025-06
2025-06-29,Sulawesi Tenggara,27,15800.0,True,15650.0,1100.0,2025-06
2025-06-29,Sulawesi Tengah,28,15200.0,True,15650.0,1100.0,2025-06
2025-06-29,Sulawesi Utara,29,16050.0,True,15650.0,1100.0,2025-06
2025-06-29,Sulawesi Barat,30,14250.0,True,15650.0,1100.0,2025-06
2025-06-29,Maluku,31,16950.0,True,15650.0,1100.0,2025-06
2025-06-29,Maluku Utara,32,16700.0,True,15650.0,1100.0,2025-06
2025-06-29,Papua,33,18450.0,True,15650.0,1100.0,2025-06
2025-06-29,Papua Barat,34,16850.0,True,15650.0,1100.0,2025-06
2025-06-30,Aceh,1,14400.0,True,15650.0,1100.0,2025-06
2025-06-30,Sumatera Utara,2,14400.0,True,15650.0,1100.0,2025-06
2025-06-30,Sumatera Barat,3,16900.0,True,15650.0,1100.0,2025-06
2025-06-30,Riau,4,16350.0,True,15650.0,1100.0,2025-06
2025-06-30,Kepulauan Riau,5,15100.0,True,15650.0,1100.0,2025-06
2025-06-30,Jambi,6,15400.0,True,15650.0,1100.0,2025-06
2025-06-30,Bengkulu,7,15500.0,True,15650.0,1100.0,2025-06
2025-06-30,Sumatera Selatan,8,15200.0,True,15650.0,1100.0,2025-06
2025-06-30,Kepulauan Bangka Belitung,9,15250.0,True,15650.0,1100.0,2025-06
2025-06-30,Lampung,10,14700.0,True,15650.0,1100.0,2025-06
2025-06-30,Banten,11,15200.0,True,15650.0,1100.0,2025-06
2025-06-30,Jawa Barat,12,14750.0,True,15650.0,1100.0,2025-06
2025-06-30,DKI Jakarta,13,16100.0,True,15650.0,1100.0,2025-06
2025-06-30,Jawa Tengah,14,14950.0,True,15650.0,1100.0,2025-06
2025-06-30,DI Yogyakarta,15,14450.0,True,15650.0,1100.0,2025-06
2025-06-30,Jawa Timur,16,14550.0,True,15650.0,1100.0,2025-06
2025-06-30,Bali,17,15600.0,True,15650.0,1100.0,2025-06
2025-06-30,Nusa Tenggara Barat,18,13950.0,True,15650.0,1100.0,2025-06
2025-06-30,Nusa Tenggara Timur,19,15250.0,True,15650.0,1100.0,2025-06
2025-06-30,Kalimantan Barat,20,16400.0,True,15650.0,1100.0,2025-06
2025-06-30,Kalimantan Selatan,21,17200.0,True,15650.0,1100.0,2025-06
2025-06-30,Kalimantan Tengah,22,17500.0,True,15650.0,1100.0,2025-06
2025-06-30,Kalimantan Timur,23,16400.0,True,15650.0,1100.0,2025-06
2025-06-30,Kalimantan Utara,24,16750.0,True,15650.0,1100.0,2025-06
2025-06-30,Gorontalo,25,15800.0,True,15650.0,1100.0,2025-06
2025-06-30,Sulawesi Selatan,26,13700.0,True,15650.0,1100.0,2025-06
2025-06-30,Sulawesi Tenggara,27,15900.0,True,15650.0,1100.0,2025-06
2025-06-30,Sulawesi Tengah,28,15250.0,True,15650.0,1100.0,2025-06
2025-06-30,Sulawesi Utara,29,16300.0,True,15650.0,1100.0,2025-06
2025-06-30,Sulawesi Barat,30,14700.0,True,15650.0,1100.0,2025-06
2025-06-30,Maluku,31,16950.0,True,15650.0,1100.0,2025-06
2025-06-30,Maluku Utara,32,16700.0,True,15650.0,1100.0,2025-06
2025-06-30,Papua,33,18450.0,True,15650.0,1100.0,2025-06
2025-06-30,Papua Barat,34,16850.0,True,15650.0,1100.0,2025-06
2025-07-01,Aceh,1,14500.0,True,15700.0,1100.0,2025-07
2025-07-01,Sumatera Utara,2,14400.0,True,15700.0,1100.0,2025-07
2025-07-01,Sumatera Barat,3,16900.0,True,15700.0,1100.0,2025-07
2025-07-01,Riau,4,16350.0,True,15700.0,1100.0,2025-07
2025-07-01,Kepulauan Riau,5,15100.0,True,15700.0,1100.0,2025-07
2025-07-01,Jambi,6,15400.0,True,15700.0,1100.0,2025-07
2025-07-01,Bengkulu,7,15500.0,True,15700.0,1100.0,2025-07
2025-07-01,Sumatera Selatan,8,15200.0,True,15700.0,1100.0,2025-07
2025-07-01,Kepulauan Bangka Belitung,9,15250.0,True,15700.0,1100.0,2025-07
2025-07-01,Lampung,10,14650.0,True,15700.0,1100.0,2025-07
2025-07-01,Banten,11,15200.0,True,15700.0,1100.0,2025-07
2025-07-01,Jawa Barat,12,14750.0,True,15700.0,1100.0,2025-07
2025-07-01,DKI Jakarta,13,16100.0,True,15700.0,1100.0,2025-07
2025-07-01,Jawa Tengah,14,14900.0,True,15700.0,1100.0,2025-07
2025-07-01,DI Yogyakarta,15,14450.0,True,15700.0,1100.0,2025-07
2025-07-01,Jawa Timur,16,14550.0,True,15700.0,1100.0,2025-07
2025-07-01,Bali,17,15600.0,True,15700.0,1100.0,2025-07
2025-07-01,Nusa Tenggara Barat,18,13950.0,True,15700.0,1100.0,2025-07
2025-07-01,Nusa Tenggara Timur,19,15250.0,True,15700.0,1100.0,2025-07
2025-07-01,Kalimantan Barat,20,16400.0,True,15700.0,1100.0,2025-07
2025-07-01,Kalimantan Selatan,21,17200.0,True,15700.0,1100.0,2025-07
2025-07-01,Kalimantan Tengah,22,17500.0,True,15700.0,1100.0,2025-07
2025-07-01,Kalimantan Timur,23,16400.0,True,15700.0,1100.0,2025-07
2025-07-01,Kalimantan Utara,24,16750.0,True,15700.0,1100.0,2025-07
2025-07-01,Gorontalo,25,15800.0,True,15700.0,1100.0,2025-07
2025-07-01,Sulawesi Selatan,26,13700.0,True,15700.0,1100.0,2025-07
2025-07-01,Sulawesi Tenggara,27,15950.0,True,15700.0,1100.0,2025-07
2025-07-01,Sulawesi Tengah,28,15250.0,True,15700.0,1100.0,2025-07
2025-07-01,Sulawesi Utara,29,16300.0,True,15700.0,1100.0,2025-07
2025-07-01,Sulawesi Barat,30,14750.0,True,15700.0,1100.0,2025-07
2025-07-01,Maluku,31,16950.0,True,15700.0,1100.0,2025-07
2025-07-01,Maluku Utara,32,16700.0,True,15700.0,1100.0,2025-07
2025-07-01,Papua,33,18450.0,True,15700.0,1100.0,2025-07
2025-07-01,Papua Barat,34,16850.0,True,15700.0,1100.0,2025-07
2025-07-02,Aceh,1,14500.0,True,15700.0,1100.0,2025-07
2025-07-02,Sumatera Utara,2,14400.0,True,15700.0,1100.0,2025-07
2025-07-02,Sumatera Barat,3,16900.0,True,15700.0,1100.0,2025-07
2025-07-02,Riau,4,16300.0,True,15700.0,1100.0,2025-07
2025-07-02,Kepulauan Riau,5,15100.0,True,15700.0,1100.0,2025-07
2025-07-02,Jambi,6,15400.0,True,15700.0,1100.0,2025-07
2025-07-02,Bengkulu,7,15500.0,True,15700.0,1100.0,2025-07
2025-07-02,Sumatera Selatan,8,15200.0,True,15700.0,1100.0,2025-07
2025-07-02,Kepulauan Bangka Belitung,9,15250.0,True,15700.0,1100.0,2025-07
2025-07-02,Lampung,10,14650.0,True,15700.0,1100.0,2025-07
2025-07-02,Banten,11,15200.0,True,15700.0,1100.0,2025-07
2025-07-02,Jawa Barat,12,14750.0,True,15700.0,1100.0,2025-07
2025-07-02,DKI Jakarta,13,16100.0,True,15700.0,1100.0,2025-07
2025-07-02,Jawa Tengah,14,14900.0,True,15700.0,1100.0,2025-07
2025-07-02,DI Yogyakarta,15,14450.0,True,15700.0,1100.0,2025-07
2025-07-02,Jawa Timur,16,14550.0,True,15700.0,1100.0,2025-07
2025-07-02,Bali,17,15600.0,True,15700.0,1100.0,2025-07
2025-07-02,Nusa Tenggara Barat,18,13950.0,True,15700.0,1100.0,2025-07
2025-07-02,Nusa Tenggara Timur,19,15250.0,True,15700.0,1100.0,2025-07
2025-07-02,Kalimantan Barat,20,16400.0,True,15700.0,1100.0,2025-07
2025-07-02,Kalimantan Selatan,21,17200.0,True,15700.0,1100.0,2025-07
2025-07-02,Kalimantan Tengah,22,17500.0,True,15700.0,1100.0,2025-07
2025-07-02,Kalimantan Timur,23,16400.0,True,15700.0,1100.0,2025-07
2025-07-02,Kalimantan Utara,24,16850.0,True,15700.0,1100.0,2025-07
2025-07-02,Gorontalo,25,15800.0,True,15700.0,1100.0,2025-07
2025-07-02,Sulawesi Selatan,26,13700.0,True,15700.0,1100.0,2025-07
2025-07-02,Sulawesi Tenggara,27,16000.0,True,15700.0,1100.0,2025-07
2025-07-02,Sulawesi Tengah,28,15500.0,True,15700.0,1100.0,2025-07
2025-07-02,Sulawesi Utara,29,16300.0,True,15700.0,1100.0,2025-07
2025-07-02,Sulawesi Barat,30,14750.0,True,15700.0,1100.0,2025-07
2025-07-02,Maluku,31,16950.0,True,15700.0,1100.0,2025-07
2025-07-02,Maluku Utara,32,16700.0,True,15700.0,1100.0,2025-07
2025-07-02,Papua,33,18450.0,True,15700.0,1100.0,2025-07
2025-07-02,Papua Barat,34,16850.0,True,15700.0,1100.0,2025-07
2025-07-03,Aceh,1,14500.0,True,15700.0,1100.0,2025-07
2025-07-03,Sumatera Utara,2,14400.0,True,15700.0,1100.0,2025-07
2025-07-03,Sumatera Barat,3,16900.0,True,15700.0,1100.0,2025-07
2025-07-03,Riau,4,16300.0,True,15700.0,1100.0,2025-07
2025-07-03,Kepulauan Riau,5,15100.0,True,15700.0,1100.0,2025-07
2025-07-03,Jambi,6,15400.0,True,15700.0,1100.0,2025-07
2025-07-03,Bengkulu,7,15500.0,True,15700.0,1100.0,2025-07
2025-07-03,Sumatera Selatan,8,15200.0,True,15700.0,1100.0,2025-07
2025-07-03,Kepulauan Bangka Belitung,9,15250.0,True,15700.0,1100.0,2025-07
2025-07-03,Lampung,10,14650.0,True,15700.0,1100.0,2025-07
2025-07-03,Banten,11,15300.0,True,15700.0,1100.0,2025-07
2025-07-03,Jawa Barat,12,14750.0,True,15700.0,1100.0,2025-07
2025-07-03,DKI Jakarta,13,16100.0,True,15700.0,1100.0,2025-07
2025-07-03,Jawa Tengah,14,14950.0,True,15700.0,1100.0,2025-07
2025-07-03,DI Yogyakarta,15,14450.0,True,15700.0,1100.0,2025-07
2025-07-03,Jawa Timur,16,14600.0,True,15700.0,1100.0,2025-07
2025-07-03,Bali,17,15600.0,True,15700.0,1100.0,2025-07
2025-07-03,Nusa Tenggara Barat,18,13950.0,True,15700.0,1100.0,2025-07
2025-07-03,Nusa Tenggara Timur,19,15250.0,True,15700.0,1100.0,2025-07
2025-07-03,Kalimantan Barat,20,16400.0,True,15700.0,1100.0,2025-07
2025-07-03,Kalimantan Selatan,21,17250.0,True,15700.0,1100.0,2025-07
2025-07-03,Kalimantan Tengah,22,17500.0,True,15700.0,1100.0,2025-07
2025-07-03,Kalimantan Timur,23,16400.0,True,15700.0,1100.0,2025-07
2025-07-03,Kalimantan Utara,24,16850.0,True,15700.0,1100.0,2025-07
2025-07-03,Gorontalo,25,16000.0,True,15700.0,1100.0,2025-07
2025-07-03,Sulawesi Selatan,26,13700.0,True,15700.0,1100.0,2025-07
2025-07-03,Sulawesi Tenggara,27,16100.0,True,15700.0,1100.0,2025-07
2025-07-03,Sulawesi Tengah,28,15550.0,True,15700.0,1100.0,2025-07
2025-07-03,Sulawesi Utara,29,16350.0,True,15700.0,1100.0,2025-07
2025-07-03,Sulawesi Barat,30,14750.0,True,15700.0,1100.0,2025-07
2025-07-03,Maluku,31,17000.0,True,15700.0,1100.0,2025-07
2025-07-03,Maluku Utara,32,16700.0,True,15700.0,1100.0,2025-07
2025-07-03,Papua,33,18400.0,True,15700.0,1100.0,2025-07
2025-07-03,Papua Barat,34,16850.0,True,15700.0,1100.0,2025-07
2025-07-04,Aceh,1,14550.0,True,15700.0,1100.0,2025-07
2025-07-04,Sumatera Utara,2,14400.0,True,15700.0,1100.0,2025-07
2025-07-04,Sumatera Barat,3,16900.0,True,15700.0,1100.0,2025-07
2025-07-04,Riau,4,16300.0,True,15700.0,1100.0,2025-07
2025-07-04,Kepulauan Riau,5,15100.0,True,15700.0,1100.0,2025-07
2025-07-04,Jambi,6,15400.0,True,15700.0,1100.0,2025-07
2025-07-04,Bengkulu,7,15500.0,True,15700.0,1100.0,2025-07
2025-07-04,Sumatera Selatan,8,15150.0,True,15700.0,1100.0,2025-07
2025-07-04,Kepulauan Bangka Belitung,9,15250.0,True,15700.0,1100.0,2025-07
2025-07-04,Lampung,10,14650.0,True,15700.0,1100.0,2025-07
2025-07-04,Banten,11,15300.0,True,15700.0,1100.0,2025-07
2025-07-04,Jawa Barat,12,14750.0,True,15700.0,1100.0,2025-07
2025-07-04,DKI Jakarta,13,16100.0,True,15700.0,1100.0,2025-07
2025-07-04,Jawa Tengah,14,14950.0,True,15700.0,1100.0,2025-07
2025-07-04,DI Yogyakarta,15,14450.0,True,15700.0,1100.0,2025-07
2025-07-04,Jawa Timur,16,14600.0,True,15700.0,1100.0,2025-07
2025-07-04,Bali,17,15600.0,True,15700.0,1100.0,2025-07
2025-07-04,Nusa Tenggara Barat,18,13950.0,True,15700.0,1100.0,2025-07
2025-07-04,Nusa Tenggara Timur,19,15250.0,True,15700.0,1100.0,2025-07
2025-07-04,Kalimantan Barat,20,16400.0,True,15700.0,1100.0,2025-07
2025-07-04,Kalimantan Selatan,21,17250.0,True,15700.0,1100.0,2025-07
2025-07-04,Kalimantan Tengah,22,17500.0,True,15700.0,1100.0,2025-07
2025-07-04,Kalimantan Timur,23,16400.0,True,15700.0,1100.0,2025-07
2025-07-04,Kalimantan Utara,24,16850.0,True,15700.0,1100.0,2025-07
2025-07-04,Gorontalo,25,16000.0,True,15700.0,1100.0,2025-07
2025-07-04,Sulawesi Selatan,26,13700.0,True,15700.0,1100.0,2025-07
2025-07-04,Sulawesi Tenggara,27,16150.0,True,15700.0,1100.0,2025-07
2025-07-04,Sulawesi Tengah,28,15550.0,True,15700.0,1100.0,2025-07
2025-07-04,Sulawesi Utara,29,16350.0,True,15700.0,1100.0,2025-07
2025-07-04,Sulawesi Barat,30,14750.0,True,15700.0,1100.0,2025-07
2025-07-04,Maluku,31,17000.0,True,15700.0,1100.0,2025-07
2025-07-04,Maluku Utara,32,16700.0,True,15700.0,1100.0,2025-07
2025-07-04,Papua,33,18400.0,True,15700.0,1100.0,2025-07
2025-07-04,Papua Barat,34,16850.0,True,15700.0,1100.0,2025-07
2025-07-05,Aceh,1,14550.0,True,15700.0,1100.0,2025-07
2025-07-05,Sumatera Utara,2,14400.0,True,15700.0,1100.0,2025-07
2025-07-05,Sumatera Barat,3,16900.0,True,15700.0,1100.0,2025-07
2025-07-05,Riau,4,16300.0,True,15700.0,1100.0,2025-07
2025-07-05,Kepulauan Riau,5,15100.0,True,15700.0,1100.0,2025-07
2025-07-05,Jambi,6,15400.0,True,15700.0,1100.0,2025-07
2025-07-05,Bengkulu,7,15500.0,True,15700.0,1100.0,2025-07
2025-07-05,Sumatera Selatan,8,15150.0,True,15700.0,1100.0,2025-07
2025-07-05,Kepulauan Bangka Belitung,9,15250.0,True,15700.0,1100.0,2025-07
2025-07-05,Lampung,10,14650.0,True,15700.0,1100.0,2025-07
2025-07-05,Banten,11,15300.0,True,15700.0,1100.0,2025-07
2025-07-05,Jawa Barat,12,14750.0,True,15700.0,1100.0,2025-07
2025-07-05,DKI Jakarta,13,16100.0,True,15700.0,1100.0,2025-07
2025-07-05,Jawa Tengah,14,14950.0,True,15700.0,1100.0,2025-07
2025-07-05,DI Yogyakarta,15,14450.0,True,15700.0,1100.0,2025-07
2025-07-05,Jawa Timur,16,14600.0,True,15700.0,1100.0,2025-07
2025-07-05,Bali,17,15600.0,True,15700.0,1100.0,2025-07
2025-07-05,Nusa Tenggara Barat,18,13950.0,True,15700.0,1100.0,2025-07
2025-07-05,Nusa Tenggara Timur,19,15250.0,True,15700.0,1100.0,2025-07
2025-07-05,Kalimantan Barat,20,16400.0,True,15700.0,1100.0,2025-07
2025-07-05,Kalimantan Selatan,21,17250.0,True,15700.0,1100.0,2025-07
2025-07-05,Kalimantan Tengah,22,17500.0,True,15700.0,1100.0,2025-07
2025-07-05,Kalimantan Timur,23,16400.0,True,15700.0,1100.0,2025-07
2025-07-05,Kalimantan Utara,24,16850.0,True,15700.0,1100.0,2025-07
2025-07-05,Gorontalo,25,16000.0,True,15700.0,1100.0,2025-07
2025-07-05,Sulawesi Selatan,26,13700.0,True,15700.0,1100.0,2025-07
2025-07-05,Sulawesi Tenggara,27,16150.0,True,15700.0,1100.0,2025-07
2025-07-05,Sulawesi Tengah,28,15550.0,True,15700.0,1100.0,2025-07
2025-07-05,Sulawesi Utara,29,16350.0,True,15700.0,1100.0,2025-07
2025-07-05,Sulawesi Barat,30,14750.0,True,15700.0,1100.0,2025-07
2025-07-05,Maluku,31,17000.0,True,15700.0,1100.0,2025-07
2025-07-05,Maluku Utara,32,16700.0,True,15700.0,1100.0,2025-07
2025-07-05,Papua,33,18400.0,True,15700.0,1100.0,2025-07
2025-07-05,Papua Barat,34,16850.0,True,15700.0,1100.0,2025-07
2025-07-06,Aceh,1,14550.0,True,15700.0,1100.0,2025-07
2025-07-06,Sumatera Utara,2,14400.0,True,15700.0,1100.0,2025-07
2025-07-06,Sumatera Barat,3,16900.0,True,15700.0,1100.0,2025-07
2025-07-06,Riau,4,16300.0,True,15700.0,1100.0,2025-07
2025-07-06,Kepulauan Riau,5,15100.0,True,15700.0,1100.0,2025-07
2025-07-06,Jambi,6,15400.0,True,15700.0,1100.0,2025-07
2025-07-06,Bengkulu,7,15500.0,True,15700.0,1100.0,2025-07
2025-07-06,Sumatera Selatan,8,15150.0,True,15700.0,1100.0,2025-07
2025-07-06,Kepulauan Bangka Belitung,9,15250.0,True,15700.0,1100.0,2025-07
2025-07-06,Lampung,10,14650.0,True,15700.0,1100.0,2025-07
2025-07-06,Banten,11,15300.0,True,15700.0,1100.0,2025-07
2025-07-06,Jawa Barat,12,14750.0,True,15700.0,1100.0,2025-07
2025-07-06,DKI Jakarta,13,16100.0,True,15700.0,1100.0,2025-07
2025-07-06,Jawa Tengah,14,14950.0,True,15700.0,1100.0,2025-07
2025-07-06,DI Yogyakarta,15,14450.0,True,15700.0,1100.0,2025-07
2025-07-06,Jawa Timur,16,14600.0,True,15700.0,1100.0,2025-07
2025-07-06,Bali,17,15600.0,True,15700.0,1100.0,2025-07
2025-07-06,Nusa Tenggara Barat,18,13950.0,True,15700.0,1100.0,2025-07
2025-07-06,Nusa Tenggara Timur,19,15250.0,True,15700.0,1100.0,2025-07
2025-07-06,Kalimantan Barat,20,16400.0,True,15700.0,1100.0,2025-07
2025-07-06,Kalimantan Selatan,21,17250.0,True,15700.0,1100.0,2025-07
2025-07-06,Kalimantan Tengah,22,17500.0,True,15700.0,1100.0,2025-07
2025-07-06,Kalimantan Timur,23,16400.0,True,15700.0,1100.0,2025-07
2025-07-06,Kalimantan Utara,24,16850.0,True,15700.0,1100.0,2025-07
2025-07-06,Gorontalo,25,16000.0,True,15700.0,1100.0,2025-07
2025-07-06,Sulawesi Selatan,26,13700.0,True,15700.0,1100.0,2025-07
2025-07-06,Sulawesi Tenggara,27,16150.0,True,15700.0,1100.0,2025-07
2025-07-06,Sulawesi Tengah,28,15550.0,True,15700.0,1100.0,2025-07
2025-07-06,Sulawesi Utara,29,16350.0,True,15700.0,1100.0,2025-07
2025-07-06,Sulawesi Barat,30,14750.0,True,15700.0,1100.0,2025-07
2025-07-06,Maluku,31,17000.0,True,15700.0,1100.0,2025-07
2025-07-06,Maluku Utara,32,16700.0,True,15700.0,1100.0,2025-07
2025-07-06,Papua,33,18400.0,True,15700.0,1100.0,2025-07
2025-07-06,Papua Barat,34,16850.0,True,15700.0,1100.0,2025-07
2025-07-07,Aceh,1,14550.0,True,15750.0,1050.0,2025-07
2025-07-07,Sumatera Utara,2,14500.0,True,15750.0,1050.0,2025-07
2025-07-07,Sumatera Barat,3,16850.0,True,15750.0,1050.0,2025-07
2025-07-07,Riau,4,16300.0,True,15750.0,1050.0,2025-07
2025-07-07,Kepulauan Riau,5,15150.0,True,15750.0,1050.0,2025-07
2025-07-07,Jambi,6,15400.0,True,15750.0,1050.0,2025-07
2025-07-07,Bengkulu,7,15500.0,True,15750.0,1050.0,2025-07
2025-07-07,Sumatera Selatan,8,15200.0,True,15750.0,1050.0,2025-07
2025-07-07,Kepulauan Bangka Belitung,9,15250.0,True,15750.0,1050.0,2025-07
2025-07-07,Lampung,10,14650.0,True,15750.0,1050.0,2025-07
2025-07-07,Banten,11,15300.0,True,15750.0,1050.0,2025-07
2025-07-07,Jawa Barat,12,14800.0,True,15750.0,1050.0,2025-07
2025-07-07,DKI Jakarta,13,16100.0,True,15750.0,1050.0,2025-07
2025-07-07,Jawa Tengah,14,14950.0,True,15750.0,1050.0,2025-07
2025-07-07,DI Yogyakarta,15,14450.0,True,15750.0,1050.0,2025-07
2025-07-07,Jawa Timur,16,14600.0,True,15750.0,1050.0,2025-07
2025-07-07,Bali,17,15600.0,True,15750.0,1050.0,2025-07
2025-07-07,Nusa Tenggara Barat,18,13950.0,True,15750.0,1050.0,2025-07
2025-07-07,Nusa Tenggara Timur,19,15250.0,True,15750.0,1050.0,2025-07
2025-07-07,Kalimantan Barat,20,16400.0,True,15750.0,1050.0,2025-07
2025-07-07,Kalimantan Selatan,21,17250.0,True,15750.0,1050.0,2025-07
2025-07-07,Kalimantan Tengah,22,17500.0,True,15750.0,1050.0,2025-07
2025-07-07,Kalimantan Timur,23,16400.0,True,15750.0,1050.0,2025-07
2025-07-07,Kalimantan Utara,24,16950.0,True,15750.0,1050.0,2025-07
2025-07-07,Gorontalo,25,16050.0,True,15750.0,1050.0,2025-07
2025-07-07,Sulawesi Selatan,26,13850.0,True,15750.0,1050.0,2025-07
2025-07-07,Sulawesi Tenggara,27,16150.0,True,15750.0,1050.0,2025-07
2025-07-07,Sulawesi Tengah,28,15750.0,True,15750.0,1050.0,2025-07
2025-07-07,Sulawesi Utara,29,16350.0,True,15750.0,1050.0,2025-07
2025-07-07,Sulawesi Barat,30,14950.0,True,15750.0,1050.0,2025-07
2025-07-07,Maluku,31,17100.0,True,15750.0,1050.0,2025-07
2025-07-07,Maluku Utara,32,16700.0,True,15750.0,1050.0,2025-07
2025-07-07,Papua,33,18450.0,True,15750.0,1050.0,2025-07
2025-07-07,Papua Barat,34,16850.0,True,15750.0,1050.0,2025-07
2025-07-08,Aceh,1,14550.0,True,15750.0,1050.0,2025-07
2025-07-08,Sumatera Utara,2,14500.0,True,15750.0,1050.0,2025-07
2025-07-08,Sumatera Barat,3,16850.0,True,15750.0,1050.0,2025-07
2025-07-08,Riau,4,16300.0,True,15750.0,1050.0,2025-07
2025-07-08,Kepulauan Riau,5,15150.0,True,15750.0,1050.0,2025-07
2025-07-08,Jambi,6,15400.0,True,15750.0,1050.0,2025-07
2025-07-08,Bengkulu,7,15600.0,True,15750.0,1050.0,2025-07
2025-07-08,Sumatera Selatan,8,15200.0,True,15750.0,1050.0,2025-07
2025-07-08,Kepulauan Bangka Belitung,9,15250.0,True,15750.0,1050.0,2025-07
2025-07-08,Lampung,10,14650.0,True,15750.0,1050.0,2025-07
2025-07-08,Banten,11,15300.0,True,15750.0,1050.0,2025-07
2025-07-08,Jawa Barat,12,14800.0,True,15750.0,1050.0,2025-07
2025-07-08,DKI Jakarta,13,16100.0,True,15750.0,1050.0,2025-07
2025-07-08,Jawa Tengah,14,14950.0,True,15750.0,1050.0,2025-07
2025-07-08,DI Yogyakarta,15,14450.0,True,15750.0,1050.0,2025-07
2025-07-08,Jawa Timur,16,14600.0,True,15750.0,1050.0,2025-07
2025-07-08,Bali,17,15600.0,True,15750.0,1050.0,2025-07
2025-07-08,Nusa Tenggara Barat,18,13950.0,True,15750.0,1050.0,2025-07
2025-07-08,Nusa Tenggara Timur,19,15300.0,True,15750.0,1050.0,2025-07
2025-07-08,Kalimantan Barat,20,16400.0,True,15750.0,1050.0,2025-07
2025-07-08,Kalimantan Selatan,21,17250.0,True,15750.0,1050.0,2025-07
2025-07-08,Kalimantan Tengah,22,17500.0,True,15750.0,1050.0,2025-07
2025-07-08,Kalimantan Timur,23,16450.0,True,15750.0,1050.0,2025-07
2025-07-08,Kalimantan Utara,24,16950.0,True,15750.0,1050.0,2025-07
2025-07-08,Gorontalo,25,16100.0,True,15750.0,1050.0,2025-07
2025-07-08,Sulawesi Selatan,26,13950.0,True,15750.0,1050.0,2025-07
2025-07-08,Sulawesi Tenggara,27,16200.0,True,15750.0,1050.0,2025-07
2025-07-08,Sulawesi Tengah,28,15800.0,True,15750.0,1050.0,2025-07
2025-07-08,Sulawesi Utara,29,16350.0,True,15750.0,1050.0,2025-07
2025-07-08,Sulawesi Barat,30,14950.0,True,15750.0,1050.0,2025-07
2025-07-08,Maluku,31,17100.0,True,15750.0,1050.0,2025-07
2025-07-08,Maluku Utara,32,16700.0,True,15750.0,1050.0,2025-07
2025-07-08,Papua,33,18450.0,True,15750.0,1050.0,2025-07
2025-07-08,Papua Barat,34,16850.0,True,15750.0,1050.0,2025-07
2025-07-09,Aceh,1,14550.0,True,15750.0,1050.0,2025-07
2025-07-09,Sumatera Utara,2,14550.0,True,15750.0,1050.0,2025-07
2025-07-09,Sumatera Barat,3,16850.0,True,15750.0,1050.0,2025-07
2025-07-09,Riau,4,16300.0,True,15750.0,1050.0,2025-07
2025-07-09,Kepulauan Riau,5,15150.0,True,15750.0,1050.0,2025-07
2025-07-09,Jambi,6,15400.0,True,15750.0,1050.0,2025-07
2025-07-09,Bengkulu,7,15600.0,True,15750.0,1050.0,2025-07
2025-07-09,Sumatera Selatan,8,15200.0,True,15750.0,1050.0,2025-07
2025-07-09,Kepulauan Bangka Belitung,9,15250.0,True,15750.0,1050.0,2025-07
2025-07-09,Lampung,10,14650.0,True,15750.0,1050.0,2025-07
2025-07-09,Banten,11,15700.0,True,15750.0,1050.0,2025-07
2025-07-09,Jawa Barat,12,14800.0,True,15750.0,1050.0,2025-07
2025-07-09,DKI Jakarta,13,16100.0,True,15750.0,1050.0,2025-07
2025-07-09,Jawa Tengah,14,14950.0,True,15750.0,1050.0,2025-07
2025-07-09,DI Yogyakarta,15,14450.0,True,15750.0,1050.0,2025-07
2025-07-09,Jawa Timur,16,14600.0,True,15750.0,1050.0,2025-07
2025-07-09,Bali,17,15600.0,True,15750.0,1050.0,2025-07
2025-07-09,Nusa Tenggara Barat,18,13950.0,True,15750.0,1050.0,2025-07
2025-07-09,Nusa Tenggara Timur,19,15300.0,True,15750.0,1050.0,2025-07
2025-07-09,Kalimantan Barat,20,16400.0,True,15750.0,1050.0,2025-07
2025-07-09,Kalimantan Selatan,21,17250.0,True,15750.0,1050.0,2025-07
2025-07-09,Kalimantan Tengah,22,17500.0,True,15750.0,1050.0,2025-07
2025-07-09,Kalimantan Timur,23,16450.0,True,15750.0,1050.0,2025-07
2025-07-09,Kalimantan Utara,24,16950.0,True,15750.0,1050.0,2025-07
2025-07-09,Gorontalo,25,16000.0,True,15750.0,1050.0,2025-07
2025-07-09,Sulawesi Selatan,26,13950.0,True,15750.0,1050.0,2025-07
2025-07-09,Sulawesi Tenggara,27,16350.0,True,15750.0,1050.0,2025-07
2025-07-09,Sulawesi Tengah,28,15800.0,True,15750.0,1050.0,2025-07
2025-07-09,Sulawesi Utara,29,16400.0,True,15750.0,1050.0,2025-07
2025-07-09,Sulawesi Barat,30,14950.0,True,15750.0,1050.0,2025-07
2025-07-09,Maluku,31,17100.0,True,15750.0,1050.0,2025-07
2025-07-09,Maluku Utara,32,16700.0,True,15750.0,1050.0,2025-07
2025-07-09,Papua,33,18450.0,True,15750.0,1050.0,2025-07
2025-07-09,Papua Barat,34,16850.0,True,15750.0,1050.0,2025-07
2025-07-10,Aceh,1,14650.0,True,15800.0,1050.0,2025-07
2025-07-10,Sumatera Utara,2,14550.0,True,15800.0,1050.0,2025-07
2025-07-10,Sumatera Barat,3,16850.0,True,15800.0,1050.0,2025-07
2025-07-10,Riau,4,16300.0,True,15800.0,1050.0,2025-07
2025-07-10,Kepulauan Riau,5,15150.0,True,15800.0,1050.0,2025-07
2025-07-10,Jambi,6,15400.0,True,15800.0,1050.0,2025-07
2025-07-10,Bengkulu,7,15600.0,True,15800.0,1050.0,2025-07
2025-07-10,Sumatera Selatan,8,15200.0,True,15800.0,1050.0,2025-07
2025-07-10,Kepulauan Bangka Belitung,9,15250.0,True,15800.0,1050.0,2025-07
2025-07-10,Lampung,10,14700.0,True,15800.0,1050.0,2025-07
2025-07-10,Banten,11,15700.0,True,15800.0,1050.0,2025-07
2025-07-10,Jawa Barat,12,14800.0,True,15800.0,1050.0,2025-07
2025-07-10,DKI Jakarta,13,16100.0,True,15800.0,1050.0,2025-07
2025-07-10,Jawa Tengah,14,14950.0,True,15800.0,1050.0,2025-07
2025-07-10,DI Yogyakarta,15,14450.0,True,15800.0,1050.0,2025-07
2025-07-10,Jawa Timur,16,14600.0,True,15800.0,1050.0,2025-07
2025-07-10,Bali,17,15600.0,True,15800.0,1050.0,2025-07
2025-07-10,Nusa Tenggara Barat,18,13950.0,True,15800.0,1050.0,2025-07
2025-07-10,Nusa Tenggara Timur,19,15300.0,True,15800.0,1050.0,2025-07
2025-07-10,Kalimantan Barat,20,16400.0,True,15800.0,1050.0,2025-07
2025-07-10,Kalimantan Selatan,21,17250.0,True,15800.0,1050.0,2025-07
2025-07-10,Kalimantan Tengah,22,17500.0,True,15800.0,1050.0,2025-07
2025-07-10,Kalimantan Timur,23,16450.0,True,15800.0,1050.0,2025-07
2025-07-10,Kalimantan Utara,24,16950.0,True,15800.0,1050.0,2025-07
2025-07-10,Gorontalo,25,16000.0,True,15800.0,1050.0,2025-07
2025-07-10,Sulawesi Selatan,26,13950.0,True,15800.0,1050.0,2025-07
2025-07-10,Sulawesi Tenggara,27,16400.0,True,15800.0,1050.0,2025-07
2025-07-10,Sulawesi Tengah,28,16000.0,True,15800.0,1050.0,2025-07
2025-07-10,Sulawesi Utara,29,16400.0,True,15800.0,1050.0,2025-07
2025-07-10,Sulawesi Barat,30,14950.0,True,15800.0,1050.0,2025-07
2025-07-10,Maluku,31,17100.0,True,15800.0,1050.0,2025-07
2025-07-10,Maluku Utara,32,16700.0,True,15800.0,1050.0,2025-07
2025-07-10,Papua,33,18450.0,True,15800.0,1050.0,2025-07
2025-07-10,Papua Barat,34,16900.0,True,15800.0,1050.0,2025-07
2025-07-11,Aceh,1,14650.0,True,15800.0,1050.0,2025-07
2025-07-11,Sumatera Utara,2,14600.0,True,15800.0,1050.0,2025-07
2025-07-11,Sumatera Barat,3,16850.0,True,15800.0,1050.0,2025-07
2025-07-11,Riau,4,16300.0,True,15800.0,1050.0,2025-07
2025-07-11,Kepulauan Riau,5,15150.0,True,15800.0,1050.0,2025-07
2025-07-11,Jambi,6,15400.0,True,15800.0,1050.0,2025-07
2025-07-11,Bengkulu,7,15600.0,True,15800.0,1050.0,2025-07
2025-07-11,Sumatera Selatan,8,15200.0,True,15800.0,1050.0,2025-07
2025-07-11,Kepulauan Bangka Belitung,9,15250.0,True,15800.0,1050.0,2025-07
2025-07-11,Lampung,10,14700.0,True,15800.0,1050.0,2025-07
2025-07-11,Banten,11,15700.0,True,15800.0,1050.0,2025-07
2025-07-11,Jawa Barat,12,14800.0,True,15800.0,1050.0,2025-07
2025-07-11,DKI Jakarta,13,16100.0,True,15800.0,1050.0,2025-07
2025-07-11,Jawa Tengah,14,14950.0,True,15800.0,1050.0,2025-07
2025-07-11,DI Yogyakarta,15,14450.0,True,15800.0,1050.0,2025-07
2025-07-11,Jawa Timur,16,14600.0,True,15800.0,1050.0,2025-07
2025-07-11,Bali,17,15600.0,True,15800.0,1050.0,2025-07
2025-07-11,Nusa Tenggara Barat,18,13950.0,True,15800.0,1050.0,2025-07
2025-07-11,Nusa Tenggara Timur,19,15300.0,True,15800.0,1050.0,2025-07
2025-07-11,Kalimantan Barat,20,16400.0,True,15800.0,1050.0,2025-07
2025-07-11,Kalimantan Selatan,21,17250.0,True,15800.0,1050.0,2025-07
2025-07-11,Kalimantan Tengah,22,17500.0,True,15800.0,1050.0,2025-07
2025-07-11,Kalimantan Timur,23,16400.0,True,15800.0,1050.0,2025-07
2025-07-11,Kalimantan Utara,24,16950.0,True,15800.0,1050.0,2025-07
2025-07-11,Gorontalo,25,16050.0,True,15800.0,1050.0,2025-07
2025-07-11,Sulawesi Selatan,26,14000.0,True,15800.0,1050.0,2025-07
2025-07-11,Sulawesi Tenggara,27,16400.0,True,15800.0,1050.0,2025-07
2025-07-11,Sulawesi Tengah,28,16050.0,True,15800.0,1050.0,2025-07
2025-07-11,Sulawesi Utara,29,16400.0,True,15800.0,1050.0,2025-07
2025-07-11,Sulawesi Barat,30,14950.0,True,15800.0,1050.0,2025-07
2025-07-11,Maluku,31,17150.0,True,15800.0,1050.0,2025-07
2025-07-11,Maluku Utara,32,16700.0,True,15800.0,1050.0,2025-07
2025-07-11,Papua,33,18450.0,True,15800.0,1050.0,2025-07
2025-07-11,Papua Barat,34,16900.0,True,15800.0,1050.0,2025-07
2025-07-12,Aceh,1,14650.0,True,15800.0,1050.0,2025-07
2025-07-12,Sumatera Utara,2,14600.0,True,15800.0,1050.0,2025-07
2025-07-12,Sumatera Barat,3,16850.0,True,15800.0,1050.0,2025-07
2025-07-12,Riau,4,16300.0,True,15800.0,1050.0,2025-07
2025-07-12,Kepulauan Riau,5,15150.0,True,15800.0,1050.0,2025-07
2025-07-12,Jambi,6,15400.0,True,15800.0,1050.0,2025-07
2025-07-12,Bengkulu,7,15600.0,True,15800.0,1050.0,2025-07
2025-07-12,Sumatera Selatan,8,15200.0,True,15800.0,1050.0,2025-07
2025-07-12,Kepulauan Bangka Belitung,9,15250.0,True,15800.0,1050.0,2025-07
2025-07-12,Lampung,10,14700.0,True,15800.0,1050.0,2025-07
2025-07-12,Banten,11,15700.0,True,15800.0,1050.0,2025-07
2025-07-12,Jawa Barat,12,14800.0,True,15800.0,1050.0,2025-07
2025-07-12,DKI Jakarta,13,16100.0,True,15800.0,1050.0,2025-07
2025-07-12,Jawa Tengah,14,14950.0,True,15800.0,1050.0,2025-07
2025-07-12,DI Yogyakarta,15,14450.0,True,15800.0,1050.0,2025-07
2025-07-12,Jawa Timur,16,14600.0,True,15800.0,1050.0,2025-07
2025-07-12,Bali,17,15600.0,True,15800.0,1050.0,2025-07
2025-07-12,Nusa Tenggara Barat,18,13950.0,True,15800.0,1050.0,2025-07
2025-07-12,Nusa Tenggara Timur,19,15300.0,True,15800.0,1050.0,2025-07
2025-07-12,Kalimantan Barat,20,16400.0,True,15800.0,1050.0,2025-07
2025-07-12,Kalimantan Selatan,21,17250.0,True,15800.0,1050.0,2025-07
2025-07-12,Kalimantan Tengah,22,17500.0,True,15800.0,1050.0,2025-07
2025-07-12,Kalimantan Timur,23,16400.0,True,15800.0,1050.0,2025-07
2025-07-12,Kalimantan Utara,24,16950.0,True,15800.0,1050.0,2025-07
2025-07-12,Gorontalo,25,16050.0,True,15800.0,1050.0,2025-07
2025-07-12,Sulawesi Selatan,26,14000.0,True,15800.0,1050.0,2025-07
2025-07-12,Sulawesi Tenggara,27,16400.0,True,15800.0,1050.0,2025-07
2025-07-12,Sulawesi Tengah,28,16050.0,True,15800.0,1050.0,2025-07
2025-07-12,Sulawesi Utara,29,16400.0,True,15800.0,1050.0,2025-07
2025-07-12,Sulawesi Barat,30,14950.0,True,15800.0,1050.0,2025-07
2025-07-12,Maluku,31,17150.0,True,15800.0,1050.0,2025-07
2025-07-12,Maluku Utara,32,16700.0,True,15800.0,1050.0,2025-07
2025-07-12,Papua,33,18450.0,True,15800.0,1050.0,2025-07
2025-07-12,Papua Barat,34,16900.0,True,15800.0,1050.0,2025-07
2025-07-13,Aceh,1,14650.0,True,15800.0,1050.0,2025-07
2025-07-13,Sumatera Utara,2,14600.0,True,15800.0,1050.0,2025-07
2025-07-13,Sumatera Barat,3,16850.0,True,15800.0,1050.0,2025-07
2025-07-13,Riau,4,16300.0,True,15800.0,1050.0,2025-07
2025-07-13,Kepulauan Riau,5,15150.0,True,15800.0,1050.0,2025-07
2025-07-13,Jambi,6,15400.0,True,15800.0,1050.0,2025-07
2025-07-13,Bengkulu,7,15600.0,True,15800.0,1050.0,2025-07
2025-07-13,Sumatera Selatan,8,15200.0,True,15800.0,1050.0,2025-07
2025-07-13,Kepulauan Bangka Belitung,9,15250.0,True,15800.0,1050.0,2025-07
2025-07-13,Lampung,10,14700.0,True,15800.0,1050.0,2025-07
2025-07-13,Banten,11,15700.0,True,15800.0,1050.0,2025-07
2025-07-13,Jawa Barat,12,14800.0,True,15800.0,1050.0,2025-07
2025-07-13,DKI Jakarta,13,16100.0,True,15800.0,1050.0,2025-07
2025-07-13,Jawa Tengah,14,14950.0,True,15800.0,1050.0,2025-07
2025-07-13,DI Yogyakarta,15,14450.0,True,15800.0,1050.0,2025-07
2025-07-13,Jawa Timur,16,14600.0,True,15800.0,1050.0,2025-07
2025-07-13,Bali,17,15600.0,True,15800.0,1050.0,2025-07
2025-07-13,Nusa Tenggara Barat,18,13950.0,True,15800.0,1050.0,2025-07
2025-07-13,Nusa Tenggara Timur,19,15300.0,True,15800.0,1050.0,2025-07
2025-07-13,Kalimantan Barat,20,16400.0,True,15800.0,1050.0,2025-07
2025-07-13,Kalimantan Selatan,21,17250.0,True,15800.0,1050.0,2025-07
2025-07-13,Kalimantan Tengah,22,17500.0,True,15800.0,1050.0,2025-07
2025-07-13,Kalimantan Timur,23,16400.0,True,15800.0,1050.0,2025-07
2025-07-13,Kalimantan Utara,24,16950.0,True,15800.0,1050.0,2025-07
2025-07-13,Gorontalo,25,16050.0,True,15800.0,1050.0,2025-07
2025-07-13,Sulawesi Selatan,26,14000.0,True,15800.0,1050.0,2025-07
2025-07-13,Sulawesi Tenggara,27,16400.0,True,15800.0,1050.0,2025-07
2025-07-13,Sulawesi Tengah,28,16050.0,True,15800.0,1050.0,2025-07
2025-07-13,Sulawesi Utara,29,16400.0,True,15800.0,1050.0,2025-07
2025-07-13,Sulawesi Barat,30,14950.0,True,15800.0,1050.0,2025-07
2025-07-13,Maluku,31,17150.0,True,15800.0,1050.0,2025-07
2025-07-13,Maluku Utara,32,16700.0,True,15800.0,1050.0,2025-07
2025-07-13,Papua,33,18450.0,True,15800.0,1050.0,2025-07
2025-07-13,Papua Barat,34,16900.0,True,15800.0,1050.0,2025-07
2025-07-14,Aceh,1,14650.0,True,15800.0,1050.0,2025-07
2025-07-14,Sumatera Utara,2,14650.0,True,15800.0,1050.0,2025-07
2025-07-14,Sumatera Barat,3,16850.0,True,15800.0,1050.0,2025-07
2025-07-14,Riau,4,16300.0,True,15800.0,1050.0,2025-07
2025-07-14,Kepulauan Riau,5,15150.0,True,15800.0,1050.0,2025-07
2025-07-14,Jambi,6,15400.0,True,15800.0,1050.0,2025-07
2025-07-14,Bengkulu,7,15600.0,True,15800.0,1050.0,2025-07
2025-07-14,Sumatera Selatan,8,15250.0,True,15800.0,1050.0,2025-07
2025-07-14,Kepulauan Bangka Belitung,9,15350.0,True,15800.0,1050.0,2025-07
2025-07-14,Lampung,10,14700.0,True,15800.0,1050.0,2025-07
2025-07-14,Banten,11,15700.0,True,15800.0,1050.0,2025-07
2025-07-14,Jawa Barat,12,14800.0,True,15800.0,1050.0,2025-07
2025-07-14,DKI Jakarta,13,16200.0,True,15800.0,1050.0,2025-07
2025-07-14,Jawa Tengah,14,14950.0,True,15800.0,1050.0,2025-07
2025-07-14,DI Yogyakarta,15,14450.0,True,15800.0,1050.0,2025-07
2025-07-14,Jawa Timur,16,14650.0,True,15800.0,1050.0,2025-07
2025-07-14,Bali,17,15600.0,True,15800.0,1050.0,2025-07
2025-07-14,Nusa Tenggara Barat,18,13950.0,True,15800.0,1050.0,2025-07
2025-07-14,Nusa Tenggara Timur,19,15300.0,True,15800.0,1050.0,2025-07
2025-07-14,Kalimantan Barat,20,16400.0,True,15800.0,1050.0,2025-07
2025-07-14,Kalimantan Selatan,21,17250.0,True,15800.0,1050.0,2025-07
2025-07-14,Kalimantan Tengah,22,17500.0,True,15800.0,1050.0,2025-07
2025-07-14,Kalimantan Timur,23,16400.0,True,15800.0,1050.0,2025-07
2025-07-14,Kalimantan Utara,24,16950.0,True,15800.0,1050.0,2025-07
2025-07-14,Gorontalo,25,16100.0,True,15800.0,1050.0,2025-07
2025-07-14,Sulawesi Selatan,26,14100.0,True,15800.0,1050.0,2025-07
2025-07-14,Sulawesi Tenggara,27,16500.0,True,15800.0,1050.0,2025-07
2025-07-14,Sulawesi Tengah,28,16050.0,True,15800.0,1050.0,2025-07
2025-07-14,Sulawesi Utara,29,16450.0,True,15800.0,1050.0,2025-07
2025-07-14,Sulawesi Barat,30,14950.0,True,15800.0,1050.0,2025-07
2025-07-14,Maluku,31,17150.0,True,15800.0,1050.0,2025-07
2025-07-14,Maluku Utara,32,16700.0,True,15800.0,1050.0,2025-07
2025-07-14,Papua,33,18450.0,True,15800.0,1050.0,2025-07
2025-07-14,Papua Barat,34,16950.0,True,15800.0,1050.0,2025-07
2025-07-15,Aceh,1,14750.0,True,15800.0,1050.0,2025-07
2025-07-15,Sumatera Utara,2,14650.0,True,15800.0,1050.0,2025-07
2025-07-15,Sumatera Barat,3,16850.0,True,15800.0,1050.0,2025-07
2025-07-15,Riau,4,16300.0,True,15800.0,1050.0,2025-07
2025-07-15,Kepulauan Riau,5,15150.0,True,15800.0,1050.0,2025-07
2025-07-15,Jambi,6,15400.0,True,15800.0,1050.0,2025-07
2025-07-15,Bengkulu,7,15600.0,True,15800.0,1050.0,2025-07
2025-07-15,Sumatera Selatan,8,15200.0,True,15800.0,1050.0,2025-07
2025-07-15,Kepulauan Bangka Belitung,9,15350.0,True,15800.0,1050.0,2025-07
2025-07-15,Lampung,10,14750.0,True,15800.0,1050.0,2025-07
2025-07-15,Banten,11,15700.0,True,15800.0,1050.0,2025-07
2025-07-15,Jawa Barat,12,14800.0,True,15800.0,1050.0,2025-07
2025-07-15,DKI Jakarta,13,16200.0,True,15800.0,1050.0,2025-07
2025-07-15,Jawa Tengah,14,14950.0,True,15800.0,1050.0,2025-07
2025-07-15,DI Yogyakarta,15,14450.0,True,15800.0,1050.0,2025-07
2025-07-15,Jawa Timur,16,14650.0,True,15800.0,1050.0,2025-07
2025-07-15,Bali,17,15600.0,True,15800.0,1050.0,2025-07
2025-07-15,Nusa Tenggara Barat,18,14000.0,True,15800.0,1050.0,2025-07
2025-07-15,Nusa Tenggara Timur,19,15300.0,True,15800.0,1050.0,2025-07
2025-07-15,Kalimantan Barat,20,16400.0,True,15800.0,1050.0,2025-07
2025-07-15,Kalimantan Selatan,21,17350.0,True,15800.0,1050.0,2025-07
2025-07-15,Kalimantan Tengah,22,17500.0,True,15800.0,1050.0,2025-07
2025-07-15,Kalimantan Timur,23,16400.0,True,15800.0,1050.0,2025-07
2025-07-15,Kalimantan Utara,24,16950.0,True,15800.0,1050.0,2025-07
2025-07-15,Gorontalo,25,16100.0,True,15800.0,1050.0,2025-07
2025-07-15,Sulawesi Selatan,26,14100.0,True,15800.0,1050.0,2025-07
2025-07-15,Sulawesi Tenggara,27,16550.0,True,15800.0,1050.0,2025-07
2025-07-15,Sulawesi Tengah,28,16050.0,True,15800.0,1050.0,2025-07
2025-07-15,Sulawesi Utara,29,16500.0,True,15800.0,1050.0,2025-07
2025-07-15,Sulawesi Barat,30,14950.0,True,15800.0,1050.0,2025-07
2025-07-15,Maluku,31,17150.0,True,15800.0,1050.0,2025-07
2025-07-15,Maluku Utara,32,16700.0,True,15800.0,1050.0,2025-07
2025-07-15,Papua,33,18400.0,True,15800.0,1050.0,2025-07
2025-07-15,Papua Barat,34,16950.0,True,15800.0,1050.0,2025-07
2025-07-16,Aceh,1,14950.0,True,15850.0,1050.0,2025-07
2025-07-16,Sumatera Utara,2,14700.0,True,15850.0,1050.0,2025-07
2025-07-16,Sumatera Barat,3,16850.0,True,15850.0,1050.0,2025-07
2025-07-16,Riau,4,16300.0,True,15850.0,1050.0,2025-07
2025-07-16,Kepulauan Riau,5,15150.0,True,15850.0,1050.0,2025-07
2025-07-16,Jambi,6,15400.0,True,15850.0,1050.0,2025-07
2025-07-16,Bengkulu,7,15600.0,True,15850.0,1050.0,2025-07
2025-07-16,Sumatera Selatan,8,15200.0,True,15850.0,1050.0,2025-07
2025-07-16,Kepulauan Bangka Belitung,9,15400.0,True,15850.0,1050.0,2025-07
2025-07-16,Lampung,10,14750.0,True,15850.0,1050.0,2025-07
2025-07-16,Banten,11,15700.0,True,15850.0,1050.0,2025-07
2025-07-16,Jawa Barat,12,14800.0,True,15850.0,1050.0,2025-07
2025-07-16,DKI Jakarta,13,16200.0,True,15850.0,1050.0,2025-07
2025-07-16,Jawa Tengah,14,14950.0,True,15850.0,1050.0,2025-07
2025-07-16,DI Yogyakarta,15,14450.0,True,15850.0,1050.0,2025-07
2025-07-16,Jawa Timur,16,14650.0,True,15850.0,1050.0,2025-07
2025-07-16,Bali,17,15600.0,True,15850.0,1050.0,2025-07
2025-07-16,Nusa Tenggara Barat,18,14050.0,True,15850.0,1050.0,2025-07
2025-07-16,Nusa Tenggara Timur,19,15300.0,True,15850.0,1050.0,2025-07
2025-07-16,Kalimantan Barat,20,16400.0,True,15850.0,1050.0,2025-07
2025-07-16,Kalimantan Selatan,21,17350.0,True,15850.0,1050.0,2025-07
2025-07-16,Kalimantan Tengah,22,17500.0,True,15850.0,1050.0,2025-07
2025-07-16,Kalimantan Timur,23,16400.0,True,15850.0,1050.0,2025-07
2025-07-16,Kalimantan Utara,24,16950.0,True,15850.0,1050.0,2025-07
2025-07-16,Gorontalo,25,16100.0,True,15850.0,1050.0,2025-07
2025-07-16,Sulawesi Selatan,26,14100.0,True,15850.0,1050.0,2025-07
2025-07-16,Sulawesi Tenggara,27,16550.0,True,15850.0,1050.0,2025-07
2025-07-16,Sulawesi Tengah,28,16150.0,True,15850.0,1050.0,2025-07
2025-07-16,Sulawesi Utara,29,16500.0,True,15850.0,1050.0,2025-07
2025-07-16,Sulawesi Barat,30,14950.0,True,15850.0,1050.0,2025-07
2025-07-16,Maluku,31,17200.0,True,15850.0,1050.0,2025-07
2025-07-16,Maluku Utara,32,16700.0,True,15850.0,1050.0,2025-07
2025-07-16,Papua,33,18400.0,True,15850.0,1050.0,2025-07
2025-07-16,Papua Barat,34,16950.0,True,15850.0,1050.0,2025-07
2025-07-17,Aceh,1,15000.0,True,15850.0,1050.0,2025-07
2025-07-17,Sumatera Utara,2,14750.0,True,15850.0,1050.0,2025-07
2025-07-17,Sumatera Barat,3,16850.0,True,15850.0,1050.0,2025-07
2025-07-17,Riau,4,16300.0,True,15850.0,1050.0,2025-07
2025-07-17,Kepulauan Riau,5,15150.0,True,15850.0,1050.0,2025-07
2025-07-17,Jambi,6,15400.0,True,15850.0,1050.0,2025-07
2025-07-17,Bengkulu,7,15600.0,True,15850.0,1050.0,2025-07
2025-07-17,Sumatera Selatan,8,15250.0,True,15850.0,1050.0,2025-07
2025-07-17,Kepulauan Bangka Belitung,9,15400.0,True,15850.0,1050.0,2025-07
2025-07-17,Lampung,10,14750.0,True,15850.0,1050.0,2025-07
2025-07-17,Banten,11,15700.0,True,15850.0,1050.0,2025-07
2025-07-17,Jawa Barat,12,14800.0,True,15850.0,1050.0,2025-07
2025-07-17,DKI Jakarta,13,16200.0,True,15850.0,1050.0,2025-07
2025-07-17,Jawa Tengah,14,14950.0,True,15850.0,1050.0,2025-07
2025-07-17,DI Yogyakarta,15,14450.0,True,15850.0,1050.0,2025-07
2025-07-17,Jawa Timur,16,14650.0,True,15850.0,1050.0,2025-07
2025-07-17,Bali,17,15600.0,True,15850.0,1050.0,2025-07
2025-07-17,Nusa Tenggara Barat,18,14050.0,True,15850.0,1050.0,2025-07
2025-07-17,Nusa Tenggara Timur,19,15300.0,True,15850.0,1050.0,2025-07
2025-07-17,Kalimantan Barat,20,16400.0,True,15850.0,1050.0,2025-07
2025-07-17,Kalimantan Selatan,21,17350.0,True,15850.0,1050.0,2025-07
2025-07-17,Kalimantan Tengah,22,17500.0,True,15850.0,1050.0,2025-07
2025-07-17,Kalimantan Timur,23,16400.0,True,15850.0,1050.0,2025-07
2025-07-17,Kalimantan Utara,24,16950.0,True,15850.0,1050.0,2025-07
2025-07-17,Gorontalo,25,16200.0,True,15850.0,1050.0,2025-07
2025-07-17,Sulawesi Selatan,26,14100.0,True,15850.0,1050.0,2025-07
2025-07-17,Sulawesi Tenggara,27,16500.0,True,15850.0,1050.0,2025-07
2025-07-17,Sulawesi Tengah,28,16200.0,True,15850.0,1050.0,2025-07
2025-07-17,Sulawesi Utara,29,16500.0,True,15850.0,1050.0,2025-07
2025-07-17,Sulawesi Barat,30,15150.0,True,15850.0,1050.0,2025-07
2025-07-17,Maluku,31,17000.0,True,15850.0,1050.0,2025-07
2025-07-17,Maluku Utara,32,16700.0,True,15850.0,1050.0,2025-07
2025-07-17,Papua,33,18400.0,True,15850.0,1050.0,2025-07
2025-07-17,Papua Barat,34,16950.0,True,15850.0,1050.0,2025-07
2025-07-18,Aceh,1,15000.0,True,15800.0,1050.0,2025-07
2025-07-18,Sumatera Utara,2,14750.0,True,15800.0,1050.0,2025-07
2025-07-18,Sumatera Barat,3,16850.0,True,15800.0,1050.0,2025-07
2025-07-18,Riau,4,16300.0,True,15800.0,1050.0,2025-07
2025-07-18,Kepulauan Riau,5,15150.0,True,15800.0,1050.0,2025-07
2025-07-18,Jambi,6,15400.0,True,15800.0,1050.0,2025-07
2025-07-18,Bengkulu,7,15600.0,True,15800.0,1050.0,2025-07
2025-07-18,Sumatera Selatan,8,15150.0,True,15800.0,1050.0,2025-07
2025-07-18,Kepulauan Bangka Belitung,9,15400.0,True,15800.0,1050.0,2025-07
2025-07-18,Lampung,10,14750.0,True,15800.0,1050.0,2025-07
2025-07-18,Banten,11,15700.0,True,15800.0,1050.0,2025-07
2025-07-18,Jawa Barat,12,14800.0,True,15800.0,1050.0,2025-07
2025-07-18,DKI Jakarta,13,16200.0,True,15800.0,1050.0,2025-07
2025-07-18,Jawa Tengah,14,14950.0,True,15800.0,1050.0,2025-07
2025-07-18,DI Yogyakarta,15,14450.0,True,15800.0,1050.0,2025-07
2025-07-18,Jawa Timur,16,14650.0,True,15800.0,1050.0,2025-07
2025-07-18,Bali,17,15600.0,True,15800.0,1050.0,2025-07
2025-07-18,Nusa Tenggara Barat,18,14050.0,True,15800.0,1050.0,2025-07
2025-07-18,Nusa Tenggara Timur,19,15300.0,True,15800.0,1050.0,2025-07
2025-07-18,Kalimantan Barat,20,16400.0,True,15800.0,1050.0,2025-07
2025-07-18,Kalimantan Selatan,21,17350.0,True,15800.0,1050.0,2025-07
2025-07-18,Kalimantan Tengah,22,17500.0,True,15800.0,1050.0,2025-07
2025-07-18,Kalimantan Timur,23,16400.0,True,15800.0,1050.0,2025-07
2025-07-18,Kalimantan Utara,24,16950.0,True,15800.0,1050.0,2025-07
2025-07-18,Gorontalo,25,16350.0,True,15800.0,1050.0,2025-07
2025-07-18,Sulawesi Selatan,26,14100.0,True,15800.0,1050.0,2025-07
2025-07-18,Sulawesi Tenggara,27,16500.0,True,15800.0,1050.0,2025-07
2025-07-18,Sulawesi Tengah,28,16200.0,True,15800.0,1050.0,2025-07
2025-07-18,Sulawesi Utara,29,15950.0,True,15800.0,1050.0,2025-07
2025-07-18,Sulawesi Barat,30,15150.0,True,15800.0,1050.0,2025-07
2025-07-18,Maluku,31,17000.0,True,15800.0,1050.0,2025-07
2025-07-18,Maluku Utara,32,16700.0,True,15800.0,1050.0,2025-07
2025-07-18,Papua,33,18400.0,True,15800.0,1050.0,2025-07
2025-07-18,Papua Barat,34,16950.0,True,15800.0,1050.0,2025-07
2025-07-19,Aceh,1,15000.0,True,15800.0,1050.0,2025-07
2025-07-19,Sumatera Utara,2,14750.0,True,15800.0,1050.0,2025-07
2025-07-19,Sumatera Barat,3,16850.0,True,15800.0,1050.0,2025-07
2025-07-19,Riau,4,16300.0,True,15800.0,1050.0,2025-07
2025-07-19,Kepulauan Riau,5,15150.0,True,15800.0,1050.0,2025-07
2025-07-19,Jambi,6,15400.0,True,15800.0,1050.0,2025-07
2025-07-19,Bengkulu,7,15600.0,True,15800.0,1050.0,2025-07
2025-07-19,Sumatera Selatan,8,15150.0,True,15800.0,1050.0,2025-07
2025-07-19,Kepulauan Bangka Belitung,9,15400.0,True,15800.0,1050.0,2025-07
2025-07-19,Lampung,10,14750.0,True,15800.0,1050.0,2025-07
2025-07-19,Banten,11,15700.0,True,15800.0,1050.0,2025-07
2025-07-19,Jawa Barat,12,14800.0,True,15800.0,1050.0,2025-07
2025-07-19,DKI Jakarta,13,16200.0,True,15800.0,1050.0,2025-07
2025-07-19,Jawa Tengah,14,14950.0,True,15800.0,1050.0,2025-07
2025-07-19,DI Yogyakarta,15,14450.0,True,15800.0,1050.0,2025-07
2025-07-19,Jawa Timur,16,14650.0,True,15800.0,1050.0,2025-07
2025-07-19,Bali,17,15600.0,True,15800.0,1050.0,2025-07
2025-07-19,Nusa Tenggara Barat,18,14050.0,True,15800.0,1050.0,2025-07
2025-07-19,Nusa Tenggara Timur,19,15300.0,True,15800.0,1050.0,2025-07
2025-07-19,Kalimantan Barat,20,16400.0,True,15800.0,1050.0,2025-07
2025-07-19,Kalimantan Selatan,21,17350.0,True,15800.0,1050.0,2025-07
2025-07-19,Kalimantan Tengah,22,17500.0,True,15800.0,1050.0,2025-07
2025-07-19,Kalimantan Timur,23,16400.0,True,15800.0,1050.0,2025-07
2025-07-19,Kalimantan Utara,24,16950.0,True,15800.0,1050.0,2025-07
2025-07-19,Gorontalo,25,16350.0,True,15800.0,1050.0,2025-07
2025-07-19,Sulawesi Selatan,26,14100.0,True,15800.0,1050.0,2025-07
2025-07-19,Sulawesi Tenggara,27,16500.0,True,15800.0,1050.0,2025-07
2025-07-19,Sulawesi Tengah,28,16200.0,True,15800.0,1050.0,2025-07
2025-07-19,Sulawesi Utara,29,15950.0,True,15800.0,1050.0,2025-07
2025-07-19,Sulawesi Barat,30,15150.0,True,15800.0,1050.0,2025-07
2025-07-19,Maluku,31,17000.0,True,15800.0,1050.0,2025-07
2025-07-19,Maluku Utara,32,16700.0,True,15800.0,1050.0,2025-07
2025-07-19,Papua,33,18400.0,True,15800.0,1050.0,2025-07
2025-07-19,Papua Barat,34,16950.0,True,15800.0,1050.0,2025-07
2025-07-20,Aceh,1,15000.0,True,15800.0,1050.0,2025-07
2025-07-20,Sumatera Utara,2,14750.0,True,15800.0,1050.0,2025-07
2025-07-20,Sumatera Barat,3,16850.0,True,15800.0,1050.0,2025-07
2025-07-20,Riau,4,16300.0,True,15800.0,1050.0,2025-07
2025-07-20,Kepulauan Riau,5,15150.0,True,15800.0,1050.0,2025-07
2025-07-20,Jambi,6,15400.0,True,15800.0,1050.0,2025-07
2025-07-20,Bengkulu,7,15600.0,True,15800.0,1050.0,2025-07
2025-07-20,Sumatera Selatan,8,15150.0,True,15800.0,1050.0,2025-07
2025-07-20,Kepulauan Bangka Belitung,9,15400.0,True,15800.0,1050.0,2025-07
2025-07-20,Lampung,10,14750.0,True,15800.0,1050.0,2025-07
2025-07-20,Banten,11,15700.0,True,15800.0,1050.0,2025-07
2025-07-20,Jawa Barat,12,14800.0,True,15800.0,1050.0,2025-07
2025-07-20,DKI Jakarta,13,16200.0,True,15800.0,1050.0,2025-07
2025-07-20,Jawa Tengah,14,14950.0,True,15800.0,1050.0,2025-07
2025-07-20,DI Yogyakarta,15,14450.0,True,15800.0,1050.0,2025-07
2025-07-20,Jawa Timur,16,14650.0,True,15800.0,1050.0,2025-07
2025-07-20,Bali,17,15600.0,True,15800.0,1050.0,2025-07
2025-07-20,Nusa Tenggara Barat,18,14050.0,True,15800.0,1050.0,2025-07
2025-07-20,Nusa Tenggara Timur,19,15300.0,True,15800.0,1050.0,2025-07
2025-07-20,Kalimantan Barat,20,16400.0,True,15800.0,1050.0,2025-07
2025-07-20,Kalimantan Selatan,21,17350.0,True,15800.0,1050.0,2025-07
2025-07-20,Kalimantan Tengah,22,17500.0,True,15800.0,1050.0,2025-07
2025-07-20,Kalimantan Timur,23,16400.0,True,15800.0,1050.0,2025-07
2025-07-20,Kalimantan Utara,24,16950.0,True,15800.0,1050.0,2025-07
2025-07-20,Gorontalo,25,16350.0,True,15800.0,1050.0,2025-07
2025-07-20,Sulawesi Selatan,26,14100.0,True,15800.0,1050.0,2025-07
2025-07-20,Sulawesi Tenggara,27,16500.0,True,15800.0,1050.0,2025-07
2025-07-20,Sulawesi Tengah,28,16200.0,True,15800.0,1050.0,2025-07
2025-07-20,Sulawesi Utara,29,15950.0,True,15800.0,1050.0,2025-07
2025-07-20,Sulawesi Barat,30,15150.0,True,15800.0,1050.0,2025-07
2025-07-20,Maluku,31,17000.0,True,15800.0,1050.0,2025-07
2025-07-20,Maluku Utara,32,16700.0,True,15800.0,1050.0,2025-07
2025-07-20,Papua,33,18400.0,True,15800.0,1050.0,2025-07
2025-07-20,Papua Barat,34,16950.0,True,15800.0,1050.0,2025-07
2025-07-21,Aceh,1,15150.0,True,15900.0,1050.0,2025-07
2025-07-21,Sumatera Utara,2,14850.0,True,15900.0,1050.0,2025-07
2025-07-21,Sumatera Barat,3,16900.0,True,15900.0,1050.0,2025-07
2025-07-21,Riau,4,16300.0,True,15900.0,1050.0,2025-07
2025-07-21,Kepulauan Riau,5,15200.0,True,15900.0,1050.0,2025-07
2025-07-21,Jambi,6,15400.0,True,15900.0,1050.0,2025-07
2025-07-21,Bengkulu,7,15350.0,True,15900.0,1050.0,2025-07
2025-07-21,Sumatera Selatan,8,15200.0,True,15900.0,1050.0,2025-07
2025-07-21,Kepulauan Bangka Belitung,9,15400.0,True,15900.0,1050.0,2025-07
2025-07-21,Lampung,10,14750.0,True,15900.0,1050.0,2025-07
2025-07-21,Banten,11,15700.0,True,15900.0,1050.0,2025-07
2025-07-21,Jawa Barat,12,14800.0,True,15900.0,1050.0,2025-07
2025-07-21,DKI Jakarta,13,16200.0,True,15900.0,1050.0,2025-07
2025-07-21,Jawa Tengah,14,14950.0,True,15900.0,1050.0,2025-07
2025-07-21,DI Yogyakarta,15,14450.0,True,15900.0,1050.0,2025-07
2025-07-21,Jawa Timur,16,14650.0,True,15900.0,1050.0,2025-07
2025-07-21,Bali,17,15600.0,True,15900.0,1050.0,2025-07
2025-07-21,Nusa Tenggara Barat,18,14050.0,True,15900.0,1050.0,2025-07
2025-07-21,Nusa Tenggara Timur,19,15300.0,True,15900.0,1050.0,2025-07
2025-07-21,Kalimantan Barat,20,16400.0,True,15900.0,1050.0,2025-07
2025-07-21,Kalimantan Selatan,21,17350.0,True,15900.0,1050.0,2025-07
2025-07-21,Kalimantan Tengah,22,17500.0,True,15900.0,1050.0,2025-07
2025-07-21,Kalimantan Timur,23,16400.0,True,15900.0,1050.0,2025-07
2025-07-21,Kalimantan Utara,24,17050.0,True,15900.0,1050.0,2025-07
2025-07-21,Gorontalo,25,16450.0,True,15900.0,1050.0,2025-07
2025-07-21,Sulawesi Selatan,26,14500.0,True,15900.0,1050.0,2025-07
2025-07-21,Sulawesi Tenggara,27,16500.0,True,15900.0,1050.0,2025-07
2025-07-21,Sulawesi Tengah,28,16850.0,True,15900.0,1050.0,2025-07
2025-07-21,Sulawesi Utara,29,16500.0,True,15900.0,1050.0,2025-07
2025-07-21,Sulawesi Barat,30,15150.0,True,15900.0,1050.0,2025-07
2025-07-21,Maluku,31,17000.0,True,15900.0,1050.0,2025-07
2025-07-21,Maluku Utara,32,16700.0,True,15900.0,1050.0,2025-07
2025-07-21,Papua,33,18650.0,True,15900.0,1050.0,2025-07
2025-07-21,Papua Barat,34,16950.0,True,15900.0,1050.0,2025-07
2025-07-22,Aceh,1,15150.0,True,15900.0,1050.0,2025-07
2025-07-22,Sumatera Utara,2,14900.0,True,15900.0,1050.0,2025-07
2025-07-22,Sumatera Barat,3,16900.0,True,15900.0,1050.0,2025-07
2025-07-22,Riau,4,16300.0,True,15900.0,1050.0,2025-07
2025-07-22,Kepulauan Riau,5,15200.0,True,15900.0,1050.0,2025-07
2025-07-22,Jambi,6,15400.0,True,15900.0,1050.0,2025-07
2025-07-22,Bengkulu,7,15600.0,True,15900.0,1050.0,2025-07
2025-07-22,Sumatera Selatan,8,15200.0,True,15900.0,1050.0,2025-07
2025-07-22,Kepulauan Bangka Belitung,9,15400.0,True,15900.0,1050.0,2025-07
2025-07-22,Lampung,10,14750.0,True,15900.0,1050.0,2025-07
2025-07-22,Banten,11,15700.0,True,15900.0,1050.0,2025-07
2025-07-22,Jawa Barat,12,14800.0,True,15900.0,1050.0,2025-07
2025-07-22,DKI Jakarta,13,16200.0,True,15900.0,1050.0,2025-07
2025-07-22,Jawa Tengah,14,14950.0,True,15900.0,1050.0,2025-07
2025-07-22,DI Yogyakarta,15,14450.0,True,15900.0,1050.0,2025-07
2025-07-22,Jawa Timur,16,14650.0,True,15900.0,1050.0,2025-07
2025-07-22,Bali,17,15600.0,True,15900.0,1050.0,2025-07
2025-07-22,Nusa Tenggara Barat,18,14000.0,True,15900.0,1050.0,2025-07
2025-07-22,Nusa Tenggara Timur,19,15300.0,True,15900.0,1050.0,2025-07
2025-07-22,Kalimantan Barat,20,16400.0,True,15900.0,1050.0,2025-07
2025-07-22,Kalimantan Selatan,21,17350.0,True,15900.0,1050.0,2025-07
2025-07-22,Kalimantan Tengah,22,17500.0,True,15900.0,1050.0,2025-07
2025-07-22,Kalimantan Timur,23,16400.0,True,15900.0,1050.0,2025-07
2025-07-22,Kalimantan Utara,24,17050.0,True,15900.0,1050.0,2025-07
2025-07-22,Gorontalo,25,16650.0,True,15900.0,1050.0,2025-07
2025-07-22,Sulawesi Selatan,26,14500.0,True,15900.0,1050.0,2025-07
2025-07-22,Sulawesi Tenggara,27,16550.0,True,15900.0,1050.0,2025-07
2025-07-22,Sulawesi Tengah,28,16850.0,True,15900.0,1050.0,2025-07
2025-07-22,Sulawesi Utara,29,16600.0,True,15900.0,1050.0,2025-07
2025-07-22,Sulawesi Barat,30,15150.0,True,15900.0,1050.0,2025-07
2025-07-22,Maluku,31,17000.0,True,15900.0,1050.0,2025-07
2025-07-22,Maluku Utara,32,16700.0,True,15900.0,1050.0,2025-07
2025-07-22,Papua,33,18650.0,True,15900.0,1050.0,2025-07
2025-07-22,Papua Barat,34,16950.0,True,15900.0,1050.0,2025-07
2025-07-23,Aceh,1,15150.0,True,15900.0,1050.0,2025-07
2025-07-23,Sumatera Utara,2,14900.0,True,15900.0,1050.0,2025-07
2025-07-23,Sumatera Barat,3,16900.0,True,15900.0,1050.0,2025-07
2025-07-23,Riau,4,16300.0,True,15900.0,1050.0,2025-07
2025-07-23,Kepulauan Riau,5,15200.0,True,15900.0,1050.0,2025-07
2025-07-23,Jambi,6,15400.0,True,15900.0,1050.0,2025-07
2025-07-23,Bengkulu,7,15600.0,True,15900.0,1050.0,2025-07
2025-07-23,Sumatera Selatan,8,15450.0,True,15900.0,1050.0,2025-07
2025-07-23,Kepulauan Bangka Belitung,9,15400.0,True,15900.0,1050.0,2025-07
2025-07-23,Lampung,10,14800.0,True,15900.0,1050.0,2025-07
2025-07-23,Banten,11,15700.0,True,15900.0,1050.0,2025-07
2025-07-23,Jawa Barat,12,14800.0,True,15900.0,1050.0,2025-07
2025-07-23,DKI Jakarta,13,16200.0,True,15900.0,1050.0,2025-07
2025-07-23,Jawa Tengah,14,14950.0,True,15900.0,1050.0,2025-07
2025-07-23,DI Yogyakarta,15,14450.0,True,15900.0,1050.0,2025-07
2025-07-23,Jawa Timur,16,14650.0,True,15900.0,1050.0,2025-07
2025-07-23,Bali,17,15600.0,True,15900.0,1050.0,2025-07
2025-07-23,Nusa Tenggara Barat,18,14100.0,True,15900.0,1050.0,2025-07
2025-07-23,Nusa Tenggara Timur,19,15300.0,True,15900.0,1050.0,2025-07
2025-07-23,Kalimantan Barat,20,16400.0,True,15900.0,1050.0,2025-07
2025-07-23,Kalimantan Selatan,21,17350.0,True,15900.0,1050.0,2025-07
2025-07-23,Kalimantan Tengah,22,17550.0,True,15900.0,1050.0,2025-07
2025-07-23,Kalimantan Timur,23,16450.0,True,15900.0,1050.0,2025-07
2025-07-23,Kalimantan Utara,24,17050.0,True,15900.0,1050.0,2025-07
2025-07-23,Gorontalo,25,16650.0,True,15900.0,1050.0,2025-07
2025-07-23,Sulawesi Selatan,26,14500.0,True,15900.0,1050.0,2025-07
2025-07-23,Sulawesi Tenggara,27,16550.0,True,15900.0,1050.0,2025-07
2025-07-23,Sulawesi Tengah,28,16850.0,True,15900.0,1050.0,2025-07
2025-07-23,Sulawesi Utara,29,16650.0,True,15900.0,1050.0,2025-07
2025-07-23,Sulawesi Barat,30,15150.0,True,15900.0,1050.0,2025-07
2025-07-23,Maluku,31,17000.0,True,15900.0,1050.0,2025-07
2025-07-23,Maluku Utara,32,16700.0,True,15900.0,1050.0,2025-07
2025-07-23,Papua,33,18650.0,True,15900.0,1050.0,2025-07
2025-07-23,Papua Barat,34,17000.0,True,15900.0,1050.0,2025-07
2025-07-24,Aceh,1,15200.0,True,15900.0,1050.0,2025-07
2025-07-24,Sumatera Utara,2,14900.0,True,15900.0,1050.0,2025-07
2025-07-24,Sumatera Barat,3,16900.0,True,15900.0,1050.0,2025-07
2025-07-24,Riau,4,16300.0,True,15900.0,1050.0,2025-07
2025-07-24,Kepulauan Riau,5,15200.0,True,15900.0,1050.0,2025-07
2025-07-24,Jambi,6,15400.0,True,15900.0,1050.0,2025-07
2025-07-24,Bengkulu,7,15600.0,True,15900.0,1050.0,2025-07
2025-07-24,Sumatera Selatan,8,15450.0,True,15900.0,1050.0,2025-07
2025-07-24,Kepulauan Bangka Belitung,9,15400.0,True,15900.0,1050.0,2025-07
2025-07-24,Lampung,10,14800.0,True,15900.0,1050.0,2025-07
2025-07-24,Banten,11,15700.0,True,15900.0,1050.0,2025-07
2025-07-24,Jawa Barat,12,14800.0,True,15900.0,1050.0,2025-07
2025-07-24,DKI Jakarta,13,16200.0,True,15900.0,1050.0,2025-07
2025-07-24,Jawa Tengah,14,14950.0,True,15900.0,1050.0,2025-07
2025-07-24,DI Yogyakarta,15,14450.0,True,15900.0,1050.0,2025-07
2025-07-24,Jawa Timur,16,14650.0,True,15900.0,1050.0,2025-07
2025-07-24,Bali,17,15600.0,True,15900.0,1050.0,2025-07
2025-07-24,Nusa Tenggara Barat,18,14100.0,True,15900.0,1050.0,2025-07
2025-07-24,Nusa Tenggara Timur,19,15300.0,True,15900.0,1050.0,2025-07
2025-07-24,Kalimantan Barat,20,16400.0,True,15900.0,1050.0,2025-07
2025-07-24,Kalimantan Selatan,21,17350.0,True,15900.0,1050.0,2025-07
2025-07-24,Kalimantan Tengah,22,17550.0,True,15900.0,1050.0,2025-07
2025-07-24,Kalimantan Timur,23,16450.0,True,15900.0,1050.0,2025-07
2025-07-24,Kalimantan Utara,24,17050.0,True,15900.0,1050.0,2025-07
2025-07-24,Gorontalo,25,16650.0,True,15900.0,1050.0,2025-07
2025-07-24,Sulawesi Selatan,26,14450.0,True,15900.0,1050.0,2025-07
2025-07-24,Sulawesi Tenggara,27,16500.0,True,15900.0,1050.0,2025-07
2025-07-24,Sulawesi Tengah,28,16850.0,True,15900.0,1050.0,2025-07
2025-07-24,Sulawesi Utara,29,16650.0,True,15900.0,1050.0,2025-07
2025-07-24,Sulawesi Barat,30,15150.0,True,15900.0,1050.0,2025-07
2025-07-24,Maluku,31,17000.0,True,15900.0,1050.0,2025-07
2025-07-24,Maluku Utara,32,16700.0,True,15900.0,1050.0,2025-07
2025-07-24,Papua,33,18650.0,True,15900.0,1050.0,2025-07
2025-07-24,Papua Barat,34,17000.0,True,15900.0,1050.0,2025-07
2025-07-25,Aceh,1,15200.0,True,15900.0,1050.0,2025-07
2025-07-25,Sumatera Utara,2,14900.0,True,15900.0,1050.0,2025-07
2025-07-25,Sumatera Barat,3,16900.0,True,15900.0,1050.0,2025-07
2025-07-25,Riau,4,16300.0,True,15900.0,1050.0,2025-07
2025-07-25,Kepulauan Riau,5,15200.0,True,15900.0,1050.0,2025-07
2025-07-25,Jambi,6,15400.0,True,15900.0,1050.0,2025-07
2025-07-25,Bengkulu,7,15600.0,True,15900.0,1050.0,2025-07
2025-07-25,Sumatera Selatan,8,15450.0,True,15900.0,1050.0,2025-07
2025-07-25,Kepulauan Bangka Belitung,9,15400.0,True,15900.0,1050.0,2025-07
2025-07-25,Lampung,10,14800.0,True,15900.0,1050.0,2025-07
2025-07-25,Banten,11,15700.0,True,15900.0,1050.0,2025-07
2025-07-25,Jawa Barat,12,14800.0,True,15900.0,1050.0,2025-07
2025-07-25,DKI Jakarta,13,16200.0,True,15900.0,1050.0,2025-07
2025-07-25,Jawa Tengah,14,14950.0,True,15900.0,1050.0,2025-07
2025-07-25,DI Yogyakarta,15,14450.0,True,15900.0,1050.0,2025-07
2025-07-25,Jawa Timur,16,14650.0,True,15900.0,1050.0,2025-07
2025-07-25,Bali,17,15600.0,True,15900.0,1050.0,2025-07
2025-07-25,Nusa Tenggara Barat,18,14000.0,True,15900.0,1050.0,2025-07
2025-07-25,Nusa Tenggara Timur,19,15300.0,True,15900.0,1050.0,2025-07
2025-07-25,Kalimantan Barat,20,16400.0,True,15900.0,1050.0,2025-07
2025-07-25,Kalimantan Selatan,21,17350.0,True,15900.0,1050.0,2025-07
2025-07-25,Kalimantan Tengah,22,17550.0,True,15900.0,1050.0,2025-07
2025-07-25,Kalimantan Timur,23,16500.0,True,15900.0,1050.0,2025-07
2025-07-25,Kalimantan Utara,24,17050.0,True,15900.0,1050.0,2025-07
2025-07-25,Gorontalo,25,16700.0,True,15900.0,1050.0,2025-07
2025-07-25,Sulawesi Selatan,26,14450.0,True,15900.0,1050.0,2025-07
2025-07-25,Sulawesi Tenggara,27,16500.0,True,15900.0,1050.0,2025-07
2025-07-25,Sulawesi Tengah,28,16850.0,True,15900.0,1050.0,2025-07
2025-07-25,Sulawesi Utara,29,16650.0,True,15900.0,1050.0,2025-07
2025-07-25,Sulawesi Barat,30,15150.0,True,15900.0,1050.0,2025-07
2025-07-25,Maluku,31,17000.0,True,15900.0,1050.0,2025-07
2025-07-25,Maluku Utara,32,16700.0,True,15900.0,1050.0,2025-07
2025-07-25,Papua,33,18650.0,True,15900.0,1050.0,2025-07
2025-07-25,Papua Barat,34,17000.0,True,15900.0,1050.0,2025-07
2025-07-26,Aceh,1,15200.0,True,15900.0,1050.0,2025-07
2025-07-26,Sumatera Utara,2,14900.0,True,15900.0,1050.0,2025-07
2025-07-26,Sumatera Barat,3,16900.0,True,15900.0,1050.0,2025-07
2025-07-26,Riau,4,16300.0,True,15900.0,1050.0,2025-07
2025-07-26,Kepulauan Riau,5,15200.0,True,15900.0,1050.0,2025-07
2025-07-26,Jambi,6,15400.0,True,15900.0,1050.0,2025-07
2025-07-26,Bengkulu,7,15600.0,True,15900.0,1050.0,2025-07
2025-07-26,Sumatera Selatan,8,15450.0,True,15900.0,1050.0,2025-07
2025-07-26,Kepulauan Bangka Belitung,9,15400.0,True,15900.0,1050.0,2025-07
2025-07-26,Lampung,10,14800.0,True,15900.0,1050.0,2025-07
2025-07-26,Banten,11,15700.0,True,15900.0,1050.0,2025-07
2025-07-26,Jawa Barat,12,14800.0,True,15900.0,1050.0,2025-07
2025-07-26,DKI Jakarta,13,16200.0,True,15900.0,1050.0,2025-07
2025-07-26,Jawa Tengah,14,14950.0,True,15900.0,1050.0,2025-07
2025-07-26,DI Yogyakarta,15,14450.0,True,15900.0,1050.0,2025-07
2025-07-26,Jawa Timur,16,14650.0,True,15900.0,1050.0,2025-07
2025-07-26,Bali,17,15600.0,True,15900.0,1050.0,2025-07
2025-07-26,Nusa Tenggara Barat,18,14000.0,True,15900.0,1050.0,2025-07
2025-07-26,Nusa Tenggara Timur,19,15300.0,True,15900.0,1050.0,2025-07
2025-07-26,Kalimantan Barat,20,16400.0,True,15900.0,1050.0,2025-07
2025-07-26,Kalimantan Selatan,21,17350.0,True,15900.0,1050.0,2025-07
2025-07-26,Kalimantan Tengah,22,17550.0,True,15900.0,1050.0,2025-07
2025-07-26,Kalimantan Timur,23,16500.0,True,15900.0,1050.0,2025-07
2025-07-26,Kalimantan Utara,24,17050.0,True,15900.0,1050.0,2025-07
2025-07-26,Gorontalo,25,16700.0,True,15900.0,1050.0,2025-07
2025-07-26,Sulawesi Selatan,26,14450.0,True,15900.0,1050.0,2025-07
2025-07-26,Sulawesi Tenggara,27,16500.0,True,15900.0,1050.0,2025-07
2025-07-26,Sulawesi Tengah,28,16850.0,True,15900.0,1050.0,2025-07
2025-07-26,Sulawesi Utara,29,16650.0,True,15900.0,1050.0,2025-07
2025-07-26,Sulawesi Barat,30,15150.0,True,15900.0,1050.0,2025-07
2025-07-26,Maluku,31,17000.0,True,15900.0,1050.0,2025-07
2025-07-26,Maluku Utara,32,16700.0,True,15900.0,1050.0,2025-07
2025-07-26,Papua,33,18650.0,True,15900.0,1050.0,2025-07
2025-07-26,Papua Barat,34,17000.0,True,15900.0,1050.0,2025-07
2025-07-27,Aceh,1,15200.0,True,15900.0,1050.0,2025-07
2025-07-27,Sumatera Utara,2,14900.0,True,15900.0,1050.0,2025-07
2025-07-27,Sumatera Barat,3,16900.0,True,15900.0,1050.0,2025-07
2025-07-27,Riau,4,16300.0,True,15900.0,1050.0,2025-07
2025-07-27,Kepulauan Riau,5,15200.0,True,15900.0,1050.0,2025-07
2025-07-27,Jambi,6,15400.0,True,15900.0,1050.0,2025-07
2025-07-27,Bengkulu,7,15600.0,True,15900.0,1050.0,2025-07
2025-07-27,Sumatera Selatan,8,15450.0,True,15900.0,1050.0,2025-07
2025-07-27,Kepulauan Bangka Belitung,9,15400.0,True,15900.0,1050.0,2025-07
2025-07-27,Lampung,10,14800.0,True,15900.0,1050.0,2025-07
2025-07-27,Banten,11,15700.0,True,15900.0,1050.0,2025-07
2025-07-27,Jawa Barat,12,14800.0,True,15900.0,1050.0,2025-07
2025-07-27,DKI Jakarta,13,16200.0,True,15900.0,1050.0,2025-07
2025-07-27,Jawa Tengah,14,14950.0,True,15900.0,1050.0,2025-07
2025-07-27,DI Yogyakarta,15,14450.0,True,15900.0,1050.0,2025-07
2025-07-27,Jawa Timur,16,14650.0,True,15900.0,1050.0,2025-07
2025-07-27,Bali,17,15600.0,True,15900.0,1050.0,2025-07
2025-07-27,Nusa Tenggara Barat,18,14000.0,True,15900.0,1050.0,2025-07
2025-07-27,Nusa Tenggara Timur,19,15300.0,True,15900.0,1050.0,2025-07
2025-07-27,Kalimantan Barat,20,16400.0,True,15900.0,1050.0,2025-07
2025-07-27,Kalimantan Selatan,21,17350.0,True,15900.0,1050.0,2025-07
2025-07-27,Kalimantan Tengah,22,17550.0,True,15900.0,1050.0,2025-07
2025-07-27,Kalimantan Timur,23,16500.0,True,15900.0,1050.0,2025-07
2025-07-27,Kalimantan Utara,24,17050.0,True,15900.0,1050.0,2025-07
2025-07-27,Gorontalo,25,16700.0,True,15900.0,1050.0,2025-07
2025-07-27,Sulawesi Selatan,26,14450.0,True,15900.0,1050.0,2025-07
2025-07-27,Sulawesi Tenggara,27,16500.0,True,15900.0,1050.0,2025-07
2025-07-27,Sulawesi Tengah,28,16850.0,True,15900.0,1050.0,2025-07
2025-07-27,Sulawesi Utara,29,16650.0,True,15900.0,1050.0,2025-07
2025-07-27,Sulawesi Barat,30,15150.0,True,15900.0,1050.0,2025-07
2025-07-27,Maluku,31,17000.0,True,15900.0,1050.0,2025-07
2025-07-27,Maluku Utara,32,16700.0,True,15900.0,1050.0,2025-07
2025-07-27,Papua,33,18650.0,True,15900.0,1050.0,2025-07
2025-07-27,Papua Barat,34,17000.0,True,15900.0,1050.0,2025-07
2025-07-28,Aceh,1,15250.0,True,15950.0,1050.0,2025-07
2025-07-28,Sumatera Utara,2,14950.0,True,15950.0,1050.0,2025-07
2025-07-28,Sumatera Barat,3,17000.0,True,15950.0,1050.0,2025-07
2025-07-28,Riau,4,16300.0,True,15950.0,1050.0,2025-07
2025-07-28,Kepulauan Riau,5,15200.0,True,15950.0,1050.0,2025-07
2025-07-28,Jambi,6,15400.0,True,15950.0,1050.0,2025-07
2025-07-28,Bengkulu,7,15600.0,True,15950.0,1050.0,2025-07
2025-07-28,Sumatera Selatan,8,15500.0,True,15950.0,1050.0,2025-07
2025-07-28,Kepulauan Bangka Belitung,9,15400.0,True,15950.0,1050.0,2025-07
2025-07-28,Lampung,10,14800.0,True,15950.0,1050.0,2025-07
2025-07-28,Banten,11,15700.0,True,15950.0,1050.0,2025-07
2025-07-28,Jawa Barat,12,14800.0,True,15950.0,1050.0,2025-07
2025-07-28,DKI Jakarta,13,16200.0,True,15950.0,1050.0,2025-07
2025-07-28,Jawa Tengah,14,15000.0,True,15950.0,1050.0,2025-07
2025-07-28,DI Yogyakarta,15,14450.0,True,15950.0,1050.0,2025-07
2025-07-28,Jawa Timur,16,14650.0,True,15950.0,1050.0,2025-07
2025-07-28,Bali,17,15600.0,True,15950.0,1050.0,2025-07
2025-07-28,Nusa Tenggara Barat,18,14000.0,True,15950.0,1050.0,2025-07
2025-07-28,Nusa Tenggara Timur,19,15300.0,True,15950.0,1050.0,2025-07
2025-07-28,Kalimantan Barat,20,16400.0,True,15950.0,1050.0,2025-07
2025-07-28,Kalimantan Selatan,21,17300.0,True,15950.0,1050.0,2025-07
2025-07-28,Kalimantan Tengah,22,17550.0,True,15950.0,1050.0,2025-07
2025-07-28,Kalimantan Timur,23,16450.0,True,15950.0,1050.0,2025-07
2025-07-28,Kalimantan Utara,24,17050.0,True,15950.0,1050.0,2025-07
2025-07-28,Gorontalo,25,16900.0,True,15950.0,1050.0,2025-07
2025-07-28,Sulawesi Selatan,26,14450.0,True,15950.0,1050.0,2025-07
2025-07-28,Sulawesi Tenggara,27,16500.0,True,15950.0,1050.0,2025-07
2025-07-28,Sulawesi Tengah,28,16850.0,True,15950.0,1050.0,2025-07
2025-07-28,Sulawesi Utara,29,16600.0,True,15950.0,1050.0,2025-07
2025-07-28,Sulawesi Barat,30,15150.0,True,15950.0,1050.0,2025-07
2025-07-28,Maluku,31,17000.0,True,15950.0,1050.0,2025-07
2025-07-28,Maluku Utara,32,16700.0,True,15950.0,1050.0,2025-07
2025-07-28,Papua,33,18650.0,True,15950.0,1050.0,2025-07
2025-07-28,Papua Barat,34,17000.0,True,15950.0,1050.0,2025-07
2025-07-29,Aceh,1,15250.0,True,15950.0,1050.0,2025-07
2025-07-29,Sumatera Utara,2,14950.0,True,15950.0,1050.0,2025-07
2025-07-29,Sumatera Barat,3,17000.0,True,15950.0,1050.0,2025-07
2025-07-29,Riau,4,16300.0,True,15950.0,1050.0,2025-07
2025-07-29,Kepulauan Riau,5,15200.0,True,15950.0,1050.0,2025-07
2025-07-29,Jambi,6,15400.0,True,15950.0,1050.0,2025-07
2025-07-29,Bengkulu,7,15650.0,True,15950.0,1050.0,2025-07
2025-07-29,Sumatera Selatan,8,15500.0,True,15950.0,1050.0,2025-07
2025-07-29,Kepulauan Bangka Belitung,9,15400.0,True,15950.0,1050.0,2025-07
2025-07-29,Lampung,10,14800.0,True,15950.0,1050.0,2025-07
2025-07-29,Banten,11,15700.0,True,15950.0,1050.0,2025-07
2025-07-29,Jawa Barat,12,14800.0,True,15950.0,1050.0,2025-07
2025-07-29,DKI Jakarta,13,16200.0,True,15950.0,1050.0,2025-07
2025-07-29,Jawa Tengah,14,15000.0,True,15950.0,1050.0,2025-07
2025-07-29,DI Yogyakarta,15,14450.0,True,15950.0,1050.0,2025-07
2025-07-29,Jawa Timur,16,14700.0,True,15950.0,1050.0,2025-07
2025-07-29,Bali,17,15600.0,True,15950.0,1050.0,2025-07
2025-07-29,Nusa Tenggara Barat,18,14000.0,True,15950.0,1050.0,2025-07
2025-07-29,Nusa Tenggara Timur,19,15300.0,True,15950.0,1050.0,2025-07
2025-07-29,Kalimantan Barat,20,16400.0,True,15950.0,1050.0,2025-07
2025-07-29,Kalimantan Selatan,21,17300.0,True,15950.0,1050.0,2025-07
2025-07-29,Kalimantan Tengah,22,17550.0,True,15950.0,1050.0,2025-07
2025-07-29,Kalimantan Timur,23,16450.0,True,15950.0,1050.0,2025-07
2025-07-29,Kalimantan Utara,24,17050.0,True,15950.0,1050.0,2025-07
2025-07-29,Gorontalo,25,16900.0,True,15950.0,1050.0,2025-07
2025-07-29,Sulawesi Selatan,26,14450.0,True,15950.0,1050.0,2025-07
2025-07-29,Sulawesi Tenggara,27,16500.0,True,15950.0,1050.0,2025-07
2025-07-29,Sulawesi Tengah,28,16850.0,True,15950.0,1050.0,2025-07
2025-07-29,Sulawesi Utara,29,16600.0,True,15950.0,1050.0,2025-07
2025-07-29,Sulawesi Barat,30,15150.0,True,15950.0,1050.0,2025-07
2025-07-29,Maluku,31,16850.0,True,15950.0,1050.0,2025-07
2025-07-29,Maluku Utara,32,16700.0,True,15950.0,1050.0,2025-07
2025-07-29,Papua,33,18800.0,True,15950.0,1050.0,2025-07
2025-07-29,Papua Barat,34,17000.0,True,15950.0,1050.0,2025-07
2025-07-30,Aceh,1,15250.0,True,15950.0,1050.0,2025-07
2025-07-30,Sumatera Utara,2,14950.0,True,15950.0,1050.0,2025-07
2025-07-30,Sumatera Barat,3,17000.0,True,15950.0,1050.0,2025-07
2025-07-30,Riau,4,16300.0,True,15950.0,1050.0,2025-07
2025-07-30,Kepulauan Riau,5,15200.0,True,15950.0,1050.0,2025-07
2025-07-30,Jambi,6,15400.0,True,15950.0,1050.0,2025-07
2025-07-30,Bengkulu,7,15650.0,True,15950.0,1050.0,2025-07
2025-07-30,Sumatera Selatan,8,15500.0,True,15950.0,1050.0,2025-07
2025-07-30,Kepulauan Bangka Belitung,9,15400.0,True,15950.0,1050.0,2025-07
2025-07-30,Lampung,10,14800.0,True,15950.0,1050.0,2025-07
2025-07-30,Banten,11,15700.0,True,15950.0,1050.0,2025-07
2025-07-30,Jawa Barat,12,14800.0,True,15950.0,1050.0,2025-07
2025-07-30,DKI Jakarta,13,16200.0,True,15950.0,1050.0,2025-07
2025-07-30,Jawa Tengah,14,15000.0,True,15950.0,1050.0,2025-07
2025-07-30,DI Yogyakarta,15,14450.0,True,15950.0,1050.0,2025-07
2025-07-30,Jawa Timur,16,14700.0,True,15950.0,1050.0,2025-07
2025-07-30,Bali,17,15600.0,True,15950.0,1050.0,2025-07
2025-07-30,Nusa Tenggara Barat,18,14000.0,True,15950.0,1050.0,2025-07
2025-07-30,Nusa Tenggara Timur,19,15300.0,True,15950.0,1050.0,2025-07
2025-07-30,Kalimantan Barat,20,16400.0,True,15950.0,1050.0,2025-07
2025-07-30,Kalimantan Selatan,21,17300.0,True,15950.0,1050.0,2025-07
2025-07-30,Kalimantan Tengah,22,17550.0,True,15950.0,1050.0,2025-07
2025-07-30,Kalimantan Timur,23,16450.0,True,15950.0,1050.0,2025-07
2025-07-30,Kalimantan Utara,24,17050.0,True,15950.0,1050.0,2025-07
2025-07-30,Gorontalo,25,16800.0,True,15950.0,1050.0,2025-07
2025-07-30,Sulawesi Selatan,26,14450.0,True,15950.0,1050.0,2025-07
2025-07-30,Sulawesi Tenggara,27,16500.0,True,15950.0,1050.0,2025-07
2025-07-30,Sulawesi Tengah,28,16800.0,True,15950.0,1050.0,2025-07
2025-07-30,Sulawesi Utara,29,16600.0,True,15950.0,1050.0,2025-07
2025-07-30,Sulawesi Barat,30,15150.0,True,15950.0,1050.0,2025-07
2025-07-30,Maluku,31,16850.0,True,15950.0,1050.0,2025-07
2025-07-30,Maluku Utara,32,16700.0,True,15950.0,1050.0,2025-07
2025-07-30,Papua,33,18800.0,True,15950.0,1050.0,2025-07
2025-07-30,Papua Barat,34,17000.0,True,15950.0,1050.0,2025-07
2025-07-31,Aceh,1,15350.0,True,15950.0,1050.0,2025-07
2025-07-31,Sumatera Utara,2,14950.0,True,15950.0,1050.0,2025-07
2025-07-31,Sumatera Barat,3,17000.0,True,15950.0,1050.0,2025-07
2025-07-31,Riau,4,16300.0,True,15950.0,1050.0,2025-07
2025-07-31,Kepulauan Riau,5,15200.0,True,15950.0,1050.0,2025-07
2025-07-31,Jambi,6,15400.0,True,15950.0,1050.0,2025-07
2025-07-31,Bengkulu,7,15650.0,True,15950.0,1050.0,2025-07
2025-07-31,Sumatera Selatan,8,15500.0,True,15950.0,1050.0,2025-07
2025-07-31,Kepulauan Bangka Belitung,9,15400.0,True,15950.0,1050.0,2025-07
2025-07-31,Lampung,10,14800.0,True,15950.0,1050.0,2025-07
2025-07-31,Banten,11,15700.0,True,15950.0,1050.0,2025-07
2025-07-31,Jawa Barat,12,14800.0,True,15950.0,1050.0,2025-07
2025-07-31,DKI Jakarta,13,16200.0,True,15950.0,1050.0,2025-07
2025-07-31,Jawa Tengah,14,15000.0,True,15950.0,1050.0,2025-07
2025-07-31,DI Yogyakarta,15,14450.0,True,15950.0,1050.0,2025-07
2025-07-31,Jawa Timur,16,14700.0,True,15950.0,1050.0,2025-07
2025-07-31,Bali,17,15600.0,True,15950.0,1050.0,2025-07
2025-07-31,Nusa Tenggara Barat,18,14000.0,True,15950.0,1050.0,2025-07
2025-07-31,Nusa Tenggara Timur,19,15300.0,True,15950.0,1050.0,2025-07
2025-07-31,Kalimantan Barat,20,16400.0,True,15950.0,1050.0,2025-07
2025-07-31,Kalimantan Selatan,21,17300.0,True,15950.0,1050.0,2025-07
2025-07-31,Kalimantan Tengah,22,17550.0,True,15950.0,1050.0,2025-07
2025-07-31,Kalimantan Timur,23,16450.0,True,15950.0,1050.0,2025-07
2025-07-31,Kalimantan Utara,24,17050.0,True,15950.0,1050.0,2025-07
2025-07-31,Gorontalo,25,16800.0,True,15950.0,1050.0,2025-07
2025-07-31,Sulawesi Selatan,26,14450.0,True,15950.0,1050.0,2025-07
2025-07-31,Sulawesi Tenggara,27,16450.0,True,15950.0,1050.0,2025-07
2025-07-31,Sulawesi Tengah,28,16800.0,True,15950.0,1050.0,2025-07
2025-07-31,Sulawesi Utara,29,16600.0,True,15950.0,1050.0,2025-07
2025-07-31,Sulawesi Barat,30,15150.0,True,15950.0,1050.0,2025-07
2025-07-31,Maluku,31,16900.0,True,15950.0,1050.0,2025-07
2025-07-31,Maluku Utara,32,16700.0,True,15950.0,1050.0,2025-07
2025-07-31,Papua,33,18800.0,True,15950.0,1050.0,2025-07
2025-07-31,Papua Barat,34,17000.0,True,15950.0,1050.0,2025-07
2025-08-01,Aceh,1,15550.0,True,15950.0,1050.0,2025-08
2025-08-01,Sumatera Utara,2,15000.0,True,15950.0,1050.0,2025-08
2025-08-01,Sumatera Barat,3,17050.0,True,15950.0,1050.0,2025-08
2025-08-01,Riau,4,16300.0,True,15950.0,1050.0,2025-08
2025-08-01,Kepulauan Riau,5,15200.0,True,15950.0,1050.0,2025-08
2025-08-01,Jambi,6,15400.0,True,15950.0,1050.0,2025-08
2025-08-01,Bengkulu,7,15650.0,True,15950.0,1050.0,2025-08
2025-08-01,Sumatera Selatan,8,15500.0,True,15950.0,1050.0,2025-08
2025-08-01,Kepulauan Bangka Belitung,9,15400.0,True,15950.0,1050.0,2025-08
2025-08-01,Lampung,10,14750.0,True,15950.0,1050.0,2025-08
2025-08-01,Banten,11,15700.0,True,15950.0,1050.0,2025-08
2025-08-01,Jawa Barat,12,14800.0,True,15950.0,1050.0,2025-08
2025-08-01,DKI Jakarta,13,16200.0,True,15950.0,1050.0,2025-08
2025-08-01,Jawa Tengah,14,14950.0,True,15950.0,1050.0,2025-08
2025-08-01,DI Yogyakarta,15,14450.0,True,15950.0,1050.0,2025-08
2025-08-01,Jawa Timur,16,14700.0,True,15950.0,1050.0,2025-08
2025-08-01,Bali,17,15600.0,True,15950.0,1050.0,2025-08
2025-08-01,Nusa Tenggara Barat,18,14000.0,True,15950.0,1050.0,2025-08
2025-08-01,Nusa Tenggara Timur,19,15300.0,True,15950.0,1050.0,2025-08
2025-08-01,Kalimantan Barat,20,16400.0,True,15950.0,1050.0,2025-08
2025-08-01,Kalimantan Selatan,21,17300.0,True,15950.0,1050.0,2025-08
2025-08-01,Kalimantan Tengah,22,17550.0,True,15950.0,1050.0,2025-08
2025-08-01,Kalimantan Timur,23,16450.0,True,15950.0,1050.0,2025-08
2025-08-01,Kalimantan Utara,24,17050.0,True,15950.0,1050.0,2025-08
2025-08-01,Gorontalo,25,16800.0,True,15950.0,1050.0,2025-08
2025-08-01,Sulawesi Selatan,26,14450.0,True,15950.0,1050.0,2025-08
2025-08-01,Sulawesi Tenggara,27,16450.0,True,15950.0,1050.0,2025-08
2025-08-01,Sulawesi Tengah,28,16800.0,True,15950.0,1050.0,2025-08
2025-08-01,Sulawesi Utara,29,16600.0,True,15950.0,1050.0,2025-08
2025-08-01,Sulawesi Barat,30,15150.0,True,15950.0,1050.0,2025-08
2025-08-01,Maluku,31,16900.0,True,15950.0,1050.0,2025-08
2025-08-01,Maluku Utara,32,16700.0,True,15950.0,1050.0,2025-08
2025-08-01,Papua,33,18800.0,True,15950.0,1050.0,2025-08
2025-08-01,Papua Barat,34,17000.0,True,15950.0,1050.0,2025-08
2025-08-02,Aceh,1,15550.0,True,15950.0,1050.0,2025-08
2025-08-02,Sumatera Utara,2,15000.0,True,15950.0,1050.0,2025-08
2025-08-02,Sumatera Barat,3,17050.0,True,15950.0,1050.0,2025-08
2025-08-02,Riau,4,16300.0,True,15950.0,1050.0,2025-08
2025-08-02,Kepulauan Riau,5,15200.0,True,15950.0,1050.0,2025-08
2025-08-02,Jambi,6,15400.0,True,15950.0,1050.0,2025-08
2025-08-02,Bengkulu,7,15650.0,True,15950.0,1050.0,2025-08
2025-08-02,Sumatera Selatan,8,15500.0,True,15950.0,1050.0,2025-08
2025-08-02,Kepulauan Bangka Belitung,9,15400.0,True,15950.0,1050.0,2025-08
2025-08-02,Lampung,10,14750.0,True,15950.0,1050.0,2025-08
2025-08-02,Banten,11,15700.0,True,15950.0,1050.0,2025-08
2025-08-02,Jawa Barat,12,14800.0,True,15950.0,1050.0,2025-08
2025-08-02,DKI Jakarta,13,16200.0,True,15950.0,1050.0,2025-08
2025-08-02,Jawa Tengah,14,14950.0,True,15950.0,1050.0,2025-08
2025-08-02,DI Yogyakarta,15,14450.0,True,15950.0,1050.0,2025-08
2025-08-02,Jawa Timur,16,14700.0,True,15950.0,1050.0,2025-08
2025-08-02,Bali,17,15600.0,True,15950.0,1050.0,2025-08
2025-08-02,Nusa Tenggara Barat,18,14000.0,True,15950.0,1050.0,2025-08
2025-08-02,Nusa Tenggara Timur,19,15300.0,True,15950.0,1050.0,2025-08
2025-08-02,Kalimantan Barat,20,16400.0,True,15950.0,1050.0,2025-08
2025-08-02,Kalimantan Selatan,21,17300.0,True,15950.0,1050.0,2025-08
2025-08-02,Kalimantan Tengah,22,17550.0,True,15950.0,1050.0,2025-08
2025-08-02,Kalimantan Timur,23,16450.0,True,15950.0,1050.0,2025-08
2025-08-02,Kalimantan Utara,24,17050.0,True,15950.0,1050.0,2025-08
2025-08-02,Gorontalo,25,16800.0,True,15950.0,1050.0,2025-08
2025-08-02,Sulawesi Selatan,26,14450.0,True,15950.0,1050.0,2025-08
2025-08-02,Sulawesi Tenggara,27,16450.0,True,15950.0,1050.0,2025-08
2025-08-02,Sulawesi Tengah,28,16800.0,True,15950.0,1050.0,2025-08
2025-08-02,Sulawesi Utara,29,16600.0,True,15950.0,1050.0,2025-08
2025-08-02,Sulawesi Barat,30,15150.0,True,15950.0,1050.0,2025-08
2025-08-02,Maluku,31,16900.0,True,15950.0,1050.0,2025-08
2025-08-02,Maluku Utara,32,16700.0,True,15950.0,1050.0,2025-08
2025-08-02,Papua,33,18800.0,True,15950.0,1050.0,2025-08
2025-08-02,Papua Barat,34,17000.0,True,15950.0,1050.0,2025-08
2025-08-03,Aceh,1,15550.0,True,15950.0,1050.0,2025-08
2025-08-03,Sumatera Utara,2,15000.0,True,15950.0,1050.0,2025-08
2025-08-03,Sumatera Barat,3,17050.0,True,15950.0,1050.0,2025-08
2025-08-03,Riau,4,16300.0,True,15950.0,1050.0,2025-08
2025-08-03,Kepulauan Riau,5,15200.0,True,15950.0,1050.0,2025-08
2025-08-03,Jambi,6,15400.0,True,15950.0,1050.0,2025-08
2025-08-03,Bengkulu,7,15650.0,True,15950.0,1050.0,2025-08
2025-08-03,Sumatera Selatan,8,15500.0,True,15950.0,1050.0,2025-08
2025-08-03,Kepulauan Bangka Belitung,9,15400.0,True,15950.0,1050.0,2025-08
2025-08-03,Lampung,10,14750.0,True,15950.0,1050.0,2025-08
2025-08-03,Banten,11,15700.0,True,15950.0,1050.0,2025-08
2025-08-03,Jawa Barat,12,14800.0,True,15950.0,1050.0,2025-08
2025-08-03,DKI Jakarta,13,16200.0,True,15950.0,1050.0,2025-08
2025-08-03,Jawa Tengah,14,14950.0,True,15950.0,1050.0,2025-08
2025-08-03,DI Yogyakarta,15,14450.0,True,15950.0,1050.0,2025-08
2025-08-03,Jawa Timur,16,14700.0,True,15950.0,1050.0,2025-08
2025-08-03,Bali,17,15600.0,True,15950.0,1050.0,2025-08
2025-08-03,Nusa Tenggara Barat,18,14000.0,True,15950.0,1050.0,2025-08
2025-08-03,Nusa Tenggara Timur,19,15300.0,True,15950.0,1050.0,2025-08
2025-08-03,Kalimantan Barat,20,16400.0,True,15950.0,1050.0,2025-08
2025-08-03,Kalimantan Selatan,21,17300.0,True,15950.0,1050.0,2025-08
2025-08-03,Kalimantan Tengah,22,17550.0,True,15950.0,1050.0,2025-08
2025-08-03,Kalimantan Timur,23,16450.0,True,15950.0,1050.0,2025-08
2025-08-03,Kalimantan Utara,24,17050.0,True,15950.0,1050.0,2025-08
2025-08-03,Gorontalo,25,16800.0,True,15950.0,1050.0,2025-08
2025-08-03,Sulawesi Selatan,26,14450.0,True,15950.0,1050.0,2025-08
2025-08-03,Sulawesi Tenggara,27,16450.0,True,15950.0,1050.0,2025-08
2025-08-03,Sulawesi Tengah,28,16800.0,True,15950.0,1050.0,2025-08
2025-08-03,Sulawesi Utara,29,16600.0,True,15950.0,1050.0,2025-08
2025-08-03,Sulawesi Barat,30,15150.0,True,15950.0,1050.0,2025-08
2025-08-03,Maluku,31,16900.0,True,15950.0,1050.0,2025-08
2025-08-03,Maluku Utara,32,16700.0,True,15950.0,1050.0,2025-08
2025-08-03,Papua,33,18800.0,True,15950.0,1050.0,2025-08
2025-08-03,Papua Barat,34,17000.0,True,15950.0,1050.0,2025-08
2025-08-04,Aceh,1,15550.0,True,15950.0,1050.0,2025-08
2025-08-04,Sumatera Utara,2,15000.0,True,15950.0,1050.0,2025-08
2025-08-04,Sumatera Barat,3,17050.0,True,15950.0,1050.0,2025-08
2025-08-04,Riau,4,16300.0,True,15950.0,1050.0,2025-08
2025-08-04,Kepulauan Riau,5,15200.0,True,15950.0,1050.0,2025-08
2025-08-04,Jambi,6,15400.0,True,15950.0,1050.0,2025-08
2025-08-04,Bengkulu,7,15650.0,True,15950.0,1050.0,2025-08
2025-08-04,Sumatera Selatan,8,15500.0,True,15950.0,1050.0,2025-08
2025-08-04,Kepulauan Bangka Belitung,9,15400.0,True,15950.0,1050.0,2025-08
2025-08-04,Lampung,10,14750.0,True,15950.0,1050.0,2025-08
2025-08-04,Banten,11,15700.0,True,15950.0,1050.0,2025-08
2025-08-04,Jawa Barat,12,14800.0,True,15950.0,1050.0,2025-08
2025-08-04,DKI Jakarta,13,16200.0,True,15950.0,1050.0,2025-08
2025-08-04,Jawa Tengah,14,14950.0,True,15950.0,1050.0,2025-08
2025-08-04,DI Yogyakarta,15,14450.0,True,15950.0,1050.0,2025-08
2025-08-04,Jawa Timur,16,14700.0,True,15950.0,1050.0,2025-08
2025-08-04,Bali,17,15600.0,True,15950.0,1050.0,2025-08
2025-08-04,Nusa Tenggara Barat,18,14000.0,True,15950.0,1050.0,2025-08
2025-08-04,Nusa Tenggara Timur,19,15300.0,True,15950.0,1050.0,2025-08
2025-08-04,Kalimantan Barat,20,16400.0,True,15950.0,1050.0,2025-08
2025-08-04,Kalimantan Selatan,21,17300.0,True,15950.0,1050.0,2025-08
2025-08-04,Kalimantan Tengah,22,17550.0,True,15950.0,1050.0,2025-08
2025-08-04,Kalimantan Timur,23,16450.0,True,15950.0,1050.0,2025-08
2025-08-04,Kalimantan Utara,24,16950.0,True,15950.0,1050.0,2025-08
2025-08-04,Gorontalo,25,16700.0,True,15950.0,1050.0,2025-08
2025-08-04,Sulawesi Selatan,26,14450.0,True,15950.0,1050.0,2025-08
2025-08-04,Sulawesi Tenggara,27,16450.0,True,15950.0,1050.0,2025-08
2025-08-04,Sulawesi Tengah,28,16800.0,True,15950.0,1050.0,2025-08
2025-08-04,Sulawesi Utara,29,16600.0,True,15950.0,1050.0,2025-08
2025-08-04,Sulawesi Barat,30,15100.0,True,15950.0,1050.0,2025-08
2025-08-04,Maluku,31,16900.0,True,15950.0,1050.0,2025-08
2025-08-04,Maluku Utara,32,16700.0,True,15950.0,1050.0,2025-08
2025-08-04,Papua,33,18800.0,True,15950.0,1050.0,2025-08
2025-08-04,Papua Barat,34,17000.0,True,15950.0,1050.0,2025-08
2025-08-05,Aceh,1,15600.0,True,15950.0,1050.0,2025-08
2025-08-05,Sumatera Utara,2,15000.0,True,15950.0,1050.0,2025-08
2025-08-05,Sumatera Barat,3,17050.0,True,15950.0,1050.0,2025-08
2025-08-05,Riau,4,16300.0,True,15950.0,1050.0,2025-08
2025-08-05,Kepulauan Riau,5,15200.0,True,15950.0,1050.0,2025-08
2025-08-05,Jambi,6,15400.0,True,15950.0,1050.0,2025-08
2025-08-05,Bengkulu,7,15650.0,True,15950.0,1050.0,2025-08
2025-08-05,Sumatera Selatan,8,15500.0,True,15950.0,1050.0,2025-08
2025-08-05,Kepulauan Bangka Belitung,9,15400.0,True,15950.0,1050.0,2025-08
2025-08-05,Lampung,10,14750.0,True,15950.0,1050.0,2025-08
2025-08-05,Banten,11,15700.0,True,15950.0,1050.0,2025-08
2025-08-05,Jawa Barat,12,14800.0,True,15950.0,1050.0,2025-08
2025-08-05,DKI Jakarta,13,16200.0,True,15950.0,1050.0,2025-08
2025-08-05,Jawa Tengah,14,14950.0,True,15950.0,1050.0,2025-08
2025-08-05,DI Yogyakarta,15,14450.0,True,15950.0,1050.0,2025-08
2025-08-05,Jawa Timur,16,14700.0,True,15950.0,1050.0,2025-08
2025-08-05,Bali,17,15550.0,True,15950.0,1050.0,2025-08
2025-08-05,Nusa Tenggara Barat,18,14000.0,True,15950.0,1050.0,2025-08
2025-08-05,Nusa Tenggara Timur,19,15300.0,True,15950.0,1050.0,2025-08
2025-08-05,Kalimantan Barat,20,16400.0,True,15950.0,1050.0,2025-08
2025-08-05,Kalimantan Selatan,21,17300.0,True,15950.0,1050.0,2025-08
2025-08-05,Kalimantan Tengah,22,17550.0,True,15950.0,1050.0,2025-08
2025-08-05,Kalimantan Timur,23,16450.0,True,15950.0,1050.0,2025-08
2025-08-05,Kalimantan Utara,24,16950.0,True,15950.0,1050.0,2025-08
2025-08-05,Gorontalo,25,16750.0,True,15950.0,1050.0,2025-08
2025-08-05,Sulawesi Selatan,26,14450.0,True,15950.0,1050.0,2025-08
2025-08-05,Sulawesi Tenggara,27,16450.0,True,15950.0,1050.0,2025-08
2025-08-05,Sulawesi Tengah,28,16800.0,True,15950.0,1050.0,2025-08
2025-08-05,Sulawesi Utara,29,16600.0,True,15950.0,1050.0,2025-08
2025-08-05,Sulawesi Barat,30,15100.0,True,15950.0,1050.0,2025-08
2025-08-05,Maluku,31,16850.0,True,15950.0,1050.0,2025-08
2025-08-05,Maluku Utara,32,16700.0,True,15950.0,1050.0,2025-08
2025-08-05,Papua,33,18800.0,True,15950.0,1050.0,2025-08
2025-08-05,Papua Barat,34,17000.0,True,15950.0,1050.0,2025-08
2025-08-06,Aceh,1,15600.0,True,15950.0,1050.0,2025-08
2025-08-06,Sumatera Utara,2,15000.0,True,15950.0,1050.0,2025-08
2025-08-06,Sumatera Barat,3,17050.0,True,15950.0,1050.0,2025-08
2025-08-06,Riau,4,16300.0,True,15950.0,1050.0,2025-08
2025-08-06,Kepulauan Riau,5,15200.0,True,15950.0,1050.0,2025-08
2025-08-06,Jambi,6,15400.0,True,15950.0,1050.0,2025-08
2025-08-06,Bengkulu,7,15650.0,True,15950.0,1050.0,2025-08
2025-08-06,Sumatera Selatan,8,15500.0,True,15950.0,1050.0,2025-08
2025-08-06,Kepulauan Bangka Belitung,9,15400.0,True,15950.0,1050.0,2025-08
2025-08-06,Lampung,10,14750.0,True,15950.0,1050.0,2025-08
2025-08-06,Banten,11,15700.0,True,15950.0,1050.0,2025-08
2025-08-06,Jawa Barat,12,14800.0,True,15950.0,1050.0,2025-08
2025-08-06,DKI Jakarta,13,16200.0,True,15950.0,1050.0,2025-08
2025-08-06,Jawa Tengah,14,14950.0,True,15950.0,1050.0,2025-08
2025-08-06,DI Yogyakarta,15,14450.0,True,15950.0,1050.0,2025-08
2025-08-06,Jawa Timur,16,14700.0,True,15950.0,1050.0,2025-08
2025-08-06,Bali,17,15550.0,True,15950.0,1050.0,2025-08
2025-08-06,Nusa Tenggara Barat,18,14000.0,True,15950.0,1050.0,2025-08
2025-08-06,Nusa Tenggara Timur,19,15300.0,True,15950.0,1050.0,2025-08
2025-08-06,Kalimantan Barat,20,16400.0,True,15950.0,1050.0,2025-08
2025-08-06,Kalimantan Selatan,21,17350.0,True,15950.0,1050.0,2025-08
2025-08-06,Kalimantan Tengah,22,17550.0,True,15950.0,1050.0,2025-08
2025-08-06,Kalimantan Timur,23,16450.0,True,15950.0,1050.0,2025-08
2025-08-06,Kalimantan Utara,24,16950.0,True,15950.0,1050.0,2025-08
2025-08-06,Gorontalo,25,16850.0,True,15950.0,1050.0,2025-08
2025-08-06,Sulawesi Selatan,26,14450.0,True,15950.0,1050.0,2025-08
2025-08-06,Sulawesi Tenggara,27,16450.0,True,15950.0,1050.0,2025-08
2025-08-06,Sulawesi Tengah,28,16800.0,True,15950.0,1050.0,2025-08
2025-08-06,Sulawesi Utara,29,16600.0,True,15950.0,1050.0,2025-08
2025-08-06,Sulawesi Barat,30,15100.0,True,15950.0,1050.0,2025-08
2025-08-06,Maluku,31,16850.0,True,15950.0,1050.0,2025-08
2025-08-06,Maluku Utara,32,16700.0,True,15950.0,1050.0,2025-08
2025-08-06,Papua,33,18800.0,True,15950.0,1050.0,2025-08
2025-08-06,Papua Barat,34,17000.0,True,15950.0,1050.0,2025-08
2025-08-07,Aceh,1,15600.0,True,15950.0,1050.0,2025-08
2025-08-07,Sumatera Utara,2,15000.0,True,15950.0,1050.0,2025-08
2025-08-07,Sumatera Barat,3,17050.0,True,15950.0,1050.0,2025-08
2025-08-07,Riau,4,16300.0,True,15950.0,1050.0,2025-08
2025-08-07,Kepulauan Riau,5,15200.0,True,15950.0,1050.0,2025-08
2025-08-07,Jambi,6,15400.0,True,15950.0,1050.0,2025-08
2025-08-07,Bengkulu,7,15650.0,True,15950.0,1050.0,2025-08
2025-08-07,Sumatera Selatan,8,15500.0,True,15950.0,1050.0,2025-08
2025-08-07,Kepulauan Bangka Belitung,9,15400.0,True,15950.0,1050.0,2025-08
2025-08-07,Lampung,10,14800.0,True,15950.0,1050.0,2025-08
2025-08-07,Banten,11,15700.0,True,15950.0,1050.0,2025-08
2025-08-07,Jawa Barat,12,14800.0,True,15950.0,1050.0,2025-08
2025-08-07,DKI Jakarta,13,16200.0,True,15950.0,1050.0,2025-08
2025-08-07,Jawa Tengah,14,14950.0,True,15950.0,1050.0,2025-08
2025-08-07,DI Yogyakarta,15,14450.0,True,15950.0,1050.0,2025-08
2025-08-07,Jawa Timur,16,14750.0,True,15950.0,1050.0,2025-08
2025-08-07,Bali,17,15550.0,True,15950.0,1050.0,2025-08
2025-08-07,Nusa Tenggara Barat,18,13950.0,True,15950.0,1050.0,2025-08
2025-08-07,Nusa Tenggara Timur,19,15400.0,True,15950.0,1050.0,2025-08
2025-08-07,Kalimantan Barat,20,16400.0,True,15950.0,1050.0,2025-08
2025-08-07,Kalimantan Selatan,21,17350.0,True,15950.0,1050.0,2025-08
2025-08-07,Kalimantan Tengah,22,17550.0,True,15950.0,1050.0,2025-08
2025-08-07,Kalimantan Timur,23,16450.0,True,15950.0,1050.0,2025-08
2025-08-07,Kalimantan Utara,24,17100.0,True,15950.0,1050.0,2025-08
2025-08-07,Gorontalo,25,16850.0,True,15950.0,1050.0,2025-08
2025-08-07,Sulawesi Selatan,26,14450.0,True,15950.0,1050.0,2025-08
2025-08-07,Sulawesi Tenggara,27,16450.0,True,15950.0,1050.0,2025-08
2025-08-07,Sulawesi Tengah,28,16800.0,True,15950.0,1050.0,2025-08
2025-08-07,Sulawesi Utara,29,16600.0,True,15950.0,1050.0,2025-08
2025-08-07,Sulawesi Barat,30,15100.0,True,15950.0,1050.0,2025-08
2025-08-07,Maluku,31,16850.0,True,15950.0,1050.0,2025-08
2025-08-07,Maluku Utara,32,16700.0,True,15950.0,1050.0,2025-08
2025-08-07,Papua,33,18800.0,True,15950.0,1050.0,2025-08
2025-08-07,Papua Barat,34,16950.0,True,15950.0,1050.0,2025-08
2025-08-08,Aceh,1,15600.0,True,15950.0,1050.0,2025-08
2025-08-08,Sumatera Utara,2,15000.0,True,15950.0,1050.0,2025-08
2025-08-08,Sumatera Barat,3,17150.0,True,15950.0,1050.0,2025-08
2025-08-08,Riau,4,16300.0,True,15950.0,1050.0,2025-08
2025-08-08,Kepulauan Riau,5,15200.0,True,15950.0,1050.0,2025-08
2025-08-08,Jambi,6,15400.0,True,15950.0,1050.0,2025-08
2025-08-08,Bengkulu,7,15600.0,True,15950.0,1050.0,2025-08
2025-08-08,Sumatera Selatan,8,15500.0,True,15950.0,1050.0,2025-08
2025-08-08,Kepulauan Bangka Belitung,9,15400.0,True,15950.0,1050.0,2025-08
2025-08-08,Lampung,10,14800.0,True,15950.0,1050.0,2025-08
2025-08-08,Banten,11,15700.0,True,15950.0,1050.0,2025-08
2025-08-08,Jawa Barat,12,14800.0,True,15950.0,1050.0,2025-08
2025-08-08,DKI Jakarta,13,16200.0,True,15950.0,1050.0,2025-08
2025-08-08,Jawa Tengah,14,15000.0,True,15950.0,1050.0,2025-08
2025-08-08,DI Yogyakarta,15,14450.0,True,15950.0,1050.0,2025-08
2025-08-08,Jawa Timur,16,14750.0,True,15950.0,1050.0,2025-08
2025-08-08,Bali,17,15550.0,True,15950.0,1050.0,2025-08
2025-08-08,Nusa Tenggara Barat,18,13950.0,True,15950.0,1050.0,2025-08
2025-08-08,Nusa Tenggara Timur,19,15400.0,True,15950.0,1050.0,2025-08
2025-08-08,Kalimantan Barat,20,16400.0,True,15950.0,1050.0,2025-08
2025-08-08,Kalimantan Selatan,21,17350.0,True,15950.0,1050.0,2025-08
2025-08-08,Kalimantan Tengah,22,17500.0,True,15950.0,1050.0,2025-08
2025-08-08,Kalimantan Timur,23,16450.0,True,15950.0,1050.0,2025-08
2025-08-08,Kalimantan Utara,24,17100.0,True,15950.0,1050.0,2025-08
2025-08-08,Gorontalo,25,16850.0,True,15950.0,1050.0,2025-08
2025-08-08,Sulawesi Selatan,26,14450.0,True,15950.0,1050.0,2025-08
2025-08-08,Sulawesi Tenggara,27,16600.0,True,15950.0,1050.0,2025-08
2025-08-08,Sulawesi Tengah,28,16800.0,True,15950.0,1050.0,2025-08
2025-08-08,Sulawesi Utara,29,16600.0,True,15950.0,1050.0,2025-08
2025-08-08,Sulawesi Barat,30,15100.0,True,15950.0,1050.0,2025-08
2025-08-08,Maluku,31,16850.0,True,15950.0,1050.0,2025-08
2025-08-08,Maluku Utara,32,16700.0,True,15950.0,1050.0,2025-08
2025-08-08,Papua,33,18800.0,True,15950.0,1050.0,2025-08
2025-08-08,Papua Barat,34,16950.0,True,15950.0,1050.0,2025-08
2025-08-09,Aceh,1,15600.0,True,15950.0,1050.0,2025-08
2025-08-09,Sumatera Utara,2,15000.0,True,15950.0,1050.0,2025-08
2025-08-09,Sumatera Barat,3,17150.0,True,15950.0,1050.0,2025-08
2025-08-09,Riau,4,16300.0,True,15950.0,1050.0,2025-08
2025-08-09,Kepulauan Riau,5,15200.0,True,15950.0,1050.0,2025-08
2025-08-09,Jambi,6,15400.0,True,15950.0,1050.0,2025-08
2025-08-09,Bengkulu,7,15600.0,True,15950.0,1050.0,2025-08
2025-08-09,Sumatera Selatan,8,15500.0,True,15950.0,1050.0,2025-08
2025-08-09,Kepulauan Bangka Belitung,9,15400.0,True,15950.0,1050.0,2025-08
2025-08-09,Lampung,10,14800.0,True,15950.0,1050.0,2025-08
2025-08-09,Banten,11,15700.0,True,15950.0,1050.0,2025-08
2025-08-09,Jawa Barat,12,14800.0,True,15950.0,1050.0,2025-08
2025-08-09,DKI Jakarta,13,16200.0,True,15950.0,1050.0,2025-08
2025-08-09,Jawa Tengah,14,15000.0,True,15950.0,1050.0,2025-08
2025-08-09,DI Yogyakarta,15,14450.0,True,15950.0,1050.0,2025-08
2025-08-09,Jawa Timur,16,14750.0,True,15950.0,1050.0,2025-08
2025-08-09,Bali,17,15550.0,True,15950.0,1050.0,2025-08
2025-08-09,Nusa Tenggara Barat,18,13950.0,True,15950.0,1050.0,2025-08
2025-08-09,Nusa Tenggara Timur,19,15400.0,True,15950.0,1050.0,2025-08
2025-08-09,Kalimantan Barat,20,16400.0,True,15950.0,1050.0,2025-08
2025-08-09,Kalimantan Selatan,21,17350.0,True,15950.0,1050.0,2025-08
2025-08-09,Kalimantan Tengah,22,17500.0,True,15950.0,1050.0,2025-08
2025-08-09,Kalimantan Timur,23,16450.0,True,15950.0,1050.0,2025-08
2025-08-09,Kalimantan Utara,24,17100.0,True,15950.0,1050.0,2025-08
2025-08-09,Gorontalo,25,16850.0,True,15950.0,1050.0,2025-08
2025-08-09,Sulawesi Selatan,26,14450.0,True,15950.0,1050.0,2025-08
2025-08-09,Sulawesi Tenggara,27,16600.0,True,15950.0,1050.0,2025-08
2025-08-09,Sulawesi Tengah,28,16800.0,True,15950.0,1050.0,2025-08
2025-08-09,Sulawesi Utara,29,16600.0,True,15950.0,1050.0,2025-08
2025-08-09,Sulawesi Barat,30,15100.0,True,15950.0,1050.0,2025-08
2025-08-09,Maluku,31,16850.0,True,15950.0,1050.0,2025-08
2025-08-09,Maluku Utara,32,16700.0,True,15950.0,1050.0,2025-08
2025-08-09,Papua,33,18800.0,True,15950.0,1050.0,2025-08
2025-08-09,Papua Barat,34,16950.0,True,15950.0,1050.0,2025-08
2025-08-10,Aceh,1,15600.0,True,15950.0,1050.0,2025-08
2025-08-10,Sumatera Utara,2,15000.0,True,15950.0,1050.0,2025-08
2025-08-10,Sumatera Barat,3,17150.0,True,15950.0,1050.0,2025-08
2025-08-10,Riau,4,16300.0,True,15950.0,1050.0,2025-08
2025-08-10,Kepulauan Riau,5,15200.0,True,15950.0,1050.0,2025-08
2025-08-10,Jambi,6,15400.0,True,15950.0,1050.0,2025-08
2025-08-10,Bengkulu,7,15600.0,True,15950.0,1050.0,2025-08
2025-08-10,Sumatera Selatan,8,15500.0,True,15950.0,1050.0,2025-08
2025-08-10,Kepulauan Bangka Belitung,9,15400.0,True,15950.0,1050.0,2025-08
2025-08-10,Lampung,10,14800.0,True,15950.0,1050.0,2025-08
2025-08-10,Banten,11,15700.0,True,15950.0,1050.0,2025-08
2025-08-10,Jawa Barat,12,14800.0,True,15950.0,1050.0,2025-08
2025-08-10,DKI Jakarta,13,16200.0,True,15950.0,1050.0,2025-08
2025-08-10,Jawa Tengah,14,15000.0,True,15950.0,1050.0,2025-08
2025-08-10,DI Yogyakarta,15,14450.0,True,15950.0,1050.0,2025-08
2025-08-10,Jawa Timur,16,14750.0,True,15950.0,1050.0,2025-08
2025-08-10,Bali,17,15550.0,True,15950.0,1050.0,2025-08
2025-08-10,Nusa Tenggara Barat,18,13950.0,True,15950.0,1050.0,2025-08
2025-08-10,Nusa Tenggara Timur,19,15400.0,True,15950.0,1050.0,2025-08
2025-08-10,Kalimantan Barat,20,16400.0,True,15950.0,1050.0,2025-08
2025-08-10,Kalimantan Selatan,21,17350.0,True,15950.0,1050.0,2025-08
2025-08-10,Kalimantan Tengah,22,17500.0,True,15950.0,1050.0,2025-08
2025-08-10,Kalimantan Timur,23,16450.0,True,15950.0,1050.0,2025-08
2025-08-10,Kalimantan Utara,24,17100.0,True,15950.0,1050.0,2025-08
2025-08-10,Gorontalo,25,16850.0,True,15950.0,1050.0,2025-08
2025-08-10,Sulawesi Selatan,26,14450.0,True,15950.0,1050.0,2025-08
2025-08-10,Sulawesi Tenggara,27,16600.0,True,15950.0,1050.0,2025-08
2025-08-10,Sulawesi Tengah,28,16800.0,True,15950.0,1050.0,2025-08
2025-08-10,Sulawesi Utara,29,16600.0,True,15950.0,1050.0,2025-08
2025-08-10,Sulawesi Barat,30,15100.0,True,15950.0,1050.0,2025-08
2025-08-10,Maluku,31,16850.0,True,15950.0,1050.0,2025-08
2025-08-10,Maluku Utara,32,16700.0,True,15950.0,1050.0,2025-08
2025-08-10,Papua,33,18800.0,True,15950.0,1050.0,2025-08
2025-08-10,Papua Barat,34,16950.0,True,15950.0,1050.0,2025-08
2025-08-11,Aceh,1,15650.0,True,15950.0,1050.0,2025-08
2025-08-11,Sumatera Utara,2,14950.0,True,15950.0,1050.0,2025-08
2025-08-11,Sumatera Barat,3,17150.0,True,15950.0,1050.0,2025-08
2025-08-11,Riau,4,16300.0,True,15950.0,1050.0,2025-08
2025-08-11,Kepulauan Riau,5,15200.0,True,15950.0,1050.0,2025-08
2025-08-11,Jambi,6,15400.0,True,15950.0,1050.0,2025-08
2025-08-11,Bengkulu,7,15600.0,True,15950.0,1050.0,2025-08
2025-08-11,Sumatera Selatan,8,15450.0,True,15950.0,1050.0,2025-08
2025-08-11,Kepulauan Bangka Belitung,9,15400.0,True,15950.0,1050.0,2025-08
2025-08-11,Lampung,10,14800.0,True,15950.0,1050.0,2025-08
2025-08-11,Banten,11,15700.0,True,15950.0,1050.0,2025-08
2025-08-11,Jawa Barat,12,14850.0,True,15950.0,1050.0,2025-08
2025-08-11,DKI Jakarta,13,16200.0,True,15950.0,1050.0,2025-08
2025-08-11,Jawa Tengah,14,15000.0,True,15950.0,1050.0,2025-08
2025-08-11,DI Yogyakarta,15,14450.0,True,15950.0,1050.0,2025-08
2025-08-11,Jawa Timur,16,14750.0,True,15950.0,1050.0,2025-08
2025-08-11,Bali,17,15600.0,True,15950.0,1050.0,2025-08
2025-08-11,Nusa Tenggara Barat,18,13950.0,True,15950.0,1050.0,2025-08
2025-08-11,Nusa Tenggara Timur,19,15400.0,True,15950.0,1050.0,2025-08
2025-08-11,Kalimantan Barat,20,16400.0,True,15950.0,1050.0,2025-08
2025-08-11,Kalimantan Selatan,21,17350.0,True,15950.0,1050.0,2025-08
2025-08-11,Kalimantan Tengah,22,17500.0,True,15950.0,1050.0,2025-08
2025-08-11,Kalimantan Timur,23,16400.0,True,15950.0,1050.0,2025-08
2025-08-11,Kalimantan Utara,24,17150.0,True,15950.0,1050.0,2025-08
2025-08-11,Gorontalo,25,16700.0,True,15950.0,1050.0,2025-08
2025-08-11,Sulawesi Selatan,26,14500.0,True,15950.0,1050.0,2025-08
2025-08-11,Sulawesi Tenggara,27,16600.0,True,15950.0,1050.0,2025-08
2025-08-11,Sulawesi Tengah,28,16800.0,True,15950.0,1050.0,2025-08
2025-08-11,Sulawesi Utara,29,16600.0,True,15950.0,1050.0,2025-08
2025-08-11,Sulawesi Barat,30,15050.0,True,15950.0,1050.0,2025-08
2025-08-11,Maluku,31,16850.0,True,15950.0,1050.0,2025-08
2025-08-11,Maluku Utara,32,16700.0,True,15950.0,1050.0,2025-08
2025-08-11,Papua,33,18900.0,True,15950.0,1050.0,2025-08
2025-08-11,Papua Barat,34,16950.0,True,15950.0,1050.0,2025-08
2025-08-12,Aceh,1,15650.0,True,15950.0,1050.0,2025-08
2025-08-12,Sumatera Utara,2,14950.0,True,15950.0,1050.0,2025-08
2025-08-12,Sumatera Barat,3,17150.0,True,15950.0,1050.0,2025-08
2025-08-12,Riau,4,16300.0,True,15950.0,1050.0,2025-08
2025-08-12,Kepulauan Riau,5,15200.0,True,15950.0,1050.0,2025-08
2025-08-12,Jambi,6,15400.0,True,15950.0,1050.0,2025-08
2025-08-12,Bengkulu,7,15650.0,True,15950.0,1050.0,2025-08
2025-08-12,Sumatera Selatan,8,15500.0,True,15950.0,1050.0,2025-08
2025-08-12,Kepulauan Bangka Belitung,9,15400.0,True,15950.0,1050.0,2025-08
2025-08-12,Lampung,10,14800.0,True,15950.0,1050.0,2025-08
2025-08-12,Banten,11,15700.0,True,15950.0,1050.0,2025-08
2025-08-12,Jawa Barat,12,14850.0,True,15950.0,1050.0,2025-08
2025-08-12,DKI Jakarta,13,16200.0,True,15950.0,1050.0,2025-08
2025-08-12,Jawa Tengah,14,15000.0,True,15950.0,1050.0,2025-08
2025-08-12,DI Yogyakarta,15,14450.0,True,15950.0,1050.0,2025-08
2025-08-12,Jawa Timur,16,14750.0,True,15950.0,1050.0,2025-08
2025-08-12,Bali,17,15600.0,True,15950.0,1050.0,2025-08
2025-08-12,Nusa Tenggara Barat,18,13900.0,True,15950.0,1050.0,2025-08
2025-08-12,Nusa Tenggara Timur,19,15400.0,True,15950.0,1050.0,2025-08
2025-08-12,Kalimantan Barat,20,16400.0,True,15950.0,1050.0,2025-08
2025-08-12,Kalimantan Selatan,21,17350.0,True,15950.0,1050.0,2025-08
2025-08-12,Kalimantan Tengah,22,17500.0,True,15950.0,1050.0,2025-08
2025-08-12,Kalimantan Timur,23,16450.0,True,15950.0,1050.0,2025-08
2025-08-12,Kalimantan Utara,24,17150.0,True,15950.0,1050.0,2025-08
2025-08-12,Gorontalo,25,16850.0,True,15950.0,1050.0,2025-08
2025-08-12,Sulawesi Selatan,26,14500.0,True,15950.0,1050.0,2025-08
2025-08-12,Sulawesi Tenggara,27,16600.0,True,15950.0,1050.0,2025-08
2025-08-12,Sulawesi Tengah,28,16800.0,True,15950.0,1050.0,2025-08
2025-08-12,Sulawesi Utara,29,16600.0,True,15950.0,1050.0,2025-08
2025-08-12,Sulawesi Barat,30,15050.0,True,15950.0,1050.0,2025-08
2025-08-12,Maluku,31,16850.0,True,15950.0,1050.0,2025-08
2025-08-12,Maluku Utara,32,16750.0,True,15950.0,1050.0,2025-08
2025-08-12,Papua,33,18900.0,True,15950.0,1050.0,2025-08
2025-08-12,Papua Barat,34,16950.0,True,15950.0,1050.0,2025-08
2025-08-13,Aceh,1,15650.0,True,15950.0,1050.0,2025-08
2025-08-13,Sumatera Utara,2,15000.0,True,15950.0,1050.0,2025-08
2025-08-13,Sumatera Barat,3,17150.0,True,15950.0,1050.0,2025-08
2025-08-13,Riau,4,16300.0,True,15950.0,1050.0,2025-08
2025-08-13,Kepulauan Riau,5,15200.0,True,15950.0,1050.0,2025-08
2025-08-13,Jambi,6,15400.0,True,15950.0,1050.0,2025-08
2025-08-13,Bengkulu,7,15650.0,True,15950.0,1050.0,2025-08
2025-08-13,Sumatera Selatan,8,15450.0,True,15950.0,1050.0,2025-08
2025-08-13,Kepulauan Bangka Belitung,9,15350.0,True,15950.0,1050.0,2025-08
2025-08-13,Lampung,10,14800.0,True,15950.0,1050.0,2025-08
2025-08-13,Banten,11,15700.0,True,15950.0,1050.0,2025-08
2025-08-13,Jawa Barat,12,14850.0,True,15950.0,1050.0,2025-08
2025-08-13,DKI Jakarta,13,16200.0,True,15950.0,1050.0,2025-08
2025-08-13,Jawa Tengah,14,15000.0,True,15950.0,1050.0,2025-08
2025-08-13,DI Yogyakarta,15,14450.0,True,15950.0,1050.0,2025-08
2025-08-13,Jawa Timur,16,14750.0,True,15950.0,1050.0,2025-08
2025-08-13,Bali,17,15600.0,True,15950.0,1050.0,2025-08
2025-08-13,Nusa Tenggara Barat,18,13950.0,True,15950.0,1050.0,2025-08
2025-08-13,Nusa Tenggara Timur,19,15400.0,True,15950.0,1050.0,2025-08
2025-08-13,Kalimantan Barat,20,16400.0,True,15950.0,1050.0,2025-08
2025-08-13,Kalimantan Selatan,21,17350.0,True,15950.0,1050.0,2025-08
2025-08-13,Kalimantan Tengah,22,17500.0,True,15950.0,1050.0,2025-08
2025-08-13,Kalimantan Timur,23,16450.0,True,15950.0,1050.0,2025-08
2025-08-13,Kalimantan Utara,24,17150.0,True,15950.0,1050.0,2025-08
2025-08-13,Gorontalo,25,16850.0,True,15950.0,1050.0,2025-08
2025-08-13,Sulawesi Selatan,26,14500.0,True,15950.0,1050.0,2025-08
2025-08-13,Sulawesi Tenggara,27,16600.0,True,15950.0,1050.0,2025-08
2025-08-13,Sulawesi Tengah,28,16800.0,True,15950.0,1050.0,2025-08
2025-08-13,Sulawesi Utara,29,16600.0,True,15950.0,1050.0,2025-08
2025-08-13,Sulawesi Barat,30,15050.0,True,15950.0,1050.0,2025-08
2025-08-13,Maluku,31,16850.0,True,15950.0,1050.0,2025-08
2025-08-13,Maluku Utara,32,16700.0,True,15950.0,1050.0,2025-08
2025-08-13,Papua,33,18900.0,True,15950.0,1050.0,2025-08
2025-08-13,Papua Barat,34,16950.0,True,15950.0,1050.0,2025-08
2025-08-14,Aceh,1,15500.0,True,15950.0,1050.0,2025-08
2025-08-14,Sumatera Utara,2,14950.0,True,15950.0,1050.0,2025-08
2025-08-14,Sumatera Barat,3,17150.0,True,15950.0,1050.0,2025-08
2025-08-14,Riau,4,16300.0,True,15950.0,1050.0,2025-08
2025-08-14,Kepulauan Riau,5,15200.0,True,15950.0,1050.0,2025-08
2025-08-14,Jambi,6,15400.0,True,15950.0,1050.0,2025-08
2025-08-14,Bengkulu,7,15650.0,True,15950.0,1050.0,2025-08
2025-08-14,Sumatera Selatan,8,15450.0,True,15950.0,1050.0,2025-08
2025-08-14,Kepulauan Bangka Belitung,9,15350.0,True,15950.0,1050.0,2025-08
2025-08-14,Lampung,10,14800.0,True,15950.0,1050.0,2025-08
2025-08-14,Banten,11,15500.0,True,15950.0,1050.0,2025-08
2025-08-14,Jawa Barat,12,14850.0,True,15950.0,1050.0,2025-08
2025-08-14,DKI Jakarta,13,16200.0,True,15950.0,1050.0,2025-08
2025-08-14,Jawa Tengah,14,15000.0,True,15950.0,1050.0,2025-08
2025-08-14,DI Yogyakarta,15,14450.0,True,15950.0,1050.0,2025-08
2025-08-14,Jawa Timur,16,14750.0,True,15950.0,1050.0,2025-08
2025-08-14,Bali,17,15600.0,True,15950.0,1050.0,2025-08
2025-08-14,Nusa Tenggara Barat,18,13950.0,True,15950.0,1050.0,2025-08
2025-08-14,Nusa Tenggara Timur,19,15400.0,True,15950.0,1050.0,2025-08
2025-08-14,Kalimantan Barat,20,16400.0,True,15950.0,1050.0,2025-08
2025-08-14,Kalimantan Selatan,21,17450.0,True,15950.0,1050.0,2025-08
2025-08-14,Kalimantan Tengah,22,17500.0,True,15950.0,1050.0,2025-08
2025-08-14,Kalimantan Timur,23,16450.0,True,15950.0,1050.0,2025-08
2025-08-14,Kalimantan Utara,24,17150.0,True,15950.0,1050.0,2025-08
2025-08-14,Gorontalo,25,16900.0,True,15950.0,1050.0,2025-08
2025-08-14,Sulawesi Selatan,26,14500.0,True,15950.0,1050.0,2025-08
2025-08-14,Sulawesi Tenggara,27,16600.0,True,15950.0,1050.0,2025-08
2025-08-14,Sulawesi Tengah,28,16800.0,True,15950.0,1050.0,2025-08
2025-08-14,Sulawesi Utara,29,16600.0,True,15950.0,1050.0,2025-08
2025-08-14,Sulawesi Barat,30,15050.0,True,15950.0,1050.0,2025-08
2025-08-14,Maluku,31,16850.0,True,15950.0,1050.0,2025-08
2025-08-14,Maluku Utara,32,16700.0,True,15950.0,1050.0,2025-08
2025-08-14,Papua,33,18900.0,True,15950.0,1050.0,2025-08
2025-08-14,Papua Barat,34,16950.0,True,15950.0,1050.0,2025-08
2025-08-15,Aceh,1,15500.0,True,15950.0,1100.0,2025-08
2025-08-15,Sumatera Utara,2,15000.0,True,15950.0,1100.0,2025-08
2025-08-15,Sumatera Barat,3,17150.0,True,15950.0,1100.0,2025-08
2025-08-15,Riau,4,16300.0,True,15950.0,1100.0,2025-08
2025-08-15,Kepulauan Riau,5,15200.0,True,15950.0,1100.0,2025-08
2025-08-15,Jambi,6,15400.0,True,15950.0,1100.0,2025-08
2025-08-15,Bengkulu,7,15650.0,True,15950.0,1100.0,2025-08
2025-08-15,Sumatera Selatan,8,15500.0,True,15950.0,1100.0,2025-08
2025-08-15,Kepulauan Bangka Belitung,9,15350.0,True,15950.0,1100.0,2025-08
2025-08-15,Lampung,10,14750.0,True,15950.0,1100.0,2025-08
2025-08-15,Banten,11,15500.0,True,15950.0,1100.0,2025-08
2025-08-15,Jawa Barat,12,14850.0,True,15950.0,1100.0,2025-08
2025-08-15,DKI Jakarta,13,16200.0,True,15950.0,1100.0,2025-08
2025-08-15,Jawa Tengah,14,15000.0,True,15950.0,1100.0,2025-08
2025-08-15,DI Yogyakarta,15,14450.0,True,15950.0,1100.0,2025-08
2025-08-15,Jawa Timur,16,14800.0,True,15950.0,1100.0,2025-08
2025-08-15,Bali,17,15600.0,True,15950.0,1100.0,2025-08
2025-08-15,Nusa Tenggara Barat,18,13900.0,True,15950.0,1100.0,2025-08
2025-08-15,Nusa Tenggara Timur,19,15400.0,True,15950.0,1100.0,2025-08
2025-08-15,Kalimantan Barat,20,16400.0,True,15950.0,1100.0,2025-08
2025-08-15,Kalimantan Selatan,21,17450.0,True,15950.0,1100.0,2025-08
2025-08-15,Kalimantan Tengah,22,17500.0,True,15950.0,1100.0,2025-08
2025-08-15,Kalimantan Timur,23,16400.0,True,15950.0,1100.0,2025-08
2025-08-15,Kalimantan Utara,24,17150.0,True,15950.0,1100.0,2025-08
2025-08-15,Gorontalo,25,17000.0,True,15950.0,1100.0,2025-08
2025-08-15,Sulawesi Selatan,26,14450.0,True,15950.0,1100.0,2025-08
2025-08-15,Sulawesi Tenggara,27,16600.0,True,15950.0,1100.0,2025-08
2025-08-15,Sulawesi Tengah,28,16800.0,True,15950.0,1100.0,2025-08
2025-08-15,Sulawesi Utara,29,16600.0,True,15950.0,1100.0,2025-08
2025-08-15,Sulawesi Barat,30,15050.0,True,15950.0,1100.0,2025-08
2025-08-15,Maluku,31,16850.0,True,15950.0,1100.0,2025-08
2025-08-15,Maluku Utara,32,16700.0,True,15950.0,1100.0,2025-08
2025-08-15,Papua,33,18900.0,True,15950.0,1100.0,2025-08
2025-08-15,Papua Barat,34,16950.0,True,15950.0,1100.0,2025-08
2025-08-16,Aceh,1,15500.0,True,15950.0,1100.0,2025-08
2025-08-16,Sumatera Utara,2,15000.0,True,15950.0,1100.0,2025-08
2025-08-16,Sumatera Barat,3,17150.0,True,15950.0,1100.0,2025-08
2025-08-16,Riau,4,16300.0,True,15950.0,1100.0,2025-08
2025-08-16,Kepulauan Riau,5,15200.0,True,15950.0,1100.0,2025-08
2025-08-16,Jambi,6,15400.0,True,15950.0,1100.0,2025-08
2025-08-16,Bengkulu,7,15650.0,True,15950.0,1100.0,2025-08
2025-08-16,Sumatera Selatan,8,15500.0,True,15950.0,1100.0,2025-08
2025-08-16,Kepulauan Bangka Belitung,9,15350.0,True,15950.0,1100.0,2025-08
2025-08-16,Lampung,10,14750.0,True,15950.0,1100.0,2025-08
2025-08-16,Banten,11,15500.0,True,15950.0,1100.0,2025-08
2025-08-16,Jawa Barat,12,14850.0,True,15950.0,1100.0,2025-08
2025-08-16,DKI Jakarta,13,16200.0,True,15950.0,1100.0,2025-08
2025-08-16,Jawa Tengah,14,15000.0,True,15950.0,1100.0,2025-08
2025-08-16,DI Yogyakarta,15,14450.0,True,15950.0,1100.0,2025-08
2025-08-16,Jawa Timur,16,14800.0,True,15950.0,1100.0,2025-08
2025-08-16,Bali,17,15600.0,True,15950.0,1100.0,2025-08
2025-08-16,Nusa Tenggara Barat,18,13900.0,True,15950.0,1100.0,2025-08
2025-08-16,Nusa Tenggara Timur,19,15400.0,True,15950.0,1100.0,2025-08
2025-08-16,Kalimantan Barat,20,16400.0,True,15950.0,1100.0,2025-08
2025-08-16,Kalimantan Selatan,21,17450.0,True,15950.0,1100.0,2025-08
2025-08-16,Kalimantan Tengah,22,17500.0,True,15950.0,1100.0,2025-08
2025-08-16,Kalimantan Timur,23,16400.0,True,15950.0,1100.0,2025-08
2025-08-16,Kalimantan Utara,24,17150.0,True,15950.0,1100.0,2025-08
2025-08-16,Gorontalo,25,17000.0,True,15950.0,1100.0,2025-08
2025-08-16,Sulawesi Selatan,26,14450.0,True,15950.0,1100.0,2025-08
2025-08-16,Sulawesi Tenggara,27,16600.0,True,15950.0,1100.0,2025-08
2025-08-16,Sulawesi Tengah,28,16800.0,True,15950.0,1100.0,2025-08
2025-08-16,Sulawesi Utara,29,16600.0,True,15950.0,1100.0,2025-08
2025-08-16,Sulawesi Barat,30,15050.0,True,15950.0,1100.0,2025-08
2025-08-16,Maluku,31,16850.0,True,15950.0,1100.0,2025-08
2025-08-16,Maluku Utara,32,16700.0,True,15950.0,1100.0,2025-08
2025-08-16,Papua,33,18900.0,True,15950.0,1100.0,2025-08
2025-08-16,Papua Barat,34,16950.0,True,15950.0,1100.0,2025-08
2025-08-17,Aceh,1,15500.0,True,15950.0,1100.0,2025-08
2025-08-17,Sumatera Utara,2,15000.0,True,15950.0,1100.0,2025-08
2025-08-17,Sumatera Barat,3,17150.0,True,15950.0,1100.0,2025-08
2025-08-17,Riau,4,16300.0,True,15950.0,1100.0,2025-08
2025-08-17,Kepulauan Riau,5,15200.0,True,15950.0,1100.0,2025-08
2025-08-17,Jambi,6,15400.0,True,15950.0,1100.0,2025-08
2025-08-17,Bengkulu,7,15650.0,True,15950.0,1100.0,2025-08
2025-08-17,Sumatera Selatan,8,15500.0,True,15950.0,1100.0,2025-08
2025-08-17,Kepulauan Bangka Belitung,9,15350.0,True,15950.0,1100.0,2025-08
2025-08-17,Lampung,10,14750.0,True,15950.0,1100.0,2025-08
2025-08-17,Banten,11,15500.0,True,15950.0,1100.0,2025-08
2025-08-17,Jawa Barat,12,14850.0,True,15950.0,1100.0,2025-08
2025-08-17,DKI Jakarta,13,16200.0,True,15950.0,1100.0,2025-08
2025-08-17,Jawa Tengah,14,15000.0,True,15950.0,1100.0,2025-08
2025-08-17,DI Yogyakarta,15,14450.0,True,15950.0,1100.0,2025-08
2025-08-17,Jawa Timur,16,14800.0,True,15950.0,1100.0,2025-08
2025-08-17,Bali,17,15600.0,True,15950.0,1100.0,2025-08
2025-08-17,Nusa Tenggara Barat,18,13900.0,True,15950.0,1100.0,2025-08
2025-08-17,Nusa Tenggara Timur,19,15400.0,True,15950.0,1100.0,2025-08
2025-08-17,Kalimantan Barat,20,16400.0,True,15950.0,1100.0,2025-08
2025-08-17,Kalimantan Selatan,21,17450.0,True,15950.0,1100.0,2025-08
2025-08-17,Kalimantan Tengah,22,17500.0,True,15950.0,1100.0,2025-08
2025-08-17,Kalimantan Timur,23,16400.0,True,15950.0,1100.0,2025-08
2025-08-17,Kalimantan Utara,24,17150.0,True,15950.0,1100.0,2025-08
2025-08-17,Gorontalo,25,17000.0,True,15950.0,1100.0,2025-08
2025-08-17,Sulawesi Selatan,26,14450.0,True,15950.0,1100.0,2025-08
2025-08-17,Sulawesi Tenggara,27,16600.0,True,15950.0,1100.0,2025-08
2025-08-17,Sulawesi Tengah,28,16800.0,True,15950.0,1100.0,2025-08
2025-08-17,Sulawesi Utara,29,16600.0,True,15950.0,1100.0,2025-08
2025-08-17,Sulawesi Barat,30,15050.0,True,15950.0,1100.0,2025-08
2025-08-17,Maluku,31,16850.0,True,15950.0,1100.0,2025-08
2025-08-17,Maluku Utara,32,16700.0,True,15950.0,1100.0,2025-08
2025-08-17,Papua,33,18900.0,True,15950.0,1100.0,2025-08
2025-08-17,Papua Barat,34,16950.0,True,15950.0,1100.0,2025-08
2025-08-18,Aceh,1,15500.0,True,15950.0,1100.0,2025-08
2025-08-18,Sumatera Utara,2,15000.0,True,15950.0,1100.0,2025-08
2025-08-18,Sumatera Barat,3,17150.0,True,15950.0,1100.0,2025-08
2025-08-18,Riau,4,16300.0,True,15950.0,1100.0,2025-08
2025-08-18,Kepulauan Riau,5,15200.0,True,15950.0,1100.0,2025-08
2025-08-18,Jambi,6,15400.0,True,15950.0,1100.0,2025-08
2025-08-18,Bengkulu,7,15650.0,True,15950.0,1100.0,2025-08
2025-08-18,Sumatera Selatan,8,15500.0,True,15950.0,1100.0,2025-08
2025-08-18,Kepulauan Bangka Belitung,9,15350.0,True,15950.0,1100.0,2025-08
2025-08-18,Lampung,10,14750.0,True,15950.0,1100.0,2025-08
2025-08-18,Banten,11,15500.0,True,15950.0,1100.0,2025-08
2025-08-18,Jawa Barat,12,14850.0,True,15950.0,1100.0,2025-08
2025-08-18,DKI Jakarta,13,16200.0,True,15950.0,1100.0,2025-08
2025-08-18,Jawa Tengah,14,15000.0,True,15950.0,1100.0,2025-08
2025-08-18,DI Yogyakarta,15,14450.0,True,15950.0,1100.0,2025-08
2025-08-18,Jawa Timur,16,14800.0,True,15950.0,1100.0,2025-08
2025-08-18,Bali,17,15600.0,True,15950.0,1100.0,2025-08
2025-08-18,Nusa Tenggara Barat,18,13900.0,True,15950.0,1100.0,2025-08
2025-08-18,Nusa Tenggara Timur,19,15400.0,True,15950.0,1100.0,2025-08
2025-08-18,Kalimantan Barat,20,16400.0,True,15950.0,1100.0,2025-08
2025-08-18,Kalimantan Selatan,21,17450.0,True,15950.0,1100.0,2025-08
2025-08-18,Kalimantan Tengah,22,17500.0,True,15950.0,1100.0,2025-08
2025-08-18,Kalimantan Timur,23,16400.0,True,15950.0,1100.0,2025-08
2025-08-18,Kalimantan Utara,24,17150.0,True,15950.0,1100.0,2025-08
2025-08-18,Gorontalo,25,17000.0,True,15950.0,1100.0,2025-08
2025-08-18,Sulawesi Selatan,26,14450.0,True,15950.0,1100.0,2025-08
2025-08-18,Sulawesi Tenggara,27,16600.0,True,15950.0,1100.0,2025-08
2025-08-18,Sulawesi Tengah,28,16800.0,True,15950.0,1100.0,2025-08
2025-08-18,Sulawesi Utara,29,16600.0,True,15950.0,1100.0,2025-08
2025-08-18,Sulawesi Barat,30,15050.0,True,15950.0,1100.0,2025-08
2025-08-18,Maluku,31,16850.0,True,15950.0,1100.0,2025-08
2025-08-18,Maluku Utara,32,16700.0,True,15950.0,1100.0,2025-08
2025-08-18,Papua,33,18900.0,True,15950.0,1100.0,2025-08
2025-08-18,Papua Barat,34,16950.0,True,15950.0,1100.0,2025-08
2025-08-19,Aceh,1,15400.0,True,15950.0,1100.0,2025-08
2025-08-19,Sumatera Utara,2,15000.0,True,15950.0,1100.0,2025-08
2025-08-19,Sumatera Barat,3,17150.0,True,15950.0,1100.0,2025-08
2025-08-19,Riau,4,16300.0,True,15950.0,1100.0,2025-08
2025-08-19,Kepulauan Riau,5,15200.0,True,15950.0,1100.0,2025-08
2025-08-19,Jambi,6,15400.0,True,15950.0,1100.0,2025-08
2025-08-19,Bengkulu,7,15650.0,True,15950.0,1100.0,2025-08
2025-08-19,Sumatera Selatan,8,15500.0,True,15950.0,1100.0,2025-08
2025-08-19,Kepulauan Bangka Belitung,9,15300.0,True,15950.0,1100.0,2025-08
2025-08-19,Lampung,10,14750.0,True,15950.0,1100.0,2025-08
2025-08-19,Banten,11,15500.0,True,15950.0,1100.0,2025-08
2025-08-19,Jawa Barat,12,14850.0,True,15950.0,1100.0,2025-08
2025-08-19,DKI Jakarta,13,16200.0,True,15950.0,1100.0,2025-08
2025-08-19,Jawa Tengah,14,15000.0,True,15950.0,1100.0,2025-08
2025-08-19,DI Yogyakarta,15,14450.0,True,15950.0,1100.0,2025-08
2025-08-19,Jawa Timur,16,14750.0,True,15950.0,1100.0,2025-08
2025-08-19,Bali,17,15600.0,True,15950.0,1100.0,2025-08
2025-08-19,Nusa Tenggara Barat,18,13900.0,True,15950.0,1100.0,2025-08
2025-08-19,Nusa Tenggara Timur,19,15400.0,True,15950.0,1100.0,2025-08
2025-08-19,Kalimantan Barat,20,16400.0,True,15950.0,1100.0,2025-08
2025-08-19,Kalimantan Selatan,21,17450.0,True,15950.0,1100.0,2025-08
2025-08-19,Kalimantan Tengah,22,17500.0,True,15950.0,1100.0,2025-08
2025-08-19,Kalimantan Timur,23,16400.0,True,15950.0,1100.0,2025-08
2025-08-19,Kalimantan Utara,24,17150.0,True,15950.0,1100.0,2025-08
2025-08-19,Gorontalo,25,17000.0,True,15950.0,1100.0,2025-08
2025-08-19,Sulawesi Selatan,26,14450.0,True,15950.0,1100.0,2025-08
2025-08-19,Sulawesi Tenggara,27,16600.0,True,15950.0,1100.0,2025-08
2025-08-19,Sulawesi Tengah,28,16750.0,True,15950.0,1100.0,2025-08
2025-08-19,Sulawesi Utara,29,16600.0,True,15950.0,1100.0,2025-08
2025-08-19,Sulawesi Barat,30,15050.0,True,15950.0,1100.0,2025-08
2025-08-19,Maluku,31,16900.0,True,15950.0,1100.0,2025-08
2025-08-19,Maluku Utara,32,16700.0,True,15950.0,1100.0,2025-08
2025-08-19,Papua,33,18850.0,True,15950.0,1100.0,2025-08
2025-08-19,Papua Barat,34,16950.0,True,15950.0,1100.0,2025-08
2025-08-20,Aceh,1,15450.0,True,15950.0,1050.0,2025-08
2025-08-20,Sumatera Utara,2,15000.0,True,15950.0,1050.0,2025-08
2025-08-20,Sumatera Barat,3,17150.0,True,15950.0,1050.0,2025-08
2025-08-20,Riau,4,16300.0,True,15950.0,1050.0,2025-08
2025-08-20,Kepulauan Riau,5,15200.0,True,15950.0,1050.0,2025-08
2025-08-20,Jambi,6,15400.0,True,15950.0,1050.0,2025-08
2025-08-20,Bengkulu,7,15650.0,True,15950.0,1050.0,2025-08
2025-08-20,Sumatera Selatan,8,15500.0,True,15950.0,1050.0,2025-08
2025-08-20,Kepulauan Bangka Belitung,9,15300.0,True,15950.0,1050.0,2025-08
2025-08-20,Lampung,10,14800.0,True,15950.0,1050.0,2025-08
2025-08-20,Banten,11,15500.0,True,15950.0,1050.0,2025-08
2025-08-20,Jawa Barat,12,14850.0,True,15950.0,1050.0,2025-08
2025-08-20,DKI Jakarta,13,16250.0,True,15950.0,1050.0,2025-08
2025-08-20,Jawa Tengah,14,15000.0,True,15950.0,1050.0,2025-08
2025-08-20,DI Yogyakarta,15,14450.0,True,15950.0,1050.0,2025-08
2025-08-20,Jawa Timur,16,14800.0,True,15950.0,1050.0,2025-08
2025-08-20,Bali,17,15600.0,True,15950.0,1050.0,2025-08
2025-08-20,Nusa Tenggara Barat,18,13900.0,True,15950.0,1050.0,2025-08
2025-08-20,Nusa Tenggara Timur,19,15400.0,True,15950.0,1050.0,2025-08
2025-08-20,Kalimantan Barat,20,16400.0,True,15950.0,1050.0,2025-08
2025-08-20,Kalimantan Selatan,21,17450.0,True,15950.0,1050.0,2025-08
2025-08-20,Kalimantan Tengah,22,17350.0,True,15950.0,1050.0,2025-08
2025-08-20,Kalimantan Timur,23,16450.0,True,15950.0,1050.0,2025-08
2025-08-20,Kalimantan Utara,24,17150.0,True,15950.0,1050.0,2025-08
2025-08-20,Gorontalo,25,17000.0,True,15950.0,1050.0,2025-08
2025-08-20,Sulawesi Selatan,26,14450.0,True,15950.0,1050.0,2025-08
2025-08-20,Sulawesi Tenggara,27,16600.0,True,15950.0,1050.0,2025-08
2025-08-20,Sulawesi Tengah,28,16750.0,True,15950.0,1050.0,2025-08
2025-08-20,Sulawesi Utara,29,16750.0,True,15950.0,1050.0,2025-08
2025-08-20,Sulawesi Barat,30,15050.0,True,15950.0,1050.0,2025-08
2025-08-20,Maluku,31,16900.0,True,15950.0,1050.0,2025-08
2025-08-20,Maluku Utara,32,16700.0,True,15950.0,1050.0,2025-08
2025-08-20,Papua,33,18850.0,True,15950.0,1050.0,2025-08
2025-08-20,Papua Barat,34,16950.0,True,15950.0,1050.0,2025-08
2025-08-21,Aceh,1,15450.0,True,15950.0,1050.0,2025-08
2025-08-21,Sumatera Utara,2,15000.0,True,15950.0,1050.0,2025-08
2025-08-21,Sumatera Barat,3,17150.0,True,15950.0,1050.0,2025-08
2025-08-21,Riau,4,16300.0,True,15950.0,1050.0,2025-08
2025-08-21,Kepulauan Riau,5,15150.0,True,15950.0,1050.0,2025-08
2025-08-21,Jambi,6,15400.0,True,15950.0,1050.0,2025-08
2025-08-21,Bengkulu,7,15650.0,True,15950.0,1050.0,2025-08
2025-08-21,Sumatera Selatan,8,15500.0,True,15950.0,1050.0,2025-08
2025-08-21,Kepulauan Bangka Belitung,9,15300.0,True,15950.0,1050.0,2025-08
2025-08-21,Lampung,10,14800.0,True,15950.0,1050.0,2025-08
2025-08-21,Banten,11,15500.0,True,15950.0,1050.0,2025-08
2025-08-21,Jawa Barat,12,14850.0,True,15950.0,1050.0,2025-08
2025-08-21,DKI Jakarta,13,16250.0,True,15950.0,1050.0,2025-08
2025-08-21,Jawa Tengah,14,15000.0,True,15950.0,1050.0,2025-08
2025-08-21,DI Yogyakarta,15,14450.0,True,15950.0,1050.0,2025-08
2025-08-21,Jawa Timur,16,14800.0,True,15950.0,1050.0,2025-08
2025-08-21,Bali,17,15600.0,True,15950.0,1050.0,2025-08
2025-08-21,Nusa Tenggara Barat,18,13900.0,True,15950.0,1050.0,2025-08
2025-08-21,Nusa Tenggara Timur,19,15400.0,True,15950.0,1050.0,2025-08
2025-08-21,Kalimantan Barat,20,16400.0,True,15950.0,1050.0,2025-08
2025-08-21,Kalimantan Selatan,21,17450.0,True,15950.0,1050.0,2025-08
2025-08-21,Kalimantan Tengah,22,17400.0,True,15950.0,1050.0,2025-08
2025-08-21,Kalimantan Timur,23,16450.0,True,15950.0,1050.0,2025-08
2025-08-21,Kalimantan Utara,24,17150.0,True,15950.0,1050.0,2025-08
2025-08-21,Gorontalo,25,17000.0,True,15950.0,1050.0,2025-08
2025-08-21,Sulawesi Selatan,26,14450.0,True,15950.0,1050.0,2025-08
2025-08-21,Sulawesi Tenggara,27,16550.0,True,15950.0,1050.0,2025-08
2025-08-21,Sulawesi Tengah,28,16750.0,True,15950.0,1050.0,2025-08
2025-08-21,Sulawesi Utara,29,16600.0,True,15950.0,1050.0,2025-08
2025-08-21,Sulawesi Barat,30,15050.0,True,15950.0,1050.0,2025-08
2025-08-21,Maluku,31,16900.0,True,15950.0,1050.0,2025-08
2025-08-21,Maluku Utara,32,16700.0,True,15950.0,1050.0,2025-08
2025-08-21,Papua,33,18850.0,True,15950.0,1050.0,2025-08
2025-08-21,Papua Barat,34,16950.0,True,15950.0,1050.0,2025-08
2025-08-22,Aceh,1,15450.0,True,15950.0,1050.0,2025-08
2025-08-22,Sumatera Utara,2,15000.0,True,15950.0,1050.0,2025-08
2025-08-22,Sumatera Barat,3,17150.0,True,15950.0,1050.0,2025-08
2025-08-22,Riau,4,16300.0,True,15950.0,1050.0,2025-08
2025-08-22,Kepulauan Riau,5,15150.0,True,15950.0,1050.0,2025-08
2025-08-22,Jambi,6,15400.0,True,15950.0,1050.0,2025-08
2025-08-22,Bengkulu,7,15650.0,True,15950.0,1050.0,2025-08
2025-08-22,Sumatera Selatan,8,15500.0,True,15950.0,1050.0,2025-08
2025-08-22,Kepulauan Bangka Belitung,9,15300.0,True,15950.0,1050.0,2025-08
2025-08-22,Lampung,10,14800.0,True,15950.0,1050.0,2025-08
2025-08-22,Banten,11,15500.0,True,15950.0,1050.0,2025-08
2025-08-22,Jawa Barat,12,14850.0,True,15950.0,1050.0,2025-08
2025-08-22,DKI Jakarta,13,16250.0,True,15950.0,1050.0,2025-08
2025-08-22,Jawa Tengah,14,15050.0,True,15950.0,1050.0,2025-08
2025-08-22,DI Yogyakarta,15,14450.0,True,15950.0,1050.0,2025-08
2025-08-22,Jawa Timur,16,14800.0,True,15950.0,1050.0,2025-08
2025-08-22,Bali,17,15600.0,True,15950.0,1050.0,2025-08
2025-08-22,Nusa Tenggara Barat,18,13900.0,True,15950.0,1050.0,2025-08
2025-08-22,Nusa Tenggara Timur,19,15400.0,True,15950.0,1050.0,2025-08
2025-08-22,Kalimantan Barat,20,16400.0,True,15950.0,1050.0,2025-08
2025-08-22,Kalimantan Selatan,21,17450.0,True,15950.0,1050.0,2025-08
2025-08-22,Kalimantan Tengah,22,17400.0,True,15950.0,1050.0,2025-08
2025-08-22,Kalimantan Timur,23,16450.0,True,15950.0,1050.0,2025-08
2025-08-22,Kalimantan Utara,24,17150.0,True,15950.0,1050.0,2025-08
2025-08-22,Gorontalo,25,16950.0,True,15950.0,1050.0,2025-08
2025-08-22,Sulawesi Selatan,26,14450.0,True,15950.0,1050.0,2025-08
2025-08-22,Sulawesi Tenggara,27,16550.0,True,15950.0,1050.0,2025-08
2025-08-22,Sulawesi Tengah,28,16700.0,True,15950.0,1050.0,2025-08
2025-08-22,Sulawesi Utara,29,16600.0,True,15950.0,1050.0,2025-08
2025-08-22,Sulawesi Barat,30,15050.0,True,15950.0,1050.0,2025-08
2025-08-22,Maluku,31,16900.0,True,15950.0,1050.0,2025-08
2025-08-22,Maluku Utara,32,16700.0,True,15950.0,1050.0,2025-08
2025-08-22,Papua,33,18850.0,True,15950.0,1050.0,2025-08
2025-08-22,Papua Barat,34,16950.0,True,15950.0,1050.0,2025-08
2025-08-23,Aceh,1,15450.0,True,15950.0,1050.0,2025-08
2025-08-23,Sumatera Utara,2,15000.0,True,15950.0,1050.0,2025-08
2025-08-23,Sumatera Barat,3,17150.0,True,15950.0,1050.0,2025-08
2025-08-23,Riau,4,16300.0,True,15950.0,1050.0,2025-08
2025-08-23,Kepulauan Riau,5,15150.0,True,15950.0,1050.0,2025-08
2025-08-23,Jambi,6,15400.0,True,15950.0,1050.0,2025-08
2025-08-23,Bengkulu,7,15650.0,True,15950.0,1050.0,2025-08
2025-08-23,Sumatera Selatan,8,15500.0,True,15950.0,1050.0,2025-08
2025-08-23,Kepulauan Bangka Belitung,9,15300.0,True,15950.0,1050.0,2025-08
2025-08-23,Lampung,10,14800.0,True,15950.0,1050.0,2025-08
2025-08-23,Banten,11,15500.0,True,15950.0,1050.0,2025-08
2025-08-23,Jawa Barat,12,14850.0,True,15950.0,1050.0,2025-08
2025-08-23,DKI Jakarta,13,16250.0,True,15950.0,1050.0,2025-08
2025-08-23,Jawa Tengah,14,15050.0,True,15950.0,1050.0,2025-08
2025-08-23,DI Yogyakarta,15,14450.0,True,15950.0,1050.0,2025-08
2025-08-23,Jawa Timur,16,14800.0,True,15950.0,1050.0,2025-08
2025-08-23,Bali,17,15600.0,True,15950.0,1050.0,2025-08
2025-08-23,Nusa Tenggara Barat,18,13900.0,True,15950.0,1050.0,2025-08
2025-08-23,Nusa Tenggara Timur,19,15400.0,True,15950.0,1050.0,2025-08
2025-08-23,Kalimantan Barat,20,16400.0,True,15950.0,1050.0,2025-08
2025-08-23,Kalimantan Selatan,21,17450.0,True,15950.0,1050.0,2025-08
2025-08-23,Kalimantan Tengah,22,17400.0,True,15950.0,1050.0,2025-08
2025-08-23,Kalimantan Timur,23,16450.0,True,15950.0,1050.0,2025-08
2025-08-23,Kalimantan Utara,24,17150.0,True,15950.0,1050.0,2025-08
2025-08-23,Gorontalo,25,16950.0,True,15950.0,1050.0,2025-08
2025-08-23,Sulawesi Selatan,26,14450.0,True,15950.0,1050.0,2025-08
2025-08-23,Sulawesi Tenggara,27,16550.0,True,15950.0,1050.0,2025-08
2025-08-23,Sulawesi Tengah,28,16700.0,True,15950.0,1050.0,2025-08
2025-08-23,Sulawesi Utara,29,16600.0,True,15950.0,1050.0,2025-08
2025-08-23,Sulawesi Barat,30,15050.0,True,15950.0,1050.0,2025-08
2025-08-23,Maluku,31,16900.0,True,15950.0,1050.0,2025-08
2025-08-23,Maluku Utara,32,16700.0,True,15950.0,1050.0,2025-08
2025-08-23,Papua,33,18850.0,True,15950.0,1050.0,2025-08
2025-08-23,Papua Barat,34,16950.0,True,15950.0,1050.0,2025-08
2025-08-24,Aceh,1,15450.0,True,15950.0,1050.0,2025-08
2025-08-24,Sumatera Utara,2,15000.0,True,15950.0,1050.0,2025-08
2025-08-24,Sumatera Barat,3,17150.0,True,15950.0,1050.0,2025-08
2025-08-24,Riau,4,16300.0,True,15950.0,1050.0,2025-08
2025-08-24,Kepulauan Riau,5,15150.0,True,15950.0,1050.0,2025-08
2025-08-24,Jambi,6,15400.0,True,15950.0,1050.0,2025-08
2025-08-24,Bengkulu,7,15650.0,True,15950.0,1050.0,2025-08
2025-08-24,Sumatera Selatan,8,15500.0,True,15950.0,1050.0,2025-08
2025-08-24,Kepulauan Bangka Belitung,9,15300.0,True,15950.0,1050.0,2025-08
2025-08-24,Lampung,10,14800.0,True,15950.0,1050.0,2025-08
2025-08-24,Banten,11,15500.0,True,15950.0,1050.0,2025-08
2025-08-24,Jawa Barat,12,14850.0,True,15950.0,1050.0,2025-08
2025-08-24,DKI Jakarta,13,16250.0,True,15950.0,1050.0,2025-08
2025-08-24,Jawa Tengah,14,15050.0,True,15950.0,1050.0,2025-08
2025-08-24,DI Yogyakarta,15,14450.0,True,15950.0,1050.0,2025-08
2025-08-24,Jawa Timur,16,14800.0,True,15950.0,1050.0,2025-08
2025-08-24,Bali,17,15600.0,True,15950.0,1050.0,2025-08
2025-08-24,Nusa Tenggara Barat,18,13900.0,True,15950.0,1050.0,2025-08
2025-08-24,Nusa Tenggara Timur,19,15400.0,True,15950.0,1050.0,2025-08
2025-08-24,Kalimantan Barat,20,16400.0,True,15950.0,1050.0,2025-08
2025-08-24,Kalimantan Selatan,21,17450.0,True,15950.0,1050.0,2025-08
2025-08-24,Kalimantan Tengah,22,17400.0,True,15950.0,1050.0,2025-08
2025-08-24,Kalimantan Timur,23,16450.0,True,15950.0,1050.0,2025-08
2025-08-24,Kalimantan Utara,24,17150.0,True,15950.0,1050.0,2025-08
2025-08-24,Gorontalo,25,16950.0,True,15950.0,1050.0,2025-08
2025-08-24,Sulawesi Selatan,26,14450.0,True,15950.0,1050.0,2025-08
2025-08-24,Sulawesi Tenggara,27,16550.0,True,15950.0,1050.0,2025-08
2025-08-24,Sulawesi Tengah,28,16700.0,True,15950.0,1050.0,2025-08
2025-08-24,Sulawesi Utara,29,16600.0,True,15950.0,1050.0,2025-08
2025-08-24,Sulawesi Barat,30,15050.0,True,15950.0,1050.0,2025-08
2025-08-24,Maluku,31,16900.0,True,15950.0,1050.0,2025-08
2025-08-24,Maluku Utara,32,16700.0,True,15950.0,1050.0,2025-08
2025-08-24,Papua,33,18850.0,True,15950.0,1050.0,2025-08
2025-08-24,Papua Barat,34,16950.0,True,15950.0,1050.0,2025-08
2025-08-25,Aceh,1,15400.0,True,15950.0,1100.0,2025-08
2025-08-25,Sumatera Utara,2,14950.0,True,15950.0,1100.0,2025-08
2025-08-25,Sumatera Barat,3,17150.0,True,15950.0,1100.0,2025-08
2025-08-25,Riau,4,16300.0,True,15950.0,1100.0,2025-08
2025-08-25,Kepulauan Riau,5,15150.0,True,15950.0,1100.0,2025-08
2025-08-25,Jambi,6,15400.0,True,15950.0,1100.0,2025-08
2025-08-25,Bengkulu,7,15650.0,True,15950.0,1100.0,2025-08
2025-08-25,Sumatera Selatan,8,15500.0,True,15950.0,1100.0,2025-08
2025-08-25,Kepulauan Bangka Belitung,9,15300.0,True,15950.0,1100.0,2025-08
2025-08-25,Lampung,10,14800.0,True,15950.0,1100.0,2025-08
2025-08-25,Banten,11,15500.0,True,15950.0,1100.0,2025-08
2025-08-25,Jawa Barat,12,14850.0,True,15950.0,1100.0,2025-08
2025-08-25,DKI Jakarta,13,16300.0,True,15950.0,1100.0,2025-08
2025-08-25,Jawa Tengah,14,15050.0,True,15950.0,1100.0,2025-08
2025-08-25,DI Yogyakarta,15,14450.0,True,15950.0,1100.0,2025-08
2025-08-25,Jawa Timur,16,14800.0,True,15950.0,1100.0,2025-08
2025-08-25,Bali,17,15600.0,True,15950.0,1100.0,2025-08
2025-08-25,Nusa Tenggara Barat,18,13900.0,True,15950.0,1100.0,2025-08
2025-08-25,Nusa Tenggara Timur,19,15400.0,True,15950.0,1100.0,2025-08
2025-08-25,Kalimantan Barat,20,16400.0,True,15950.0,1100.0,2025-08
2025-08-25,Kalimantan Selatan,21,17450.0,True,15950.0,1100.0,2025-08
2025-08-25,Kalimantan Tengah,22,17400.0,True,15950.0,1100.0,2025-08
2025-08-25,Kalimantan Timur,23,16450.0,True,15950.0,1100.0,2025-08
2025-08-25,Kalimantan Utara,24,17250.0,True,15950.0,1100.0,2025-08
2025-08-25,Gorontalo,25,17000.0,True,15950.0,1100.0,2025-08
2025-08-25,Sulawesi Selatan,26,14400.0,True,15950.0,1100.0,2025-08
2025-08-25,Sulawesi Tenggara,27,16450.0,True,15950.0,1100.0,2025-08
2025-08-25,Sulawesi Tengah,28,16700.0,True,15950.0,1100.0,2025-08
2025-08-25,Sulawesi Utara,29,16600.0,True,15950.0,1100.0,2025-08
2025-08-25,Sulawesi Barat,30,15000.0,True,15950.0,1100.0,2025-08
2025-08-25,Maluku,31,16900.0,True,15950.0,1100.0,2025-08
2025-08-25,Maluku Utara,32,16700.0,True,15950.0,1100.0,2025-08
2025-08-25,Papua,33,18850.0,True,15950.0,1100.0,2025-08
2025-08-25,Papua Barat,34,16950.0,True,15950.0,1100.0,2025-08
2025-08-26,Aceh,1,15250.0,True,15950.0,1100.0,2025-08
2025-08-26,Sumatera Utara,2,14950.0,True,15950.0,1100.0,2025-08
2025-08-26,Sumatera Barat,3,17150.0,True,15950.0,1100.0,2025-08
2025-08-26,Riau,4,16300.0,True,15950.0,1100.0,2025-08
2025-08-26,Kepulauan Riau,5,15150.0,True,15950.0,1100.0,2025-08
2025-08-26,Jambi,6,15400.0,True,15950.0,1100.0,2025-08
2025-08-26,Bengkulu,7,15650.0,True,15950.0,1100.0,2025-08
2025-08-26,Sumatera Selatan,8,15500.0,True,15950.0,1100.0,2025-08
2025-08-26,Kepulauan Bangka Belitung,9,15300.0,True,15950.0,1100.0,2025-08
2025-08-26,Lampung,10,14800.0,True,15950.0,1100.0,2025-08
2025-08-26,Banten,11,15500.0,True,15950.0,1100.0,2025-08
2025-08-26,Jawa Barat,12,14850.0,True,15950.0,1100.0,2025-08
2025-08-26,DKI Jakarta,13,16300.0,True,15950.0,1100.0,2025-08
2025-08-26,Jawa Tengah,14,15050.0,True,15950.0,1100.0,2025-08
2025-08-26,DI Yogyakarta,15,14450.0,True,15950.0,1100.0,2025-08
2025-08-26,Jawa Timur,16,14800.0,True,15950.0,1100.0,2025-08
2025-08-26,Bali,17,15600.0,True,15950.0,1100.0,2025-08
2025-08-26,Nusa Tenggara Barat,18,13900.0,True,15950.0,1100.0,2025-08
2025-08-26,Nusa Tenggara Timur,19,15400.0,True,15950.0,1100.0,2025-08
2025-08-26,Kalimantan Barat,20,16400.0,True,15950.0,1100.0,2025-08
2025-08-26,Kalimantan Selatan,21,17450.0,True,15950.0,1100.0,2025-08
2025-08-26,Kalimantan Tengah,22,17400.0,True,15950.0,1100.0,2025-08
2025-08-26,Kalimantan Timur,23,16450.0,True,15950.0,1100.0,2025-08
2025-08-26,Kalimantan Utara,24,17250.0,True,15950.0,1100.0,2025-08
2025-08-26,Gorontalo,25,17000.0,True,15950.0,1100.0,2025-08
2025-08-26,Sulawesi Selatan,26,14350.0,True,15950.0,1100.0,2025-08
2025-08-26,Sulawesi Tenggara,27,16450.0,True,15950.0,1100.0,2025-08
2025-08-26,Sulawesi Tengah,28,16700.0,True,15950.0,1100.0,2025-08
2025-08-26,Sulawesi Utara,29,16550.0,True,15950.0,1100.0,2025-08
2025-08-26,Sulawesi Barat,30,15000.0,True,15950.0,1100.0,2025-08
2025-08-26,Maluku,31,16900.0,True,15950.0,1100.0,2025-08
2025-08-26,Maluku Utara,32,16700.0,True,15950.0,1100.0,2025-08
2025-08-26,Papua,33,18850.0,True,15950.0,1100.0,2025-08
2025-08-26,Papua Barat,34,16950.0,True,15950.0,1100.0,2025-08
2025-08-27,Aceh,1,15300.0,True,15950.0,1100.0,2025-08
2025-08-27,Sumatera Utara,2,14900.0,True,15950.0,1100.0,2025-08
2025-08-27,Sumatera Barat,3,17150.0,True,15950.0,1100.0,2025-08
2025-08-27,Riau,4,16300.0,True,15950.0,1100.0,2025-08
2025-08-27,Kepulauan Riau,5,15150.0,True,15950.0,1100.0,2025-08
2025-08-27,Jambi,6,15400.0,True,15950.0,1100.0,2025-08
2025-08-27,Bengkulu,7,15650.0,True,15950.0,1100.0,2025-08
2025-08-27,Sumatera Selatan,8,15500.0,True,15950.0,1100.0,2025-08
2025-08-27,Kepulauan Bangka Belitung,9,15300.0,True,15950.0,1100.0,2025-08
2025-08-27,Lampung,10,14800.0,True,15950.0,1100.0,2025-08
2025-08-27,Banten,11,15500.0,True,15950.0,1100.0,2025-08
2025-08-27,Jawa Barat,12,14850.0,True,15950.0,1100.0,2025-08
2025-08-27,DKI Jakarta,13,16300.0,True,15950.0,1100.0,2025-08
2025-08-27,Jawa Tengah,14,15050.0,True,15950.0,1100.0,2025-08
2025-08-27,DI Yogyakarta,15,14450.0,True,15950.0,1100.0,2025-08
2025-08-27,Jawa Timur,16,14800.0,True,15950.0,1100.0,2025-08
2025-08-27,Bali,17,15600.0,True,15950.0,1100.0,2025-08
2025-08-27,Nusa Tenggara Barat,18,13900.0,True,15950.0,1100.0,2025-08
2025-08-27,Nusa Tenggara Timur,19,15400.0,True,15950.0,1100.0,2025-08
2025-08-27,Kalimantan Barat,20,16400.0,True,15950.0,1100.0,2025-08
2025-08-27,Kalimantan Selatan,21,17450.0,True,15950.0,1100.0,2025-08
2025-08-27,Kalimantan Tengah,22,17400.0,True,15950.0,1100.0,2025-08
2025-08-27,Kalimantan Timur,23,16450.0,True,15950.0,1100.0,2025-08
2025-08-27,Kalimantan Utara,24,17400.0,True,15950.0,1100.0,2025-08
2025-08-27,Gorontalo,25,17000.0,True,15950.0,1100.0,2025-08
2025-08-27,Sulawesi Selatan,26,14400.0,True,15950.0,1100.0,2025-08
2025-08-27,Sulawesi Tenggara,27,16450.0,True,15950.0,1100.0,2025-08
2025-08-27,Sulawesi Tengah,28,16700.0,True,15950.0,1100.0,2025-08
2025-08-27,Sulawesi Utara,29,16600.0,True,15950.0,1100.0,2025-08
2025-08-27,Sulawesi Barat,30,15000.0,True,15950.0,1100.0,2025-08
2025-08-27,Maluku,31,16850.0,True,15950.0,1100.0,2025-08
2025-08-27,Maluku Utara,32,16700.0,True,15950.0,1100.0,2025-08
2025-08-27,Papua,33,18900.0,True,15950.0,1100.0,2025-08
2025-08-27,Papua Barat,34,16900.0,True,15950.0,1100.0,2025-08
2025-08-28,Aceh,1,15250.0,True,15950.0,1100.0,2025-08
2025-08-28,Sumatera Utara,2,14900.0,True,15950.0,1100.0,2025-08
2025-08-28,Sumatera Barat,3,17150.0,True,15950.0,1100.0,2025-08
2025-08-28,Riau,4,16300.0,True,15950.0,1100.0,2025-08
2025-08-28,Kepulauan Riau,5,15150.0,True,15950.0,1100.0,2025-08
2025-08-28,Jambi,6,15400.0,True,15950.0,1100.0,2025-08
2025-08-28,Bengkulu,7,15650.0,True,15950.0,1100.0,2025-08
2025-08-28,Sumatera Selatan,8,15500.0,True,15950.0,1100.0,2025-08
2025-08-28,Kepulauan Bangka Belitung,9,15300.0,True,15950.0,1100.0,2025-08
2025-08-28,Lampung,10,14800.0,True,15950.0,1100.0,2025-08
2025-08-28,Banten,11,15500.0,True,15950.0,1100.0,2025-08
2025-08-28,Jawa Barat,12,14850.0,True,15950.0,1100.0,2025-08
2025-08-28,DKI Jakarta,13,16300.0,True,15950.0,1100.0,2025-08
2025-08-28,Jawa Tengah,14,15100.0,True,15950.0,1100.0,2025-08
2025-08-28,DI Yogyakarta,15,14450.0,True,15950.0,1100.0,2025-08
2025-08-28,Jawa Timur,16,14800.0,True,15950.0,1100.0,2025-08
2025-08-28,Bali,17,15600.0,True,15950.0,1100.0,2025-08
2025-08-28,Nusa Tenggara Barat,18,13900.0,True,15950.0,1100.0,2025-08
2025-08-28,Nusa Tenggara Timur,19,15400.0,True,15950.0,1100.0,2025-08
2025-08-28,Kalimantan Barat,20,16400.0,True,15950.0,1100.0,2025-08
2025-08-28,Kalimantan Selatan,21,17450.0,True,15950.0,1100.0,2025-08
2025-08-28,Kalimantan Tengah,22,17400.0,True,15950.0,1100.0,2025-08
2025-08-28,Kalimantan Timur,23,16550.0,True,15950.0,1100.0,2025-08
2025-08-28,Kalimantan Utara,24,17400.0,True,15950.0,1100.0,2025-08
2025-08-28,Gorontalo,25,17000.0,True,15950.0,1100.0,2025-08
2025-08-28,Sulawesi Selatan,26,14400.0,True,15950.0,1100.0,2025-08
2025-08-28,Sulawesi Tenggara,27,16450.0,True,15950.0,1100.0,2025-08
2025-08-28,Sulawesi Tengah,28,16700.0,True,15950.0,1100.0,2025-08
2025-08-28,Sulawesi Utara,29,16550.0,True,15950.0,1100.0,2025-08
2025-08-28,Sulawesi Barat,30,15000.0,True,15950.0,1100.0,2025-08
2025-08-28,Maluku,31,16850.0,True,15950.0,1100.0,2025-08
2025-08-28,Maluku Utara,32,17100.0,True,15950.0,1100.0,2025-08
2025-08-28,Papua,33,18900.0,True,15950.0,1100.0,2025-08
2025-08-28,Papua Barat,34,16900.0,True,15950.0,1100.0,2025-08
2025-08-29,Aceh,1,15250.0,True,15950.0,1100.0,2025-08
2025-08-29,Sumatera Utara,2,14900.0,True,15950.0,1100.0,2025-08
2025-08-29,Sumatera Barat,3,17150.0,True,15950.0,1100.0,2025-08
2025-08-29,Riau,4,16300.0,True,15950.0,1100.0,2025-08
2025-08-29,Kepulauan Riau,5,15150.0,True,15950.0,1100.0,2025-08
2025-08-29,Jambi,6,15400.0,True,15950.0,1100.0,2025-08
2025-08-29,Bengkulu,7,15650.0,True,15950.0,1100.0,2025-08
2025-08-29,Sumatera Selatan,8,15400.0,True,15950.0,1100.0,2025-08
2025-08-29,Kepulauan Bangka Belitung,9,15300.0,True,15950.0,1100.0,2025-08
2025-08-29,Lampung,10,14800.0,True,15950.0,1100.0,2025-08
2025-08-29,Banten,11,15500.0,True,15950.0,1100.0,2025-08
2025-08-29,Jawa Barat,12,14850.0,True,15950.0,1100.0,2025-08
2025-08-29,DKI Jakarta,13,16300.0,True,15950.0,1100.0,2025-08
2025-08-29,Jawa Tengah,14,15100.0,True,15950.0,1100.0,2025-08
2025-08-29,DI Yogyakarta,15,14450.0,True,15950.0,1100.0,2025-08
2025-08-29,Jawa Timur,16,14800.0,True,15950.0,1100.0,2025-08
2025-08-29,Bali,17,15600.0,True,15950.0,1100.0,2025-08
2025-08-29,Nusa Tenggara Barat,18,13900.0,True,15950.0,1100.0,2025-08
2025-08-29,Nusa Tenggara Timur,19,15400.0,True,15950.0,1100.0,2025-08
2025-08-29,Kalimantan Barat,20,16400.0,True,15950.0,1100.0,2025-08
2025-08-29,Kalimantan Selatan,21,17450.0,True,15950.0,1100.0,2025-08
2025-08-29,Kalimantan Tengah,22,17400.0,True,15950.0,1100.0,2025-08
2025-08-29,Kalimantan Timur,23,16450.0,True,15950.0,1100.0,2025-08
2025-08-29,Kalimantan Utara,24,17400.0,True,15950.0,1100.0,2025-08
2025-08-29,Gorontalo,25,16950.0,True,15950.0,1100.0,2025-08
2025-08-29,Sulawesi Selatan,26,14400.0,True,15950.0,1100.0,2025-08
2025-08-29,Sulawesi Tenggara,27,16450.0,True,15950.0,1100.0,2025-08
2025-08-29,Sulawesi Tengah,28,16700.0,True,15950.0,1100.0,2025-08
2025-08-29,Sulawesi Utara,29,16550.0,True,15950.0,1100.0,2025-08
2025-08-29,Sulawesi Barat,30,15000.0,True,15950.0,1100.0,2025-08
2025-08-29,Maluku,31,16850.0,True,15950.0,1100.0,2025-08
2025-08-29,Maluku Utara,32,17100.0,True,15950.0,1100.0,2025-08
2025-08-29,Papua,33,18900.0,True,15950.0,1100.0,2025-08
2025-08-29,Papua Barat,34,16900.0,True,15950.0,1100.0,2025-08
2025-08-30,Aceh,1,15250.0,True,15950.0,1100.0,2025-08
2025-08-30,Sumatera Utara,2,14900.0,True,15950.0,1100.0,2025-08
2025-08-30,Sumatera Barat,3,17150.0,True,15950.0,1100.0,2025-08
2025-08-30,Riau,4,16300.0,True,15950.0,1100.0,2025-08
2025-08-30,Kepulauan Riau,5,15150.0,True,15950.0,1100.0,2025-08
2025-08-30,Jambi,6,15400.0,True,15950.0,1100.0,2025-08
2025-08-30,Bengkulu,7,15650.0,True,15950.0,1100.0,2025-08
2025-08-30,Sumatera Selatan,8,15400.0,True,15950.0,1100.0,2025-08
2025-08-30,Kepulauan Bangka Belitung,9,15300.0,True,15950.0,1100.0,2025-08
2025-08-30,Lampung,10,14800.0,True,15950.0,1100.0,2025-08
2025-08-30,Banten,11,15500.0,True,15950.0,1100.0,2025-08
2025-08-30,Jawa Barat,12,14850.0,True,15950.0,1100.0,2025-08
2025-08-30,DKI Jakarta,13,16300.0,True,15950.0,1100.0,2025-08
2025-08-30,Jawa Tengah,14,15100.0,True,15950.0,1100.0,2025-08
2025-08-30,DI Yogyakarta,15,14450.0,True,15950.0,1100.0,2025-08
2025-08-30,Jawa Timur,16,14800.0,True,15950.0,1100.0,2025-08
2025-08-30,Bali,17,15600.0,True,15950.0,1100.0,2025-08
2025-08-30,Nusa Tenggara Barat,18,13900.0,True,15950.0,1100.0,2025-08
2025-08-30,Nusa Tenggara Timur,19,15400.0,True,15950.0,1100.0,2025-08
2025-08-30,Kalimantan Barat,20,16400.0,True,15950.0,1100.0,2025-08
2025-08-30,Kalimantan Selatan,21,17450.0,True,15950.0,1100.0,2025-08
2025-08-30,Kalimantan Tengah,22,17400.0,True,15950.0,1100.0,2025-08
2025-08-30,Kalimantan Timur,23,16450.0,True,15950.0,1100.0,2025-08
2025-08-30,Kalimantan Utara,24,17400.0,True,15950.0,1100.0,2025-08
2025-08-30,Gorontalo,25,16950.0,True,15950.0,1100.0,2025-08
2025-08-30,Sulawesi Selatan,26,14400.0,True,15950.0,1100.0,2025-08
2025-08-30,Sulawesi Tenggara,27,16450.0,True,15950.0,1100.0,2025-08
2025-08-30,Sulawesi Tengah,28,16700.0,True,15950.0,1100.0,2025-08
2025-08-30,Sulawesi Utara,29,16550.0,True,15950.0,1100.0,2025-08
2025-08-30,Sulawesi Barat,30,15000.0,True,15950.0,1100.0,2025-08
2025-08-30,Maluku,31,16850.0,True,15950.0,1100.0,2025-08
2025-08-30,Maluku Utara,32,17100.0,True,15950.0,1100.0,2025-08
2025-08-30,Papua,33,18900.0,True,15950.0,1100.0,2025-08
2025-08-30,Papua Barat,34,16900.0,True,15950.0,1100.0,2025-08
2025-08-31,Aceh,1,15250.0,True,15950.0,1100.0,2025-08
2025-08-31,Sumatera Utara,2,14900.0,True,15950.0,1100.0,2025-08
2025-08-31,Sumatera Barat,3,17150.0,True,15950.0,1100.0,2025-08
2025-08-31,Riau,4,16300.0,True,15950.0,1100.0,2025-08
2025-08-31,Kepulauan Riau,5,15150.0,True,15950.0,1100.0,2025-08
2025-08-31,Jambi,6,15400.0,True,15950.0,1100.0,2025-08
2025-08-31,Bengkulu,7,15650.0,True,15950.0,1100.0,2025-08
2025-08-31,Sumatera Selatan,8,15400.0,True,15950.0,1100.0,2025-08
2025-08-31,Kepulauan Bangka Belitung,9,15300.0,True,15950.0,1100.0,2025-08
2025-08-31,Lampung,10,14800.0,True,15950.0,1100.0,2025-08
2025-08-31,Banten,11,15500.0,True,15950.0,1100.0,2025-08
2025-08-31,Jawa Barat,12,14850.0,True,15950.0,1100.0,2025-08
2025-08-31,DKI Jakarta,13,16300.0,True,15950.0,1100.0,2025-08
2025-08-31,Jawa Tengah,14,15100.0,True,15950.0,1100.0,2025-08
2025-08-31,DI Yogyakarta,15,14450.0,True,15950.0,1100.0,2025-08
2025-08-31,Jawa Timur,16,14800.0,True,15950.0,1100.0,2025-08
2025-08-31,Bali,17,15600.0,True,15950.0,1100.0,2025-08
2025-08-31,Nusa Tenggara Barat,18,13900.0,True,15950.0,1100.0,2025-08
2025-08-31,Nusa Tenggara Timur,19,15400.0,True,15950.0,1100.0,2025-08
2025-08-31,Kalimantan Barat,20,16400.0,True,15950.0,1100.0,2025-08
2025-08-31,Kalimantan Selatan,21,17450.0,True,15950.0,1100.0,2025-08
2025-08-31,Kalimantan Tengah,22,17400.0,True,15950.0,1100.0,2025-08
2025-08-31,Kalimantan Timur,23,16450.0,True,15950.0,1100.0,2025-08
2025-08-31,Kalimantan Utara,24,17400.0,True,15950.0,1100.0,2025-08
2025-08-31,Gorontalo,25,16950.0,True,15950.0,1100.0,2025-08
2025-08-31,Sulawesi Selatan,26,14400.0,True,15950.0,1100.0,2025-08
2025-08-31,Sulawesi Tenggara,27,16450.0,True,15950.0,1100.0,2025-08
2025-08-31,Sulawesi Tengah,28,16700.0,True,15950.0,1100.0,2025-08
2025-08-31,Sulawesi Utara,29,16550.0,True,15950.0,1100.0,2025-08
2025-08-31,Sulawesi Barat,30,15000.0,True,15950.0,1100.0,2025-08
2025-08-31,Maluku,31,16850.0,True,15950.0,1100.0,2025-08
2025-08-31,Maluku Utara,32,17100.0,True,15950.0,1100.0,2025-08
2025-08-31,Papua,33,18900.0,True,15950.0,1100.0,2025-08
2025-08-31,Papua Barat,34,16900.0,True,15950.0,1100.0,2025-08
2025-09-01,Aceh,1,15200.0,True,15950.0,1100.0,2025-09
2025-09-01,Sumatera Utara,2,14900.0,True,15950.0,1100.0,2025-09
2025-09-01,Sumatera Barat,3,17150.0,True,15950.0,1100.0,2025-09
2025-09-01,Riau,4,16300.0,True,15950.0,1100.0,2025-09
2025-09-01,Kepulauan Riau,5,15150.0,True,15950.0,1100.0,2025-09
2025-09-01,Jambi,6,15400.0,True,15950.0,1100.0,2025-09
2025-09-01,Bengkulu,7,15650.0,True,15950.0,1100.0,2025-09
2025-09-01,Sumatera Selatan,8,15500.0,True,15950.0,1100.0,2025-09
2025-09-01,Kepulauan Bangka Belitung,9,15300.0,True,15950.0,1100.0,2025-09
2025-09-01,Lampung,10,14750.0,True,15950.0,1100.0,2025-09
2025-09-01,Banten,11,15500.0,True,15950.0,1100.0,2025-09
2025-09-01,Jawa Barat,12,14850.0,True,15950.0,1100.0,2025-09
2025-09-01,DKI Jakarta,13,16300.0,True,15950.0,1100.0,2025-09
2025-09-01,Jawa Tengah,14,15100.0,True,15950.0,1100.0,2025-09
2025-09-01,DI Yogyakarta,15,14450.0,True,15950.0,1100.0,2025-09
2025-09-01,Jawa Timur,16,14800.0,True,15950.0,1100.0,2025-09
2025-09-01,Bali,17,15500.0,True,15950.0,1100.0,2025-09
2025-09-01,Nusa Tenggara Barat,18,13900.0,True,15950.0,1100.0,2025-09
2025-09-01,Nusa Tenggara Timur,19,15400.0,True,15950.0,1100.0,2025-09
2025-09-01,Kalimantan Barat,20,16400.0,True,15950.0,1100.0,2025-09
2025-09-01,Kalimantan Selatan,21,17450.0,True,15950.0,1100.0,2025-09
2025-09-01,Kalimantan Tengah,22,17400.0,True,15950.0,1100.0,2025-09
2025-09-01,Kalimantan Timur,23,16500.0,True,15950.0,1100.0,2025-09
2025-09-01,Kalimantan Utara,24,17450.0,True,15950.0,1100.0,2025-09
2025-09-01,Gorontalo,25,16900.0,True,15950.0,1100.0,2025-09
2025-09-01,Sulawesi Selatan,26,14350.0,True,15950.0,1100.0,2025-09
2025-09-01,Sulawesi Tenggara,27,16450.0,True,15950.0,1100.0,2025-09
2025-09-01,Sulawesi Tengah,28,16700.0,True,15950.0,1100.0,2025-09
2025-09-01,Sulawesi Utara,29,16550.0,True,15950.0,1100.0,2025-09
2025-09-01,Sulawesi Barat,30,15000.0,True,15950.0,1100.0,2025-09
2025-09-01,Maluku,31,16850.0,True,15950.0,1100.0,2025-09
2025-09-01,Maluku Utara,32,16700.0,True,15950.0,1100.0,2025-09
2025-09-01,Papua,33,18950.0,True,15950.0,1100.0,2025-09
2025-09-01,Papua Barat,34,16900.0,True,15950.0,1100.0,2025-09
2025-09-02,Aceh,1,15200.0,True,15950.0,1100.0,2025-09
2025-09-02,Sumatera Utara,2,14900.0,True,15950.0,1100.0,2025-09
2025-09-02,Sumatera Barat,3,17150.0,True,15950.0,1100.0,2025-09
2025-09-02,Riau,4,16300.0,True,15950.0,1100.0,2025-09
2025-09-02,Kepulauan Riau,5,15150.0,True,15950.0,1100.0,2025-09
2025-09-02,Jambi,6,15400.0,True,15950.0,1100.0,2025-09
2025-09-02,Bengkulu,7,15650.0,True,15950.0,1100.0,2025-09
2025-09-02,Sumatera Selatan,8,15500.0,True,15950.0,1100.0,2025-09
2025-09-02,Kepulauan Bangka Belitung,9,15300.0,True,15950.0,1100.0,2025-09
2025-09-02,Lampung,10,14750.0,True,15950.0,1100.0,2025-09
2025-09-02,Banten,11,15500.0,True,15950.0,1100.0,2025-09
2025-09-02,Jawa Barat,12,14850.0,True,15950.0,1100.0,2025-09
2025-09-02,DKI Jakarta,13,16300.0,True,15950.0,1100.0,2025-09
2025-09-02,Jawa Tengah,14,15100.0,True,15950.0,1100.0,2025-09
2025-09-02,DI Yogyakarta,15,14450.0,True,15950.0,1100.0,2025-09
2025-09-02,Jawa Timur,16,14800.0,True,15950.0,1100.0,2025-09
2025-09-02,Bali,17,15500.0,True,15950.0,1100.0,2025-09
2025-09-02,Nusa Tenggara Barat,18,13900.0,True,15950.0,1100.0,2025-09
2025-09-02,Nusa Tenggara Timur,19,15400.0,True,15950.0,1100.0,2025-09
2025-09-02,Kalimantan Barat,20,16400.0,True,15950.0,1100.0,2025-09
2025-09-02,Kalimantan Selatan,21,17450.0,True,15950.0,1100.0,2025-09
2025-09-02,Kalimantan Tengah,22,17400.0,True,15950.0,1100.0,2025-09
2025-09-02,Kalimantan Timur,23,16500.0,True,15950.0,1100.0,2025-09
2025-09-02,Kalimantan Utara,24,17450.0,True,15950.0,1100.0,2025-09
2025-09-02,Gorontalo,25,16800.0,True,15950.0,1100.0,2025-09
2025-09-02,Sulawesi Selatan,26,14350.0,True,15950.0,1100.0,2025-09
2025-09-02,Sulawesi Tenggara,27,16450.0,True,15950.0,1100.0,2025-09
2025-09-02,Sulawesi Tengah,28,16700.0,True,15950.0,1100.0,2025-09
2025-09-02,Sulawesi Utara,29,16550.0,True,15950.0,1100.0,2025-09
2025-09-02,Sulawesi Barat,30,15000.0,True,15950.0,1100.0,2025-09
2025-09-02,Maluku,31,16850.0,True,15950.0,1100.0,2025-09
2025-09-02,Maluku Utara,32,16800.0,True,15950.0,1100.0,2025-09
2025-09-02,Papua,33,18950.0,True,15950.0,1100.0,2025-09
2025-09-02,Papua Barat,34,16900.0,True,15950.0,1100.0,2025-09
2025-09-03,Aceh,1,15150.0,True,15950.0,1100.0,2025-09
2025-09-03,Sumatera Utara,2,14900.0,True,15950.0,1100.0,2025-09
2025-09-03,Sumatera Barat,3,17150.0,True,15950.0,1100.0,2025-09
2025-09-03,Riau,4,16300.0,True,15950.0,1100.0,2025-09
2025-09-03,Kepulauan Riau,5,15150.0,True,15950.0,1100.0,2025-09
2025-09-03,Jambi,6,15400.0,True,15950.0,1100.0,2025-09
2025-09-03,Bengkulu,7,15650.0,True,15950.0,1100.0,2025-09
2025-09-03,Sumatera Selatan,8,15500.0,True,15950.0,1100.0,2025-09
2025-09-03,Kepulauan Bangka Belitung,9,15300.0,True,15950.0,1100.0,2025-09
2025-09-03,Lampung,10,14750.0,True,15950.0,1100.0,2025-09
2025-09-03,Banten,11,15500.0,True,15950.0,1100.0,2025-09
2025-09-03,Jawa Barat,12,14850.0,True,15950.0,1100.0,2025-09
2025-09-03,DKI Jakarta,13,16300.0,True,15950.0,1100.0,2025-09
2025-09-03,Jawa Tengah,14,15100.0,True,15950.0,1100.0,2025-09
2025-09-03,DI Yogyakarta,15,14450.0,True,15950.0,1100.0,2025-09
2025-09-03,Jawa Timur,16,14800.0,True,15950.0,1100.0,2025-09
2025-09-03,Bali,17,15500.0,True,15950.0,1100.0,2025-09
2025-09-03,Nusa Tenggara Barat,18,13900.0,True,15950.0,1100.0,2025-09
2025-09-03,Nusa Tenggara Timur,19,15400.0,True,15950.0,1100.0,2025-09
2025-09-03,Kalimantan Barat,20,16400.0,True,15950.0,1100.0,2025-09
2025-09-03,Kalimantan Selatan,21,17450.0,True,15950.0,1100.0,2025-09
2025-09-03,Kalimantan Tengah,22,17400.0,True,15950.0,1100.0,2025-09
2025-09-03,Kalimantan Timur,23,16500.0,True,15950.0,1100.0,2025-09
2025-09-03,Kalimantan Utara,24,17500.0,True,15950.0,1100.0,2025-09
2025-09-03,Gorontalo,25,16800.0,True,15950.0,1100.0,2025-09
2025-09-03,Sulawesi Selatan,26,14350.0,True,15950.0,1100.0,2025-09
2025-09-03,Sulawesi Tenggara,27,16500.0,True,15950.0,1100.0,2025-09
2025-09-03,Sulawesi Tengah,28,16700.0,True,15950.0,1100.0,2025-09
2025-09-03,Sulawesi Utara,29,16550.0,True,15950.0,1100.0,2025-09
2025-09-03,Sulawesi Barat,30,15000.0,True,15950.0,1100.0,2025-09
2025-09-03,Maluku,31,16850.0,True,15950.0,1100.0,2025-09
2025-09-03,Maluku Utara,32,16950.0,True,15950.0,1100.0,2025-09
2025-09-03,Papua,33,18950.0,True,15950.0,1100.0,2025-09
2025-09-03,Papua Barat,34,16900.0,True,15950.0,1100.0,2025-09
2025-09-04,Aceh,1,15150.0,True,15950.0,1100.0,2025-09
2025-09-04,Sumatera Utara,2,14850.0,True,15950.0,1100.0,2025-09
2025-09-04,Sumatera Barat,3,17150.0,True,15950.0,1100.0,2025-09
2025-09-04,Riau,4,16300.0,True,15950.0,1100.0,2025-09
2025-09-04,Kepulauan Riau,5,15150.0,True,15950.0,1100.0,2025-09
2025-09-04,Jambi,6,15400.0,True,15950.0,1100.0,2025-09
2025-09-04,Bengkulu,7,15600.0,True,15950.0,1100.0,2025-09
2025-09-04,Sumatera Selatan,8,15500.0,True,15950.0,1100.0,2025-09
2025-09-04,Kepulauan Bangka Belitung,9,15300.0,True,15950.0,1100.0,2025-09
2025-09-04,Lampung,10,14750.0,True,15950.0,1100.0,2025-09
2025-09-04,Banten,11,15500.0,True,15950.0,1100.0,2025-09
2025-09-04,Jawa Barat,12,14850.0,True,15950.0,1100.0,2025-09
2025-09-04,DKI Jakarta,13,16300.0,True,15950.0,1100.0,2025-09
2025-09-04,Jawa Tengah,14,15100.0,True,15950.0,1100.0,2025-09
2025-09-04,DI Yogyakarta,15,14450.0,True,15950.0,1100.0,2025-09
2025-09-04,Jawa Timur,16,14800.0,True,15950.0,1100.0,2025-09
2025-09-04,Bali,17,15500.0,True,15950.0,1100.0,2025-09
2025-09-04,Nusa Tenggara Barat,18,13900.0,True,15950.0,1100.0,2025-09
2025-09-04,Nusa Tenggara Timur,19,15400.0,True,15950.0,1100.0,2025-09
2025-09-04,Kalimantan Barat,20,16400.0,True,15950.0,1100.0,2025-09
2025-09-04,Kalimantan Selatan,21,17450.0,True,15950.0,1100.0,2025-09
2025-09-04,Kalimantan Tengah,22,17400.0,True,15950.0,1100.0,2025-09
2025-09-04,Kalimantan Timur,23,16500.0,True,15950.0,1100.0,2025-09
2025-09-04,Kalimantan Utara,24,17450.0,True,15950.0,1100.0,2025-09
2025-09-04,Gorontalo,25,16800.0,True,15950.0,1100.0,2025-09
2025-09-04,Sulawesi Selatan,26,14350.0,True,15950.0,1100.0,2025-09
2025-09-04,Sulawesi Tenggara,27,16500.0,True,15950.0,1100.0,2025-09
2025-09-04,Sulawesi Tengah,28,16750.0,True,15950.0,1100.0,2025-09
2025-09-04,Sulawesi Utara,29,16550.0,True,15950.0,1100.0,2025-09
2025-09-04,Sulawesi Barat,30,15000.0,True,15950.0,1100.0,2025-09
2025-09-04,Maluku,31,16850.0,True,15950.0,1100.0,2025-09
2025-09-04,Maluku Utara,32,16700.0,True,15950.0,1100.0,2025-09
2025-09-04,Papua,33,18950.0,True,15950.0,1100.0,2025-09
2025-09-04,Papua Barat,34,16900.0,True,15950.0,1100.0,2025-09
2025-09-05,Aceh,1,15150.0,True,15950.0,1100.0,2025-09
2025-09-05,Sumatera Utara,2,14850.0,True,15950.0,1100.0,2025-09
2025-09-05,Sumatera Barat,3,17150.0,True,15950.0,1100.0,2025-09
2025-09-05,Riau,4,16300.0,True,15950.0,1100.0,2025-09
2025-09-05,Kepulauan Riau,5,15200.0,True,15950.0,1100.0,2025-09
2025-09-05,Jambi,6,15400.0,True,15950.0,1100.0,2025-09
2025-09-05,Bengkulu,7,15600.0,True,15950.0,1100.0,2025-09
2025-09-05,Sumatera Selatan,8,15500.0,True,15950.0,1100.0,2025-09
2025-09-05,Kepulauan Bangka Belitung,9,15300.0,True,15950.0,1100.0,2025-09
2025-09-05,Lampung,10,14800.0,True,15950.0,1100.0,2025-09
2025-09-05,Banten,11,15500.0,True,15950.0,1100.0,2025-09
2025-09-05,Jawa Barat,12,14850.0,True,15950.0,1100.0,2025-09
2025-09-05,DKI Jakarta,13,16300.0,True,15950.0,1100.0,2025-09
2025-09-05,Jawa Tengah,14,15100.0,True,15950.0,1100.0,2025-09
2025-09-05,DI Yogyakarta,15,14450.0,True,15950.0,1100.0,2025-09
2025-09-05,Jawa Timur,16,14700.0,True,15950.0,1100.0,2025-09
2025-09-05,Bali,17,15500.0,True,15950.0,1100.0,2025-09
2025-09-05,Nusa Tenggara Barat,18,13900.0,True,15950.0,1100.0,2025-09
2025-09-05,Nusa Tenggara Timur,19,15400.0,True,15950.0,1100.0,2025-09
2025-09-05,Kalimantan Barat,20,16400.0,True,15950.0,1100.0,2025-09
2025-09-05,Kalimantan Selatan,21,17450.0,True,15950.0,1100.0,2025-09
2025-09-05,Kalimantan Tengah,22,17400.0,True,15950.0,1100.0,2025-09
2025-09-05,Kalimantan Timur,23,16500.0,True,15950.0,1100.0,2025-09
2025-09-05,Kalimantan Utara,24,17450.0,True,15950.0,1100.0,2025-09
2025-09-05,Gorontalo,25,16800.0,True,15950.0,1100.0,2025-09
2025-09-05,Sulawesi Selatan,26,14350.0,True,15950.0,1100.0,2025-09
2025-09-05,Sulawesi Tenggara,27,16500.0,True,15950.0,1100.0,2025-09
2025-09-05,Sulawesi Tengah,28,16750.0,True,15950.0,1100.0,2025-09
2025-09-05,Sulawesi Utara,29,16550.0,True,15950.0,1100.0,2025-09
2025-09-05,Sulawesi Barat,30,15000.0,True,15950.0,1100.0,2025-09
2025-09-05,Maluku,31,16850.0,True,15950.0,1100.0,2025-09
2025-09-05,Maluku Utara,32,16950.0,True,15950.0,1100.0,2025-09
2025-09-05,Papua,33,18950.0,True,15950.0,1100.0,2025-09
2025-09-05,Papua Barat,34,16900.0,True,15950.0,1100.0,2025-09
2025-09-06,Aceh,1,15150.0,True,15950.0,1100.0,2025-09
2025-09-06,Sumatera Utara,2,14850.0,True,15950.0,1100.0,2025-09
2025-09-06,Sumatera Barat,3,17150.0,True,15950.0,1100.0,2025-09
2025-09-06,Riau,4,16300.0,True,15950.0,1100.0,2025-09
2025-09-06,Kepulauan Riau,5,15200.0,True,15950.0,1100.0,2025-09
2025-09-06,Jambi,6,15400.0,True,15950.0,1100.0,2025-09
2025-09-06,Bengkulu,7,15600.0,True,15950.0,1100.0,2025-09
2025-09-06,Sumatera Selatan,8,15500.0,True,15950.0,1100.0,2025-09
2025-09-06,Kepulauan Bangka Belitung,9,15300.0,True,15950.0,1100.0,2025-09
2025-09-06,Lampung,10,14800.0,True,15950.0,1100.0,2025-09
2025-09-06,Banten,11,15500.0,True,15950.0,1100.0,2025-09
2025-09-06,Jawa Barat,12,14850.0,True,15950.0,1100.0,2025-09
2025-09-06,DKI Jakarta,13,16300.0,True,15950.0,1100.0,2025-09
2025-09-06,Jawa Tengah,14,15100.0,True,15950.0,1100.0,2025-09
2025-09-06,DI Yogyakarta,15,14450.0,True,15950.0,1100.0,2025-09
2025-09-06,Jawa Timur,16,14700.0,True,15950.0,1100.0,2025-09
2025-09-06,Bali,17,15500.0,True,15950.0,1100.0,2025-09
2025-09-06,Nusa Tenggara Barat,18,13900.0,True,15950.0,1100.0,2025-09
2025-09-06,Nusa Tenggara Timur,19,15400.0,True,15950.0,1100.0,2025-09
2025-09-06,Kalimantan Barat,20,16400.0,True,15950.0,1100.0,2025-09
2025-09-06,Kalimantan Selatan,21,17450.0,True,15950.0,1100.0,2025-09
2025-09-06,Kalimantan Tengah,22,17400.0,True,15950.0,1100.0,2025-09
2025-09-06,Kalimantan Timur,23,16500.0,True,15950.0,1100.0,2025-09
2025-09-06,Kalimantan Utara,24,17450.0,True,15950.0,1100.0,2025-09
2025-09-06,Gorontalo,25,16800.0,True,15950.0,1100.0,2025-09
2025-09-06,Sulawesi Selatan,26,14350.0,True,15950.0,1100.0,2025-09
2025-09-06,Sulawesi Tenggara,27,16500.0,True,15950.0,1100.0,2025-09
2025-09-06,Sulawesi Tengah,28,16750.0,True,15950.0,1100.0,2025-09
2025-09-06,Sulawesi Utara,29,16550.0,True,15950.0,1100.0,2025-09
2025-09-06,Sulawesi Barat,30,15000.0,True,15950.0,1100.0,2025-09
2025-09-06,Maluku,31,16850.0,True,15950.0,1100.0,2025-09
2025-09-06,Maluku Utara,32,16950.0,True,15950.0,1100.0,2025-09
2025-09-06,Papua,33,18950.0,True,15950.0,1100.0,2025-09
2025-09-06,Papua Barat,34,16900.0,True,15950.0,1100.0,2025-09
2025-09-07,Aceh,1,15150.0,True,15950.0,1100.0,2025-09
2025-09-07,Sumatera Utara,2,14850.0,True,15950.0,1100.0,2025-09
2025-09-07,Sumatera Barat,3,17150.0,True,15950.0,1100.0,2025-09
2025-09-07,Riau,4,16300.0,True,15950.0,1100.0,2025-09
2025-09-07,Kepulauan Riau,5,15200.0,True,15950.0,1100.0,2025-09
2025-09-07,Jambi,6,15400.0,True,15950.0,1100.0,2025-09
2025-09-07,Bengkulu,7,15600.0,True,15950.0,1100.0,2025-09
2025-09-07,Sumatera Selatan,8,15500.0,True,15950.0,1100.0,2025-09
2025-09-07,Kepulauan Bangka Belitung,9,15300.0,True,15950.0,1100.0,2025-09
2025-09-07,Lampung,10,14800.0,True,15950.0,1100.0,2025-09
2025-09-07,Banten,11,15500.0,True,15950.0,1100.0,2025-09
2025-09-07,Jawa Barat,12,14850.0,True,15950.0,1100.0,2025-09
2025-09-07,DKI Jakarta,13,16300.0,True,15950.0,1100.0,2025-09
2025-09-07,Jawa Tengah,14,15100.0,True,15950.0,1100.0,2025-09
2025-09-07,DI Yogyakarta,15,14450.0,True,15950.0,1100.0,2025-09
2025-09-07,Jawa Timur,16,14700.0,True,15950.0,1100.0,2025-09
2025-09-07,Bali,17,15500.0,True,15950.0,1100.0,2025-09
2025-09-07,Nusa Tenggara Barat,18,13900.0,True,15950.0,1100.0,2025-09
2025-09-07,Nusa Tenggara Timur,19,15400.0,True,15950.0,1100.0,2025-09
2025-09-07,Kalimantan Barat,20,16400.0,True,15950.0,1100.0,2025-09
2025-09-07,Kalimantan Selatan,21,17450.0,True,15950.0,1100.0,2025-09
2025-09-07,Kalimantan Tengah,22,17400.0,True,15950.0,1100.0,2025-09
2025-09-07,Kalimantan Timur,23,16500.0,True,15950.0,1100.0,2025-09
2025-09-07,Kalimantan Utara,24,17450.0,True,15950.0,1100.0,2025-09
2025-09-07,Gorontalo,25,16800.0,True,15950.0,1100.0,2025-09
2025-09-07,Sulawesi Selatan,26,14350.0,True,15950.0,1100.0,2025-09
2025-09-07,Sulawesi Tenggara,27,16500.0,True,15950.0,1100.0,2025-09
2025-09-07,Sulawesi Tengah,28,16750.0,True,15950.0,1100.0,2025-09
2025-09-07,Sulawesi Utara,29,16550.0,True,15950.0,1100.0,2025-09
2025-09-07,Sulawesi Barat,30,15000.0,True,15950.0,1100.0,2025-09
2025-09-07,Maluku,31,16850.0,True,15950.0,1100.0,2025-09
2025-09-07,Maluku Utara,32,16950.0,True,15950.0,1100.0,2025-09
2025-09-07,Papua,33,18950.0,True,15950.0,1100.0,2025-09
2025-09-07,Papua Barat,34,16900.0,True,15950.0,1100.0,2025-09
2025-09-08,Aceh,1,15000.0,True,15900.0,1100.0,2025-09
2025-09-08,Sumatera Utara,2,14850.0,True,15900.0,1100.0,2025-09
2025-09-08,Sumatera Barat,3,17150.0,True,15900.0,1100.0,2025-09
2025-09-08,Riau,4,16300.0,True,15900.0,1100.0,2025-09
2025-09-08,Kepulauan Riau,5,15150.0,True,15900.0,1100.0,2025-09
2025-09-08,Jambi,6,15400.0,True,15900.0,1100.0,2025-09
2025-09-08,Bengkulu,7,15600.0,True,15900.0,1100.0,2025-09
2025-09-08,Sumatera Selatan,8,15500.0,True,15900.0,1100.0,2025-09
2025-09-08,Kepulauan Bangka Belitung,9,15350.0,True,15900.0,1100.0,2025-09
2025-09-08,Lampung,10,14800.0,True,15900.0,1100.0,2025-09
2025-09-08,Banten,11,15500.0,True,15900.0,1100.0,2025-09
2025-09-08,Jawa Barat,12,14850.0,True,15900.0,1100.0,2025-09
2025-09-08,DKI Jakarta,13,16300.0,True,15900.0,1100.0,2025-09
2025-09-08,Jawa Tengah,14,15100.0,True,15900.0,1100.0,2025-09
2025-09-08,DI Yogyakarta,15,14200.0,True,15900.0,1100.0,2025-09
2025-09-08,Jawa Timur,16,14800.0,True,15900.0,1100.0,2025-09
2025-09-08,Bali,17,15500.0,True,15900.0,1100.0,2025-09
2025-09-08,Nusa Tenggara Barat,18,13900.0,True,15900.0,1100.0,2025-09
2025-09-08,Nusa Tenggara Timur,19,15400.0,True,15900.0,1100.0,2025-09
2025-09-08,Kalimantan Barat,20,16400.0,True,15900.0,1100.0,2025-09
2025-09-08,Kalimantan Selatan,21,17450.0,True,15900.0,1100.0,2025-09
2025-09-08,Kalimantan Tengah,22,17400.0,True,15900.0,1100.0,2025-09
2025-09-08,Kalimantan Timur,23,16500.0,True,15900.0,1100.0,2025-09
2025-09-08,Kalimantan Utara,24,17550.0,True,15900.0,1100.0,2025-09
2025-09-08,Gorontalo,25,16900.0,True,15900.0,1100.0,2025-09
2025-09-08,Sulawesi Selatan,26,14350.0,True,15900.0,1100.0,2025-09
2025-09-08,Sulawesi Tenggara,27,16500.0,True,15900.0,1100.0,2025-09
2025-09-08,Sulawesi Tengah,28,16750.0,True,15900.0,1100.0,2025-09
2025-09-08,Sulawesi Utara,29,16650.0,True,15900.0,1100.0,2025-09
2025-09-08,Sulawesi Barat,30,14950.0,True,15900.0,1100.0,2025-09
2025-09-08,Maluku,31,16850.0,True,15900.0,1100.0,2025-09
2025-09-08,Maluku Utara,32,16650.0,True,15900.0,1100.0,2025-09
2025-09-08,Papua,33,18950.0,True,15900.0,1100.0,2025-09
2025-09-08,Papua Barat,34,16900.0,True,15900.0,1100.0,2025-09
2025-09-09,Aceh,1,15000.0,True,15900.0,1100.0,2025-09
2025-09-09,Sumatera Utara,2,14850.0,True,15900.0,1100.0,2025-09
2025-09-09,Sumatera Barat,3,17150.0,True,15900.0,1100.0,2025-09
2025-09-09,Riau,4,16300.0,True,15900.0,1100.0,2025-09
2025-09-09,Kepulauan Riau,5,15200.0,True,15900.0,1100.0,2025-09
2025-09-09,Jambi,6,15400.0,True,15900.0,1100.0,2025-09
2025-09-09,Bengkulu,7,15550.0,True,15900.0,1100.0,2025-09
2025-09-09,Sumatera Selatan,8,15500.0,True,15900.0,1100.0,2025-09
2025-09-09,Kepulauan Bangka Belitung,9,15350.0,True,15900.0,1100.0,2025-09
2025-09-09,Lampung,10,14800.0,True,15900.0,1100.0,2025-09
2025-09-09,Banten,11,15500.0,True,15900.0,1100.0,2025-09
2025-09-09,Jawa Barat,12,14850.0,True,15900.0,1100.0,2025-09
2025-09-09,DKI Jakarta,13,16300.0,True,15900.0,1100.0,2025-09
2025-09-09,Jawa Tengah,14,15100.0,True,15900.0,1100.0,2025-09
2025-09-09,DI Yogyakarta,15,14200.0,True,15900.0,1100.0,2025-09
2025-09-09,Jawa Timur,16,14750.0,True,15900.0,1100.0,2025-09
2025-09-09,Bali,17,15500.0,True,15900.0,1100.0,2025-09
2025-09-09,Nusa Tenggara Barat,18,13900.0,True,15900.0,1100.0,2025-09
2025-09-09,Nusa Tenggara Timur,19,15400.0,True,15900.0,1100.0,2025-09
2025-09-09,Kalimantan Barat,20,16400.0,True,15900.0,1100.0,2025-09
2025-09-09,Kalimantan Selatan,21,17450.0,True,15900.0,1100.0,2025-09
2025-09-09,Kalimantan Tengah,22,17400.0,True,15900.0,1100.0,2025-09
2025-09-09,Kalimantan Timur,23,16500.0,True,15900.0,1100.0,2025-09
2025-09-09,Kalimantan Utara,24,17550.0,True,15900.0,1100.0,2025-09
2025-09-09,Gorontalo,25,16800.0,True,15900.0,1100.0,2025-09
2025-09-09,Sulawesi Selatan,26,14350.0,True,15900.0,1100.0,2025-09
2025-09-09,Sulawesi Tenggara,27,16500.0,True,15900.0,1100.0,2025-09
2025-09-09,Sulawesi Tengah,28,16750.0,True,15900.0,1100.0,2025-09
2025-09-09,Sulawesi Utara,29,16650.0,True,15900.0,1100.0,2025-09
2025-09-09,Sulawesi Barat,30,14950.0,True,15900.0,1100.0,2025-09
2025-09-09,Maluku,31,16850.0,True,15900.0,1100.0,2025-09
2025-09-09,Maluku Utara,32,16700.0,True,15900.0,1100.0,2025-09
2025-09-09,Papua,33,18950.0,True,15900.0,1100.0,2025-09
2025-09-09,Papua Barat,34,17000.0,True,15900.0,1100.0,2025-09
2025-09-10,Aceh,1,15000.0,True,15950.0,1100.0,2025-09
2025-09-10,Sumatera Utara,2,14850.0,True,15950.0,1100.0,2025-09
2025-09-10,Sumatera Barat,3,17150.0,True,15950.0,1100.0,2025-09
2025-09-10,Riau,4,16300.0,True,15950.0,1100.0,2025-09
2025-09-10,Kepulauan Riau,5,15150.0,True,15950.0,1100.0,2025-09
2025-09-10,Jambi,6,15400.0,True,15950.0,1100.0,2025-09
2025-09-10,Bengkulu,7,15550.0,True,15950.0,1100.0,2025-09
2025-09-10,Sumatera Selatan,8,15500.0,True,15950.0,1100.0,2025-09
2025-09-10,Kepulauan Bangka Belitung,9,15350.0,True,15950.0,1100.0,2025-09
2025-09-10,Lampung,10,14800.0,True,15950.0,1100.0,2025-09
2025-09-10,Banten,11,15500.0,True,15950.0,1100.0,2025-09
2025-09-10,Jawa Barat,12,14850.0,True,15950.0,1100.0,2025-09
2025-09-10,DKI Jakarta,13,16300.0,True,15950.0,1100.0,2025-09
2025-09-10,Jawa Tengah,14,15100.0,True,15950.0,1100.0,2025-09
2025-09-10,DI Yogyakarta,15,14200.0,True,15950.0,1100.0,2025-09
2025-09-10,Jawa Timur,16,14800.0,True,15950.0,1100.0,2025-09
2025-09-10,Bali,17,15500.0,True,15950.0,1100.0,2025-09
2025-09-10,Nusa Tenggara Barat,18,13950.0,True,15950.0,1100.0,2025-09
2025-09-10,Nusa Tenggara Timur,19,15400.0,True,15950.0,1100.0,2025-09
2025-09-10,Kalimantan Barat,20,16400.0,True,15950.0,1100.0,2025-09
2025-09-10,Kalimantan Selatan,21,17450.0,True,15950.0,1100.0,2025-09
2025-09-10,Kalimantan Tengah,22,17400.0,True,15950.0,1100.0,2025-09
2025-09-10,Kalimantan Timur,23,16500.0,True,15950.0,1100.0,2025-09
2025-09-10,Kalimantan Utara,24,17550.0,True,15950.0,1100.0,2025-09
2025-09-10,Gorontalo,25,16850.0,True,15950.0,1100.0,2025-09
2025-09-10,Sulawesi Selatan,26,14350.0,True,15950.0,1100.0,2025-09
2025-09-10,Sulawesi Tenggara,27,16500.0,True,15950.0,1100.0,2025-09
2025-09-10,Sulawesi Tengah,28,16750.0,True,15950.0,1100.0,2025-09
2025-09-10,Sulawesi Utara,29,16550.0,True,15950.0,1100.0,2025-09
2025-09-10,Sulawesi Barat,30,14950.0,True,15950.0,1100.0,2025-09
2025-09-10,Maluku,31,16850.0,True,15950.0,1100.0,2025-09
2025-09-10,Maluku Utara,32,16800.0,True,15950.0,1100.0,2025-09
2025-09-10,Papua,33,18950.0,True,15950.0,1100.0,2025-09
2025-09-10,Papua Barat,34,16950.0,True,15950.0,1100.0,2025-09
2025-09-11,Aceh,1,14900.0,True,15950.0,1150.0,2025-09
2025-09-11,Sumatera Utara,2,14750.0,True,15950.0,1150.0,2025-09
2025-09-11,Sumatera Barat,3,17150.0,True,15950.0,1150.0,2025-09
2025-09-11,Riau,4,16300.0,True,15950.0,1150.0,2025-09
2025-09-11,Kepulauan Riau,5,15150.0,True,15950.0,1150.0,2025-09
2025-09-11,Jambi,6,15400.0,True,15950.0,1150.0,2025-09
2025-09-11,Bengkulu,7,15550.0,True,15950.0,1150.0,2025-09
2025-09-11,Sumatera Selatan,8,15600.0,True,15950.0,1150.0,2025-09
2025-09-11,Kepulauan Bangka Belitung,9,15350.0,True,15950.0,1150.0,2025-09
2025-09-11,Lampung,10,14800.0,True,15950.0,1150.0,2025-09
2025-09-11,Banten,11,15500.0,True,15950.0,1150.0,2025-09
2025-09-11,Jawa Barat,12,14850.0,True,15950.0,1150.0,2025-09
2025-09-11,DKI Jakarta,13,16300.0,True,15950.0,1150.0,2025-09
2025-09-11,Jawa Tengah,14,15100.0,True,15950.0,1150.0,2025-09
2025-09-11,DI Yogyakarta,15,14200.0,True,15950.0,1150.0,2025-09
2025-09-11,Jawa Timur,16,14800.0,True,15950.0,1150.0,2025-09
2025-09-11,Bali,17,15500.0,True,15950.0,1150.0,2025-09
2025-09-11,Nusa Tenggara Barat,18,13950.0,True,15950.0,1150.0,2025-09
2025-09-11,Nusa Tenggara Timur,19,15450.0,True,15950.0,1150.0,2025-09
2025-09-11,Kalimantan Barat,20,16400.0,True,15950.0,1150.0,2025-09
2025-09-11,Kalimantan Selatan,21,17450.0,True,15950.0,1150.0,2025-09
2025-09-11,Kalimantan Tengah,22,17400.0,True,15950.0,1150.0,2025-09
2025-09-11,Kalimantan Timur,23,16500.0,True,15950.0,1150.0,2025-09
2025-09-11,Kalimantan Utara,24,17550.0,True,15950.0,1150.0,2025-09
2025-09-11,Gorontalo,25,16850.0,True,15950.0,1150.0,2025-09
2025-09-11,Sulawesi Selatan,26,14350.0,True,15950.0,1150.0,2025-09
2025-09-11,Sulawesi Tenggara,27,16500.0,True,15950.0,1150.0,2025-09
2025-09-11,Sulawesi Tengah,28,16750.0,True,15950.0,1150.0,2025-09
2025-09-11,Sulawesi Utara,29,16550.0,True,15950.0,1150.0,2025-09
2025-09-11,Sulawesi Barat,30,14850.0,True,15950.0,1150.0,2025-09
2025-09-11,Maluku,31,16850.0,True,15950.0,1150.0,2025-09
2025-09-11,Maluku Utara,32,16950.0,True,15950.0,1150.0,2025-09
2025-09-11,Papua,33,18950.0,True,15950.0,1150.0,2025-09
2025-09-11,Papua Barat,34,16950.0,True,15950.0,1150.0,2025-09
2025-09-12,Aceh,1,14900.0,True,15900.0,1150.0,2025-09
2025-09-12,Sumatera Utara,2,14650.0,True,15900.0,1150.0,2025-09
2025-09-12,Sumatera Barat,3,17150.0,True,15900.0,1150.0,2025-09
2025-09-12,Riau,4,16300.0,True,15900.0,1150.0,2025-09
2025-09-12,Kepulauan Riau,5,15150.0,True,15900.0,1150.0,2025-09
2025-09-12,Jambi,6,15400.0,True,15900.0,1150.0,2025-09
2025-09-12,Bengkulu,7,15550.0,True,15900.0,1150.0,2025-09
2025-09-12,Sumatera Selatan,8,15600.0,True,15900.0,1150.0,2025-09
2025-09-12,Kepulauan Bangka Belitung,9,15350.0,True,15900.0,1150.0,2025-09
2025-09-12,Lampung,10,14800.0,True,15900.0,1150.0,2025-09
2025-09-12,Banten,11,15500.0,True,15900.0,1150.0,2025-09
2025-09-12,Jawa Barat,12,14850.0,True,15900.0,1150.0,2025-09
2025-09-12,DKI Jakarta,13,16300.0,True,15900.0,1150.0,2025-09
2025-09-12,Jawa Tengah,14,15100.0,True,15900.0,1150.0,2025-09
2025-09-12,DI Yogyakarta,15,14200.0,True,15900.0,1150.0,2025-09
2025-09-12,Jawa Timur,16,14800.0,True,15900.0,1150.0,2025-09
2025-09-12,Bali,17,15500.0,True,15900.0,1150.0,2025-09
2025-09-12,Nusa Tenggara Barat,18,13950.0,True,15900.0,1150.0,2025-09
2025-09-12,Nusa Tenggara Timur,19,15450.0,True,15900.0,1150.0,2025-09
2025-09-12,Kalimantan Barat,20,16400.0,True,15900.0,1150.0,2025-09
2025-09-12,Kalimantan Selatan,21,17450.0,True,15900.0,1150.0,2025-09
2025-09-12,Kalimantan Tengah,22,17400.0,True,15900.0,1150.0,2025-09
2025-09-12,Kalimantan Timur,23,16500.0,True,15900.0,1150.0,2025-09
2025-09-12,Kalimantan Utara,24,17550.0,True,15900.0,1150.0,2025-09
2025-09-12,Gorontalo,25,16850.0,True,15900.0,1150.0,2025-09
2025-09-12,Sulawesi Selatan,26,14350.0,True,15900.0,1150.0,2025-09
2025-09-12,Sulawesi Tenggara,27,16500.0,True,15900.0,1150.0,2025-09
2025-09-12,Sulawesi Tengah,28,16750.0,True,15900.0,1150.0,2025-09
2025-09-12,Sulawesi Utara,29,16550.0,True,15900.0,1150.0,2025-09
2025-09-12,Sulawesi Barat,30,14850.0,True,15900.0,1150.0,2025-09
2025-09-12,Maluku,31,16850.0,True,15900.0,1150.0,2025-09
2025-09-12,Maluku Utara,32,16800.0,True,15900.0,1150.0,2025-09
2025-09-12,Papua,33,18950.0,True,15900.0,1150.0,2025-09
2025-09-12,Papua Barat,34,16900.0,True,15900.0,1150.0,2025-09
2025-09-13,Aceh,1,14900.0,True,15900.0,1150.0,2025-09
2025-09-13,Sumatera Utara,2,14650.0,True,15900.0,1150.0,2025-09
2025-09-13,Sumatera Barat,3,17150.0,True,15900.0,1150.0,2025-09
2025-09-13,Riau,4,16300.0,True,15900.0,1150.0,2025-09
2025-09-13,Kepulauan Riau,5,15150.0,True,15900.0,1150.0,2025-09
2025-09-13,Jambi,6,15400.0,True,15900.0,1150.0,2025-09
2025-09-13,Bengkulu,7,15550.0,True,15900.0,1150.0,2025-09
2025-09-13,Sumatera Selatan,8,15600.0,True,15900.0,1150.0,2025-09
2025-09-13,Kepulauan Bangka Belitung,9,15350.0,True,15900.0,1150.0,2025-09
2025-09-13,Lampung,10,14800.0,True,15900.0,1150.0,2025-09
2025-09-13,Banten,11,15500.0,True,15900.0,1150.0,2025-09
2025-09-13,Jawa Barat,12,14850.0,True,15900.0,1150.0,2025-09
2025-09-13,DKI Jakarta,13,16300.0,True,15900.0,1150.0,2025-09
2025-09-13,Jawa Tengah,14,15100.0,True,15900.0,1150.0,2025-09
2025-09-13,DI Yogyakarta,15,14200.0,True,15900.0,1150.0,2025-09
2025-09-13,Jawa Timur,16,14800.0,True,15900.0,1150.0,2025-09
2025-09-13,Bali,17,15500.0,True,15900.0,1150.0,2025-09
2025-09-13,Nusa Tenggara Barat,18,13950.0,True,15900.0,1150.0,2025-09
2025-09-13,Nusa Tenggara Timur,19,15450.0,True,15900.0,1150.0,2025-09
2025-09-13,Kalimantan Barat,20,16400.0,True,15900.0,1150.0,2025-09
2025-09-13,Kalimantan Selatan,21,17450.0,True,15900.0,1150.0,2025-09
2025-09-13,Kalimantan Tengah,22,17400.0,True,15900.0,1150.0,2025-09
2025-09-13,Kalimantan Timur,23,16500.0,True,15900.0,1150.0,2025-09
2025-09-13,Kalimantan Utara,24,17550.0,True,15900.0,1150.0,2025-09
2025-09-13,Gorontalo,25,16850.0,True,15900.0,1150.0,2025-09
2025-09-13,Sulawesi Selatan,26,14350.0,True,15900.0,1150.0,2025-09
2025-09-13,Sulawesi Tenggara,27,16500.0,True,15900.0,1150.0,2025-09
2025-09-13,Sulawesi Tengah,28,16750.0,True,15900.0,1150.0,2025-09
2025-09-13,Sulawesi Utara,29,16550.0,True,15900.0,1150.0,2025-09
2025-09-13,Sulawesi Barat,30,14850.0,True,15900.0,1150.0,2025-09
2025-09-13,Maluku,31,16850.0,True,15900.0,1150.0,2025-09
2025-09-13,Maluku Utara,32,16800.0,True,15900.0,1150.0,2025-09
2025-09-13,Papua,33,18950.0,True,15900.0,1150.0,2025-09
2025-09-13,Papua Barat,34,16900.0,True,15900.0,1150.0,2025-09
2025-09-14,Aceh,1,14900.0,True,15900.0,1150.0,2025-09
2025-09-14,Sumatera Utara,2,14650.0,True,15900.0,1150.0,2025-09
2025-09-14,Sumatera Barat,3,17150.0,True,15900.0,1150.0,2025-09
2025-09-14,Riau,4,16300.0,True,15900.0,1150.0,2025-09
2025-09-14,Kepulauan Riau,5,15150.0,True,15900.0,1150.0,2025-09
2025-09-14,Jambi,6,15400.0,True,15900.0,1150.0,2025-09
2025-09-14,Bengkulu,7,15550.0,True,15900.0,1150.0,2025-09
2025-09-14,Sumatera Selatan,8,15600.0,True,15900.0,1150.0,2025-09
2025-09-14,Kepulauan Bangka Belitung,9,15350.0,True,15900.0,1150.0,2025-09
2025-09-14,Lampung,10,14800.0,True,15900.0,1150.0,2025-09
2025-09-14,Banten,11,15500.0,True,15900.0,1150.0,2025-09
2025-09-14,Jawa Barat,12,14850.0,True,15900.0,1150.0,2025-09
2025-09-14,DKI Jakarta,13,16300.0,True,15900.0,1150.0,2025-09
2025-09-14,Jawa Tengah,14,15100.0,True,15900.0,1150.0,2025-09
2025-09-14,DI Yogyakarta,15,14200.0,True,15900.0,1150.0,2025-09
2025-09-14,Jawa Timur,16,14800.0,True,15900.0,1150.0,2025-09
2025-09-14,Bali,17,15500.0,True,15900.0,1150.0,2025-09
2025-09-14,Nusa Tenggara Barat,18,13950.0,True,15900.0,1150.0,2025-09
2025-09-14,Nusa Tenggara Timur,19,15450.0,True,15900.0,1150.0,2025-09
2025-09-14,Kalimantan Barat,20,16400.0,True,15900.0,1150.0,2025-09
2025-09-14,Kalimantan Selatan,21,17450.0,True,15900.0,1150.0,2025-09
2025-09-14,Kalimantan Tengah,22,17400.0,True,15900.0,1150.0,2025-09
2025-09-14,Kalimantan Timur,23,16500.0,True,15900.0,1150.0,2025-09
2025-09-14,Kalimantan Utara,24,17550.0,True,15900.0,1150.0,2025-09
2025-09-14,Gorontalo,25,16850.0,True,15900.0,1150.0,2025-09
2025-09-14,Sulawesi Selatan,26,14350.0,True,15900.0,1150.0,2025-09
2025-09-14,Sulawesi Tenggara,27,16500.0,True,15900.0,1150.0,2025-09
2025-09-14,Sulawesi Tengah,28,16750.0,True,15900.0,1150.0,2025-09
2025-09-14,Sulawesi Utara,29,16550.0,True,15900.0,1150.0,2025-09
2025-09-14,Sulawesi Barat,30,14850.0,True,15900.0,1150.0,2025-09
2025-09-14,Maluku,31,16850.0,True,15900.0,1150.0,2025-09
2025-09-14,Maluku Utara,32,16800.0,True,15900.0,1150.0,2025-09
2025-09-14,Papua,33,18950.0,True,15900.0,1150.0,2025-09
2025-09-14,Papua Barat,34,16900.0,True,15900.0,1150.0,2025-09
2025-09-15,Aceh,1,14850.0,True,15900.0,1150.0,2025-09
2025-09-15,Sumatera Utara,2,14650.0,True,15900.0,1150.0,2025-09
2025-09-15,Sumatera Barat,3,17150.0,True,15900.0,1150.0,2025-09
2025-09-15,Riau,4,16300.0,True,15900.0,1150.0,2025-09
2025-09-15,Kepulauan Riau,5,15150.0,True,15900.0,1150.0,2025-09
2025-09-15,Jambi,6,15400.0,True,15900.0,1150.0,2025-09
2025-09-15,Bengkulu,7,15550.0,True,15900.0,1150.0,2025-09
2025-09-15,Sumatera Selatan,8,15500.0,True,15900.0,1150.0,2025-09
2025-09-15,Kepulauan Bangka Belitung,9,15350.0,True,15900.0,1150.0,2025-09
2025-09-15,Lampung,10,14800.0,True,15900.0,1150.0,2025-09
2025-09-15,Banten,11,15500.0,True,15900.0,1150.0,2025-09
2025-09-15,Jawa Barat,12,14900.0,True,15900.0,1150.0,2025-09
2025-09-15,DKI Jakarta,13,16300.0,True,15900.0,1150.0,2025-09
2025-09-15,Jawa Tengah,14,15100.0,True,15900.0,1150.0,2025-09
2025-09-15,DI Yogyakarta,15,14200.0,True,15900.0,1150.0,2025-09
2025-09-15,Jawa Timur,16,14750.0,True,15900.0,1150.0,2025-09
2025-09-15,Bali,17,15500.0,True,15900.0,1150.0,2025-09
2025-09-15,Nusa Tenggara Barat,18,13950.0,True,15900.0,1150.0,2025-09
2025-09-15,Nusa Tenggara Timur,19,15450.0,True,15900.0,1150.0,2025-09
2025-09-15,Kalimantan Barat,20,16400.0,True,15900.0,1150.0,2025-09
2025-09-15,Kalimantan Selatan,21,17450.0,True,15900.0,1150.0,2025-09
2025-09-15,Kalimantan Tengah,22,17400.0,True,15900.0,1150.0,2025-09
2025-09-15,Kalimantan Timur,23,16250.0,True,15900.0,1150.0,2025-09
2025-09-15,Kalimantan Utara,24,17550.0,True,15900.0,1150.0,2025-09
2025-09-15,Gorontalo,25,16900.0,True,15900.0,1150.0,2025-09
2025-09-15,Sulawesi Selatan,26,14300.0,True,15900.0,1150.0,2025-09
2025-09-15,Sulawesi Tenggara,27,16500.0,True,15900.0,1150.0,2025-09
2025-09-15,Sulawesi Tengah,28,16750.0,True,15900.0,1150.0,2025-09
2025-09-15,Sulawesi Utara,29,16550.0,True,15900.0,1150.0,2025-09
2025-09-15,Sulawesi Barat,30,14750.0,True,15900.0,1150.0,2025-09
2025-09-15,Maluku,31,16850.0,True,15900.0,1150.0,2025-09
2025-09-15,Maluku Utara,32,16950.0,True,15900.0,1150.0,2025-09
2025-09-15,Papua,33,18950.0,True,15900.0,1150.0,2025-09
2025-09-15,Papua Barat,34,16900.0,True,15900.0,1150.0,2025-09
2025-09-16,Aceh,1,14850.0,True,15900.0,1150.0,2025-09
2025-09-16,Sumatera Utara,2,14650.0,True,15900.0,1150.0,2025-09
2025-09-16,Sumatera Barat,3,17150.0,True,15900.0,1150.0,2025-09
2025-09-16,Riau,4,16300.0,True,15900.0,1150.0,2025-09
2025-09-16,Kepulauan Riau,5,15150.0,True,15900.0,1150.0,2025-09
2025-09-16,Jambi,6,15400.0,True,15900.0,1150.0,2025-09
2025-09-16,Bengkulu,7,15550.0,True,15900.0,1150.0,2025-09
2025-09-16,Sumatera Selatan,8,15500.0,True,15900.0,1150.0,2025-09
2025-09-16,Kepulauan Bangka Belitung,9,15350.0,True,15900.0,1150.0,2025-09
2025-09-16,Lampung,10,14800.0,True,15900.0,1150.0,2025-09
2025-09-16,Banten,11,15500.0,True,15900.0,1150.0,2025-09
2025-09-16,Jawa Barat,12,14900.0,True,15900.0,1150.0,2025-09
2025-09-16,DKI Jakarta,13,16300.0,True,15900.0,1150.0,2025-09
2025-09-16,Jawa Tengah,14,15100.0,True,15900.0,1150.0,2025-09
2025-09-16,DI Yogyakarta,15,14200.0,True,15900.0,1150.0,2025-09
2025-09-16,Jawa Timur,16,14800.0,True,15900.0,1150.0,2025-09
2025-09-16,Bali,17,15500.0,True,15900.0,1150.0,2025-09
2025-09-16,Nusa Tenggara Barat,18,13950.0,True,15900.0,1150.0,2025-09
2025-09-16,Nusa Tenggara Timur,19,15450.0,True,15900.0,1150.0,2025-09
2025-09-16,Kalimantan Barat,20,16400.0,True,15900.0,1150.0,2025-09
2025-09-16,Kalimantan Selatan,21,17450.0,True,15900.0,1150.0,2025-09
2025-09-16,Kalimantan Tengah,22,17400.0,True,15900.0,1150.0,2025-09
2025-09-16,Kalimantan Timur,23,16550.0,True,15900.0,1150.0,2025-09
2025-09-16,Kalimantan Utara,24,17550.0,True,15900.0,1150.0,2025-09
2025-09-16,Gorontalo,25,16850.0,True,15900.0,1150.0,2025-09
2025-09-16,Sulawesi Selatan,26,14300.0,True,15900.0,1150.0,2025-09
2025-09-16,Sulawesi Tenggara,27,16450.0,True,15900.0,1150.0,2025-09
2025-09-16,Sulawesi Tengah,28,16750.0,True,15900.0,1150.0,2025-09
2025-09-16,Sulawesi Utara,29,16550.0,True,15900.0,1150.0,2025-09
2025-09-16,Sulawesi Barat,30,14750.0,True,15900.0,1150.0,2025-09
2025-09-16,Maluku,31,16850.0,True,15900.0,1150.0,2025-09
2025-09-16,Maluku Utara,32,16700.0,True,15900.0,1150.0,2025-09
2025-09-16,Papua,33,18950.0,True,15900.0,1150.0,2025-09
2025-09-16,Papua Barat,34,16900.0,True,15900.0,1150.0,2025-09
2025-09-17,Aceh,1,14850.0,True,15900.0,1150.0,2025-09
2025-09-17,Sumatera Utara,2,14650.0,True,15900.0,1150.0,2025-09
2025-09-17,Sumatera Barat,3,17150.0,True,15900.0,1150.0,2025-09
2025-09-17,Riau,4,16300.0,True,15900.0,1150.0,2025-09
2025-09-17,Kepulauan Riau,5,15150.0,True,15900.0,1150.0,2025-09
2025-09-17,Jambi,6,15400.0,True,15900.0,1150.0,2025-09
2025-09-17,Bengkulu,7,15550.0,True,15900.0,1150.0,2025-09
2025-09-17,Sumatera Selatan,8,15500.0,True,15900.0,1150.0,2025-09
2025-09-17,Kepulauan Bangka Belitung,9,15350.0,True,15900.0,1150.0,2025-09
2025-09-17,Lampung,10,14800.0,True,15900.0,1150.0,2025-09
2025-09-17,Banten,11,15500.0,True,15900.0,1150.0,2025-09
2025-09-17,Jawa Barat,12,14900.0,True,15900.0,1150.0,2025-09
2025-09-17,DKI Jakarta,13,16300.0,True,15900.0,1150.0,2025-09
2025-09-17,Jawa Tengah,14,15100.0,True,15900.0,1150.0,2025-09
2025-09-17,DI Yogyakarta,15,14200.0,True,15900.0,1150.0,2025-09
2025-09-17,Jawa Timur,16,14800.0,True,15900.0,1150.0,2025-09
2025-09-17,Bali,17,15500.0,True,15900.0,1150.0,2025-09
2025-09-17,Nusa Tenggara Barat,18,13950.0,True,15900.0,1150.0,2025-09
2025-09-17,Nusa Tenggara Timur,19,15450.0,True,15900.0,1150.0,2025-09
2025-09-17,Kalimantan Barat,20,16400.0,True,15900.0,1150.0,2025-09
2025-09-17,Kalimantan Selatan,21,17450.0,True,15900.0,1150.0,2025-09
2025-09-17,Kalimantan Tengah,22,17450.0,True,15900.0,1150.0,2025-09
2025-09-17,Kalimantan Timur,23,16550.0,True,15900.0,1150.0,2025-09
2025-09-17,Kalimantan Utara,24,17550.0,True,15900.0,1150.0,2025-09
2025-09-17,Gorontalo,25,16850.0,True,15900.0,1150.0,2025-09
2025-09-17,Sulawesi Selatan,26,14300.0,True,15900.0,1150.0,2025-09
2025-09-17,Sulawesi Tenggara,27,16450.0,True,15900.0,1150.0,2025-09
2025-09-17,Sulawesi Tengah,28,16750.0,True,15900.0,1150.0,2025-09
2025-09-17,Sulawesi Utara,29,16550.0,True,15900.0,1150.0,2025-09
2025-09-17,Sulawesi Barat,30,14750.0,True,15900.0,1150.0,2025-09
2025-09-17,Maluku,31,16850.0,True,15900.0,1150.0,2025-09
2025-09-17,Maluku Utara,32,16700.0,True,15900.0,1150.0,2025-09
2025-09-17,Papua,33,18950.0,True,15900.0,1150.0,2025-09
2025-09-17,Papua Barat,34,16850.0,True,15900.0,1150.0,2025-09
2025-09-18,Aceh,1,14850.0,True,15900.0,1150.0,2025-09
2025-09-18,Sumatera Utara,2,14650.0,True,15900.0,1150.0,2025-09
2025-09-18,Sumatera Barat,3,17150.0,True,15900.0,1150.0,2025-09
2025-09-18,Riau,4,16300.0,True,15900.0,1150.0,2025-09
2025-09-18,Kepulauan Riau,5,15150.0,True,15900.0,1150.0,2025-09
2025-09-18,Jambi,6,15400.0,True,15900.0,1150.0,2025-09
2025-09-18,Bengkulu,7,15550.0,True,15900.0,1150.0,2025-09
2025-09-18,Sumatera Selatan,8,15500.0,True,15900.0,1150.0,2025-09
2025-09-18,Kepulauan Bangka Belitung,9,15350.0,True,15900.0,1150.0,2025-09
2025-09-18,Lampung,10,14800.0,True,15900.0,1150.0,2025-09
2025-09-18,Banten,11,15500.0,True,15900.0,1150.0,2025-09
2025-09-18,Jawa Barat,12,14900.0,True,15900.0,1150.0,2025-09
2025-09-18,DKI Jakarta,13,16300.0,True,15900.0,1150.0,2025-09
2025-09-18,Jawa Tengah,14,15100.0,True,15900.0,1150.0,2025-09
2025-09-18,DI Yogyakarta,15,14200.0,True,15900.0,1150.0,2025-09
2025-09-18,Jawa Timur,16,14800.0,True,15900.0,1150.0,2025-09
2025-09-18,Bali,17,15500.0,True,15900.0,1150.0,2025-09
2025-09-18,Nusa Tenggara Barat,18,13950.0,True,15900.0,1150.0,2025-09
2025-09-18,Nusa Tenggara Timur,19,15450.0,True,15900.0,1150.0,2025-09
2025-09-18,Kalimantan Barat,20,16400.0,True,15900.0,1150.0,2025-09
2025-09-18,Kalimantan Selatan,21,17450.0,True,15900.0,1150.0,2025-09
2025-09-18,Kalimantan Tengah,22,17450.0,True,15900.0,1150.0,2025-09
2025-09-18,Kalimantan Timur,23,16550.0,True,15900.0,1150.0,2025-09
2025-09-18,Kalimantan Utara,24,17550.0,True,15900.0,1150.0,2025-09
2025-09-18,Gorontalo,25,16850.0,True,15900.0,1150.0,2025-09
2025-09-18,Sulawesi Selatan,26,14300.0,True,15900.0,1150.0,2025-09
2025-09-18,Sulawesi Tenggara,27,16450.0,True,15900.0,1150.0,2025-09
2025-09-18,Sulawesi Tengah,28,16750.0,True,15900.0,1150.0,2025-09
2025-09-18,Sulawesi Utara,29,16550.0,True,15900.0,1150.0,2025-09
2025-09-18,Sulawesi Barat,30,14750.0,True,15900.0,1150.0,2025-09
2025-09-18,Maluku,31,16850.0,True,15900.0,1150.0,2025-09
2025-09-18,Maluku Utara,32,16700.0,True,15900.0,1150.0,2025-09
2025-09-18,Papua,33,18950.0,True,15900.0,1150.0,2025-09
2025-09-18,Papua Barat,34,16850.0,True,15900.0,1150.0,2025-09
2025-09-19,Aceh,1,14850.0,True,15900.0,1150.0,2025-09
2025-09-19,Sumatera Utara,2,14650.0,True,15900.0,1150.0,2025-09
2025-09-19,Sumatera Barat,3,17150.0,True,15900.0,1150.0,2025-09
2025-09-19,Riau,4,16300.0,True,15900.0,1150.0,2025-09
2025-09-19,Kepulauan Riau,5,15150.0,True,15900.0,1150.0,2025-09
2025-09-19,Jambi,6,15400.0,True,15900.0,1150.0,2025-09
2025-09-19,Bengkulu,7,15550.0,True,15900.0,1150.0,2025-09
2025-09-19,Sumatera Selatan,8,15500.0,True,15900.0,1150.0,2025-09
2025-09-19,Kepulauan Bangka Belitung,9,15350.0,True,15900.0,1150.0,2025-09
2025-09-19,Lampung,10,14800.0,True,15900.0,1150.0,2025-09
2025-09-19,Banten,11,15500.0,True,15900.0,1150.0,2025-09
2025-09-19,Jawa Barat,12,14900.0,True,15900.0,1150.0,2025-09
2025-09-19,DKI Jakarta,13,16300.0,True,15900.0,1150.0,2025-09
2025-09-19,Jawa Tengah,14,15100.0,True,15900.0,1150.0,2025-09
2025-09-19,DI Yogyakarta,15,14200.0,True,15900.0,1150.0,2025-09
2025-09-19,Jawa Timur,16,14800.0,True,15900.0,1150.0,2025-09
2025-09-19,Bali,17,15500.0,True,15900.0,1150.0,2025-09
2025-09-19,Nusa Tenggara Barat,18,13950.0,True,15900.0,1150.0,2025-09
2025-09-19,Nusa Tenggara Timur,19,15450.0,True,15900.0,1150.0,2025-09
2025-09-19,Kalimantan Barat,20,16400.0,True,15900.0,1150.0,2025-09
2025-09-19,Kalimantan Selatan,21,17450.0,True,15900.0,1150.0,2025-09
2025-09-19,Kalimantan Tengah,22,17450.0,True,15900.0,1150.0,2025-09
2025-09-19,Kalimantan Timur,23,16550.0,True,15900.0,1150.0,2025-09
2025-09-19,Kalimantan Utara,24,17550.0,True,15900.0,1150.0,2025-09
2025-09-19,Gorontalo,25,16750.0,True,15900.0,1150.0,2025-09
2025-09-19,Sulawesi Selatan,26,14300.0,True,15900.0,1150.0,2025-09
2025-09-19,Sulawesi Tenggara,27,16400.0,True,15900.0,1150.0,2025-09
2025-09-19,Sulawesi Tengah,28,16750.0,True,15900.0,1150.0,2025-09
2025-09-19,Sulawesi Utara,29,16550.0,True,15900.0,1150.0,2025-09
2025-09-19,Sulawesi Barat,30,14750.0,True,15900.0,1150.0,2025-09
2025-09-19,Maluku,31,16850.0,True,15900.0,1150.0,2025-09
2025-09-19,Maluku Utara,32,16700.0,True,15900.0,1150.0,2025-09
2025-09-19,Papua,33,18950.0,True,15900.0,1150.0,2025-09
2025-09-19,Papua Barat,34,16900.0,True,15900.0,1150.0,2025-09
2025-09-20,Aceh,1,14850.0,True,15900.0,1150.0,2025-09
2025-09-20,Sumatera Utara,2,14650.0,True,15900.0,1150.0,2025-09
2025-09-20,Sumatera Barat,3,17150.0,True,15900.0,1150.0,2025-09
2025-09-20,Riau,4,16300.0,True,15900.0,1150.0,2025-09
2025-09-20,Kepulauan Riau,5,15150.0,True,15900.0,1150.0,2025-09
2025-09-20,Jambi,6,15400.0,True,15900.0,1150.0,2025-09
2025-09-20,Bengkulu,7,15550.0,True,15900.0,1150.0,2025-09
2025-09-20,Sumatera Selatan,8,15500.0,True,15900.0,1150.0,2025-09
2025-09-20,Kepulauan Bangka Belitung,9,15350.0,True,15900.0,1150.0,2025-09
2025-09-20,Lampung,10,14800.0,True,15900.0,1150.0,2025-09
2025-09-20,Banten,11,15500.0,True,15900.0,1150.0,2025-09
2025-09-20,Jawa Barat,12,14900.0,True,15900.0,1150.0,2025-09
2025-09-20,DKI Jakarta,13,16300.0,True,15900.0,1150.0,2025-09
2025-09-20,Jawa Tengah,14,15100.0,True,15900.0,1150.0,2025-09
2025-09-20,DI Yogyakarta,15,14200.0,True,15900.0,1150.0,2025-09
2025-09-20,Jawa Timur,16,14800.0,True,15900.0,1150.0,2025-09
2025-09-20,Bali,17,15500.0,True,15900.0,1150.0,2025-09
2025-09-20,Nusa Tenggara Barat,18,13950.0,True,15900.0,1150.0,2025-09
2025-09-20,Nusa Tenggara Timur,19,15450.0,True,15900.0,1150.0,2025-09
2025-09-20,Kalimantan Barat,20,16400.0,True,15900.0,1150.0,2025-09
2025-09-20,Kalimantan Selatan,21,17450.0,True,15900.0,1150.0,2025-09
2025-09-20,Kalimantan Tengah,22,17450.0,True,15900.0,1150.0,2025-09
2025-09-20,Kalimantan Timur,23,16550.0,True,15900.0,1150.0,2025-09
2025-09-20,Kalimantan Utara,24,17550.0,True,15900.0,1150.0,2025-09
2025-09-20,Gorontalo,25,16750.0,True,15900.0,1150.0,2025-09
2025-09-20,Sulawesi Selatan,26,14300.0,True,15900.0,1150.0,2025-09
2025-09-20,Sulawesi Tenggara,27,16400.0,True,15900.0,1150.0,2025-09
2025-09-20,Sulawesi Tengah,28,16750.0,True,15900.0,1150.0,2025-09
2025-09-20,Sulawesi Utara,29,16550.0,True,15900.0,1150.0,2025-09
2025-09-20,Sulawesi Barat,30,14750.0,True,15900.0,1150.0,2025-09
2025-09-20,Maluku,31,16850.0,True,15900.0,1150.0,2025-09
2025-09-20,Maluku Utara,32,16700.0,True,15900.0,1150.0,2025-09
2025-09-20,Papua,33,18950.0,True,15900.0,1150.0,2025-09
2025-09-20,Papua Barat,34,16900.0,True,15900.0,1150.0,2025-09
2025-09-21,Aceh,1,14850.0,True,15900.0,1150.0,2025-09
2025-09-21,Sumatera Utara,2,14650.0,True,15900.0,1150.0,2025-09
2025-09-21,Sumatera Barat,3,17150.0,True,15900.0,1150.0,2025-09
2025-09-21,Riau,4,16300.0,True,15900.0,1150.0,2025-09
2025-09-21,Kepulauan Riau,5,15150.0,True,15900.0,1150.0,2025-09
2025-09-21,Jambi,6,15400.0,True,15900.0,1150.0,2025-09
2025-09-21,Bengkulu,7,15550.0,True,15900.0,1150.0,2025-09
2025-09-21,Sumatera Selatan,8,15500.0,True,15900.0,1150.0,2025-09
2025-09-21,Kepulauan Bangka Belitung,9,15350.0,True,15900.0,1150.0,2025-09
2025-09-21,Lampung,10,14800.0,True,15900.0,1150.0,2025-09
2025-09-21,Banten,11,15500.0,True,15900.0,1150.0,2025-09
2025-09-21,Jawa Barat,12,14900.0,True,15900.0,1150.0,2025-09
2025-09-21,DKI Jakarta,13,16300.0,True,15900.0,1150.0,2025-09
2025-09-21,Jawa Tengah,14,15100.0,True,15900.0,1150.0,2025-09
2025-09-21,DI Yogyakarta,15,14200.0,True,15900.0,1150.0,2025-09
2025-09-21,Jawa Timur,16,14800.0,True,15900.0,1150.0,2025-09
2025-09-21,Bali,17,15500.0,True,15900.0,1150.0,2025-09
2025-09-21,Nusa Tenggara Barat,18,13950.0,True,15900.0,1150.0,2025-09
2025-09-21,Nusa Tenggara Timur,19,15450.0,True,15900.0,1150.0,2025-09
2025-09-21,Kalimantan Barat,20,16400.0,True,15900.0,1150.0,2025-09
2025-09-21,Kalimantan Selatan,21,17450.0,True,15900.0,1150.0,2025-09
2025-09-21,Kalimantan Tengah,22,17450.0,True,15900.0,1150.0,2025-09
2025-09-21,Kalimantan Timur,23,16550.0,True,15900.0,1150.0,2025-09
2025-09-21,Kalimantan Utara,24,17550.0,True,15900.0,1150.0,2025-09
2025-09-21,Gorontalo,25,16750.0,True,15900.0,1150.0,2025-09
2025-09-21,Sulawesi Selatan,26,14300.0,True,15900.0,1150.0,2025-09
2025-09-21,Sulawesi Tenggara,27,16400.0,True,15900.0,1150.0,2025-09
2025-09-21,Sulawesi Tengah,28,16750.0,True,15900.0,1150.0,2025-09
2025-09-21,Sulawesi Utara,29,16550.0,True,15900.0,1150.0,2025-09
2025-09-21,Sulawesi Barat,30,14750.0,True,15900.0,1150.0,2025-09
2025-09-21,Maluku,31,16850.0,True,15900.0,1150.0,2025-09
2025-09-21,Maluku Utara,32,16700.0,True,15900.0,1150.0,2025-09
2025-09-21,Papua,33,18950.0,True,15900.0,1150.0,2025-09
2025-09-21,Papua Barat,34,16900.0,True,15900.0,1150.0,2025-09
2025-09-22,Aceh,1,14850.0,True,15900.0,1100.0,2025-09
2025-09-22,Sumatera Utara,2,14650.0,True,15900.0,1100.0,2025-09
2025-09-22,Sumatera Barat,3,17150.0,True,15900.0,1100.0,2025-09
2025-09-22,Riau,4,16300.0,True,15900.0,1100.0,2025-09
2025-09-22,Kepulauan Riau,5,15150.0,True,15900.0,1100.0,2025-09
2025-09-22,Jambi,6,15400.0,True,15900.0,1100.0,2025-09
2025-09-22,Bengkulu,7,15550.0,True,15900.0,1100.0,2025-09
2025-09-22,Sumatera Selatan,8,15500.0,True,15900.0,1100.0,2025-09
2025-09-22,Kepulauan Bangka Belitung,9,15350.0,True,15900.0,1100.0,2025-09
2025-09-22,Lampung,10,14800.0,True,15900.0,1100.0,2025-09
2025-09-22,Banten,11,15500.0,True,15900.0,1100.0,2025-09
2025-09-22,Jawa Barat,12,14900.0,True,15900.0,1100.0,2025-09
2025-09-22,DKI Jakarta,13,16350.0,True,15900.0,1100.0,2025-09
2025-09-22,Jawa Tengah,14,15100.0,True,15900.0,1100.0,2025-09
2025-09-22,DI Yogyakarta,15,14200.0,True,15900.0,1100.0,2025-09
2025-09-22,Jawa Timur,16,14800.0,True,15900.0,1100.0,2025-09
2025-09-22,Bali,17,15500.0,True,15900.0,1100.0,2025-09
2025-09-22,Nusa Tenggara Barat,18,13950.0,True,15900.0,1100.0,2025-09
2025-09-22,Nusa Tenggara Timur,19,15450.0,True,15900.0,1100.0,2025-09
2025-09-22,Kalimantan Barat,20,16400.0,True,15900.0,1100.0,2025-09
2025-09-22,Kalimantan Selatan,21,17450.0,True,15900.0,1100.0,2025-09
2025-09-22,Kalimantan Tengah,22,17450.0,True,15900.0,1100.0,2025-09
2025-09-22,Kalimantan Timur,23,16550.0,True,15900.0,1100.0,2025-09
2025-09-22,Kalimantan Utara,24,17350.0,True,15900.0,1100.0,2025-09
2025-09-22,Gorontalo,25,16750.0,True,15900.0,1100.0,2025-09
2025-09-22,Sulawesi Selatan,26,14400.0,True,15900.0,1100.0,2025-09
2025-09-22,Sulawesi Tenggara,27,16400.0,True,15900.0,1100.0,2025-09
2025-09-22,Sulawesi Tengah,28,16400.0,True,15900.0,1100.0,2025-09
2025-09-22,Sulawesi Utara,29,16550.0,True,15900.0,1100.0,2025-09
2025-09-22,Sulawesi Barat,30,14700.0,True,15900.0,1100.0,2025-09
2025-09-22,Maluku,31,16850.0,True,15900.0,1100.0,2025-09
2025-09-22,Maluku Utara,32,16700.0,True,15900.0,1100.0,2025-09
2025-09-22,Papua,33,18950.0,True,15900.0,1100.0,2025-09
2025-09-22,Papua Barat,34,16900.0,True,15900.0,1100.0,2025-09
2025-09-23,Aceh,1,14850.0,True,15900.0,1100.0,2025-09
2025-09-23,Sumatera Utara,2,14650.0,True,15900.0,1100.0,2025-09
2025-09-23,Sumatera Barat,3,17100.0,True,15900.0,1100.0,2025-09
2025-09-23,Riau,4,16300.0,True,15900.0,1100.0,2025-09
2025-09-23,Kepulauan Riau,5,15150.0,True,15900.0,1100.0,2025-09
2025-09-23,Jambi,6,15400.0,True,15900.0,1100.0,2025-09
2025-09-23,Bengkulu,7,15550.0,True,15900.0,1100.0,2025-09
2025-09-23,Sumatera Selatan,8,15500.0,True,15900.0,1100.0,2025-09
2025-09-23,Kepulauan Bangka Belitung,9,15350.0,True,15900.0,1100.0,2025-09
2025-09-23,Lampung,10,14800.0,True,15900.0,1100.0,2025-09
2025-09-23,Banten,11,15500.0,True,15900.0,1100.0,2025-09
2025-09-23,Jawa Barat,12,14900.0,True,15900.0,1100.0,2025-09
2025-09-23,DKI Jakarta,13,16350.0,True,15900.0,1100.0,2025-09
2025-09-23,Jawa Tengah,14,15100.0,True,15900.0,1100.0,2025-09
2025-09-23,DI Yogyakarta,15,14200.0,True,15900.0,1100.0,2025-09
2025-09-23,Jawa Timur,16,14800.0,True,15900.0,1100.0,2025-09
2025-09-23,Bali,17,15500.0,True,15900.0,1100.0,2025-09
2025-09-23,Nusa Tenggara Barat,18,13950.0,True,15900.0,1100.0,2025-09
2025-09-23,Nusa Tenggara Timur,19,15450.0,True,15900.0,1100.0,2025-09
2025-09-23,Kalimantan Barat,20,16400.0,True,15900.0,1100.0,2025-09
2025-09-23,Kalimantan Selatan,21,17400.0,True,15900.0,1100.0,2025-09
2025-09-23,Kalimantan Tengah,22,17450.0,True,15900.0,1100.0,2025-09
2025-09-23,Kalimantan Timur,23,16550.0,True,15900.0,1100.0,2025-09
2025-09-23,Kalimantan Utara,24,17350.0,True,15900.0,1100.0,2025-09
2025-09-23,Gorontalo,25,16750.0,True,15900.0,1100.0,2025-09
2025-09-23,Sulawesi Selatan,26,14400.0,True,15900.0,1100.0,2025-09
2025-09-23,Sulawesi Tenggara,27,16350.0,True,15900.0,1100.0,2025-09
2025-09-23,Sulawesi Tengah,28,16400.0,True,15900.0,1100.0,2025-09
2025-09-23,Sulawesi Utara,29,16550.0,True,15900.0,1100.0,2025-09
2025-09-23,Sulawesi Barat,30,14700.0,True,15900.0,1100.0,2025-09
2025-09-23,Maluku,31,16850.0,True,15900.0,1100.0,2025-09
2025-09-23,Maluku Utara,32,16700.0,True,15900.0,1100.0,2025-09
2025-09-23,Papua,33,18950.0,True,15900.0,1100.0,2025-09
2025-09-23,Papua Barat,34,16900.0,True,15900.0,1100.0,2025-09
2025-09-24,Aceh,1,14850.0,True,15900.0,1100.0,2025-09
2025-09-24,Sumatera Utara,2,14650.0,True,15900.0,1100.0,2025-09
2025-09-24,Sumatera Barat,3,17100.0,True,15900.0,1100.0,2025-09
2025-09-24,Riau,4,16300.0,True,15900.0,1100.0,2025-09
2025-09-24,Kepulauan Riau,5,15150.0,True,15900.0,1100.0,2025-09
2025-09-24,Jambi,6,15400.0,True,15900.0,1100.0,2025-09
2025-09-24,Bengkulu,7,15550.0,True,15900.0,1100.0,2025-09
2025-09-24,Sumatera Selatan,8,15500.0,True,15900.0,1100.0,2025-09
2025-09-24,Kepulauan Bangka Belitung,9,15350.0,True,15900.0,1100.0,2025-09
2025-09-24,Lampung,10,14850.0,True,15900.0,1100.0,2025-09
2025-09-24,Banten,11,15500.0,True,15900.0,1100.0,2025-09
2025-09-24,Jawa Barat,12,14900.0,True,15900.0,1100.0,2025-09
2025-09-24,DKI Jakarta,13,16350.0,True,15900.0,1100.0,2025-09
2025-09-24,Jawa Tengah,14,15100.0,True,15900.0,1100.0,2025-09
2025-09-24,DI Yogyakarta,15,14200.0,True,15900.0,1100.0,2025-09
2025-09-24,Jawa Timur,16,14800.0,True,15900.0,1100.0,2025-09
2025-09-24,Bali,17,15500.0,True,15900.0,1100.0,2025-09
2025-09-24,Nusa Tenggara Barat,18,13950.0,True,15900.0,1100.0,2025-09
2025-09-24,Nusa Tenggara Timur,19,15450.0,True,15900.0,1100.0,2025-09
2025-09-24,Kalimantan Barat,20,16400.0,True,15900.0,1100.0,2025-09
2025-09-24,Kalimantan Selatan,21,17400.0,True,15900.0,1100.0,2025-09
2025-09-24,Kalimantan Tengah,22,17450.0,True,15900.0,1100.0,2025-09
2025-09-24,Kalimantan Timur,23,16550.0,True,15900.0,1100.0,2025-09
2025-09-24,Kalimantan Utara,24,17350.0,True,15900.0,1100.0,2025-09
2025-09-24,Gorontalo,25,16750.0,True,15900.0,1100.0,2025-09
2025-09-24,Sulawesi Selatan,26,14400.0,True,15900.0,1100.0,2025-09
2025-09-24,Sulawesi Tenggara,27,16350.0,True,15900.0,1100.0,2025-09
2025-09-24,Sulawesi Tengah,28,16400.0,True,15900.0,1100.0,2025-09
2025-09-24,Sulawesi Utara,29,16550.0,True,15900.0,1100.0,2025-09
2025-09-24,Sulawesi Barat,30,14700.0,True,15900.0,1100.0,2025-09
2025-09-24,Maluku,31,16900.0,True,15900.0,1100.0,2025-09
2025-09-24,Maluku Utara,32,16650.0,True,15900.0,1100.0,2025-09
2025-09-24,Papua,33,18950.0,True,15900.0,1100.0,2025-09
2025-09-24,Papua Barat,34,16900.0,True,15900.0,1100.0,2025-09
2025-09-25,Aceh,1,14850.0,True,15950.0,1200.0,2025-09
2025-09-25,Sumatera Utara,2,14650.0,True,15950.0,1200.0,2025-09
2025-09-25,Sumatera Barat,3,17100.0,True,15950.0,1200.0,2025-09
2025-09-25,Riau,4,16300.0,True,15950.0,1200.0,2025-09
2025-09-25,Kepulauan Riau,5,15150.0,True,15950.0,1200.0,2025-09
2025-09-25,Jambi,6,15400.0,True,15950.0,1200.0,2025-09
2025-09-25,Bengkulu,7,15550.0,True,15950.0,1200.0,2025-09
2025-09-25,Sumatera Selatan,8,15500.0,True,15950.0,1200.0,2025-09
2025-09-25,Kepulauan Bangka Belitung,9,15350.0,True,15950.0,1200.0,2025-09
2025-09-25,Lampung,10,14850.0,True,15950.0,1200.0,2025-09
2025-09-25,Banten,11,15500.0,True,15950.0,1200.0,2025-09
2025-09-25,Jawa Barat,12,14900.0,True,15950.0,1200.0,2025-09
2025-09-25,DKI Jakarta,13,16350.0,True,15950.0,1200.0,2025-09
2025-09-25,Jawa Tengah,14,15100.0,True,15950.0,1200.0,2025-09
2025-09-25,DI Yogyakarta,15,14200.0,True,15950.0,1200.0,2025-09
2025-09-25,Jawa Timur,16,14800.0,True,15950.0,1200.0,2025-09
2025-09-25,Bali,17,15500.0,True,15950.0,1200.0,2025-09
2025-09-25,Nusa Tenggara Barat,18,13950.0,True,15950.0,1200.0,2025-09
2025-09-25,Nusa Tenggara Timur,19,15450.0,True,15950.0,1200.0,2025-09
2025-09-25,Kalimantan Barat,20,16400.0,True,15950.0,1200.0,2025-09
2025-09-25,Kalimantan Selatan,21,17400.0,True,15950.0,1200.0,2025-09
2025-09-25,Kalimantan Tengah,22,17450.0,True,15950.0,1200.0,2025-09
2025-09-25,Kalimantan Timur,23,18650.0,True,15950.0,1200.0,2025-09
2025-09-25,Kalimantan Utara,24,17350.0,True,15950.0,1200.0,2025-09
2025-09-25,Gorontalo,25,16750.0,True,15950.0,1200.0,2025-09
2025-09-25,Sulawesi Selatan,26,14400.0,True,15950.0,1200.0,2025-09
2025-09-25,Sulawesi Tenggara,27,16350.0,True,15950.0,1200.0,2025-09
2025-09-25,Sulawesi Tengah,28,16400.0,True,15950.0,1200.0,2025-09
2025-09-25,Sulawesi Utara,29,16550.0,True,15950.0,1200.0,2025-09
2025-09-25,Sulawesi Barat,30,14700.0,True,15950.0,1200.0,2025-09
2025-09-25,Maluku,31,16900.0,True,15950.0,1200.0,2025-09
2025-09-25,Maluku Utara,32,16700.0,True,15950.0,1200.0,2025-09
2025-09-25,Papua,33,18950.0,True,15950.0,1200.0,2025-09
2025-09-25,Papua Barat,34,16900.0,True,15950.0,1200.0,2025-09
2025-09-26,Aceh,1,14850.0,True,15900.0,1100.0,2025-09
2025-09-26,Sumatera Utara,2,14650.0,True,15900.0,1100.0,2025-09
2025-09-26,Sumatera Barat,3,17100.0,True,15900.0,1100.0,2025-09
2025-09-26,Riau,4,16300.0,True,15900.0,1100.0,2025-09
2025-09-26,Kepulauan Riau,5,15150.0,True,15900.0,1100.0,2025-09
2025-09-26,Jambi,6,15400.0,True,15900.0,1100.0,2025-09
2025-09-26,Bengkulu,7,15550.0,True,15900.0,1100.0,2025-09
2025-09-26,Sumatera Selatan,8,15500.0,True,15900.0,1100.0,2025-09
2025-09-26,Kepulauan Bangka Belitung,9,15350.0,True,15900.0,1100.0,2025-09
2025-09-26,Lampung,10,14850.0,True,15900.0,1100.0,2025-09
2025-09-26,Banten,11,15500.0,True,15900.0,1100.0,2025-09
2025-09-26,Jawa Barat,12,14900.0,True,15900.0,1100.0,2025-09
2025-09-26,DKI Jakarta,13,16350.0,True,15900.0,1100.0,2025-09
2025-09-26,Jawa Tengah,14,15100.0,True,15900.0,1100.0,2025-09
2025-09-26,DI Yogyakarta,15,14200.0,True,15900.0,1100.0,2025-09
2025-09-26,Jawa Timur,16,14800.0,True,15900.0,1100.0,2025-09
2025-09-26,Bali,17,15500.0,True,15900.0,1100.0,2025-09
2025-09-26,Nusa Tenggara Barat,18,13950.0,True,15900.0,1100.0,2025-09
2025-09-26,Nusa Tenggara Timur,19,15450.0,True,15900.0,1100.0,2025-09
2025-09-26,Kalimantan Barat,20,16400.0,True,15900.0,1100.0,2025-09
2025-09-26,Kalimantan Selatan,21,17400.0,True,15900.0,1100.0,2025-09
2025-09-26,Kalimantan Tengah,22,17450.0,True,15900.0,1100.0,2025-09
2025-09-26,Kalimantan Timur,23,16550.0,True,15900.0,1100.0,2025-09
2025-09-26,Kalimantan Utara,24,17350.0,True,15900.0,1100.0,2025-09
2025-09-26,Gorontalo,25,16750.0,True,15900.0,1100.0,2025-09
2025-09-26,Sulawesi Selatan,26,14400.0,True,15900.0,1100.0,2025-09
2025-09-26,Sulawesi Tenggara,27,16350.0,True,15900.0,1100.0,2025-09
2025-09-26,Sulawesi Tengah,28,16400.0,True,15900.0,1100.0,2025-09
2025-09-26,Sulawesi Utara,29,16550.0,True,15900.0,1100.0,2025-09
2025-09-26,Sulawesi Barat,30,14700.0,True,15900.0,1100.0,2025-09
2025-09-26,Maluku,31,16900.0,True,15900.0,1100.0,2025-09
2025-09-26,Maluku Utara,32,16700.0,True,15900.0,1100.0,2025-09
2025-09-26,Papua,33,18950.0,True,15900.0,1100.0,2025-09
2025-09-26,Papua Barat,34,16900.0,True,15900.0,1100.0,2025-09
2025-09-27,Aceh,1,14850.0,True,15900.0,1100.0,2025-09
2025-09-27,Sumatera Utara,2,14650.0,True,15900.0,1100.0,2025-09
2025-09-27,Sumatera Barat,3,17100.0,True,15900.0,1100.0,2025-09
2025-09-27,Riau,4,16300.0,True,15900.0,1100.0,2025-09
2025-09-27,Kepulauan Riau,5,15150.0,True,15900.0,1100.0,2025-09
2025-09-27,Jambi,6,15400.0,True,15900.0,1100.0,2025-09
2025-09-27,Bengkulu,7,15550.0,True,15900.0,1100.0,2025-09
2025-09-27,Sumatera Selatan,8,15500.0,True,15900.0,1100.0,2025-09
2025-09-27,Kepulauan Bangka Belitung,9,15350.0,True,15900.0,1100.0,2025-09
2025-09-27,Lampung,10,14850.0,True,15900.0,1100.0,2025-09
2025-09-27,Banten,11,15500.0,True,15900.0,1100.0,2025-09
2025-09-27,Jawa Barat,12,14900.0,True,15900.0,1100.0,2025-09
2025-09-27,DKI Jakarta,13,16350.0,True,15900.0,1100.0,2025-09
2025-09-27,Jawa Tengah,14,15100.0,True,15900.0,1100.0,2025-09
2025-09-27,DI Yogyakarta,15,14200.0,True,15900.0,1100.0,2025-09
2025-09-27,Jawa Timur,16,14800.0,True,15900.0,1100.0,2025-09
2025-09-27,Bali,17,15500.0,True,15900.0,1100.0,2025-09
2025-09-27,Nusa Tenggara Barat,18,13950.0,True,15900.0,1100.0,2025-09
2025-09-27,Nusa Tenggara Timur,19,15450.0,True,15900.0,1100.0,2025-09
2025-09-27,Kalimantan Barat,20,16400.0,True,15900.0,1100.0,2025-09
2025-09-27,Kalimantan Selatan,21,17400.0,True,15900.0,1100.0,2025-09
2025-09-27,Kalimantan Tengah,22,17450.0,True,15900.0,1100.0,2025-09
2025-09-27,Kalimantan Timur,23,16550.0,True,15900.0,1100.0,2025-09
2025-09-27,Kalimantan Utara,24,17350.0,True,15900.0,1100.0,2025-09
2025-09-27,Gorontalo,25,16750.0,True,15900.0,1100.0,2025-09
2025-09-27,Sulawesi Selatan,26,14400.0,True,15900.0,1100.0,2025-09
2025-09-27,Sulawesi Tenggara,27,16350.0,True,15900.0,1100.0,2025-09
2025-09-27,Sulawesi Tengah,28,16400.0,True,15900.0,1100.0,2025-09
2025-09-27,Sulawesi Utara,29,16550.0,True,15900.0,1100.0,2025-09
2025-09-27,Sulawesi Barat,30,14700.0,True,15900.0,1100.0,2025-09
2025-09-27,Maluku,31,16900.0,True,15900.0,1100.0,2025-09
2025-09-27,Maluku Utara,32,16700.0,True,15900.0,1100.0,2025-09
2025-09-27,Papua,33,18950.0,True,15900.0,1100.0,2025-09
2025-09-27,Papua Barat,34,16900.0,True,15900.0,1100.0,2025-09
2025-09-28,Aceh,1,14850.0,True,15900.0,1100.0,2025-09
2025-09-28,Sumatera Utara,2,14650.0,True,15900.0,1100.0,2025-09
2025-09-28,Sumatera Barat,3,17100.0,True,15900.0,1100.0,2025-09
2025-09-28,Riau,4,16300.0,True,15900.0,1100.0,2025-09
2025-09-28,Kepulauan Riau,5,15150.0,True,15900.0,1100.0,2025-09
2025-09-28,Jambi,6,15400.0,True,15900.0,1100.0,2025-09
2025-09-28,Bengkulu,7,15550.0,True,15900.0,1100.0,2025-09
2025-09-28,Sumatera Selatan,8,15500.0,True,15900.0,1100.0,2025-09
2025-09-28,Kepulauan Bangka Belitung,9,15350.0,True,15900.0,1100.0,2025-09
2025-09-28,Lampung,10,14850.0,True,15900.0,1100.0,2025-09
2025-09-28,Banten,11,15500.0,True,15900.0,1100.0,2025-09
2025-09-28,Jawa Barat,12,14900.0,True,15900.0,1100.0,2025-09
2025-09-28,DKI Jakarta,13,16350.0,True,15900.0,1100.0,2025-09
2025-09-28,Jawa Tengah,14,15100.0,True,15900.0,1100.0,2025-09
2025-09-28,DI Yogyakarta,15,14200.0,True,15900.0,1100.0,2025-09
2025-09-28,Jawa Timur,16,14800.0,True,15900.0,1100.0,2025-09
2025-09-28,Bali,17,15500.0,True,15900.0,1100.0,2025-09
2025-09-28,Nusa Tenggara Barat,18,13950.0,True,15900.0,1100.0,2025-09
2025-09-28,Nusa Tenggara Timur,19,15450.0,True,15900.0,1100.0,2025-09
2025-09-28,Kalimantan Barat,20,16400.0,True,15900.0,1100.0,2025-09
2025-09-28,Kalimantan Selatan,21,17400.0,True,15900.0,1100.0,2025-09
2025-09-28,Kalimantan Tengah,22,17450.0,True,15900.0,1100.0,2025-09
2025-09-28,Kalimantan Timur,23,16550.0,True,15900.0,1100.0,2025-09
2025-09-28,Kalimantan Utara,24,17350.0,True,15900.0,1100.0,2025-09
2025-09-28,Gorontalo,25,16750.0,True,15900.0,1100.0,2025-09
2025-09-28,Sulawesi Selatan,26,14400.0,True,15900.0,1100.0,2025-09
2025-09-28,Sulawesi Tenggara,27,16350.0,True,15900.0,1100.0,2025-09
2025-09-28,Sulawesi Tengah,28,16400.0,True,15900.0,1100.0,2025-09
2025-09-28,Sulawesi Utara,29,16550.0,True,15900.0,1100.0,2025-09
2025-09-28,Sulawesi Barat,30,14700.0,True,15900.0,1100.0,2025-09
2025-09-28,Maluku,31,16900.0,True,15900.0,1100.0,2025-09
2025-09-28,Maluku Utara,32,16700.0,True,15900.0,1100.0,2025-09
2025-09-28,Papua,33,18950.0,True,15900.0,1100.0,2025-09
2025-09-28,Papua Barat,34,16900.0,True,15900.0,1100.0,2025-09
2025-09-29,Aceh,1,14850.0,True,15900.0,1100.0,2025-09
2025-09-29,Sumatera Utara,2,14650.0,True,15900.0,1100.0,2025-09
2025-09-29,Sumatera Barat,3,17100.0,True,15900.0,1100.0,2025-09
2025-09-29,Riau,4,16300.0,True,15900.0,1100.0,2025-09
2025-09-29,Kepulauan Riau,5,15150.0,True,15900.0,1100.0,2025-09
2025-09-29,Jambi,6,15400.0,True,15900.0,1100.0,2025-09
2025-09-29,Bengkulu,7,15550.0,True,15900.0,1100.0,2025-09
2025-09-29,Sumatera Selatan,8,15500.0,True,15900.0,1100.0,2025-09
2025-09-29,Kepulauan Bangka Belitung,9,15350.0,True,15900.0,1100.0,2025-09
2025-09-29,Lampung,10,14850.0,True,15900.0,1100.0,2025-09
2025-09-29,Banten,11,15500.0,True,15900.0,1100.0,2025-09
2025-09-29,Jawa Barat,12,14900.0,True,15900.0,1100.0,2025-09
2025-09-29,DKI Jakarta,13,16350.0,True,15900.0,1100.0,2025-09
2025-09-29,Jawa Tengah,14,15100.0,True,15900.0,1100.0,2025-09
2025-09-29,DI Yogyakarta,15,14200.0,True,15900.0,1100.0,2025-09
2025-09-29,Jawa Timur,16,14800.0,True,15900.0,1100.0,2025-09
2025-09-29,Bali,17,15500.0,True,15900.0,1100.0,2025-09
2025-09-29,Nusa Tenggara Barat,18,13950.0,True,15900.0,1100.0,2025-09
2025-09-29,Nusa Tenggara Timur,19,15450.0,True,15900.0,1100.0,2025-09
2025-09-29,Kalimantan Barat,20,16400.0,True,15900.0,1100.0,2025-09
2025-09-29,Kalimantan Selatan,21,17450.0,True,15900.0,1100.0,2025-09
2025-09-29,Kalimantan Tengah,22,17450.0,True,15900.0,1100.0,2025-09
2025-09-29,Kalimantan Timur,23,16550.0,True,15900.0,1100.0,2025-09
2025-09-29,Kalimantan Utara,24,17300.0,True,15900.0,1100.0,2025-09
2025-09-29,Gorontalo,25,16700.0,True,15900.0,1100.0,2025-09
2025-09-29,Sulawesi Selatan,26,14300.0,True,15900.0,1100.0,2025-09
2025-09-29,Sulawesi Tenggara,27,16350.0,True,15900.0,1100.0,2025-09
2025-09-29,Sulawesi Tengah,28,16350.0,True,15900.0,1100.0,2025-09
2025-09-29,Sulawesi Utara,29,16550.0,True,15900.0,1100.0,2025-09
2025-09-29,Sulawesi Barat,30,14700.0,True,15900.0,1100.0,2025-09
2025-09-29,Maluku,31,16950.0,True,15900.0,1100.0,2025-09
2025-09-29,Maluku Utara,32,16700.0,True,15900.0,1100.0,2025-09
2025-09-29,Papua,33,18950.0,True,15900.0,1100.0,2025-09
2025-09-29,Papua Barat,34,16900.0,True,15900.0,1100.0,2025-09
2025-09-30,Aceh,1,14850.0,True,15900.0,1100.0,2025-09
2025-09-30,Sumatera Utara,2,14650.0,True,15900.0,1100.0,2025-09
2025-09-30,Sumatera Barat,3,17100.0,True,15900.0,1100.0,2025-09
2025-09-30,Riau,4,16300.0,True,15900.0,1100.0,2025-09
2025-09-30,Kepulauan Riau,5,15150.0,True,15900.0,1100.0,2025-09
2025-09-30,Jambi,6,15400.0,True,15900.0,1100.0,2025-09
2025-09-30,Bengkulu,7,15550.0,True,15900.0,1100.0,2025-09
2025-09-30,Sumatera Selatan,8,15550.0,True,15900.0,1100.0,2025-09
2025-09-30,Kepulauan Bangka Belitung,9,15350.0,True,15900.0,1100.0,2025-09
2025-09-30,Lampung,10,14850.0,True,15900.0,1100.0,2025-09
2025-09-30,Banten,11,15500.0,True,15900.0,1100.0,2025-09
2025-09-30,Jawa Barat,12,14900.0,True,15900.0,1100.0,2025-09
2025-09-30,DKI Jakarta,13,16350.0,True,15900.0,1100.0,2025-09
2025-09-30,Jawa Tengah,14,15100.0,True,15900.0,1100.0,2025-09
2025-09-30,DI Yogyakarta,15,14200.0,True,15900.0,1100.0,2025-09
2025-09-30,Jawa Timur,16,14800.0,True,15900.0,1100.0,2025-09
2025-09-30,Bali,17,15500.0,True,15900.0,1100.0,2025-09
2025-09-30,Nusa Tenggara Barat,18,14000.0,True,15900.0,1100.0,2025-09
2025-09-30,Nusa Tenggara Timur,19,15450.0,True,15900.0,1100.0,2025-09
2025-09-30,Kalimantan Barat,20,16400.0,True,15900.0,1100.0,2025-09
2025-09-30,Kalimantan Selatan,21,17450.0,True,15900.0,1100.0,2025-09
2025-09-30,Kalimantan Tengah,22,17500.0,True,15900.0,1100.0,2025-09
2025-09-30,Kalimantan Timur,23,16550.0,True,15900.0,1100.0,2025-09
2025-09-30,Kalimantan Utara,24,17300.0,True,15900.0,1100.0,2025-09
2025-09-30,Gorontalo,25,16650.0,True,15900.0,1100.0,2025-09
2025-09-30,Sulawesi Selatan,26,14300.0,True,15900.0,1100.0,2025-09
2025-09-30,Sulawesi Tenggara,27,16350.0,True,15900.0,1100.0,2025-09
2025-09-30,Sulawesi Tengah,28,16350.0,True,15900.0,1100.0,2025-09
2025-09-30,Sulawesi Utara,29,16500.0,True,15900.0,1100.0,2025-09
2025-09-30,Sulawesi Barat,30,14700.0,True,15900.0,1100.0,2025-09
2025-09-30,Maluku,31,16950.0,True,15900.0,1100.0,2025-09
2025-09-30,Maluku Utara,32,16700.0,True,15900.0,1100.0,2025-09
2025-09-30,Papua,33,18950.0,True,15900.0,1100.0,2025-09
2025-09-30,Papua Barat,34,16900.0,True,15900.0,1100.0,2025-09
2025-10-01,Aceh,1,14850.0,True,15900.0,1100.0,2025-10
2025-10-01,Sumatera Utara,2,14650.0,True,15900.0,1100.0,2025-10
2025-10-01,Sumatera Barat,3,17100.0,True,15900.0,1100.0,2025-10
2025-10-01,Riau,4,16300.0,True,15900.0,1100.0,2025-10
2025-10-01,Kepulauan Riau,5,15150.0,True,15900.0,1100.0,2025-10
2025-10-01,Jambi,6,15400.0,True,15900.0,1100.0,2025-10
2025-10-01,Bengkulu,7,15550.0,True,15900.0,1100.0,2025-10
2025-10-01,Sumatera Selatan,8,15500.0,True,15900.0,1100.0,2025-10
2025-10-01,Kepulauan Bangka Belitung,9,15350.0,True,15900.0,1100.0,2025-10
2025-10-01,Lampung,10,14850.0,True,15900.0,1100.0,2025-10
2025-10-01,Banten,11,15500.0,True,15900.0,1100.0,2025-10
2025-10-01,Jawa Barat,12,14900.0,True,15900.0,1100.0,2025-10
2025-10-01,DKI Jakarta,13,16350.0,True,15900.0,1100.0,2025-10
2025-10-01,Jawa Tengah,14,15100.0,True,15900.0,1100.0,2025-10
2025-10-01,DI Yogyakarta,15,14200.0,True,15900.0,1100.0,2025-10
2025-10-01,Jawa Timur,16,14800.0,True,15900.0,1100.0,2025-10
2025-10-01,Bali,17,15500.0,True,15900.0,1100.0,2025-10
2025-10-01,Nusa Tenggara Barat,18,13950.0,True,15900.0,1100.0,2025-10
2025-10-01,Nusa Tenggara Timur,19,15450.0,True,15900.0,1100.0,2025-10
2025-10-01,Kalimantan Barat,20,16400.0,True,15900.0,1100.0,2025-10
2025-10-01,Kalimantan Selatan,21,17450.0,True,15900.0,1100.0,2025-10
2025-10-01,Kalimantan Tengah,22,17500.0,True,15900.0,1100.0,2025-10
2025-10-01,Kalimantan Timur,23,16550.0,True,15900.0,1100.0,2025-10
2025-10-01,Kalimantan Utara,24,17300.0,True,15900.0,1100.0,2025-10
2025-10-01,Gorontalo,25,16650.0,True,15900.0,1100.0,2025-10
2025-10-01,Sulawesi Selatan,26,14300.0,True,15900.0,1100.0,2025-10
2025-10-01,Sulawesi Tenggara,27,16300.0,True,15900.0,1100.0,2025-10
2025-10-01,Sulawesi Tengah,28,16350.0,True,15900.0,1100.0,2025-10
2025-10-01,Sulawesi Utara,29,16450.0,True,15900.0,1100.0,2025-10
2025-10-01,Sulawesi Barat,30,14700.0,True,15900.0,1100.0,2025-10
2025-10-01,Maluku,31,16950.0,True,15900.0,1100.0,2025-10
2025-10-01,Maluku Utara,32,16650.0,True,15900.0,1100.0,2025-10
2025-10-01,Papua,33,18950.0,True,15900.0,1100.0,2025-10
2025-10-01,Papua Barat,34,16900.0,True,15900.0,1100.0,2025-10
2025-10-02,Aceh,1,14850.0,True,15850.0,1100.0,2025-10
2025-10-02,Sumatera Utara,2,14650.0,True,15850.0,1100.0,2025-10
2025-10-02,Sumatera Barat,3,17100.0,True,15850.0,1100.0,2025-10
2025-10-02,Riau,4,16300.0,True,15850.0,1100.0,2025-10
2025-10-02,Kepulauan Riau,5,15150.0,True,15850.0,1100.0,2025-10
2025-10-02,Jambi,6,15400.0,True,15850.0,1100.0,2025-10
2025-10-02,Bengkulu,7,15550.0,True,15850.0,1100.0,2025-10
2025-10-02,Sumatera Selatan,8,15500.0,True,15850.0,1100.0,2025-10
2025-10-02,Kepulauan Bangka Belitung,9,15350.0,True,15850.0,1100.0,2025-10
2025-10-02,Lampung,10,14850.0,True,15850.0,1100.0,2025-10
2025-10-02,Banten,11,15500.0,True,15850.0,1100.0,2025-10
2025-10-02,Jawa Barat,12,14900.0,True,15850.0,1100.0,2025-10
2025-10-02,DKI Jakarta,13,16350.0,True,15850.0,1100.0,2025-10
2025-10-02,Jawa Tengah,14,15100.0,True,15850.0,1100.0,2025-10
2025-10-02,DI Yogyakarta,15,14200.0,True,15850.0,1100.0,2025-10
2025-10-02,Jawa Timur,16,14800.0,True,15850.0,1100.0,2025-10
2025-10-02,Bali,17,15500.0,True,15850.0,1100.0,2025-10
2025-10-02,Nusa Tenggara Barat,18,13900.0,True,15850.0,1100.0,2025-10
2025-10-02,Nusa Tenggara Timur,19,15450.0,True,15850.0,1100.0,2025-10
2025-10-02,Kalimantan Barat,20,16400.0,True,15850.0,1100.0,2025-10
2025-10-02,Kalimantan Selatan,21,17450.0,True,15850.0,1100.0,2025-10
2025-10-02,Kalimantan Tengah,22,17500.0,True,15850.0,1100.0,2025-10
2025-10-02,Kalimantan Timur,23,16550.0,True,15850.0,1100.0,2025-10
2025-10-02,Kalimantan Utara,24,17300.0,True,15850.0,1100.0,2025-10
2025-10-02,Gorontalo,25,16650.0,True,15850.0,1100.0,2025-10
2025-10-02,Sulawesi Selatan,26,14300.0,True,15850.0,1100.0,2025-10
2025-10-02,Sulawesi Tenggara,27,16150.0,True,15850.0,1100.0,2025-10
2025-10-02,Sulawesi Tengah,28,16350.0,True,15850.0,1100.0,2025-10
2025-10-02,Sulawesi Utara,29,16450.0,True,15850.0,1100.0,2025-10
2025-10-02,Sulawesi Barat,30,14700.0,True,15850.0,1100.0,2025-10
2025-10-02,Maluku,31,16950.0,True,15850.0,1100.0,2025-10
2025-10-02,Maluku Utara,32,16700.0,True,15850.0,1100.0,2025-10
2025-10-02,Papua,33,18900.0,True,15850.0,1100.0,2025-10
2025-10-02,Papua Barat,34,16900.0,True,15850.0,1100.0,2025-10
2025-10-03,Aceh,1,14850.0,True,15900.0,1100.0,2025-10
2025-10-03,Sumatera Utara,2,14650.0,True,15900.0,1100.0,2025-10
2025-10-03,Sumatera Barat,3,17100.0,True,15900.0,1100.0,2025-10
2025-10-03,Riau,4,16300.0,True,15900.0,1100.0,2025-10
2025-10-03,Kepulauan Riau,5,15150.0,True,15900.0,1100.0,2025-10
2025-10-03,Jambi,6,15400.0,True,15900.0,1100.0,2025-10
2025-10-03,Bengkulu,7,15650.0,True,15900.0,1100.0,2025-10
2025-10-03,Sumatera Selatan,8,15500.0,True,15900.0,1100.0,2025-10
2025-10-03,Kepulauan Bangka Belitung,9,15350.0,True,15900.0,1100.0,2025-10
2025-10-03,Lampung,10,14850.0,True,15900.0,1100.0,2025-10
2025-10-03,Banten,11,15500.0,True,15900.0,1100.0,2025-10
2025-10-03,Jawa Barat,12,14900.0,True,15900.0,1100.0,2025-10
2025-10-03,DKI Jakarta,13,16350.0,True,15900.0,1100.0,2025-10
2025-10-03,Jawa Tengah,14,15100.0,True,15900.0,1100.0,2025-10
2025-10-03,DI Yogyakarta,15,14200.0,True,15900.0,1100.0,2025-10
2025-10-03,Jawa Timur,16,14800.0,True,15900.0,1100.0,2025-10
2025-10-03,Bali,17,15500.0,True,15900.0,1100.0,2025-10
2025-10-03,Nusa Tenggara Barat,18,13900.0,True,15900.0,1100.0,2025-10
2025-10-03,Nusa Tenggara Timur,19,15450.0,True,15900.0,1100.0,2025-10
2025-10-03,Kalimantan Barat,20,16400.0,True,15900.0,1100.0,2025-10
2025-10-03,Kalimantan Selatan,21,17450.0,True,15900.0,1100.0,2025-10
2025-10-03,Kalimantan Tengah,22,17500.0,True,15900.0,1100.0,2025-10
2025-10-03,Kalimantan Timur,23,16500.0,True,15900.0,1100.0,2025-10
2025-10-03,Kalimantan Utara,24,17300.0,True,15900.0,1100.0,2025-10
2025-10-03,Gorontalo,25,16600.0,True,15900.0,1100.0,2025-10
2025-10-03,Sulawesi Selatan,26,14300.0,True,15900.0,1100.0,2025-10
2025-10-03,Sulawesi Tenggara,27,16150.0,True,15900.0,1100.0,2025-10
2025-10-03,Sulawesi Tengah,28,16350.0,True,15900.0,1100.0,2025-10
2025-10-03,Sulawesi Utara,29,16450.0,True,15900.0,1100.0,2025-10
2025-10-03,Sulawesi Barat,30,14700.0,True,15900.0,1100.0,2025-10
2025-10-03,Maluku,31,16950.0,True,15900.0,1100.0,2025-10
2025-10-03,Maluku Utara,32,16950.0,True,15900.0,1100.0,2025-10
2025-10-03,Papua,33,18900.0,True,15900.0,1100.0,2025-10
2025-10-03,Papua Barat,34,16900.0,True,15900.0,1100.0,2025-10
2025-10-04,Aceh,1,14850.0,True,15900.0,1100.0,2025-10
2025-10-04,Sumatera Utara,2,14650.0,True,15900.0,1100.0,2025-10
2025-10-04,Sumatera Barat,3,17100.0,True,15900.0,1100.0,2025-10
2025-10-04,Riau,4,16300.0,True,15900.0,1100.0,2025-10
2025-10-04,Kepulauan Riau,5,15150.0,True,15900.0,1100.0,2025-10
2025-10-04,Jambi,6,15400.0,True,15900.0,1100.0,2025-10
2025-10-04,Bengkulu,7,15650.0,True,15900.0,1100.0,2025-10
2025-10-04,Sumatera Selatan,8,15500.0,True,15900.0,1100.0,2025-10
2025-10-04,Kepulauan Bangka Belitung,9,15350.0,True,15900.0,1100.0,2025-10
2025-10-04,Lampung,10,14850.0,True,15900.0,1100.0,2025-10
2025-10-04,Banten,11,15500.0,True,15900.0,1100.0,2025-10
2025-10-04,Jawa Barat,12,14900.0,True,15900.0,1100.0,2025-10
2025-10-04,DKI Jakarta,13,16350.0,True,15900.0,1100.0,2025-10
2025-10-04,Jawa Tengah,14,15100.0,True,15900.0,1100.0,2025-10
2025-10-04,DI Yogyakarta,15,14200.0,True,15900.0,1100.0,2025-10
2025-10-04,Jawa Timur,16,14800.0,True,15900.0,1100.0,2025-10
2025-10-04,Bali,17,15500.0,True,15900.0,1100.0,2025-10
2025-10-04,Nusa Tenggara Barat,18,13900.0,True,15900.0,1100.0,2025-10
2025-10-04,Nusa Tenggara Timur,19,15450.0,True,15900.0,1100.0,2025-10
2025-10-04,Kalimantan Barat,20,16400.0,True,15900.0,1100.0,2025-10
2025-10-04,Kalimantan Selatan,21,17450.0,True,15900.0,1100.0,2025-10
2025-10-04,Kalimantan Tengah,22,17500.0,True,15900.0,1100.0,2025-10
2025-10-04,Kalimantan Timur,23,16500.0,True,15900.0,1100.0,2025-10
2025-10-04,Kalimantan Utara,24,17300.0,True,15900.0,1100.0,2025-10
2025-10-04,Gorontalo,25,16600.0,True,15900.0,1100.0,2025-10
2025-10-04,Sulawesi Selatan,26,14300.0,True,15900.0,1100.0,2025-10
2025-10-04,Sulawesi Tenggara,27,16150.0,True,15900.0,1100.0,2025-10
2025-10-04,Sulawesi Tengah,28,16350.0,True,15900.0,1100.0,2025-10
2025-10-04,Sulawesi Utara,29,16450.0,True,15900.0,1100.0,2025-10
2025-10-04,Sulawesi Barat,30,14700.0,True,15900.0,1100.0,2025-10
2025-10-04,Maluku,31,16950.0,True,15900.0,1100.0,2025-10
2025-10-04,Maluku Utara,32,16950.0,True,15900.0,1100.0,2025-10
2025-10-04,Papua,33,18900.0,True,15900.0,1100.0,2025-10
2025-10-04,Papua Barat,34,16900.0,True,15900.0,1100.0,2025-10
2025-10-05,Aceh,1,14850.0,True,15900.0,1100.0,2025-10
2025-10-05,Sumatera Utara,2,14650.0,True,15900.0,1100.0,2025-10
2025-10-05,Sumatera Barat,3,17100.0,True,15900.0,1100.0,2025-10
2025-10-05,Riau,4,16300.0,True,15900.0,1100.0,2025-10
2025-10-05,Kepulauan Riau,5,15150.0,True,15900.0,1100.0,2025-10
2025-10-05,Jambi,6,15400.0,True,15900.0,1100.0,2025-10
2025-10-05,Bengkulu,7,15650.0,True,15900.0,1100.0,2025-10
2025-10-05,Sumatera Selatan,8,15500.0,True,15900.0,1100.0,2025-10
2025-10-05,Kepulauan Bangka Belitung,9,15350.0,True,15900.0,1100.0,2025-10
2025-10-05,Lampung,10,14850.0,True,15900.0,1100.0,2025-10
2025-10-05,Banten,11,15500.0,True,15900.0,1100.0,2025-10
2025-10-05,Jawa Barat,12,14900.0,True,15900.0,1100.0,2025-10
2025-10-05,DKI Jakarta,13,16350.0,True,15900.0,1100.0,2025-10
2025-10-05,Jawa Tengah,14,15100.0,True,15900.0,1100.0,2025-10
2025-10-05,DI Yogyakarta,15,14200.0,True,15900.0,1100.0,2025-10
2025-10-05,Jawa Timur,16,14800.0,True,15900.0,1100.0,2025-10
2025-10-05,Bali,17,15500.0,True,15900.0,1100.0,2025-10
2025-10-05,Nusa Tenggara Barat,18,13900.0,True,15900.0,1100.0,2025-10
2025-10-05,Nusa Tenggara Timur,19,15450.0,True,15900.0,1100.0,2025-10
2025-10-05,Kalimantan Barat,20,16400.0,True,15900.0,1100.0,2025-10
2025-10-05,Kalimantan Selatan,21,17450.0,True,15900.0,1100.0,2025-10
2025-10-05,Kalimantan Tengah,22,17500.0,True,15900.0,1100.0,2025-10
2025-10-05,Kalimantan Timur,23,16500.0,True,15900.0,1100.0,2025-10
2025-10-05,Kalimantan Utara,24,17300.0,True,15900.0,1100.0,2025-10
2025-10-05,Gorontalo,25,16600.0,True,15900.0,1100.0,2025-10
2025-10-05,Sulawesi Selatan,26,14300.0,True,15900.0,1100.0,2025-10
2025-10-05,Sulawesi Tenggara,27,16150.0,True,15900.0,1100.0,2025-10
2025-10-05,Sulawesi Tengah,28,16350.0,True,15900.0,1100.0,2025-10
2025-10-05,Sulawesi Utara,29,16450.0,True,15900.0,1100.0,2025-10
2025-10-05,Sulawesi Barat,30,14700.0,True,15900.0,1100.0,2025-10
2025-10-05,Maluku,31,16950.0,True,15900.0,1100.0,2025-10
2025-10-05,Maluku Utara,32,16950.0,True,15900.0,1100.0,2025-10
2025-10-05,Papua,33,18900.0,True,15900.0,1100.0,2025-10
2025-10-05,Papua Barat,34,16900.0,True,15900.0,1100.0,2025-10
2025-10-06,Aceh,1,14850.0,True,15850.0,1100.0,2025-10
2025-10-06,Sumatera Utara,2,14650.0,True,15850.0,1100.0,2025-10
2025-10-06,Sumatera Barat,3,17100.0,True,15850.0,1100.0,2025-10
2025-10-06,Riau,4,16300.0,True,15850.0,1100.0,2025-10
2025-10-06,Kepulauan Riau,5,15150.0,True,15850.0,1100.0,2025-10
2025-10-06,Jambi,6,15400.0,True,15850.0,1100.0,2025-10
2025-10-06,Bengkulu,7,15650.0,True,15850.0,1100.0,2025-10
2025-10-06,Sumatera Selatan,8,15500.0,True,15850.0,1100.0,2025-10
2025-10-06,Kepulauan Bangka Belitung,9,15300.0,True,15850.0,1100.0,2025-10
2025-10-06,Lampung,10,14850.0,True,15850.0,1100.0,2025-10
2025-10-06,Banten,11,15500.0,True,15850.0,1100.0,2025-10
2025-10-06,Jawa Barat,12,14900.0,True,15850.0,1100.0,2025-10
2025-10-06,DKI Jakarta,13,16300.0,True,15850.0,1100.0,2025-10
2025-10-06,Jawa Tengah,14,15100.0,True,15850.0,1100.0,2025-10
2025-10-06,DI Yogyakarta,15,14200.0,True,15850.0,1100.0,2025-10
2025-10-06,Jawa Timur,16,14800.0,True,15850.0,1100.0,2025-10
2025-10-06,Bali,17,15500.0,True,15850.0,1100.0,2025-10
2025-10-06,Nusa Tenggara Barat,18,13900.0,True,15850.0,1100.0,2025-10
2025-10-06,Nusa Tenggara Timur,19,15450.0,True,15850.0,1100.0,2025-10
2025-10-06,Kalimantan Barat,20,16400.0,True,15850.0,1100.0,2025-10
2025-10-06,Kalimantan Selatan,21,17450.0,True,15850.0,1100.0,2025-10
2025-10-06,Kalimantan Tengah,22,17500.0,True,15850.0,1100.0,2025-10
2025-10-06,Kalimantan Timur,23,16500.0,True,15850.0,1100.0,2025-10
2025-10-06,Kalimantan Utara,24,17300.0,True,15850.0,1100.0,2025-10
2025-10-06,Gorontalo,25,16550.0,True,15850.0,1100.0,2025-10
2025-10-06,Sulawesi Selatan,26,14250.0,True,15850.0,1100.0,2025-10
2025-10-06,Sulawesi Tenggara,27,16000.0,True,15850.0,1100.0,2025-10
2025-10-06,Sulawesi Tengah,28,16250.0,True,15850.0,1100.0,2025-10
2025-10-06,Sulawesi Utara,29,16450.0,True,15850.0,1100.0,2025-10
2025-10-06,Sulawesi Barat,30,14650.0,True,15850.0,1100.0,2025-10
2025-10-06,Maluku,31,16950.0,True,15850.0,1100.0,2025-10
2025-10-06,Maluku Utara,32,16800.0,True,15850.0,1100.0,2025-10
2025-10-06,Papua,33,18900.0,True,15850.0,1100.0,2025-10
2025-10-06,Papua Barat,34,16900.0,True,15850.0,1100.0,2025-10
2025-10-07,Aceh,1,14800.0,True,15850.0,1100.0,2025-10
2025-10-07,Sumatera Utara,2,14650.0,True,15850.0,1100.0,2025-10
2025-10-07,Sumatera Barat,3,17050.0,True,15850.0,1100.0,2025-10
2025-10-07,Riau,4,16300.0,True,15850.0,1100.0,2025-10
2025-10-07,Kepulauan Riau,5,15150.0,True,15850.0,1100.0,2025-10
2025-10-07,Jambi,6,15400.0,True,15850.0,1100.0,2025-10
2025-10-07,Bengkulu,7,15650.0,True,15850.0,1100.0,2025-10
2025-10-07,Sumatera Selatan,8,15500.0,True,15850.0,1100.0,2025-10
2025-10-07,Kepulauan Bangka Belitung,9,15300.0,True,15850.0,1100.0,2025-10
2025-10-07,Lampung,10,14850.0,True,15850.0,1100.0,2025-10
2025-10-07,Banten,11,15500.0,True,15850.0,1100.0,2025-10
2025-10-07,Jawa Barat,12,14900.0,True,15850.0,1100.0,2025-10
2025-10-07,DKI Jakarta,13,16300.0,True,15850.0,1100.0,2025-10
2025-10-07,Jawa Tengah,14,15100.0,True,15850.0,1100.0,2025-10
2025-10-07,DI Yogyakarta,15,14200.0,True,15850.0,1100.0,2025-10
2025-10-07,Jawa Timur,16,14800.0,True,15850.0,1100.0,2025-10
2025-10-07,Bali,17,15450.0,True,15850.0,1100.0,2025-10
2025-10-07,Nusa Tenggara Barat,18,13900.0,True,15850.0,1100.0,2025-10
2025-10-07,Nusa Tenggara Timur,19,15450.0,True,15850.0,1100.0,2025-10
2025-10-07,Kalimantan Barat,20,16400.0,True,15850.0,1100.0,2025-10
2025-10-07,Kalimantan Selatan,21,17450.0,True,15850.0,1100.0,2025-10
2025-10-07,Kalimantan Tengah,22,17500.0,True,15850.0,1100.0,2025-10
2025-10-07,Kalimantan Timur,23,16500.0,True,15850.0,1100.0,2025-10
2025-10-07,Kalimantan Utara,24,17300.0,True,15850.0,1100.0,2025-10
2025-10-07,Gorontalo,25,16550.0,True,15850.0,1100.0,2025-10
2025-10-07,Sulawesi Selatan,26,14250.0,True,15850.0,1100.0,2025-10
2025-10-07,Sulawesi Tenggara,27,16000.0,True,15850.0,1100.0,2025-10
2025-10-07,Sulawesi Tengah,28,16250.0,True,15850.0,1100.0,2025-10
2025-10-07,Sulawesi Utara,29,16450.0,True,15850.0,1100.0,2025-10
2025-10-07,Sulawesi Barat,30,14650.0,True,15850.0,1100.0,2025-10
2025-10-07,Maluku,31,16950.0,True,15850.0,1100.0,2025-10
2025-10-07,Maluku Utara,32,16800.0,True,15850.0,1100.0,2025-10
2025-10-07,Papua,33,18900.0,True,15850.0,1100.0,2025-10
2025-10-07,Papua Barat,34,16900.0,True,15850.0,1100.0,2025-10
2025-10-08,Aceh,1,14800.0,True,15850.0,1100.0,2025-10
2025-10-08,Sumatera Utara,2,14600.0,True,15850.0,1100.0,2025-10
2025-10-08,Sumatera Barat,3,17050.0,True,15850.0,1100.0,2025-10
2025-10-08,Riau,4,16300.0,True,15850.0,1100.0,2025-10
2025-10-08,Kepulauan Riau,5,15150.0,True,15850.0,1100.0,2025-10
2025-10-08,Jambi,6,15400.0,True,15850.0,1100.0,2025-10
2025-10-08,Bengkulu,7,15650.0,True,15850.0,1100.0,2025-10
2025-10-08,Sumatera Selatan,8,15500.0,True,15850.0,1100.0,2025-10
2025-10-08,Kepulauan Bangka Belitung,9,15300.0,True,15850.0,1100.0,2025-10
2025-10-08,Lampung,10,14850.0,True,15850.0,1100.0,2025-10
2025-10-08,Banten,11,15500.0,True,15850.0,1100.0,2025-10
2025-10-08,Jawa Barat,12,14900.0,True,15850.0,1100.0,2025-10
2025-10-08,DKI Jakarta,13,16300.0,True,15850.0,1100.0,2025-10
2025-10-08,Jawa Tengah,14,15100.0,True,15850.0,1100.0,2025-10
2025-10-08,DI Yogyakarta,15,14200.0,True,15850.0,1100.0,2025-10
2025-10-08,Jawa Timur,16,14800.0,True,15850.0,1100.0,2025-10
2025-10-08,Bali,17,15450.0,True,15850.0,1100.0,2025-10
2025-10-08,Nusa Tenggara Barat,18,13900.0,True,15850.0,1100.0,2025-10
2025-10-08,Nusa Tenggara Timur,19,15450.0,True,15850.0,1100.0,2025-10
2025-10-08,Kalimantan Barat,20,16400.0,True,15850.0,1100.0,2025-10
2025-10-08,Kalimantan Selatan,21,17450.0,True,15850.0,1100.0,2025-10
2025-10-08,Kalimantan Tengah,22,17500.0,True,15850.0,1100.0,2025-10
2025-10-08,Kalimantan Timur,23,16550.0,True,15850.0,1100.0,2025-10
2025-10-08,Kalimantan Utara,24,17300.0,True,15850.0,1100.0,2025-10
2025-10-08,Gorontalo,25,16550.0,True,15850.0,1100.0,2025-10
2025-10-08,Sulawesi Selatan,26,14250.0,True,15850.0,1100.0,2025-10
2025-10-08,Sulawesi Tenggara,27,16000.0,True,15850.0,1100.0,2025-10
2025-10-08,Sulawesi Tengah,28,16250.0,True,15850.0,1100.0,2025-10
2025-10-08,Sulawesi Utara,29,16450.0,True,15850.0,1100.0,2025-10
2025-10-08,Sulawesi Barat,30,14650.0,True,15850.0,1100.0,2025-10
2025-10-08,Maluku,31,16950.0,True,15850.0,1100.0,2025-10
2025-10-08,Maluku Utara,32,16700.0,True,15850.0,1100.0,2025-10
2025-10-08,Papua,33,18900.0,True,15850.0,1100.0,2025-10
2025-10-08,Papua Barat,34,16900.0,True,15850.0,1100.0,2025-10
2025-10-09,Aceh,1,14800.0,True,15850.0,1100.0,2025-10
2025-10-09,Sumatera Utara,2,14600.0,True,15850.0,1100.0,2025-10
2025-10-09,Sumatera Barat,3,17050.0,True,15850.0,1100.0,2025-10
2025-10-09,Riau,4,16300.0,True,15850.0,1100.0,2025-10
2025-10-09,Kepulauan Riau,5,15150.0,True,15850.0,1100.0,2025-10
2025-10-09,Jambi,6,15400.0,True,15850.0,1100.0,2025-10
2025-10-09,Bengkulu,7,15550.0,True,15850.0,1100.0,2025-10
2025-10-09,Sumatera Selatan,8,15500.0,True,15850.0,1100.0,2025-10
2025-10-09,Kepulauan Bangka Belitung,9,15300.0,True,15850.0,1100.0,2025-10
2025-10-09,Lampung,10,14850.0,True,15850.0,1100.0,2025-10
2025-10-09,Banten,11,15500.0,True,15850.0,1100.0,2025-10
2025-10-09,Jawa Barat,12,14900.0,True,15850.0,1100.0,2025-10
2025-10-09,DKI Jakarta,13,16300.0,True,15850.0,1100.0,2025-10
2025-10-09,Jawa Tengah,14,15100.0,True,15850.0,1100.0,2025-10
2025-10-09,DI Yogyakarta,15,14200.0,True,15850.0,1100.0,2025-10
2025-10-09,Jawa Timur,16,14800.0,True,15850.0,1100.0,2025-10
2025-10-09,Bali,17,15450.0,True,15850.0,1100.0,2025-10
2025-10-09,Nusa Tenggara Barat,18,13900.0,True,15850.0,1100.0,2025-10
2025-10-09,Nusa Tenggara Timur,19,15450.0,True,15850.0,1100.0,2025-10
2025-10-09,Kalimantan Barat,20,16400.0,True,15850.0,1100.0,2025-10
2025-10-09,Kalimantan Selatan,21,17450.0,True,15850.0,1100.0,2025-10
2025-10-09,Kalimantan Tengah,22,17500.0,True,15850.0,1100.0,2025-10
2025-10-09,Kalimantan Timur,23,16550.0,True,15850.0,1100.0,2025-10
2025-10-09,Kalimantan Utara,24,17300.0,True,15850.0,1100.0,2025-10
2025-10-09,Gorontalo,25,16450.0,True,15850.0,1100.0,2025-10
2025-10-09,Sulawesi Selatan,26,14250.0,True,15850.0,1100.0,2025-10
2025-10-09,Sulawesi Tenggara,27,16000.0,True,15850.0,1100.0,2025-10
2025-10-09,Sulawesi Tengah,28,16250.0,True,15850.0,1100.0,2025-10
2025-10-09,Sulawesi Utara,29,16450.0,True,15850.0,1100.0,2025-10
2025-10-09,Sulawesi Barat,30,14650.0,True,15850.0,1100.0,2025-10
2025-10-09,Maluku,31,16950.0,True,15850.0,1100.0,2025-10
2025-10-09,Maluku Utara,32,16750.0,True,15850.0,1100.0,2025-10
2025-10-09,Papua,33,18900.0,True,15850.0,1100.0,2025-10
2025-10-09,Papua Barat,34,16900.0,True,15850.0,1100.0,2025-10
2025-10-10,Aceh,1,14800.0,True,15850.0,1100.0,2025-10
2025-10-10,Sumatera Utara,2,14600.0,True,15850.0,1100.0,2025-10
2025-10-10,Sumatera Barat,3,17050.0,True,15850.0,1100.0,2025-10
2025-10-10,Riau,4,16300.0,True,15850.0,1100.0,2025-10
2025-10-10,Kepulauan Riau,5,15150.0,True,15850.0,1100.0,2025-10
2025-10-10,Jambi,6,15400.0,True,15850.0,1100.0,2025-10
2025-10-10,Bengkulu,7,15550.0,True,15850.0,1100.0,2025-10
2025-10-10,Sumatera Selatan,8,15500.0,True,15850.0,1100.0,2025-10
2025-10-10,Kepulauan Bangka Belitung,9,15300.0,True,15850.0,1100.0,2025-10
2025-10-10,Lampung,10,14850.0,True,15850.0,1100.0,2025-10
2025-10-10,Banten,11,15500.0,True,15850.0,1100.0,2025-10
2025-10-10,Jawa Barat,12,14900.0,True,15850.0,1100.0,2025-10
2025-10-10,DKI Jakarta,13,16300.0,True,15850.0,1100.0,2025-10
2025-10-10,Jawa Tengah,14,15100.0,True,15850.0,1100.0,2025-10
2025-10-10,DI Yogyakarta,15,14200.0,True,15850.0,1100.0,2025-10
2025-10-10,Jawa Timur,16,14800.0,True,15850.0,1100.0,2025-10
2025-10-10,Bali,17,15450.0,True,15850.0,1100.0,2025-10
2025-10-10,Nusa Tenggara Barat,18,13900.0,True,15850.0,1100.0,2025-10
2025-10-10,Nusa Tenggara Timur,19,15450.0,True,15850.0,1100.0,2025-10
2025-10-10,Kalimantan Barat,20,16400.0,True,15850.0,1100.0,2025-10
2025-10-10,Kalimantan Selatan,21,17450.0,True,15850.0,1100.0,2025-10
2025-10-10,Kalimantan Tengah,22,17500.0,True,15850.0,1100.0,2025-10
2025-10-10,Kalimantan Timur,23,16550.0,True,15850.0,1100.0,2025-10
2025-10-10,Kalimantan Utara,24,17300.0,True,15850.0,1100.0,2025-10
2025-10-10,Gorontalo,25,16450.0,True,15850.0,1100.0,2025-10
2025-10-10,Sulawesi Selatan,26,14250.0,True,15850.0,1100.0,2025-10
2025-10-10,Sulawesi Tenggara,27,15950.0,True,15850.0,1100.0,2025-10
2025-10-10,Sulawesi Tengah,28,15950.0,True,15850.0,1100.0,2025-10
2025-10-10,Sulawesi Utara,29,16400.0,True,15850.0,1100.0,2025-10
2025-10-10,Sulawesi Barat,30,14650.0,True,15850.0,1100.0,2025-10
2025-10-10,Maluku,31,17100.0,True,15850.0,1100.0,2025-10
2025-10-10,Maluku Utara,32,16700.0,True,15850.0,1100.0,2025-10
2025-10-10,Papua,33,18900.0,True,15850.0,1100.0,2025-10
2025-10-10,Papua Barat,34,16950.0,True,15850.0,1100.0,2025-10
2025-10-11,Aceh,1,14800.0,True,15850.0,1100.0,2025-10
2025-10-11,Sumatera Utara,2,14600.0,True,15850.0,1100.0,2025-10
2025-10-11,Sumatera Barat,3,17050.0,True,15850.0,1100.0,2025-10
2025-10-11,Riau,4,16300.0,True,15850.0,1100.0,2025-10
2025-10-11,Kepulauan Riau,5,15150.0,True,15850.0,1100.0,2025-10
2025-10-11,Jambi,6,15400.0,True,15850.0,1100.0,2025-10
2025-10-11,Bengkulu,7,15550.0,True,15850.0,1100.0,2025-10
2025-10-11,Sumatera Selatan,8,15500.0,True,15850.0,1100.0,2025-10
2025-10-11,Kepulauan Bangka Belitung,9,15300.0,True,15850.0,1100.0,2025-10
2025-10-11,Lampung,10,14850.0,True,15850.0,1100.0,2025-10
2025-10-11,Banten,11,15500.0,True,15850.0,1100.0,2025-10
2025-10-11,Jawa Barat,12,14900.0,True,15850.0,1100.0,2025-10
2025-10-11,DKI Jakarta,13,16300.0,True,15850.0,1100.0,2025-10
2025-10-11,Jawa Tengah,14,15100.0,True,15850.0,1100.0,2025-10
2025-10-11,DI Yogyakarta,15,14200.0,True,15850.0,1100.0,2025-10
2025-10-11,Jawa Timur,16,14800.0,True,15850.0,1100.0,2025-10
2025-10-11,Bali,17,15450.0,True,15850.0,1100.0,2025-10
2025-10-11,Nusa Tenggara Barat,18,13900.0,True,15850.0,1100.0,2025-10
2025-10-11,Nusa Tenggara Timur,19,15450.0,True,15850.0,1100.0,2025-10
2025-10-11,Kalimantan Barat,20,16400.0,True,15850.0,1100.0,2025-10
2025-10-11,Kalimantan Selatan,21,17450.0,True,15850.0,1100.0,2025-10
2025-10-11,Kalimantan Tengah,22,17500.0,True,15850.0,1100.0,2025-10
2025-10-11,Kalimantan Timur,23,16550.0,True,15850.0,1100.0,2025-10
2025-10-11,Kalimantan Utara,24,17300.0,True,15850.0,1100.0,2025-10
2025-10-11,Gorontalo,25,16450.0,True,15850.0,1100.0,2025-10
2025-10-11,Sulawesi Selatan,26,14250.0,True,15850.0,1100.0,2025-10
2025-10-11,Sulawesi Tenggara,27,15950.0,True,15850.0,1100.0,2025-10
2025-10-11,Sulawesi Tengah,28,15950.0,True,15850.0,1100.0,2025-10
2025-10-11,Sulawesi Utara,29,16400.0,True,15850.0,1100.0,2025-10
2025-10-11,Sulawesi Barat,30,14650.0,True,15850.0,1100.0,2025-10
2025-10-11,Maluku,31,17100.0,True,15850.0,1100.0,2025-10
2025-10-11,Maluku Utara,32,16700.0,True,15850.0,1100.0,2025-10
2025-10-11,Papua,33,18900.0,True,15850.0,1100.0,2025-10
2025-10-11,Papua Barat,34,16950.0,True,15850.0,1100.0,2025-10
2025-10-12,Aceh,1,14800.0,True,15850.0,1100.0,2025-10
2025-10-12,Sumatera Utara,2,14600.0,True,15850.0,1100.0,2025-10
2025-10-12,Sumatera Barat,3,17050.0,True,15850.0,1100.0,2025-10
2025-10-12,Riau,4,16300.0,True,15850.0,1100.0,2025-10
2025-10-12,Kepulauan Riau,5,15150.0,True,15850.0,1100.0,2025-10
2025-10-12,Jambi,6,15400.0,True,15850.0,1100.0,2025-10
2025-10-12,Bengkulu,7,15550.0,True,15850.0,1100.0,2025-10
2025-10-12,Sumatera Selatan,8,15500.0,True,15850.0,1100.0,2025-10
2025-10-12,Kepulauan Bangka Belitung,9,15300.0,True,15850.0,1100.0,2025-10
2025-10-12,Lampung,10,14850.0,True,15850.0,1100.0,2025-10
2025-10-12,Banten,11,15500.0,True,15850.0,1100.0,2025-10
2025-10-12,Jawa Barat,12,14900.0,True,15850.0,1100.0,2025-10
2025-10-12,DKI Jakarta,13,16300.0,True,15850.0,1100.0,2025-10
2025-10-12,Jawa Tengah,14,15100.0,True,15850.0,1100.0,2025-10
2025-10-12,DI Yogyakarta,15,14200.0,True,15850.0,1100.0,2025-10
2025-10-12,Jawa Timur,16,14800.0,True,15850.0,1100.0,2025-10
2025-10-12,Bali,17,15450.0,True,15850.0,1100.0,2025-10
2025-10-12,Nusa Tenggara Barat,18,13900.0,True,15850.0,1100.0,2025-10
2025-10-12,Nusa Tenggara Timur,19,15450.0,True,15850.0,1100.0,2025-10
2025-10-12,Kalimantan Barat,20,16400.0,True,15850.0,1100.0,2025-10
2025-10-12,Kalimantan Selatan,21,17450.0,True,15850.0,1100.0,2025-10
2025-10-12,Kalimantan Tengah,22,17500.0,True,15850.0,1100.0,2025-10
2025-10-12,Kalimantan Timur,23,16550.0,True,15850.0,1100.0,2025-10
2025-10-12,Kalimantan Utara,24,17300.0,True,15850.0,1100.0,2025-10
2025-10-12,Gorontalo,25,16450.0,True,15850.0,1100.0,2025-10
2025-10-12,Sulawesi Selatan,26,14250.0,True,15850.0,1100.0,2025-10
2025-10-12,Sulawesi Tenggara,27,15950.0,True,15850.0,1100.0,2025-10
2025-10-12,Sulawesi Tengah,28,15950.0,True,15850.0,1100.0,2025-10
2025-10-12,Sulawesi Utara,29,16400.0,True,15850.0,1100.0,2025-10
2025-10-12,Sulawesi Barat,30,14650.0,True,15850.0,1100.0,2025-10
2025-10-12,Maluku,31,17100.0,True,15850.0,1100.0,2025-10
2025-10-12,Maluku Utara,32,16700.0,True,15850.0,1100.0,2025-10
2025-10-12,Papua,33,18900.0,True,15850.0,1100.0,2025-10
2025-10-12,Papua Barat,34,16950.0,True,15850.0,1100.0,2025-10
2025-10-13,Aceh,1,14800.0,True,15800.0,1100.0,2025-10
2025-10-13,Sumatera Utara,2,14550.0,True,15800.0,1100.0,2025-10
2025-10-13,Sumatera Barat,3,17050.0,True,15800.0,1100.0,2025-10
2025-10-13,Riau,4,16300.0,True,15800.0,1100.0,2025-10
2025-10-13,Kepulauan Riau,5,15150.0,True,15800.0,1100.0,2025-10
2025-10-13,Jambi,6,15400.0,True,15800.0,1100.0,2025-10
2025-10-13,Bengkulu,7,15550.0,True,15800.0,1100.0,2025-10
2025-10-13,Sumatera Selatan,8,15500.0,True,15800.0,1100.0,2025-10
2025-10-13,Kepulauan Bangka Belitung,9,15300.0,True,15800.0,1100.0,2025-10
2025-10-13,Lampung,10,14850.0,True,15800.0,1100.0,2025-10
2025-10-13,Banten,11,15500.0,True,15800.0,1100.0,2025-10
2025-10-13,Jawa Barat,12,14900.0,True,15800.0,1100.0,2025-10
2025-10-13,DKI Jakarta,13,16300.0,True,15800.0,1100.0,2025-10
2025-10-13,Jawa Tengah,14,15100.0,True,15800.0,1100.0,2025-10
2025-10-13,DI Yogyakarta,15,14200.0,True,15800.0,1100.0,2025-10
2025-10-13,Jawa Timur,16,14800.0,True,15800.0,1100.0,2025-10
2025-10-13,Bali,17,15550.0,True,15800.0,1100.0,2025-10
2025-10-13,Nusa Tenggara Barat,18,13900.0,True,15800.0,1100.0,2025-10
2025-10-13,Nusa Tenggara Timur,19,15450.0,True,15800.0,1100.0,2025-10
2025-10-13,Kalimantan Barat,20,16400.0,True,15800.0,1100.0,2025-10
2025-10-13,Kalimantan Selatan,21,17450.0,True,15800.0,1100.0,2025-10
2025-10-13,Kalimantan Tengah,22,17550.0,True,15800.0,1100.0,2025-10
2025-10-13,Kalimantan Timur,23,16500.0,True,15800.0,1100.0,2025-10
2025-10-13,Kalimantan Utara,24,17150.0,True,15800.0,1100.0,2025-10
2025-10-13,Gorontalo,25,16550.0,True,15800.0,1100.0,2025-10
2025-10-13,Sulawesi Selatan,26,14250.0,True,15800.0,1100.0,2025-10
2025-10-13,Sulawesi Tenggara,27,15850.0,True,15800.0,1100.0,2025-10
2025-10-13,Sulawesi Tengah,28,15700.0,True,15800.0,1100.0,2025-10
2025-10-13,Sulawesi Utara,29,16350.0,True,15800.0,1100.0,2025-10
2025-10-13,Sulawesi Barat,30,14600.0,True,15800.0,1100.0,2025-10
2025-10-13,Maluku,31,16900.0,True,15800.0,1100.0,2025-10
2025-10-13,Maluku Utara,32,16700.0,True,15800.0,1100.0,2025-10
2025-10-13,Papua,33,18900.0,True,15800.0,1100.0,2025-10
2025-10-13,Papua Barat,34,16950.0,True,15800.0,1100.0,2025-10
2025-10-14,Aceh,1,14750.0,True,15800.0,1100.0,2025-10
2025-10-14,Sumatera Utara,2,14550.0,True,15800.0,1100.0,2025-10
2025-10-14,Sumatera Barat,3,17000.0,True,15800.0,1100.0,2025-10
2025-10-14,Riau,4,16300.0,True,15800.0,1100.0,2025-10
2025-10-14,Kepulauan Riau,5,15150.0,True,15800.0,1100.0,2025-10
2025-10-14,Jambi,6,15400.0,True,15800.0,1100.0,2025-10
2025-10-14,Bengkulu,7,15550.0,True,15800.0,1100.0,2025-10
2025-10-14,Sumatera Selatan,8,15500.0,True,15800.0,1100.0,2025-10
2025-10-14,Kepulauan Bangka Belitung,9,15300.0,True,15800.0,1100.0,2025-10
2025-10-14,Lampung,10,14850.0,True,15800.0,1100.0,2025-10
2025-10-14,Banten,11,15500.0,True,15800.0,1100.0,2025-10
2025-10-14,Jawa Barat,12,14900.0,True,15800.0,1100.0,2025-10
2025-10-14,DKI Jakarta,13,16300.0,True,15800.0,1100.0,2025-10
2025-10-14,Jawa Tengah,14,15100.0,True,15800.0,1100.0,2025-10
2025-10-14,DI Yogyakarta,15,14200.0,True,15800.0,1100.0,2025-10
2025-10-14,Jawa Timur,16,14800.0,True,15800.0,1100.0,2025-10
2025-10-14,Bali,17,15550.0,True,15800.0,1100.0,2025-10
2025-10-14,Nusa Tenggara Barat,18,13900.0,True,15800.0,1100.0,2025-10
2025-10-14,Nusa Tenggara Timur,19,15450.0,True,15800.0,1100.0,2025-10
2025-10-14,Kalimantan Barat,20,16400.0,True,15800.0,1100.0,2025-10
2025-10-14,Kalimantan Selatan,21,17450.0,True,15800.0,1100.0,2025-10
2025-10-14,Kalimantan Tengah,22,17550.0,True,15800.0,1100.0,2025-10
2025-10-14,Kalimantan Timur,23,16500.0,True,15800.0,1100.0,2025-10
2025-10-14,Kalimantan Utara,24,17150.0,True,15800.0,1100.0,2025-10
2025-10-14,Gorontalo,25,16450.0,True,15800.0,1100.0,2025-10
2025-10-14,Sulawesi Selatan,26,14250.0,True,15800.0,1100.0,2025-10
2025-10-14,Sulawesi Tenggara,27,15850.0,True,15800.0,1100.0,2025-10
2025-10-14,Sulawesi Tengah,28,15700.0,True,15800.0,1100.0,2025-10
2025-10-14,Sulawesi Utara,29,16350.0,True,15800.0,1100.0,2025-10
2025-10-14,Sulawesi Barat,30,14600.0,True,15800.0,1100.0,2025-10
2025-10-14,Maluku,31,16900.0,True,15800.0,1100.0,2025-10
2025-10-14,Maluku Utara,32,16750.0,True,15800.0,1100.0,2025-10
2025-10-14,Papua,33,18900.0,True,15800.0,1100.0,2025-10
2025-10-14,Papua Barat,34,16950.0,True,15800.0,1100.0,2025-10
2025-10-15,Aceh,1,14700.0,True,15800.0,1100.0,2025-10
2025-10-15,Sumatera Utara,2,14550.0,True,15800.0,1100.0,2025-10
2025-10-15,Sumatera Barat,3,17000.0,True,15800.0,1100.0,2025-10
2025-10-15,Riau,4,16300.0,True,15800.0,1100.0,2025-10
2025-10-15,Kepulauan Riau,5,15150.0,True,15800.0,1100.0,2025-10
2025-10-15,Jambi,6,15400.0,True,15800.0,1100.0,2025-10
2025-10-15,Bengkulu,7,15550.0,True,15800.0,1100.0,2025-10
2025-10-15,Sumatera Selatan,8,15500.0,True,15800.0,1100.0,2025-10
2025-10-15,Kepulauan Bangka Belitung,9,15300.0,True,15800.0,1100.0,2025-10
2025-10-15,Lampung,10,14850.0,True,15800.0,1100.0,2025-10
2025-10-15,Banten,11,15500.0,True,15800.0,1100.0,2025-10
2025-10-15,Jawa Barat,12,14900.0,True,15800.0,1100.0,2025-10
2025-10-15,DKI Jakarta,13,16300.0,True,15800.0,1100.0,2025-10
2025-10-15,Jawa Tengah,14,15100.0,True,15800.0,1100.0,2025-10
2025-10-15,DI Yogyakarta,15,14200.0,True,15800.0,1100.0,2025-10
2025-10-15,Jawa Timur,16,14800.0,True,15800.0,1100.0,2025-10
2025-10-15,Bali,17,15550.0,True,15800.0,1100.0,2025-10
2025-10-15,Nusa Tenggara Barat,18,13900.0,True,15800.0,1100.0,2025-10
2025-10-15,Nusa Tenggara Timur,19,15450.0,True,15800.0,1100.0,2025-10
2025-10-15,Kalimantan Barat,20,16400.0,True,15800.0,1100.0,2025-10
2025-10-15,Kalimantan Selatan,21,17450.0,True,15800.0,1100.0,2025-10
2025-10-15,Kalimantan Tengah,22,17550.0,True,15800.0,1100.0,2025-10
2025-10-15,Kalimantan Timur,23,16500.0,True,15800.0,1100.0,2025-10
2025-10-15,Kalimantan Utara,24,17300.0,True,15800.0,1100.0,2025-10
2025-10-15,Gorontalo,25,16450.0,True,15800.0,1100.0,2025-10
2025-10-15,Sulawesi Selatan,26,14250.0,True,15800.0,1100.0,2025-10
2025-10-15,Sulawesi Tenggara,27,15850.0,True,15800.0,1100.0,2025-10
2025-10-15,Sulawesi Tengah,28,15700.0,True,15800.0,1100.0,2025-10
2025-10-15,Sulawesi Utara,29,16250.0,True,15800.0,1100.0,2025-10
2025-10-15,Sulawesi Barat,30,14600.0,True,15800.0,1100.0,2025-10
2025-10-15,Maluku,31,16900.0,True,15800.0,1100.0,2025-10
2025-10-15,Maluku Utara,32,16700.0,True,15800.0,1100.0,2025-10
2025-10-15,Papua,33,18900.0,True,15800.0,1100.0,2025-10
2025-10-15,Papua Barat,34,16950.0,True,15800.0,1100.0,2025-10
2025-10-16,Aceh,1,14700.0,True,15800.0,1100.0,2025-10
2025-10-16,Sumatera Utara,2,14550.0,True,15800.0,1100.0,2025-10
2025-10-16,Sumatera Barat,3,17000.0,True,15800.0,1100.0,2025-10
2025-10-16,Riau,4,16300.0,True,15800.0,1100.0,2025-10
2025-10-16,Kepulauan Riau,5,15050.0,True,15800.0,1100.0,2025-10
2025-10-16,Jambi,6,15400.0,True,15800.0,1100.0,2025-10
2025-10-16,Bengkulu,7,15550.0,True,15800.0,1100.0,2025-10
2025-10-16,Sumatera Selatan,8,15500.0,True,15800.0,1100.0,2025-10
2025-10-16,Kepulauan Bangka Belitung,9,15300.0,True,15800.0,1100.0,2025-10
2025-10-16,Lampung,10,14850.0,True,15800.0,1100.0,2025-10
2025-10-16,Banten,11,15500.0,True,15800.0,1100.0,2025-10
2025-10-16,Jawa Barat,12,14900.0,True,15800.0,1100.0,2025-10
2025-10-16,DKI Jakarta,13,16300.0,True,15800.0,1100.0,2025-10
2025-10-16,Jawa Tengah,14,15100.0,True,15800.0,1100.0,2025-10
2025-10-16,DI Yogyakarta,15,14200.0,True,15800.0,1100.0,2025-10
2025-10-16,Jawa Timur,16,14800.0,True,15800.0,1100.0,2025-10
2025-10-16,Bali,17,15550.0,True,15800.0,1100.0,2025-10
2025-10-16,Nusa Tenggara Barat,18,13900.0,True,15800.0,1100.0,2025-10
2025-10-16,Nusa Tenggara Timur,19,15450.0,True,15800.0,1100.0,2025-10
2025-10-16,Kalimantan Barat,20,16400.0,True,15800.0,1100.0,2025-10
2025-10-16,Kalimantan Selatan,21,17450.0,True,15800.0,1100.0,2025-10
2025-10-16,Kalimantan Tengah,22,17550.0,True,15800.0,1100.0,2025-10
2025-10-16,Kalimantan Timur,23,16500.0,True,15800.0,1100.0,2025-10
2025-10-16,Kalimantan Utara,24,17300.0,True,15800.0,1100.0,2025-10
2025-10-16,Gorontalo,25,16450.0,True,15800.0,1100.0,2025-10
2025-10-16,Sulawesi Selatan,26,14250.0,True,15800.0,1100.0,2025-10
2025-10-16,Sulawesi Tenggara,27,15850.0,True,15800.0,1100.0,2025-10
2025-10-16,Sulawesi Tengah,28,15700.0,True,15800.0,1100.0,2025-10
2025-10-16,Sulawesi Utara,29,16250.0,True,15800.0,1100.0,2025-10
2025-10-16,Sulawesi Barat,30,14600.0,True,15800.0,1100.0,2025-10
2025-10-16,Maluku,31,16900.0,True,15800.0,1100.0,2025-10
2025-10-16,Maluku Utara,32,16750.0,True,15800.0,1100.0,2025-10
2025-10-16,Papua,33,18900.0,True,15800.0,1100.0,2025-10
2025-10-16,Papua Barat,34,16950.0,True,15800.0,1100.0,2025-10
2025-10-17,Aceh,1,14700.0,True,15800.0,1100.0,2025-10
2025-10-17,Sumatera Utara,2,14550.0,True,15800.0,1100.0,2025-10
2025-10-17,Sumatera Barat,3,17000.0,True,15800.0,1100.0,2025-10
2025-10-17,Riau,4,16300.0,True,15800.0,1100.0,2025-10
2025-10-17,Kepulauan Riau,5,15050.0,True,15800.0,1100.0,2025-10
2025-10-17,Jambi,6,15400.0,True,15800.0,1100.0,2025-10
2025-10-17,Bengkulu,7,15550.0,True,15800.0,1100.0,2025-10
2025-10-17,Sumatera Selatan,8,15500.0,True,15800.0,1100.0,2025-10
2025-10-17,Kepulauan Bangka Belitung,9,15300.0,True,15800.0,1100.0,2025-10
2025-10-17,Lampung,10,14850.0,True,15800.0,1100.0,2025-10
2025-10-17,Banten,11,15500.0,True,15800.0,1100.0,2025-10
2025-10-17,Jawa Barat,12,14850.0,True,15800.0,1100.0,2025-10
2025-10-17,DKI Jakarta,13,16300.0,True,15800.0,1100.0,2025-10
2025-10-17,Jawa Tengah,14,15100.0,True,15800.0,1100.0,2025-10
2025-10-17,DI Yogyakarta,15,14200.0,True,15800.0,1100.0,2025-10
2025-10-17,Jawa Timur,16,14800.0,True,15800.0,1100.0,2025-10
2025-10-17,Bali,17,15550.0,True,15800.0,1100.0,2025-10
2025-10-17,Nusa Tenggara Barat,18,13900.0,True,15800.0,1100.0,2025-10
2025-10-17,Nusa Tenggara Timur,19,15450.0,True,15800.0,1100.0,2025-10
2025-10-17,Kalimantan Barat,20,16400.0,True,15800.0,1100.0,2025-10
2025-10-17,Kalimantan Selatan,21,17450.0,True,15800.0,1100.0,2025-10
2025-10-17,Kalimantan Tengah,22,17550.0,True,15800.0,1100.0,2025-10
2025-10-17,Kalimantan Timur,23,16700.0,True,15800.0,1100.0,2025-10
2025-10-17,Kalimantan Utara,24,17250.0,True,15800.0,1100.0,2025-10
2025-10-17,Gorontalo,25,16450.0,True,15800.0,1100.0,2025-10
2025-10-17,Sulawesi Selatan,26,14250.0,True,15800.0,1100.0,2025-10
2025-10-17,Sulawesi Tenggara,27,15850.0,True,15800.0,1100.0,2025-10
2025-10-17,Sulawesi Tengah,28,15700.0,True,15800.0,1100.0,2025-10
2025-10-17,Sulawesi Utara,29,16250.0,True,15800.0,1100.0,2025-10
2025-10-17,Sulawesi Barat,30,14600.0,True,15800.0,1100.0,2025-10
2025-10-17,Maluku,31,16900.0,True,15800.0,1100.0,2025-10
2025-10-17,Maluku Utara,32,16700.0,True,15800.0,1100.0,2025-10
2025-10-17,Papua,33,18900.0,True,15800.0,1100.0,2025-10
2025-10-17,Papua Barat,34,16950.0,True,15800.0,1100.0,2025-10
2025-10-20,Aceh,1,14650.0,True,15800.0,1100.0,2025-10
2025-10-20,Sumatera Utara,2,14550.0,True,15800.0,1100.0,2025-10
2025-10-20,Sumatera Barat,3,17000.0,True,15800.0,1100.0,2025-10
2025-10-20,Riau,4,16300.0,True,15800.0,1100.0,2025-10
2025-10-20,Kepulauan Riau,5,14950.0,True,15800.0,1100.0,2025-10
2025-10-20,Jambi,6,15400.0,True,15800.0,1100.0,2025-10
2025-10-20,Bengkulu,7,15550.0,True,15800.0,1100.0,2025-10
2025-10-20,Sumatera Selatan,8,15500.0,True,15800.0,1100.0,2025-10
2025-10-20,Kepulauan Bangka Belitung,9,15300.0,True,15800.0,1100.0,2025-10
2025-10-20,Lampung,10,14850.0,True,15800.0,1100.0,2025-10
2025-10-20,Banten,11,15500.0,True,15800.0,1100.0,2025-10
2025-10-20,Jawa Barat,12,14900.0,True,15800.0,1100.0,2025-10
2025-10-20,DKI Jakarta,13,16300.0,True,15800.0,1100.0,2025-10
2025-10-20,Jawa Tengah,14,15100.0,True,15800.0,1100.0,2025-10
2025-10-20,DI Yogyakarta,15,14200.0,True,15800.0,1100.0,2025-10
2025-10-20,Jawa Timur,16,14800.0,True,15800.0,1100.0,2025-10
2025-10-20,Bali,17,15550.0,True,15800.0,1100.0,2025-10
2025-10-20,Nusa Tenggara Barat,18,13950.0,True,15800.0,1100.0,2025-10
2025-10-20,Nusa Tenggara Timur,19,15450.0,True,15800.0,1100.0,2025-10
2025-10-20,Kalimantan Barat,20,16400.0,True,15800.0,1100.0,2025-10
2025-10-20,Kalimantan Selatan,21,17450.0,True,15800.0,1100.0,2025-10
2025-10-20,Kalimantan Tengah,22,17550.0,True,15800.0,1100.0,2025-10
2025-10-20,Kalimantan Timur,23,16450.0,True,15800.0,1100.0,2025-10
2025-10-20,Kalimantan Utara,24,17350.0,True,15800.0,1100.0,2025-10
2025-10-20,Gorontalo,25,16500.0,True,15800.0,1100.0,2025-10
2025-10-20,Sulawesi Selatan,26,14250.0,True,15800.0,1100.0,2025-10
2025-10-20,Sulawesi Tenggara,27,15850.0,True,15800.0,1100.0,2025-10
2025-10-20,Sulawesi Tengah,28,15650.0,True,15800.0,1100.0,2025-10
2025-10-20,Sulawesi Utara,29,16200.0,True,15800.0,1100.0,2025-10
2025-10-20,Sulawesi Barat,30,14550.0,True,15800.0,1100.0,2025-10
2025-10-20,Maluku,31,16900.0,True,15800.0,1100.0,2025-10
2025-10-20,Maluku Utara,32,16700.0,True,15800.0,1100.0,2025-10
2025-10-20,Papua,33,18900.0,True,15800.0,1100.0,2025-10
2025-10-20,Papua Barat,34,16950.0,True,15800.0,1100.0,2025-10
2025-10-21,Aceh,1,14650.0,True,15800.0,1100.0,2025-10
2025-10-21,Sumatera Utara,2,14550.0,True,15800.0,1100.0,2025-10
2025-10-21,Sumatera Barat,3,17000.0,True,15800.0,1100.0,2025-10
2025-10-21,Riau,4,16300.0,True,15800.0,1100.0,2025-10
2025-10-21,Kepulauan Riau,5,14950.0,True,15800.0,1100.0,2025-10
2025-10-21,Jambi,6,15400.0,True,15800.0,1100.0,2025-10
2025-10-21,Bengkulu,7,15550.0,True,15800.0,1100.0,2025-10
2025-10-21,Sumatera Selatan,8,15500.0,True,15800.0,1100.0,2025-10
2025-10-21,Kepulauan Bangka Belitung,9,15300.0,True,15800.0,1100.0,2025-10
2025-10-21,Lampung,10,14850.0,True,15800.0,1100.0,2025-10
2025-10-21,Banten,11,15500.0,True,15800.0,1100.0,2025-10
2025-10-21,Jawa Barat,12,14900.0,True,15800.0,1100.0,2025-10
2025-10-21,DKI Jakarta,13,16300.0,True,15800.0,1100.0,2025-10
2025-10-21,Jawa Tengah,14,15100.0,True,15800.0,1100.0,2025-10
2025-10-21,DI Yogyakarta,15,14200.0,True,15800.0,1100.0,2025-10
2025-10-21,Jawa Timur,16,14800.0,True,15800.0,1100.0,2025-10
2025-10-21,Bali,17,15550.0,True,15800.0,1100.0,2025-10
2025-10-21,Nusa Tenggara Barat,18,13950.0,True,15800.0,1100.0,2025-10
2025-10-21,Nusa Tenggara Timur,19,15450.0,True,15800.0,1100.0,2025-10
2025-10-21,Kalimantan Barat,20,16400.0,True,15800.0,1100.0,2025-10
2025-10-21,Kalimantan Selatan,21,17450.0,True,15800.0,1100.0,2025-10
2025-10-21,Kalimantan Tengah,22,17550.0,True,15800.0,1100.0,2025-10
2025-10-21,Kalimantan Timur,23,16450.0,True,15800.0,1100.0,2025-10
2025-10-21,Kalimantan Utara,24,17350.0,True,15800.0,1100.0,2025-10
2025-10-21,Gorontalo,25,16450.0,True,15800.0,1100.0,2025-10
2025-10-21,Sulawesi Selatan,26,14250.0,True,15800.0,1100.0,2025-10
2025-10-21,Sulawesi Tenggara,27,15850.0,True,15800.0,1100.0,2025-10
2025-10-21,Sulawesi Tengah,28,15650.0,True,15800.0,1100.0,2025-10
2025-10-21,Sulawesi Utara,29,16150.0,True,15800.0,1100.0,2025-10
2025-10-21,Sulawesi Barat,30,14550.0,True,15800.0,1100.0,2025-10
2025-10-21,Maluku,31,16900.0,True,15800.0,1100.0,2025-10
2025-10-21,Maluku Utara,32,16750.0,True,15800.0,1100.0,2025-10
2025-10-21,Papua,33,18900.0,True,15800.0,1100.0,2025-10
2025-10-21,Papua Barat,34,16950.0,True,15800.0,1100.0,2025-10
2025-10-22,Aceh,1,14650.0,True,15800.0,1150.0,2025-10
2025-10-22,Sumatera Utara,2,14550.0,True,15800.0,1150.0,2025-10
2025-10-22,Sumatera Barat,3,17000.0,True,15800.0,1150.0,2025-10
2025-10-22,Riau,4,16300.0,True,15800.0,1150.0,2025-10
2025-10-22,Kepulauan Riau,5,14950.0,True,15800.0,1150.0,2025-10
2025-10-22,Jambi,6,15400.0,True,15800.0,1150.0,2025-10
2025-10-22,Bengkulu,7,15550.0,True,15800.0,1150.0,2025-10
2025-10-22,Sumatera Selatan,8,15500.0,True,15800.0,1150.0,2025-10
2025-10-22,Kepulauan Bangka Belitung,9,15300.0,True,15800.0,1150.0,2025-10
2025-10-22,Lampung,10,14850.0,True,15800.0,1150.0,2025-10
2025-10-22,Banten,11,15500.0,True,15800.0,1150.0,2025-10
2025-10-22,Jawa Barat,12,14900.0,True,15800.0,1150.0,2025-10
2025-10-22,DKI Jakarta,13,16300.0,True,15800.0,1150.0,2025-10
2025-10-22,Jawa Tengah,14,15100.0,True,15800.0,1150.0,2025-10
2025-10-22,DI Yogyakarta,15,14200.0,True,15800.0,1150.0,2025-10
2025-10-22,Jawa Timur,16,14800.0,True,15800.0,1150.0,2025-10
2025-10-22,Bali,17,15550.0,True,15800.0,1150.0,2025-10
2025-10-22,Nusa Tenggara Barat,18,13950.0,True,15800.0,1150.0,2025-10
2025-10-22,Nusa Tenggara Timur,19,15450.0,True,15800.0,1150.0,2025-10
2025-10-22,Kalimantan Barat,20,16400.0,True,15800.0,1150.0,2025-10
2025-10-22,Kalimantan Selatan,21,17450.0,True,15800.0,1150.0,2025-10
2025-10-22,Kalimantan Tengah,22,17600.0,True,15800.0,1150.0,2025-10
2025-10-22,Kalimantan Timur,23,16450.0,True,15800.0,1150.0,2025-10
2025-10-22,Kalimantan Utara,24,17350.0,True,15800.0,1150.0,2025-10
2025-10-22,Gorontalo,25,16450.0,True,15800.0,1150.0,2025-10
2025-10-22,Sulawesi Selatan,26,14250.0,True,15800.0,1150.0,2025-10
2025-10-22,Sulawesi Tenggara,27,15850.0,True,15800.0,1150.0,2025-10
2025-10-22,Sulawesi Tengah,28,15650.0,True,15800.0,1150.0,2025-10
2025-10-22,Sulawesi Utara,29,16100.0,True,15800.0,1150.0,2025-10
2025-10-22,Sulawesi Barat,30,14550.0,True,15800.0,1150.0,2025-10
2025-10-22,Maluku,31,16900.0,True,15800.0,1150.0,2025-10
2025-10-22,Maluku Utara,32,17200.0,True,15800.0,1150.0,2025-10
2025-10-22,Papua,33,18900.0,True,15800.0,1150.0,2025-10
2025-10-22,Papua Barat,34,16950.0,True,15800.0,1150.0,2025-10
2025-10-23,Aceh,1,14650.0,True,15800.0,1150.0,2025-10
2025-10-23,Sumatera Utara,2,14550.0,True,15800.0,1150.0,2025-10
2025-10-23,Sumatera Barat,3,17000.0,True,15800.0,1150.0,2025-10
2025-10-23,Riau,4,16300.0,True,15800.0,1150.0,2025-10
2025-10-23,Kepulauan Riau,5,14950.0,True,15800.0,1150.0,2025-10
2025-10-23,Jambi,6,15400.0,True,15800.0,1150.0,2025-10
2025-10-23,Bengkulu,7,15550.0,True,15800.0,1150.0,2025-10
2025-10-23,Sumatera Selatan,8,15500.0,True,15800.0,1150.0,2025-10
2025-10-23,Kepulauan Bangka Belitung,9,15300.0,True,15800.0,1150.0,2025-10
2025-10-23,Lampung,10,14800.0,True,15800.0,1150.0,2025-10
2025-10-23,Banten,11,15500.0,True,15800.0,1150.0,2025-10
2025-10-23,Jawa Barat,12,14850.0,True,15800.0,1150.0,2025-10
2025-10-23,DKI Jakarta,13,16300.0,True,15800.0,1150.0,2025-10
2025-10-23,Jawa Tengah,14,15100.0,True,15800.0,1150.0,2025-10
2025-10-23,DI Yogyakarta,15,14200.0,True,15800.0,1150.0,2025-10
2025-10-23,Jawa Timur,16,14800.0,True,15800.0,1150.0,2025-10
2025-10-23,Bali,17,15550.0,True,15800.0,1150.0,2025-10
2025-10-23,Nusa Tenggara Barat,18,13950.0,True,15800.0,1150.0,2025-10
2025-10-23,Nusa Tenggara Timur,19,15350.0,True,15800.0,1150.0,2025-10
2025-10-23,Kalimantan Barat,20,16400.0,True,15800.0,1150.0,2025-10
2025-10-23,Kalimantan Selatan,21,17450.0,True,15800.0,1150.0,2025-10
2025-10-23,Kalimantan Tengah,22,17600.0,True,15800.0,1150.0,2025-10
2025-10-23,Kalimantan Timur,23,16450.0,True,15800.0,1150.0,2025-10
2025-10-23,Kalimantan Utara,24,17300.0,True,15800.0,1150.0,2025-10
2025-10-23,Gorontalo,25,16450.0,True,15800.0,1150.0,2025-10
2025-10-23,Sulawesi Selatan,26,14200.0,True,15800.0,1150.0,2025-10
2025-10-23,Sulawesi Tenggara,27,15850.0,True,15800.0,1150.0,2025-10
2025-10-23,Sulawesi Tengah,28,15650.0,True,15800.0,1150.0,2025-10
2025-10-23,Sulawesi Utara,29,16100.0,True,15800.0,1150.0,2025-10
2025-10-23,Sulawesi Barat,30,14450.0,True,15800.0,1150.0,2025-10
2025-10-23,Maluku,31,16900.0,True,15800.0,1150.0,2025-10
2025-10-23,Maluku Utara,32,17150.0,True,15800.0,1150.0,2025-10
2025-10-23,Papua,33,18950.0,True,15800.0,1150.0,2025-10
2025-10-23,Papua Barat,34,16950.0,True,15800.0,1150.0,2025-10
2025-10-24,Aceh,1,14600.0,True,15800.0,1150.0,2025-10
2025-10-24,Sumatera Utara,2,14550.0,True,15800.0,1150.0,2025-10
2025-10-24,Sumatera Barat,3,17000.0,True,15800.0,1150.0,2025-10
2025-10-24,Riau,4,16300.0,True,15800.0,1150.0,2025-10
2025-10-24,Kepulauan Riau,5,14950.0,True,15800.0,1150.0,2025-10
2025-10-24,Jambi,6,15400.0,True,15800.0,1150.0,2025-10
2025-10-24,Bengkulu,7,15550.0,True,15800.0,1150.0,2025-10
2025-10-24,Sumatera Selatan,8,15500.0,True,15800.0,1150.0,2025-10
2025-10-24,Kepulauan Bangka Belitung,9,15300.0,True,15800.0,1150.0,2025-10
2025-10-24,Lampung,10,14800.0,True,15800.0,1150.0,2025-10
2025-10-24,Banten,11,15500.0,True,15800.0,1150.0,2025-10
2025-10-24,Jawa Barat,12,14850.0,True,15800.0,1150.0,2025-10
2025-10-24,DKI Jakarta,13,16300.0,True,15800.0,1150.0,2025-10
2025-10-24,Jawa Tengah,14,15100.0,True,15800.0,1150.0,2025-10
2025-10-24,DI Yogyakarta,15,14200.0,True,15800.0,1150.0,2025-10
2025-10-24,Jawa Timur,16,14750.0,True,15800.0,1150.0,2025-10
2025-10-24,Bali,17,15550.0,True,15800.0,1150.0,2025-10
2025-10-24,Nusa Tenggara Barat,18,13950.0,True,15800.0,1150.0,2025-10
2025-10-24,Nusa Tenggara Timur,19,15350.0,True,15800.0,1150.0,2025-10
2025-10-24,Kalimantan Barat,20,16400.0,True,15800.0,1150.0,2025-10
2025-10-24,Kalimantan Selatan,21,17450.0,True,15800.0,1150.0,2025-10
2025-10-24,Kalimantan Tengah,22,17600.0,True,15800.0,1150.0,2025-10
2025-10-24,Kalimantan Timur,23,16450.0,True,15800.0,1150.0,2025-10
2025-10-24,Kalimantan Utara,24,17300.0,True,15800.0,1150.0,2025-10
2025-10-24,Gorontalo,25,16450.0,True,15800.0,1150.0,2025-10
2025-10-24,Sulawesi Selatan,26,14200.0,True,15800.0,1150.0,2025-10
2025-10-24,Sulawesi Tenggara,27,15800.0,True,15800.0,1150.0,2025-10
2025-10-24,Sulawesi Tengah,28,15650.0,True,15800.0,1150.0,2025-10
2025-10-24,Sulawesi Utara,29,16100.0,True,15800.0,1150.0,2025-10
2025-10-24,Sulawesi Barat,30,14450.0,True,15800.0,1150.0,2025-10
2025-10-24,Maluku,31,16900.0,True,15800.0,1150.0,2025-10
2025-10-24,Maluku Utara,32,17150.0,True,15800.0,1150.0,2025-10
2025-10-24,Papua,33,18950.0,True,15800.0,1150.0,2025-10
2025-10-24,Papua Barat,34,16950.0,True,15800.0,1150.0,2025-10
2025-10-27,Aceh,1,14600.0,True,15800.0,1150.0,2025-10
2025-10-27,Sumatera Utara,2,14550.0,True,15800.0,1150.0,2025-10
2025-10-27,Sumatera Barat,3,17000.0,True,15800.0,1150.0,2025-10
2025-10-27,Riau,4,16300.0,True,15800.0,1150.0,2025-10
2025-10-27,Kepulauan Riau,5,14950.0,True,15800.0,1150.0,2025-10
2025-10-27,Jambi,6,15400.0,True,15800.0,1150.0,2025-10
2025-10-27,Bengkulu,7,15550.0,True,15800.0,1150.0,2025-10
2025-10-27,Sumatera Selatan,8,15500.0,True,15800.0,1150.0,2025-10
2025-10-27,Kepulauan Bangka Belitung,9,15300.0,True,15800.0,1150.0,2025-10
2025-10-27,Lampung,10,14750.0,True,15800.0,1150.0,2025-10
2025-10-27,Banten,11,15500.0,True,15800.0,1150.0,2025-10
2025-10-27,Jawa Barat,12,14850.0,True,15800.0,1150.0,2025-10
2025-10-27,DKI Jakarta,13,16300.0,True,15800.0,1150.0,2025-10
2025-10-27,Jawa Tengah,14,15050.0,True,15800.0,1150.0,2025-10
2025-10-27,DI Yogyakarta,15,14200.0,True,15800.0,1150.0,2025-10
2025-10-27,Jawa Timur,16,14700.0,True,15800.0,1150.0,2025-10
2025-10-27,Bali,17,15400.0,True,15800.0,1150.0,2025-10
2025-10-27,Nusa Tenggara Barat,18,13950.0,True,15800.0,1150.0,2025-10
2025-10-27,Nusa Tenggara Timur,19,15350.0,True,15800.0,1150.0,2025-10
2025-10-27,Kalimantan Barat,20,16400.0,True,15800.0,1150.0,2025-10
2025-10-27,Kalimantan Selatan,21,17450.0,True,15800.0,1150.0,2025-10
2025-10-27,Kalimantan Tengah,22,17600.0,True,15800.0,1150.0,2025-10
2025-10-27,Kalimantan Timur,23,16450.0,True,15800.0,1150.0,2025-10
2025-10-27,Kalimantan Utara,24,17250.0,True,15800.0,1150.0,2025-10
2025-10-27,Gorontalo,25,16150.0,True,15800.0,1150.0,2025-10
2025-10-27,Sulawesi Selatan,26,14200.0,True,15800.0,1150.0,2025-10
2025-10-27,Sulawesi Tenggara,27,15700.0,True,15800.0,1150.0,2025-10
2025-10-27,Sulawesi Tengah,28,15650.0,True,15800.0,1150.0,2025-10
2025-10-27,Sulawesi Utara,29,16100.0,True,15800.0,1150.0,2025-10
2025-10-27,Sulawesi Barat,30,14450.0,True,15800.0,1150.0,2025-10
2025-10-27,Maluku,31,16900.0,True,15800.0,1150.0,2025-10
2025-10-27,Maluku Utara,32,17150.0,True,15800.0,1150.0,2025-10
2025-10-27,Papua,33,18950.0,True,15800.0,1150.0,2025-10
2025-10-27,Papua Barat,34,16950.0,True,15800.0,1150.0,2025-10
2025-10-28,Aceh,1,14600.0,True,15800.0,1150.0,2025-10
2025-10-28,Sumatera Utara,2,14550.0,True,15800.0,1150.0,2025-10
2025-10-28,Sumatera Barat,3,17000.0,True,15800.0,1150.0,2025-10
2025-10-28,Riau,4,16300.0,True,15800.0,1150.0,2025-10
2025-10-28,Kepulauan Riau,5,14950.0,True,15800.0,1150.0,2025-10
2025-10-28,Jambi,6,15400.0,True,15800.0,1150.0,2025-10
2025-10-28,Bengkulu,7,15550.0,True,15800.0,1150.0,2025-10
2025-10-28,Sumatera Selatan,8,15500.0,True,15800.0,1150.0,2025-10
2025-10-28,Kepulauan Bangka Belitung,9,15300.0,True,15800.0,1150.0,2025-10
2025-10-28,Lampung,10,14750.0,True,15800.0,1150.0,2025-10
2025-10-28,Banten,11,15500.0,True,15800.0,1150.0,2025-10
2025-10-28,Jawa Barat,12,14850.0,True,15800.0,1150.0,2025-10
2025-10-28,DKI Jakarta,13,16300.0,True,15800.0,1150.0,2025-10
2025-10-28,Jawa Tengah,14,15050.0,True,15800.0,1150.0,2025-10
2025-10-28,DI Yogyakarta,15,14200.0,True,15800.0,1150.0,2025-10
2025-10-28,Jawa Timur,16,14700.0,True,15800.0,1150.0,2025-10
2025-10-28,Bali,17,15500.0,True,15800.0,1150.0,2025-10
2025-10-28,Nusa Tenggara Barat,18,13950.0,True,15800.0,1150.0,2025-10
2025-10-28,Nusa Tenggara Timur,19,15350.0,True,15800.0,1150.0,2025-10
2025-10-28,Kalimantan Barat,20,16400.0,True,15800.0,1150.0,2025-10
2025-10-28,Kalimantan Selatan,21,17450.0,True,15800.0,1150.0,2025-10
2025-10-28,Kalimantan Tengah,22,17600.0,True,15800.0,1150.0,2025-10
2025-10-28,Kalimantan Timur,23,16350.0,True,15800.0,1150.0,2025-10
2025-10-28,Kalimantan Utara,24,17250.0,True,15800.0,1150.0,2025-10
2025-10-28,Gorontalo,25,16200.0,True,15800.0,1150.0,2025-10
2025-10-28,Sulawesi Selatan,26,14200.0,True,15800.0,1150.0,2025-10
2025-10-28,Sulawesi Tenggara,27,15700.0,True,15800.0,1150.0,2025-10
2025-10-28,Sulawesi Tengah,28,15650.0,True,15800.0,1150.0,2025-10
2025-10-28,Sulawesi Utara,29,16050.0,True,15800.0,1150.0,2025-10
2025-10-28,Sulawesi Barat,30,14450.0,True,15800.0,1150.0,2025-10
2025-10-28,Maluku,31,16900.0,True,15800.0,1150.0,2025-10
2025-10-28,Maluku Utara,32,17150.0,True,15800.0,1150.0,2025-10
2025-10-28,Papua,33,18950.0,True,15800.0,1150.0,2025-10
2025-10-28,Papua Barat,34,16950.0,True,15800.0,1150.0,2025-10
2025-10-29,Aceh,1,14600.0,True,15800.0,1150.0,2025-10
2025-10-29,Sumatera Utara,2,14550.0,True,15800.0,1150.0,2025-10
2025-10-29,Sumatera Barat,3,17050.0,True,15800.0,1150.0,2025-10
2025-10-29,Riau,4,16300.0,True,15800.0,1150.0,2025-10
2025-10-29,Kepulauan Riau,5,14950.0,True,15800.0,1150.0,2025-10
2025-10-29,Jambi,6,15400.0,True,15800.0,1150.0,2025-10
2025-10-29,Bengkulu,7,15550.0,True,15800.0,1150.0,2025-10
2025-10-29,Sumatera Selatan,8,15500.0,True,15800.0,1150.0,2025-10
2025-10-29,Kepulauan Bangka Belitung,9,15300.0,True,15800.0,1150.0,2025-10
2025-10-29,Lampung,10,14750.0,True,15800.0,1150.0,2025-10
2025-10-29,Banten,11,15500.0,True,15800.0,1150.0,2025-10
2025-10-29,Jawa Barat,12,14850.0,True,15800.0,1150.0,2025-10
2025-10-29,DKI Jakarta,13,16300.0,True,15800.0,1150.0,2025-10
2025-10-29,Jawa Tengah,14,15050.0,True,15800.0,1150.0,2025-10
2025-10-29,DI Yogyakarta,15,14200.0,True,15800.0,1150.0,2025-10
2025-10-29,Jawa Timur,16,14700.0,True,15800.0,1150.0,2025-10
2025-10-29,Bali,17,15450.0,True,15800.0,1150.0,2025-10
2025-10-29,Nusa Tenggara Barat,18,13950.0,True,15800.0,1150.0,2025-10
2025-10-29,Nusa Tenggara Timur,19,15350.0,True,15800.0,1150.0,2025-10
2025-10-29,Kalimantan Barat,20,16400.0,True,15800.0,1150.0,2025-10
2025-10-29,Kalimantan Selatan,21,17450.0,True,15800.0,1150.0,2025-10
2025-10-29,Kalimantan Tengah,22,17600.0,True,15800.0,1150.0,2025-10
2025-10-29,Kalimantan Timur,23,16350.0,True,15800.0,1150.0,2025-10
2025-10-29,Kalimantan Utara,24,17250.0,True,15800.0,1150.0,2025-10
2025-10-29,Gorontalo,25,16200.0,True,15800.0,1150.0,2025-10
2025-10-29,Sulawesi Selatan,26,14200.0,True,15800.0,1150.0,2025-10
2025-10-29,Sulawesi Tenggara,27,15700.0,True,15800.0,1150.0,2025-10
2025-10-29,Sulawesi Tengah,28,15600.0,True,15800.0,1150.0,2025-10
2025-10-29,Sulawesi Utara,29,16050.0,True,15800.0,1150.0,2025-10
2025-10-29,Sulawesi Barat,30,14450.0,True,15800.0,1150.0,2025-10
2025-10-29,Maluku,31,16900.0,True,15800.0,1150.0,2025-10
2025-10-29,Maluku Utara,32,17150.0,True,15800.0,1150.0,2025-10
2025-10-29,Papua,33,18950.0,True,15800.0,1150.0,2025-10
2025-10-29,Papua Barat,34,16950.0,True,15800.0,1150.0,2025-10
2025-10-30,Aceh,1,14600.0,True,15750.0,1150.0,2025-10
2025-10-30,Sumatera Utara,2,14550.0,True,15750.0,1150.0,2025-10
2025-10-30,Sumatera Barat,3,17050.0,True,15750.0,1150.0,2025-10
2025-10-30,Riau,4,16300.0,True,15750.0,1150.0,2025-10
2025-10-30,Kepulauan Riau,5,14950.0,True,15750.0,1150.0,2025-10
2025-10-30,Jambi,6,15400.0,True,15750.0,1150.0,2025-10
2025-10-30,Bengkulu,7,15500.0,True,15750.0,1150.0,2025-10
2025-10-30,Sumatera Selatan,8,15500.0,True,15750.0,1150.0,2025-10
2025-10-30,Kepulauan Bangka Belitung,9,15300.0,True,15750.0,1150.0,2025-10
2025-10-30,Lampung,10,14750.0,True,15750.0,1150.0,2025-10
2025-10-30,Banten,11,15200.0,True,15750.0,1150.0,2025-10
2025-10-30,Jawa Barat,12,14850.0,True,15750.0,1150.0,2025-10
2025-10-30,DKI Jakarta,13,16300.0,True,15750.0,1150.0,2025-10
2025-10-30,Jawa Tengah,14,15050.0,True,15750.0,1150.0,2025-10
2025-10-30,DI Yogyakarta,15,14200.0,True,15750.0,1150.0,2025-10
2025-10-30,Jawa Timur,16,14700.0,True,15750.0,1150.0,2025-10
2025-10-30,Bali,17,15450.0,True,15750.0,1150.0,2025-10
2025-10-30,Nusa Tenggara Barat,18,13950.0,True,15750.0,1150.0,2025-10
2025-10-30,Nusa Tenggara Timur,19,15350.0,True,15750.0,1150.0,2025-10
2025-10-30,Kalimantan Barat,20,16400.0,True,15750.0,1150.0,2025-10
2025-10-30,Kalimantan Selatan,21,17450.0,True,15750.0,1150.0,2025-10
2025-10-30,Kalimantan Tengah,22,17600.0,True,15750.0,1150.0,2025-10
2025-10-30,Kalimantan Timur,23,16350.0,True,15750.0,1150.0,2025-10
2025-10-30,Kalimantan Utara,24,17250.0,True,15750.0,1150.0,2025-10
2025-10-30,Gorontalo,25,16150.0,True,15750.0,1150.0,2025-10
2025-10-30,Sulawesi Selatan,26,14200.0,True,15750.0,1150.0,2025-10
2025-10-30,Sulawesi Tenggara,27,15750.0,True,15750.0,1150.0,2025-10
2025-10-30,Sulawesi Tengah,28,15600.0,True,15750.0,1150.0,2025-10
2025-10-30,Sulawesi Utara,29,16050.0,True,15750.0,1150.0,2025-10
2025-10-30,Sulawesi Barat,30,14450.0,True,15750.0,1150.0,2025-10
2025-10-30,Maluku,31,16900.0,True,15750.0,1150.0,2025-10
2025-10-30,Maluku Utara,32,17150.0,True,15750.0,1150.0,2025-10
2025-10-30,Papua,33,18950.0,True,15750.0,1150.0,2025-10
2025-10-30,Papua Barat,34,16950.0,True,15750.0,1150.0,2025-10
2025-10-31,Aceh,1,14600.0,True,15750.0,1150.0,2025-10
2025-10-31,Sumatera Utara,2,14550.0,True,15750.0,1150.0,2025-10
2025-10-31,Sumatera Barat,3,17050.0,True,15750.0,1150.0,2025-10
2025-10-31,Riau,4,16300.0,True,15750.0,1150.0,2025-10
2025-10-31,Kepulauan Riau,5,14950.0,True,15750.0,1150.0,2025-10
2025-10-31,Jambi,6,15400.0,True,15750.0,1150.0,2025-10
2025-10-31,Bengkulu,7,15500.0,True,15750.0,1150.0,2025-10
2025-10-31,Sumatera Selatan,8,15500.0,True,15750.0,1150.0,2025-10
2025-10-31,Kepulauan Bangka Belitung,9,15300.0,True,15750.0,1150.0,2025-10
2025-10-31,Lampung,10,14750.0,True,15750.0,1150.0,2025-10
2025-10-31,Banten,11,15050.0,True,15750.0,1150.0,2025-10
2025-10-31,Jawa Barat,12,14850.0,True,15750.0,1150.0,2025-10
2025-10-31,DKI Jakarta,13,16300.0,True,15750.0,1150.0,2025-10
2025-10-31,Jawa Tengah,14,15050.0,True,15750.0,1150.0,2025-10
2025-10-31,DI Yogyakarta,15,14200.0,True,15750.0,1150.0,2025-10
2025-10-31,Jawa Timur,16,14700.0,True,15750.0,1150.0,2025-10
2025-10-31,Bali,17,15450.0,True,15750.0,1150.0,2025-10
2025-10-31,Nusa Tenggara Barat,18,13950.0,True,15750.0,1150.0,2025-10
2025-10-31,Nusa Tenggara Timur,19,15350.0,True,15750.0,1150.0,2025-10
2025-10-31,Kalimantan Barat,20,16400.0,True,15750.0,1150.0,2025-10
2025-10-31,Kalimantan Selatan,21,17450.0,True,15750.0,1150.0,2025-10
2025-10-31,Kalimantan Tengah,22,17600.0,True,15750.0,1150.0,2025-10
2025-10-31,Kalimantan Timur,23,16350.0,True,15750.0,1150.0,2025-10
2025-10-31,Kalimantan Utara,24,17250.0,True,15750.0,1150.0,2025-10
2025-10-31,Gorontalo,25,16200.0,True,15750.0,1150.0,2025-10
2025-10-31,Sulawesi Selatan,26,14200.0,True,15750.0,1150.0,2025-10
2025-10-31,Sulawesi Tenggara,27,15750.0,True,15750.0,1150.0,2025-10
2025-10-31,Sulawesi Tengah,28,15600.0,True,15750.0,1150.0,2025-10
2025-10-31,Sulawesi Utara,29,16050.0,True,15750.0,1150.0,2025-10
2025-10-31,Sulawesi Barat,30,14450.0,True,15750.0,1150.0,2025-10
2025-10-31,Maluku,31,16850.0,True,15750.0,1150.0,2025-10
2025-10-31,Maluku Utara,32,17150.0,True,15750.0,1150.0,2025-10
2025-10-31,Papua,33,18950.0,True,15750.0,1150.0,2025-10
2025-10-31,Papua Barat,34,17000.0,True,15750.0,1150.0,2025-10
2025-11-01,Aceh,1,14600.0,True,15750.0,1150.0,2025-11
2025-11-01,Sumatera Utara,2,14550.0,True,15750.0,1150.0,2025-11
2025-11-01,Sumatera Barat,3,17050.0,True,15750.0,1150.0,2025-11
2025-11-01,Riau,4,16300.0,True,15750.0,1150.0,2025-11
2025-11-01,Kepulauan Riau,5,14950.0,True,15750.0,1150.0,2025-11
2025-11-01,Jambi,6,15400.0,True,15750.0,1150.0,2025-11
2025-11-01,Bengkulu,7,15500.0,True,15750.0,1150.0,2025-11
2025-11-01,Sumatera Selatan,8,15500.0,True,15750.0,1150.0,2025-11
2025-11-01,Kepulauan Bangka Belitung,9,15300.0,True,15750.0,1150.0,2025-11
2025-11-01,Lampung,10,14750.0,True,15750.0,1150.0,2025-11
2025-11-01,Banten,11,15050.0,True,15750.0,1150.0,2025-11
2025-11-01,Jawa Barat,12,14850.0,True,15750.0,1150.0,2025-11
2025-11-01,DKI Jakarta,13,16300.0,True,15750.0,1150.0,2025-11
2025-11-01,Jawa Tengah,14,15050.0,True,15750.0,1150.0,2025-11
2025-11-01,DI Yogyakarta,15,14200.0,True,15750.0,1150.0,2025-11
2025-11-01,Jawa Timur,16,14700.0,True,15750.0,1150.0,2025-11
2025-11-01,Bali,17,15450.0,True,15750.0,1150.0,2025-11
2025-11-01,Nusa Tenggara Barat,18,13950.0,True,15750.0,1150.0,2025-11
2025-11-01,Nusa Tenggara Timur,19,15350.0,True,15750.0,1150.0,2025-11
2025-11-01,Kalimantan Barat,20,16400.0,True,15750.0,1150.0,2025-11
2025-11-01,Kalimantan Selatan,21,17450.0,True,15750.0,1150.0,2025-11
2025-11-01,Kalimantan Tengah,22,17600.0,True,15750.0,1150.0,2025-11
2025-11-01,Kalimantan Timur,23,16350.0,True,15750.0,1150.0,2025-11
2025-11-01,Kalimantan Utara,24,17250.0,True,15750.0,1150.0,2025-11
2025-11-01,Gorontalo,25,16200.0,True,15750.0,1150.0,2025-11
2025-11-01,Sulawesi Selatan,26,14200.0,True,15750.0,1150.0,2025-11
2025-11-01,Sulawesi Tenggara,27,15750.0,True,15750.0,1150.0,2025-11
2025-11-01,Sulawesi Tengah,28,15600.0,True,15750.0,1150.0,2025-11
2025-11-01,Sulawesi Utara,29,16050.0,True,15750.0,1150.0,2025-11
2025-11-01,Sulawesi Barat,30,14450.0,True,15750.0,1150.0,2025-11
2025-11-01,Maluku,31,16850.0,True,15750.0,1150.0,2025-11
2025-11-01,Maluku Utara,32,17150.0,True,15750.0,1150.0,2025-11
2025-11-01,Papua,33,18950.0,True,15750.0,1150.0,2025-11
2025-11-01,Papua Barat,34,17000.0,True,15750.0,1150.0,2025-11
2025-11-02,Aceh,1,14600.0,True,15750.0,1150.0,2025-11
2025-11-02,Sumatera Utara,2,14550.0,True,15750.0,1150.0,2025-11
2025-11-02,Sumatera Barat,3,17050.0,True,15750.0,1150.0,2025-11
2025-11-02,Riau,4,16300.0,True,15750.0,1150.0,2025-11
2025-11-02,Kepulauan Riau,5,14950.0,True,15750.0,1150.0,2025-11
2025-11-02,Jambi,6,15400.0,True,15750.0,1150.0,2025-11
2025-11-02,Bengkulu,7,15500.0,True,15750.0,1150.0,2025-11
2025-11-02,Sumatera Selatan,8,15500.0,True,15750.0,1150.0,2025-11
2025-11-02,Kepulauan Bangka Belitung,9,15300.0,True,15750.0,1150.0,2025-11
2025-11-02,Lampung,10,14750.0,True,15750.0,1150.0,2025-11
2025-11-02,Banten,11,15050.0,True,15750.0,1150.0,2025-11
2025-11-02,Jawa Barat,12,14850.0,True,15750.0,1150.0,2025-11
2025-11-02,DKI Jakarta,13,16300.0,True,15750.0,1150.0,2025-11
2025-11-02,Jawa Tengah,14,15050.0,True,15750.0,1150.0,2025-11
2025-11-02,DI Yogyakarta,15,14200.0,True,15750.0,1150.0,2025-11
2025-11-02,Jawa Timur,16,14700.0,True,15750.0,1150.0,2025-11
2025-11-02,Bali,17,15450.0,True,15750.0,1150.0,2025-11
2025-11-02,Nusa Tenggara Barat,18,13950.0,True,15750.0,1150.0,2025-11
2025-11-02,Nusa Tenggara Timur,19,15350.0,True,15750.0,1150.0,2025-11
2025-11-02,Kalimantan Barat,20,16400.0,True,15750.0,1150.0,2025-11
2025-11-02,Kalimantan Selatan,21,17450.0,True,15750.0,1150.0,2025-11
2025-11-02,Kalimantan Tengah,22,17600.0,True,15750.0,1150.0,2025-11
2025-11-02,Kalimantan Timur,23,16350.0,True,15750.0,1150.0,2025-11
2025-11-02,Kalimantan Utara,24,17250.0,True,15750.0,1150.0,2025-11
2025-11-02,Gorontalo,25,16200.0,True,15750.0,1150.0,2025-11
2025-11-02,Sulawesi Selatan,26,14200.0,True,15750.0,1150.0,2025-11
2025-11-02,Sulawesi Tenggara,27,15750.0,True,15750.0,1150.0,2025-11
2025-11-02,Sulawesi Tengah,28,15600.0,True,15750.0,1150.0,2025-11
2025-11-02,Sulawesi Utara,29,16050.0,True,15750.0,1150.0,2025-11
2025-11-02,Sulawesi Barat,30,14450.0,True,15750.0,1150.0,2025-11
2025-11-02,Maluku,31,16850.0,True,15750.0,1150.0,2025-11
2025-11-02,Maluku Utara,32,17150.0,True,15750.0,1150.0,2025-11
2025-11-02,Papua,33,18950.0,True,15750.0,1150.0,2025-11
2025-11-02,Papua Barat,34,17000.0,True,15750.0,1150.0,2025-11
2025-11-03,Aceh,1,14600.0,True,15750.0,1150.0,2025-11
2025-11-03,Sumatera Utara,2,14550.0,True,15750.0,1150.0,2025-11
2025-11-03,Sumatera Barat,3,17050.0,True,15750.0,1150.0,2025-11
2025-11-03,Riau,4,16300.0,True,15750.0,1150.0,2025-11
2025-11-03,Kepulauan Riau,5,14950.0,True,15750.0,1150.0,2025-11
2025-11-03,Jambi,6,15400.0,True,15750.0,1150.0,2025-11
2025-11-03,Bengkulu,7,15500.0,True,15750.0,1150.0,2025-11
2025-11-03,Sumatera Selatan,8,15500.0,True,15750.0,1150.0,2025-11
2025-11-03,Kepulauan Bangka Belitung,9,15300.0,True,15750.0,1150.0,2025-11
2025-11-03,Lampung,10,14750.0,True,15750.0,1150.0,2025-11
2025-11-03,Banten,11,15050.0,True,15750.0,1150.0,2025-11
2025-11-03,Jawa Barat,12,14850.0,True,15750.0,1150.0,2025-11
2025-11-03,DKI Jakarta,13,16300.0,True,15750.0,1150.0,2025-11
2025-11-03,Jawa Tengah,14,15050.0,True,15750.0,1150.0,2025-11
2025-11-03,DI Yogyakarta,15,14200.0,True,15750.0,1150.0,2025-11
2025-11-03,Jawa Timur,16,14700.0,True,15750.0,1150.0,2025-11
2025-11-03,Bali,17,15450.0,True,15750.0,1150.0,2025-11
2025-11-03,Nusa Tenggara Barat,18,13950.0,True,15750.0,1150.0,2025-11
2025-11-03,Nusa Tenggara Timur,19,15350.0,True,15750.0,1150.0,2025-11
2025-11-03,Kalimantan Barat,20,16400.0,True,15750.0,1150.0,2025-11
2025-11-03,Kalimantan Selatan,21,17450.0,True,15750.0,1150.0,2025-11
2025-11-03,Kalimantan Tengah,22,17600.0,True,15750.0,1150.0,2025-11
2025-11-03,Kalimantan Timur,23,16350.0,True,15750.0,1150.0,2025-11
2025-11-03,Kalimantan Utara,24,17300.0,True,15750.0,1150.0,2025-11
2025-11-03,Gorontalo,25,16250.0,True,15750.0,1150.0,2025-11
2025-11-03,Sulawesi Selatan,26,14200.0,True,15750.0,1150.0,2025-11
2025-11-03,Sulawesi Tenggara,27,15700.0,True,15750.0,1150.0,2025-11
2025-11-03,Sulawesi Tengah,28,15600.0,True,15750.0,1150.0,2025-11
2025-11-03,Sulawesi Utara,29,16050.0,True,15750.0,1150.0,2025-11
2025-11-03,Sulawesi Barat,30,14400.0,True,15750.0,1150.0,2025-11
2025-11-03,Maluku,31,16900.0,True,15750.0,1150.0,2025-11
2025-11-03,Maluku Utara,32,17150.0,True,15750.0,1150.0,2025-11
2025-11-03,Papua,33,18950.0,True,15750.0,1150.0,2025-11
2025-11-03,Papua Barat,34,17000.0,True,15750.0,1150.0,2025-11
2025-11-04,Aceh,1,14600.0,True,15750.0,1150.0,2025-11
2025-11-04,Sumatera Utara,2,14550.0,True,15750.0,1150.0,2025-11
2025-11-04,Sumatera Barat,3,17050.0,True,15750.0,1150.0,2025-11
2025-11-04,Riau,4,16300.0,True,15750.0,1150.0,2025-11
2025-11-04,Kepulauan Riau,5,14950.0,True,15750.0,1150.0,2025-11
2025-11-04,Jambi,6,15400.0,True,15750.0,1150.0,2025-11
2025-11-04,Bengkulu,7,15500.0,True,15750.0,1150.0,2025-11
2025-11-04,Sumatera Selatan,8,15500.0,True,15750.0,1150.0,2025-11
2025-11-04,Kepulauan Bangka Belitung,9,15300.0,True,15750.0,1150.0,2025-11
2025-11-04,Lampung,10,14800.0,True,15750.0,1150.0,2025-11
2025-11-04,Banten,11,15050.0,True,15750.0,1150.0,2025-11
2025-11-04,Jawa Barat,12,14850.0,True,15750.0,1150.0,2025-11
2025-11-04,DKI Jakarta,13,16300.0,True,15750.0,1150.0,2025-11
2025-11-04,Jawa Tengah,14,15050.0,True,15750.0,1150.0,2025-11
2025-11-04,DI Yogyakarta,15,14200.0,True,15750.0,1150.0,2025-11
2025-11-04,Jawa Timur,16,14700.0,True,15750.0,1150.0,2025-11
2025-11-04,Bali,17,15450.0,True,15750.0,1150.0,2025-11
2025-11-04,Nusa Tenggara Barat,18,13950.0,True,15750.0,1150.0,2025-11
2025-11-04,Nusa Tenggara Timur,19,15350.0,True,15750.0,1150.0,2025-11
2025-11-04,Kalimantan Barat,20,16400.0,True,15750.0,1150.0,2025-11
2025-11-04,Kalimantan Selatan,21,17450.0,True,15750.0,1150.0,2025-11
2025-11-04,Kalimantan Tengah,22,17600.0,True,15750.0,1150.0,2025-11
2025-11-04,Kalimantan Timur,23,16350.0,True,15750.0,1150.0,2025-11
2025-11-04,Kalimantan Utara,24,17300.0,True,15750.0,1150.0,2025-11
2025-11-04,Gorontalo,25,16250.0,True,15750.0,1150.0,2025-11
2025-11-04,Sulawesi Selatan,26,14200.0,True,15750.0,1150.0,2025-11
2025-11-04,Sulawesi Tenggara,27,15700.0,True,15750.0,1150.0,2025-11
2025-11-04,Sulawesi Tengah,28,15600.0,True,15750.0,1150.0,2025-11
2025-11-04,Sulawesi Utara,29,16050.0,True,15750.0,1150.0,2025-11
2025-11-04,Sulawesi Barat,30,14400.0,True,15750.0,1150.0,2025-11
2025-11-04,Maluku,31,16850.0,True,15750.0,1150.0,2025-11
2025-11-04,Maluku Utara,32,17150.0,True,15750.0,1150.0,2025-11
2025-11-04,Papua,33,18950.0,True,15750.0,1150.0,2025-11
2025-11-04,Papua Barat,34,17000.0,True,15750.0,1150.0,2025-11
2025-11-05,Aceh,1,14550.0,True,15750.0,1150.0,2025-11
2025-11-05,Sumatera Utara,2,14500.0,True,15750.0,1150.0,2025-11
2025-11-05,Sumatera Barat,3,17050.0,True,15750.0,1150.0,2025-11
2025-11-05,Riau,4,16300.0,True,15750.0,1150.0,2025-11
2025-11-05,Kepulauan Riau,5,14950.0,True,15750.0,1150.0,2025-11
2025-11-05,Jambi,6,15400.0,True,15750.0,1150.0,2025-11
2025-11-05,Bengkulu,7,15500.0,True,15750.0,1150.0,2025-11
2025-11-05,Sumatera Selatan,8,15500.0,True,15750.0,1150.0,2025-11
2025-11-05,Kepulauan Bangka Belitung,9,15300.0,True,15750.0,1150.0,2025-11
2025-11-05,Lampung,10,14800.0,True,15750.0,1150.0,2025-11
2025-11-05,Banten,11,15050.0,True,15750.0,1150.0,2025-11
2025-11-05,Jawa Barat,12,14850.0,True,15750.0,1150.0,2025-11
2025-11-05,DKI Jakarta,13,16300.0,True,15750.0,1150.0,2025-11
2025-11-05,Jawa Tengah,14,15050.0,True,15750.0,1150.0,2025-11
2025-11-05,DI Yogyakarta,15,14200.0,True,15750.0,1150.0,2025-11
2025-11-05,Jawa Timur,16,14700.0,True,15750.0,1150.0,2025-11
2025-11-05,Bali,17,15450.0,True,15750.0,1150.0,2025-11
2025-11-05,Nusa Tenggara Barat,18,13900.0,True,15750.0,1150.0,2025-11
2025-11-05,Nusa Tenggara Timur,19,15350.0,True,15750.0,1150.0,2025-11
2025-11-05,Kalimantan Barat,20,16400.0,True,15750.0,1150.0,2025-11
2025-11-05,Kalimantan Selatan,21,17450.0,True,15750.0,1150.0,2025-11
2025-11-05,Kalimantan Tengah,22,17600.0,True,15750.0,1150.0,2025-11
2025-11-05,Kalimantan Timur,23,16350.0,True,15750.0,1150.0,2025-11
2025-11-05,Kalimantan Utara,24,17300.0,True,15750.0,1150.0,2025-11
2025-11-05,Gorontalo,25,16250.0,True,15750.0,1150.0,2025-11
2025-11-05,Sulawesi Selatan,26,14200.0,True,15750.0,1150.0,2025-11
2025-11-05,Sulawesi Tenggara,27,15700.0,True,15750.0,1150.0,2025-11
2025-11-05,Sulawesi Tengah,28,15600.0,True,15750.0,1150.0,2025-11
2025-11-05,Sulawesi Utara,29,16000.0,True,15750.0,1150.0,2025-11
2025-11-05,Sulawesi Barat,30,14400.0,True,15750.0,1150.0,2025-11
2025-11-05,Maluku,31,16850.0,True,15750.0,1150.0,2025-11
2025-11-05,Maluku Utara,32,17150.0,True,15750.0,1150.0,2025-11
2025-11-05,Papua,33,18950.0,True,15750.0,1150.0,2025-11
2025-11-05,Papua Barat,34,16950.0,True,15750.0,1150.0,2025-11
2025-11-06,Aceh,1,14550.0,True,15750.0,1150.0,2025-11
2025-11-06,Sumatera Utara,2,14550.0,True,15750.0,1150.0,2025-11
2025-11-06,Sumatera Barat,3,17050.0,True,15750.0,1150.0,2025-11
2025-11-06,Riau,4,16300.0,True,15750.0,1150.0,2025-11
2025-11-06,Kepulauan Riau,5,14950.0,True,15750.0,1150.0,2025-11
2025-11-06,Jambi,6,15400.0,True,15750.0,1150.0,2025-11
2025-11-06,Bengkulu,7,15500.0,True,15750.0,1150.0,2025-11
2025-11-06,Sumatera Selatan,8,15500.0,True,15750.0,1150.0,2025-11
2025-11-06,Kepulauan Bangka Belitung,9,15300.0,True,15750.0,1150.0,2025-11
2025-11-06,Lampung,10,14800.0,True,15750.0,1150.0,2025-11
2025-11-06,Banten,11,15050.0,True,15750.0,1150.0,2025-11
2025-11-06,Jawa Barat,12,14850.0,True,15750.0,1150.0,2025-11
2025-11-06,DKI Jakarta,13,16300.0,True,15750.0,1150.0,2025-11
2025-11-06,Jawa Tengah,14,15050.0,True,15750.0,1150.0,2025-11
2025-11-06,DI Yogyakarta,15,14200.0,True,15750.0,1150.0,2025-11
2025-11-06,Jawa Timur,16,14700.0,True,15750.0,1150.0,2025-11
2025-11-06,Bali,17,15450.0,True,15750.0,1150.0,2025-11
2025-11-06,Nusa Tenggara Barat,18,13900.0,True,15750.0,1150.0,2025-11
2025-11-06,Nusa Tenggara Timur,19,15350.0,True,15750.0,1150.0,2025-11
2025-11-06,Kalimantan Barat,20,16400.0,True,15750.0,1150.0,2025-11
2025-11-06,Kalimantan Selatan,21,17450.0,True,15750.0,1150.0,2025-11
2025-11-06,Kalimantan Tengah,22,17600.0,True,15750.0,1150.0,2025-11
2025-11-06,Kalimantan Timur,23,16350.0,True,15750.0,1150.0,2025-11
2025-11-06,Kalimantan Utara,24,17300.0,True,15750.0,1150.0,2025-11
2025-11-06,Gorontalo,25,16250.0,True,15750.0,1150.0,2025-11
2025-11-06,Sulawesi Selatan,26,14200.0,True,15750.0,1150.0,2025-11
2025-11-06,Sulawesi Tenggara,27,15700.0,True,15750.0,1150.0,2025-11
2025-11-06,Sulawesi Tengah,28,15600.0,True,15750.0,1150.0,2025-11
2025-11-06,Sulawesi Utara,29,16000.0,True,15750.0,1150.0,2025-11
2025-11-06,Sulawesi Barat,30,14400.0,True,15750.0,1150.0,2025-11
2025-11-06,Maluku,31,16850.0,True,15750.0,1150.0,2025-11
2025-11-06,Maluku Utara,32,17150.0,True,15750.0,1150.0,2025-11
2025-11-06,Papua,33,18950.0,True,15750.0,1150.0,2025-11
2025-11-06,Papua Barat,34,16900.0,True,15750.0,1150.0,2025-11
2025-11-07,Aceh,1,14550.0,True,15750.0,1150.0,2025-11
2025-11-07,Sumatera Utara,2,14550.0,True,15750.0,1150.0,2025-11
2025-11-07,Sumatera Barat,3,17050.0,True,15750.0,1150.0,2025-11
2025-11-07,Riau,4,16300.0,True,15750.0,1150.0,2025-11
2025-11-07,Kepulauan Riau,5,14950.0,True,15750.0,1150.0,2025-11
2025-11-07,Jambi,6,15400.0,True,15750.0,1150.0,2025-11
2025-11-07,Bengkulu,7,15500.0,True,15750.0,1150.0,2025-11
2025-11-07,Sumatera Selatan,8,15500.0,True,15750.0,1150.0,2025-11
2025-11-07,Kepulauan Bangka Belitung,9,15300.0,True,15750.0,1150.0,2025-11
2025-11-07,Lampung,10,14800.0,True,15750.0,1150.0,2025-11
2025-11-07,Banten,11,15050.0,True,15750.0,1150.0,2025-11
2025-11-07,Jawa Barat,12,14850.0,True,15750.0,1150.0,2025-11
2025-11-07,DKI Jakarta,13,16300.0,True,15750.0,1150.0,2025-11
2025-11-07,Jawa Tengah,14,15000.0,True,15750.0,1150.0,2025-11
2025-11-07,DI Yogyakarta,15,14200.0,True,15750.0,1150.0,2025-11
2025-11-07,Jawa Timur,16,14650.0,True,15750.0,1150.0,2025-11
2025-11-07,Bali,17,15350.0,True,15750.0,1150.0,2025-11
2025-11-07,Nusa Tenggara Barat,18,13900.0,True,15750.0,1150.0,2025-11
2025-11-07,Nusa Tenggara Timur,19,15350.0,True,15750.0,1150.0,2025-11
2025-11-07,Kalimantan Barat,20,16400.0,True,15750.0,1150.0,2025-11
2025-11-07,Kalimantan Selatan,21,17450.0,True,15750.0,1150.0,2025-11
2025-11-07,Kalimantan Tengah,22,17550.0,True,15750.0,1150.0,2025-11
2025-11-07,Kalimantan Timur,23,16350.0,True,15750.0,1150.0,2025-11
2025-11-07,Kalimantan Utara,24,17300.0,True,15750.0,1150.0,2025-11
2025-11-07,Gorontalo,25,16250.0,True,15750.0,1150.0,2025-11
2025-11-07,Sulawesi Selatan,26,14200.0,True,15750.0,1150.0,2025-11
2025-11-07,Sulawesi Tenggara,27,15600.0,True,15750.0,1150.0,2025-11
2025-11-07,Sulawesi Tengah,28,15600.0,True,15750.0,1150.0,2025-11
2025-11-07,Sulawesi Utara,29,16000.0,True,15750.0,1150.0,2025-11
2025-11-07,Sulawesi Barat,30,14400.0,True,15750.0,1150.0,2025-11
2025-11-07,Maluku,31,16850.0,True,15750.0,1150.0,2025-11
2025-11-07,Maluku Utara,32,17200.0,True,15750.0,1150.0,2025-11
2025-11-07,Papua,33,18950.0,True,15750.0,1150.0,2025-11
2025-11-07,Papua Barat,34,16900.0,True,15750.0,1150.0,2025-11
2025-11-08,Aceh,1,14550.0,True,15750.0,1150.0,2025-11
2025-11-08,Sumatera Utara,2,14550.0,True,15750.0,1150.0,2025-11
2025-11-08,Sumatera Barat,3,17050.0,True,15750.0,1150.0,2025-11
2025-11-08,Riau,4,16300.0,True,15750.0,1150.0,2025-11
2025-11-08,Kepulauan Riau,5,14950.0,True,15750.0,1150.0,2025-11
2025-11-08,Jambi,6,15400.0,True,15750.0,1150.0,2025-11
2025-11-08,Bengkulu,7,15500.0,True,15750.0,1150.0,2025-11
2025-11-08,Sumatera Selatan,8,15500.0,True,15750.0,1150.0,2025-11
2025-11-08,Kepulauan Bangka Belitung,9,15300.0,True,15750.0,1150.0,2025-11
2025-11-08,Lampung,10,14800.0,True,15750.0,1150.0,2025-11
2025-11-08,Banten,11,15050.0,True,15750.0,1150.0,2025-11
2025-11-08,Jawa Barat,12,14850.0,True,15750.0,1150.0,2025-11
2025-11-08,DKI Jakarta,13,16300.0,True,15750.0,1150.0,2025-11
2025-11-08,Jawa Tengah,14,15000.0,True,15750.0,1150.0,2025-11
2025-11-08,DI Yogyakarta,15,14200.0,True,15750.0,1150.0,2025-11
2025-11-08,Jawa Timur,16,14650.0,True,15750.0,1150.0,2025-11
2025-11-08,Bali,17,15350.0,True,15750.0,1150.0,2025-11
2025-11-08,Nusa Tenggara Barat,18,13900.0,True,15750.0,1150.0,2025-11
2025-11-08,Nusa Tenggara Timur,19,15350.0,True,15750.0,1150.0,2025-11
2025-11-08,Kalimantan Barat,20,16400.0,True,15750.0,1150.0,2025-11
2025-11-08,Kalimantan Selatan,21,17450.0,True,15750.0,1150.0,2025-11
2025-11-08,Kalimantan Tengah,22,17550.0,True,15750.0,1150.0,2025-11
2025-11-08,Kalimantan Timur,23,16350.0,True,15750.0,1150.0,2025-11
2025-11-08,Kalimantan Utara,24,17300.0,True,15750.0,1150.0,2025-11
2025-11-08,Gorontalo,25,16250.0,True,15750.0,1150.0,2025-11
2025-11-08,Sulawesi Selatan,26,14200.0,True,15750.0,1150.0,2025-11
2025-11-08,Sulawesi Tenggara,27,15600.0,True,15750.0,1150.0,2025-11
2025-11-08,Sulawesi Tengah,28,15600.0,True,15750.0,1150.0,2025-11
2025-11-08,Sulawesi Utara,29,16000.0,True,15750.0,1150.0,2025-11
2025-11-08,Sulawesi Barat,30,14400.0,True,15750.0,1150.0,2025-11
2025-11-08,Maluku,31,16850.0,True,15750.0,1150.0,2025-11
2025-11-08,Maluku Utara,32,17200.0,True,15750.0,1150.0,2025-11
2025-11-08,Papua,33,18950.0,True,15750.0,1150.0,2025-11
2025-11-08,Papua Barat,34,16900.0,True,15750.0,1150.0,2025-11
2025-11-09,Aceh,1,14550.0,True,15750.0,1150.0,2025-11
2025-11-09,Sumatera Utara,2,14550.0,True,15750.0,1150.0,2025-11
2025-11-09,Sumatera Barat,3,17050.0,True,15750.0,1150.0,2025-11
2025-11-09,Riau,4,16300.0,True,15750.0,1150.0,2025-11
2025-11-09,Kepulauan Riau,5,14950.0,True,15750.0,1150.0,2025-11
2025-11-09,Jambi,6,15400.0,True,15750.0,1150.0,2025-11
2025-11-09,Bengkulu,7,15500.0,True,15750.0,1150.0,2025-11
2025-11-09,Sumatera Selatan,8,15500.0,True,15750.0,1150.0,2025-11
2025-11-09,Kepulauan Bangka Belitung,9,15300.0,True,15750.0,1150.0,2025-11
2025-11-09,Lampung,10,14800.0,True,15750.0,1150.0,2025-11
2025-11-09,Banten,11,15050.0,True,15750.0,1150.0,2025-11
2025-11-09,Jawa Barat,12,14850.0,True,15750.0,1150.0,2025-11
2025-11-09,DKI Jakarta,13,16300.0,True,15750.0,1150.0,2025-11
2025-11-09,Jawa Tengah,14,15000.0,True,15750.0,1150.0,2025-11
2025-11-09,DI Yogyakarta,15,14200.0,True,15750.0,1150.0,2025-11
2025-11-09,Jawa Timur,16,14650.0,True,15750.0,1150.0,2025-11
2025-11-09,Bali,17,15350.0,True,15750.0,1150.0,2025-11
2025-11-09,Nusa Tenggara Barat,18,13900.0,True,15750.0,1150.0,2025-11
2025-11-09,Nusa Tenggara Timur,19,15350.0,True,15750.0,1150.0,2025-11
2025-11-09,Kalimantan Barat,20,16400.0,True,15750.0,1150.0,2025-11
2025-11-09,Kalimantan Selatan,21,17450.0,True,15750.0,1150.0,2025-11
2025-11-09,Kalimantan Tengah,22,17550.0,True,15750.0,1150.0,2025-11
2025-11-09,Kalimantan Timur,23,16350.0,True,15750.0,1150.0,2025-11
2025-11-09,Kalimantan Utara,24,17300.0,True,15750.0,1150.0,2025-11
2025-11-09,Gorontalo,25,16250.0,True,15750.0,1150.0,2025-11
2025-11-09,Sulawesi Selatan,26,14200.0,True,15750.0,1150.0,2025-11
2025-11-09,Sulawesi Tenggara,27,15600.0,True,15750.0,1150.0,2025-11
2025-11-09,Sulawesi Tengah,28,15600.0,True,15750.0,1150.0,2025-11
2025-11-09,Sulawesi Utara,29,16000.0,True,15750.0,1150.0,2025-11
2025-11-09,Sulawesi Barat,30,14400.0,True,15750.0,1150.0,2025-11
2025-11-09,Maluku,31,16850.0,True,15750.0,1150.0,2025-11
2025-11-09,Maluku Utara,32,17200.0,True,15750.0,1150.0,2025-11
2025-11-09,Papua,33,18950.0,True,15750.0,1150.0,2025-11
2025-11-09,Papua Barat,34,16900.0,True,15750.0,1150.0,2025-11
2025-11-10,Aceh,1,14450.0,True,15750.0,1150.0,2025-11
2025-11-10,Sumatera Utara,2,14550.0,True,15750.0,1150.0,2025-11
2025-11-10,Sumatera Barat,3,17050.0,True,15750.0,1150.0,2025-11
2025-11-10,Riau,4,16300.0,True,15750.0,1150.0,2025-11
2025-11-10,Kepulauan Riau,5,14950.0,True,15750.0,1150.0,2025-11
2025-11-10,Jambi,6,15400.0,True,15750.0,1150.0,2025-11
2025-11-10,Bengkulu,7,15500.0,True,15750.0,1150.0,2025-11
2025-11-10,Sumatera Selatan,8,15500.0,True,15750.0,1150.0,2025-11
2025-11-10,Kepulauan Bangka Belitung,9,15300.0,True,15750.0,1150.0,2025-11
2025-11-10,Lampung,10,14800.0,True,15750.0,1150.0,2025-11
2025-11-10,Banten,11,15050.0,True,15750.0,1150.0,2025-11
2025-11-10,Jawa Barat,12,14850.0,True,15750.0,1150.0,2025-11
2025-11-10,DKI Jakarta,13,16300.0,True,15750.0,1150.0,2025-11
2025-11-10,Jawa Tengah,14,15050.0,True,15750.0,1150.0,2025-11
2025-11-10,DI Yogyakarta,15,14200.0,True,15750.0,1150.0,2025-11
2025-11-10,Jawa Timur,16,14650.0,True,15750.0,1150.0,2025-11
2025-11-10,Bali,17,15300.0,True,15750.0,1150.0,2025-11
2025-11-10,Nusa Tenggara Barat,18,13900.0,True,15750.0,1150.0,2025-11
2025-11-10,Nusa Tenggara Timur,19,15350.0,True,15750.0,1150.0,2025-11
2025-11-10,Kalimantan Barat,20,16400.0,True,15750.0,1150.0,2025-11
2025-11-10,Kalimantan Selatan,21,17450.0,True,15750.0,1150.0,2025-11
2025-11-10,Kalimantan Tengah,22,17550.0,True,15750.0,1150.0,2025-11
2025-11-10,Kalimantan Timur,23,16350.0,True,15750.0,1150.0,2025-11
2025-11-10,Kalimantan Utara,24,17250.0,True,15750.0,1150.0,2025-11
2025-11-10,Gorontalo,25,16250.0,True,15750.0,1150.0,2025-11
2025-11-10,Sulawesi Selatan,26,14150.0,True,15750.0,1150.0,2025-11
2025-11-10,Sulawesi Tenggara,27,15600.0,True,15750.0,1150.0,2025-11
2025-11-10,Sulawesi Tengah,28,15600.0,True,15750.0,1150.0,2025-11
2025-11-10,Sulawesi Utara,29,15900.0,True,15750.0,1150.0,2025-11
2025-11-10,Sulawesi Barat,30,14400.0,True,15750.0,1150.0,2025-11
2025-11-10,Maluku,31,16850.0,True,15750.0,1150.0,2025-11
2025-11-10,Maluku Utara,32,17200.0,True,15750.0,1150.0,2025-11
2025-11-10,Papua,33,18950.0,True,15750.0,1150.0,2025-11
2025-11-10,Papua Barat,34,16900.0,True,15750.0,1150.0,2025-11
2025-11-11,Aceh,1,14450.0,True,15750.0,1150.0,2025-11
2025-11-11,Sumatera Utara,2,14550.0,True,15750.0,1150.0,2025-11
2025-11-11,Sumatera Barat,3,17050.0,True,15750.0,1150.0,2025-11
2025-11-11,Riau,4,16300.0,True,15750.0,1150.0,2025-11
2025-11-11,Kepulauan Riau,5,14950.0,True,15750.0,1150.0,2025-11
2025-11-11,Jambi,6,15400.0,True,15750.0,1150.0,2025-11
2025-11-11,Bengkulu,7,15300.0,True,15750.0,1150.0,2025-11
2025-11-11,Sumatera Selatan,8,15500.0,True,15750.0,1150.0,2025-11
2025-11-11,Kepulauan Bangka Belitung,9,15300.0,True,15750.0,1150.0,2025-11
2025-11-11,Lampung,10,14800.0,True,15750.0,1150.0,2025-11
2025-11-11,Banten,11,15050.0,True,15750.0,1150.0,2025-11
2025-11-11,Jawa Barat,12,14850.0,True,15750.0,1150.0,2025-11
2025-11-11,DKI Jakarta,13,16300.0,True,15750.0,1150.0,2025-11
2025-11-11,Jawa Tengah,14,15050.0,True,15750.0,1150.0,2025-11
2025-11-11,DI Yogyakarta,15,14200.0,True,15750.0,1150.0,2025-11
2025-11-11,Jawa Timur,16,14650.0,True,15750.0,1150.0,2025-11
2025-11-11,Bali,17,15400.0,True,15750.0,1150.0,2025-11
2025-11-11,Nusa Tenggara Barat,18,13900.0,True,15750.0,1150.0,2025-11
2025-11-11,Nusa Tenggara Timur,19,15350.0,True,15750.0,1150.0,2025-11
2025-11-11,Kalimantan Barat,20,16500.0,True,15750.0,1150.0,2025-11
2025-11-11,Kalimantan Selatan,21,17450.0,True,15750.0,1150.0,2025-11
2025-11-11,Kalimantan Tengah,22,17550.0,True,15750.0,1150.0,2025-11
2025-11-11,Kalimantan Timur,23,16350.0,True,15750.0,1150.0,2025-11
2025-11-11,Kalimantan Utara,24,17250.0,True,15750.0,1150.0,2025-11
2025-11-11,Gorontalo,25,16000.0,True,15750.0,1150.0,2025-11
2025-11-11,Sulawesi Selatan,26,14150.0,True,15750.0,1150.0,2025-11
2025-11-11,Sulawesi Tenggara,27,15600.0,True,15750.0,1150.0,2025-11
2025-11-11,Sulawesi Tengah,28,15600.0,True,15750.0,1150.0,2025-11
2025-11-11,Sulawesi Utara,29,15900.0,True,15750.0,1150.0,2025-11
2025-11-11,Sulawesi Barat,30,14400.0,True,15750.0,1150.0,2025-11
2025-11-11,Maluku,31,16850.0,True,15750.0,1150.0,2025-11
2025-11-11,Maluku Utara,32,17200.0,True,15750.0,1150.0,2025-11
2025-11-11,Papua,33,18950.0,True,15750.0,1150.0,2025-11
2025-11-11,Papua Barat,34,16900.0,True,15750.0,1150.0,2025-11
2025-11-12,Aceh,1,14450.0,True,15750.0,1150.0,2025-11
2025-11-12,Sumatera Utara,2,14550.0,True,15750.0,1150.0,2025-11
2025-11-12,Sumatera Barat,3,17050.0,True,15750.0,1150.0,2025-11
2025-11-12,Riau,4,16300.0,True,15750.0,1150.0,2025-11
2025-11-12,Kepulauan Riau,5,14950.0,True,15750.0,1150.0,2025-11
2025-11-12,Jambi,6,15400.0,True,15750.0,1150.0,2025-11
2025-11-12,Bengkulu,7,15500.0,True,15750.0,1150.0,2025-11
2025-11-12,Sumatera Selatan,8,15500.0,True,15750.0,1150.0,2025-11
2025-11-12,Kepulauan Bangka Belitung,9,15300.0,True,15750.0,1150.0,2025-11
2025-11-12,Lampung,10,14750.0,True,15750.0,1150.0,2025-11
2025-11-12,Banten,11,15050.0,True,15750.0,1150.0,2025-11
2025-11-12,Jawa Barat,12,14850.0,True,15750.0,1150.0,2025-11
2025-11-12,DKI Jakarta,13,16300.0,True,15750.0,1150.0,2025-11
2025-11-12,Jawa Tengah,14,15050.0,True,15750.0,1150.0,2025-11
2025-11-12,DI Yogyakarta,15,14200.0,True,15750.0,1150.0,2025-11
2025-11-12,Jawa Timur,16,14650.0,True,15750.0,1150.0,2025-11
2025-11-12,Bali,17,15400.0,True,15750.0,1150.0,2025-11
2025-11-12,Nusa Tenggara Barat,18,13900.0,True,15750.0,1150.0,2025-11
2025-11-12,Nusa Tenggara Timur,19,15350.0,True,15750.0,1150.0,2025-11
2025-11-12,Kalimantan Barat,20,16550.0,True,15750.0,1150.0,2025-11
2025-11-12,Kalimantan Selatan,21,17450.0,True,15750.0,1150.0,2025-11
2025-11-12,Kalimantan Tengah,22,17600.0,True,15750.0,1150.0,2025-11
2025-11-12,Kalimantan Timur,23,16350.0,True,15750.0,1150.0,2025-11
2025-11-12,Kalimantan Utara,24,17250.0,True,15750.0,1150.0,2025-11
2025-11-12,Gorontalo,25,16000.0,True,15750.0,1150.0,2025-11
2025-11-12,Sulawesi Selatan,26,14150.0,True,15750.0,1150.0,2025-11
2025-11-12,Sulawesi Tenggara,27,15600.0,True,15750.0,1150.0,2025-11
2025-11-12,Sulawesi Tengah,28,15600.0,True,15750.0,1150.0,2025-11
2025-11-12,Sulawesi Utara,29,15900.0,True,15750.0,1150.0,2025-11
2025-11-12,Sulawesi Barat,30,14350.0,True,15750.0,1150.0,2025-11
2025-11-12,Maluku,31,16850.0,True,15750.0,1150.0,2025-11
2025-11-12,Maluku Utara,32,17200.0,True,15750.0,1150.0,2025-11
2025-11-12,Papua,33,18950.0,True,15750.0,1150.0,2025-11
2025-11-12,Papua Barat,34,16900.0,True,15750.0,1150.0,2025-11
2025-11-13,Aceh,1,14450.0,True,15750.0,1150.0,2025-11
2025-11-13,Sumatera Utara,2,14550.0,True,15750.0,1150.0,2025-11
2025-11-13,Sumatera Barat,3,17050.0,True,15750.0,1150.0,2025-11
2025-11-13,Riau,4,16300.0,True,15750.0,1150.0,2025-11
2025-11-13,Kepulauan Riau,5,14950.0,True,15750.0,1150.0,2025-11
2025-11-13,Jambi,6,15400.0,True,15750.0,1150.0,2025-11
2025-11-13,Bengkulu,7,15500.0,True,15750.0,1150.0,2025-11
2025-11-13,Sumatera Selatan,8,15500.0,True,15750.0,1150.0,2025-11
2025-11-13,Kepulauan Bangka Belitung,9,15300.0,True,15750.0,1150.0,2025-11
2025-11-13,Lampung,10,14750.0,True,15750.0,1150.0,2025-11
2025-11-13,Banten,11,15050.0,True,15750.0,1150.0,2025-11
2025-11-13,Jawa Barat,12,14800.0,True,15750.0,1150.0,2025-11
2025-11-13,DKI Jakarta,13,16300.0,True,15750.0,1150.0,2025-11
2025-11-13,Jawa Tengah,14,15050.0,True,15750.0,1150.0,2025-11
2025-11-13,DI Yogyakarta,15,14200.0,True,15750.0,1150.0,2025-11
2025-11-13,Jawa Timur,16,14650.0,True,15750.0,1150.0,2025-11
2025-11-13,Bali,17,15400.0,True,15750.0,1150.0,2025-11
2025-11-13,Nusa Tenggara Barat,18,13900.0,True,15750.0,1150.0,2025-11
2025-11-13,Nusa Tenggara Timur,19,15350.0,True,15750.0,1150.0,2025-11
2025-11-13,Kalimantan Barat,20,16550.0,True,15750.0,1150.0,2025-11
2025-11-13,Kalimantan Selatan,21,17450.0,True,15750.0,1150.0,2025-11
2025-11-13,Kalimantan Tengah,22,17600.0,True,15750.0,1150.0,2025-11
2025-11-13,Kalimantan Timur,23,16300.0,True,15750.0,1150.0,2025-11
2025-11-13,Kalimantan Utara,24,17200.0,True,15750.0,1150.0,2025-11
2025-11-13,Gorontalo,25,16000.0,True,15750.0,1150.0,2025-11
2025-11-13,Sulawesi Selatan,26,14150.0,True,15750.0,1150.0,2025-11
2025-11-13,Sulawesi Tenggara,27,15600.0,True,15750.0,1150.0,2025-11
2025-11-13,Sulawesi Tengah,28,15600.0,True,15750.0,1150.0,2025-11
2025-11-13,Sulawesi Utara,29,15850.0,True,15750.0,1150.0,2025-11
2025-11-13,Sulawesi Barat,30,14350.0,True,15750.0,1150.0,2025-11
2025-11-13,Maluku,31,16850.0,True,15750.0,1150.0,2025-11
2025-11-13,Maluku Utara,32,17200.0,True,15750.0,1150.0,2025-11
2025-11-13,Papua,33,18950.0,True,15750.0,1150.0,2025-11
2025-11-13,Papua Barat,34,16900.0,True,15750.0,1150.0,2025-11
2025-11-14,Aceh,1,14500.0,True,15750.0,1150.0,2025-11
2025-11-14,Sumatera Utara,2,14550.0,True,15750.0,1150.0,2025-11
2025-11-14,Sumatera Barat,3,17050.0,True,15750.0,1150.0,2025-11
2025-11-14,Riau,4,16300.0,True,15750.0,1150.0,2025-11
2025-11-14,Kepulauan Riau,5,15000.0,True,15750.0,1150.0,2025-11
2025-11-14,Jambi,6,15400.0,True,15750.0,1150.0,2025-11
2025-11-14,Bengkulu,7,15300.0,True,15750.0,1150.0,2025-11
2025-11-14,Sumatera Selatan,8,15500.0,True,15750.0,1150.0,2025-11
2025-11-14,Kepulauan Bangka Belitung,9,15300.0,True,15750.0,1150.0,2025-11
2025-11-14,Lampung,10,14750.0,True,15750.0,1150.0,2025-11
2025-11-14,Banten,11,15050.0,True,15750.0,1150.0,2025-11
2025-11-14,Jawa Barat,12,14800.0,True,15750.0,1150.0,2025-11
2025-11-14,DKI Jakarta,13,16300.0,True,15750.0,1150.0,2025-11
2025-11-14,Jawa Tengah,14,15050.0,True,15750.0,1150.0,2025-11
2025-11-14,DI Yogyakarta,15,14200.0,True,15750.0,1150.0,2025-11
2025-11-14,Jawa Timur,16,14650.0,True,15750.0,1150.0,2025-11
2025-11-14,Bali,17,15400.0,True,15750.0,1150.0,2025-11
2025-11-14,Nusa Tenggara Barat,18,13900.0,True,15750.0,1150.0,2025-11
2025-11-14,Nusa Tenggara Timur,19,15350.0,True,15750.0,1150.0,2025-11
2025-11-14,Kalimantan Barat,20,16550.0,True,15750.0,1150.0,2025-11
2025-11-14,Kalimantan Selatan,21,17450.0,True,15750.0,1150.0,2025-11
2025-11-14,Kalimantan Tengah,22,17600.0,True,15750.0,1150.0,2025-11
2025-11-14,Kalimantan Timur,23,16300.0,True,15750.0,1150.0,2025-11
2025-11-14,Kalimantan Utara,24,17250.0,True,15750.0,1150.0,2025-11
2025-11-14,Gorontalo,25,16000.0,True,15750.0,1150.0,2025-11
2025-11-14,Sulawesi Selatan,26,14150.0,True,15750.0,1150.0,2025-11
2025-11-14,Sulawesi Tenggara,27,15600.0,True,15750.0,1150.0,2025-11
2025-11-14,Sulawesi Tengah,28,15600.0,True,15750.0,1150.0,2025-11
2025-11-14,Sulawesi Utara,29,15850.0,True,15750.0,1150.0,2025-11
2025-11-14,Sulawesi Barat,30,14350.0,True,15750.0,1150.0,2025-11
2025-11-14,Maluku,31,16850.0,True,15750.0,1150.0,2025-11
2025-11-14,Maluku Utara,32,17200.0,True,15750.0,1150.0,2025-11
2025-11-14,Papua,33,18950.0,True,15750.0,1150.0,2025-11
2025-11-14,Papua Barat,34,16900.0,True,15750.0,1150.0,2025-11
2025-11-15,Aceh,1,14500.0,True,15750.0,1150.0,2025-11
2025-11-15,Sumatera Utara,2,14550.0,True,15750.0,1150.0,2025-11
2025-11-15,Sumatera Barat,3,17050.0,True,15750.0,1150.0,2025-11
2025-11-15,Riau,4,16300.0,True,15750.0,1150.0,2025-11
2025-11-15,Kepulauan Riau,5,15000.0,True,15750.0,1150.0,2025-11
2025-11-15,Jambi,6,15400.0,True,15750.0,1150.0,2025-11
2025-11-15,Bengkulu,7,15300.0,True,15750.0,1150.0,2025-11
2025-11-15,Sumatera Selatan,8,15500.0,True,15750.0,1150.0,2025-11
2025-11-15,Kepulauan Bangka Belitung,9,15300.0,True,15750.0,1150.0,2025-11
2025-11-15,Lampung,10,14750.0,True,15750.0,1150.0,2025-11
2025-11-15,Banten,11,15050.0,True,15750.0,1150.0,2025-11
2025-11-15,Jawa Barat,12,14800.0,True,15750.0,1150.0,2025-11
2025-11-15,DKI Jakarta,13,16300.0,True,15750.0,1150.0,2025-11
2025-11-15,Jawa Tengah,14,15050.0,True,15750.0,1150.0,2025-11
2025-11-15,DI Yogyakarta,15,14200.0,True,15750.0,1150.0,2025-11
2025-11-15,Jawa Timur,16,14650.0,True,15750.0,1150.0,2025-11
2025-11-15,Bali,17,15400.0,True,15750.0,1150.0,2025-11
2025-11-15,Nusa Tenggara Barat,18,13900.0,True,15750.0,1150.0,2025-11
2025-11-15,Nusa Tenggara Timur,19,15350.0,True,15750.0,1150.0,2025-11
2025-11-15,Kalimantan Barat,20,16550.0,True,15750.0,1150.0,2025-11
2025-11-15,Kalimantan Selatan,21,17450.0,True,15750.0,1150.0,2025-11
2025-11-15,Kalimantan Tengah,22,17600.0,True,15750.0,1150.0,2025-11
2025-11-15,Kalimantan Timur,23,16300.0,True,15750.0,1150.0,2025-11
2025-11-15,Kalimantan Utara,24,17250.0,True,15750.0,1150.0,2025-11
2025-11-15,Gorontalo,25,16000.0,True,15750.0,1150.0,2025-11
2025-11-15,Sulawesi Selatan,26,14150.0,True,15750.0,1150.0,2025-11
2025-11-15,Sulawesi Tenggara,27,15600.0,True,15750.0,1150.0,2025-11
2025-11-15,Sulawesi Tengah,28,15600.0,True,15750.0,1150.0,2025-11
2025-11-15,Sulawesi Utara,29,15850.0,True,15750.0,1150.0,2025-11
2025-11-15,Sulawesi Barat,30,14350.0,True,15750.0,1150.0,2025-11
2025-11-15,Maluku,31,16850.0,True,15750.0,1150.0,2025-11
2025-11-15,Maluku Utara,32,17200.0,True,15750.0,1150.0,2025-11
2025-11-15,Papua,33,18950.0,True,15750.0,1150.0,2025-11
2025-11-15,Papua Barat,34,16900.0,True,15750.0,1150.0,2025-11
2025-11-16,Aceh,1,14500.0,True,15750.0,1150.0,2025-11
2025-11-16,Sumatera Utara,2,14550.0,True,15750.0,1150.0,2025-11
2025-11-16,Sumatera Barat,3,17050.0,True,15750.0,1150.0,2025-11
2025-11-16,Riau,4,16300.0,True,15750.0,1150.0,2025-11
2025-11-16,Kepulauan Riau,5,15000.0,True,15750.0,1150.0,2025-11
2025-11-16,Jambi,6,15400.0,True,15750.0,1150.0,2025-11
2025-11-16,Bengkulu,7,15300.0,True,15750.0,1150.0,2025-11
2025-11-16,Sumatera Selatan,8,15500.0,True,15750.0,1150.0,2025-11
2025-11-16,Kepulauan Bangka Belitung,9,15300.0,True,15750.0,1150.0,2025-11
2025-11-16,Lampung,10,14750.0,True,15750.0,1150.0,2025-11
2025-11-16,Banten,11,15050.0,True,15750.0,1150.0,2025-11
2025-11-16,Jawa Barat,12,14800.0,True,15750.0,1150.0,2025-11
2025-11-16,DKI Jakarta,13,16300.0,True,15750.0,1150.0,2025-11
2025-11-16,Jawa Tengah,14,15050.0,True,15750.0,1150.0,2025-11
2025-11-16,DI Yogyakarta,15,14200.0,True,15750.0,1150.0,2025-11
2025-11-16,Jawa Timur,16,14650.0,True,15750.0,1150.0,2025-11
2025-11-16,Bali,17,15400.0,True,15750.0,1150.0,2025-11
2025-11-16,Nusa Tenggara Barat,18,13900.0,True,15750.0,1150.0,2025-11
2025-11-16,Nusa Tenggara Timur,19,15350.0,True,15750.0,1150.0,2025-11
2025-11-16,Kalimantan Barat,20,16550.0,True,15750.0,1150.0,2025-11
2025-11-16,Kalimantan Selatan,21,17450.0,True,15750.0,1150.0,2025-11
2025-11-16,Kalimantan Tengah,22,17600.0,True,15750.0,1150.0,2025-11
2025-11-16,Kalimantan Timur,23,16300.0,True,15750.0,1150.0,2025-11
2025-11-16,Kalimantan Utara,24,17250.0,True,15750.0,1150.0,2025-11
2025-11-16,Gorontalo,25,16000.0,True,15750.0,1150.0,2025-11
2025-11-16,Sulawesi Selatan,26,14150.0,True,15750.0,1150.0,2025-11
2025-11-16,Sulawesi Tenggara,27,15600.0,True,15750.0,1150.0,2025-11
2025-11-16,Sulawesi Tengah,28,15600.0,True,15750.0,1150.0,2025-11
2025-11-16,Sulawesi Utara,29,15850.0,True,15750.0,1150.0,2025-11
2025-11-16,Sulawesi Barat,30,14350.0,True,15750.0,1150.0,2025-11
2025-11-16,Maluku,31,16850.0,True,15750.0,1150.0,2025-11
2025-11-16,Maluku Utara,32,17200.0,True,15750.0,1150.0,2025-11
2025-11-16,Papua,33,18950.0,True,15750.0,1150.0,2025-11
2025-11-16,Papua Barat,34,16900.0,True,15750.0,1150.0,2025-11
2025-11-17,Aceh,1,14500.0,True,15750.0,1150.0,2025-11
2025-11-17,Sumatera Utara,2,14500.0,True,15750.0,1150.0,2025-11
2025-11-17,Sumatera Barat,3,17050.0,True,15750.0,1150.0,2025-11
2025-11-17,Riau,4,16300.0,True,15750.0,1150.0,2025-11
2025-11-17,Kepulauan Riau,5,14950.0,True,15750.0,1150.0,2025-11
2025-11-17,Jambi,6,15400.0,True,15750.0,1150.0,2025-11
2025-11-17,Bengkulu,7,15500.0,True,15750.0,1150.0,2025-11
2025-11-17,Sumatera Selatan,8,15500.0,True,15750.0,1150.0,2025-11
2025-11-17,Kepulauan Bangka Belitung,9,15300.0,True,15750.0,1150.0,2025-11
2025-11-17,Lampung,10,14750.0,True,15750.0,1150.0,2025-11
2025-11-17,Banten,11,14950.0,True,15750.0,1150.0,2025-11
2025-11-17,Jawa Barat,12,14800.0,True,15750.0,1150.0,2025-11
2025-11-17,DKI Jakarta,13,16300.0,True,15750.0,1150.0,2025-11
2025-11-17,Jawa Tengah,14,15050.0,True,15750.0,1150.0,2025-11
2025-11-17,DI Yogyakarta,15,14200.0,True,15750.0,1150.0,2025-11
2025-11-17,Jawa Timur,16,14600.0,True,15750.0,1150.0,2025-11
2025-11-17,Bali,17,15400.0,True,15750.0,1150.0,2025-11
2025-11-17,Nusa Tenggara Barat,18,13900.0,True,15750.0,1150.0,2025-11
2025-11-17,Nusa Tenggara Timur,19,15350.0,True,15750.0,1150.0,2025-11
2025-11-17,Kalimantan Barat,20,16550.0,True,15750.0,1150.0,2025-11
2025-11-17,Kalimantan Selatan,21,17450.0,True,15750.0,1150.0,2025-11
2025-11-17,Kalimantan Tengah,22,17600.0,True,15750.0,1150.0,2025-11
2025-11-17,Kalimantan Timur,23,16300.0,True,15750.0,1150.0,2025-11
2025-11-17,Kalimantan Utara,24,17250.0,True,15750.0,1150.0,2025-11
2025-11-17,Gorontalo,25,16000.0,True,15750.0,1150.0,2025-11
2025-11-17,Sulawesi Selatan,26,14150.0,True,15750.0,1150.0,2025-11
2025-11-17,Sulawesi Tenggara,27,15600.0,True,15750.0,1150.0,2025-11
2025-11-17,Sulawesi Tengah,28,15600.0,True,15750.0,1150.0,2025-11
2025-11-17,Sulawesi Utara,29,15850.0,True,15750.0,1150.0,2025-11
2025-11-17,Sulawesi Barat,30,14350.0,True,15750.0,1150.0,2025-11
2025-11-17,Maluku,31,16800.0,True,15750.0,1150.0,2025-11
2025-11-17,Maluku Utara,32,17200.0,True,15750.0,1150.0,2025-11
2025-11-17,Papua,33,18950.0,True,15750.0,1150.0,2025-11
2025-11-17,Papua Barat,34,16850.0,True,15750.0,1150.0,2025-11
2025-11-18,Aceh,1,14500.0,True,15700.0,1150.0,2025-11
2025-11-18,Sumatera Utara,2,14500.0,True,15700.0,1150.0,2025-11
2025-11-18,Sumatera Barat,3,17050.0,True,15700.0,1150.0,2025-11
2025-11-18,Riau,4,16300.0,True,15700.0,1150.0,2025-11
2025-11-18,Kepulauan Riau,5,14950.0,True,15700.0,1150.0,2025-11
2025-11-18,Jambi,6,15400.0,True,15700.0,1150.0,2025-11
2025-11-18,Bengkulu,7,15500.0,True,15700.0,1150.0,2025-11
2025-11-18,Sumatera Selatan,8,15500.0,True,15700.0,1150.0,2025-11
2025-11-18,Kepulauan Bangka Belitung,9,15300.0,True,15700.0,1150.0,2025-11
2025-11-18,Lampung,10,14700.0,True,15700.0,1150.0,2025-11
2025-11-18,Banten,11,14950.0,True,15700.0,1150.0,2025-11
2025-11-18,Jawa Barat,12,14800.0,True,15700.0,1150.0,2025-11
2025-11-18,DKI Jakarta,13,16300.0,True,15700.0,1150.0,2025-11
2025-11-18,Jawa Tengah,14,15050.0,True,15700.0,1150.0,2025-11
2025-11-18,DI Yogyakarta,15,14200.0,True,15700.0,1150.0,2025-11
2025-11-18,Jawa Timur,16,14600.0,True,15700.0,1150.0,2025-11
2025-11-18,Bali,17,15400.0,True,15700.0,1150.0,2025-11
2025-11-18,Nusa Tenggara Barat,18,13900.0,True,15700.0,1150.0,2025-11
2025-11-18,Nusa Tenggara Timur,19,15350.0,True,15700.0,1150.0,2025-11
2025-11-18,Kalimantan Barat,20,16550.0,True,15700.0,1150.0,2025-11
2025-11-18,Kalimantan Selatan,21,17450.0,True,15700.0,1150.0,2025-11
2025-11-18,Kalimantan Tengah,22,17600.0,True,15700.0,1150.0,2025-11
2025-11-18,Kalimantan Timur,23,16300.0,True,15700.0,1150.0,2025-11
2025-11-18,Kalimantan Utara,24,17250.0,True,15700.0,1150.0,2025-11
2025-11-18,Gorontalo,25,15900.0,True,15700.0,1150.0,2025-11
2025-11-18,Sulawesi Selatan,26,14150.0,True,15700.0,1150.0,2025-11
2025-11-18,Sulawesi Tenggara,27,15600.0,True,15700.0,1150.0,2025-11
2025-11-18,Sulawesi Tengah,28,15600.0,True,15700.0,1150.0,2025-11
2025-11-18,Sulawesi Utara,29,15850.0,True,15700.0,1150.0,2025-11
2025-11-18,Sulawesi Barat,30,14350.0,True,15700.0,1150.0,2025-11
2025-11-18,Maluku,31,16750.0,True,15700.0,1150.0,2025-11
2025-11-18,Maluku Utara,32,17200.0,True,15700.0,1150.0,2025-11
2025-11-18,Papua,33,18950.0,True,15700.0,1150.0,2025-11
2025-11-18,Papua Barat,34,16850.0,True,15700.0,1150.0,2025-11
2025-11-19,Aceh,1,14500.0,True,15700.0,1150.0,2025-11
2025-11-19,Sumatera Utara,2,14550.0,True,15700.0,1150.0,2025-11
2025-11-19,Sumatera Barat,3,17050.0,True,15700.0,1150.0,2025-11
2025-11-19,Riau,4,16300.0,True,15700.0,1150.0,2025-11
2025-11-19,Kepulauan Riau,5,14950.0,True,15700.0,1150.0,2025-11
2025-11-19,Jambi,6,15400.0,True,15700.0,1150.0,2025-11
2025-11-19,Bengkulu,7,15500.0,True,15700.0,1150.0,2025-11
2025-11-19,Sumatera Selatan,8,15500.0,True,15700.0,1150.0,2025-11
2025-11-19,Kepulauan Bangka Belitung,9,15300.0,True,15700.0,1150.0,2025-11
2025-11-19,Lampung,10,14700.0,True,15700.0,1150.0,2025-11
2025-11-19,Banten,11,14950.0,True,15700.0,1150.0,2025-11
2025-11-19,Jawa Barat,12,14800.0,True,15700.0,1150.0,2025-11
2025-11-19,DKI Jakarta,13,16300.0,True,15700.0,1150.0,2025-11
2025-11-19,Jawa Tengah,14,15050.0,True,15700.0,1150.0,2025-11
2025-11-19,DI Yogyakarta,15,14200.0,True,15700.0,1150.0,2025-11
2025-11-19,Jawa Timur,16,14600.0,True,15700.0,1150.0,2025-11
2025-11-19,Bali,17,15400.0,True,15700.0,1150.0,2025-11
2025-11-19,Nusa Tenggara Barat,18,13900.0,True,15700.0,1150.0,2025-11
2025-11-19,Nusa Tenggara Timur,19,15350.0,True,15700.0,1150.0,2025-11
2025-11-19,Kalimantan Barat,20,16550.0,True,15700.0,1150.0,2025-11
2025-11-19,Kalimantan Selatan,21,17450.0,True,15700.0,1150.0,2025-11
2025-11-19,Kalimantan Tengah,22,17600.0,True,15700.0,1150.0,2025-11
2025-11-19,Kalimantan Timur,23,16300.0,True,15700.0,1150.0,2025-11
2025-11-19,Kalimantan Utara,24,17250.0,True,15700.0,1150.0,2025-11
2025-11-19,Gorontalo,25,15800.0,True,15700.0,1150.0,2025-11
2025-11-19,Sulawesi Selatan,26,14150.0,True,15700.0,1150.0,2025-11
2025-11-19,Sulawesi Tenggara,27,15600.0,True,15700.0,1150.0,2025-11
2025-11-19,Sulawesi Tengah,28,15500.0,True,15700.0,1150.0,2025-11
2025-11-19,Sulawesi Utara,29,15850.0,True,15700.0,1150.0,2025-11
2025-11-19,Sulawesi Barat,30,14350.0,True,15700.0,1150.0,2025-11
2025-11-19,Maluku,31,16700.0,True,15700.0,1150.0,2025-11
2025-11-19,Maluku Utara,32,17200.0,True,15700.0,1150.0,2025-11
2025-11-19,Papua,33,18950.0,True,15700.0,1150.0,2025-11
2025-11-19,Papua Barat,34,16850.0,True,15700.0,1150.0,2025-11
2025-11-20,Aceh,1,14500.0,True,15700.0,1150.0,2025-11
2025-11-20,Sumatera Utara,2,14550.0,True,15700.0,1150.0,2025-11
2025-11-20,Sumatera Barat,3,17050.0,True,15700.0,1150.0,2025-11
2025-11-20,Riau,4,16300.0,True,15700.0,1150.0,2025-11
2025-11-20,Kepulauan Riau,5,14950.0,True,15700.0,1150.0,2025-11
2025-11-20,Jambi,6,15400.0,True,15700.0,1150.0,2025-11
2025-11-20,Bengkulu,7,15500.0,True,15700.0,1150.0,2025-11
2025-11-20,Sumatera Selatan,8,15500.0,True,15700.0,1150.0,2025-11
2025-11-20,Kepulauan Bangka Belitung,9,15300.0,True,15700.0,1150.0,2025-11
2025-11-20,Lampung,10,14700.0,True,15700.0,1150.0,2025-11
2025-11-20,Banten,11,14950.0,True,15700.0,1150.0,2025-11
2025-11-20,Jawa Barat,12,14800.0,True,15700.0,1150.0,2025-11
2025-11-20,DKI Jakarta,13,16300.0,True,15700.0,1150.0,2025-11
2025-11-20,Jawa Tengah,14,15050.0,True,15700.0,1150.0,2025-11
2025-11-20,DI Yogyakarta,15,14200.0,True,15700.0,1150.0,2025-11
2025-11-20,Jawa Timur,16,14600.0,True,15700.0,1150.0,2025-11
2025-11-20,Bali,17,15400.0,True,15700.0,1150.0,2025-11
2025-11-20,Nusa Tenggara Barat,18,13900.0,True,15700.0,1150.0,2025-11
2025-11-20,Nusa Tenggara Timur,19,15350.0,True,15700.0,1150.0,2025-11
2025-11-20,Kalimantan Barat,20,16550.0,True,15700.0,1150.0,2025-11
2025-11-20,Kalimantan Selatan,21,17450.0,True,15700.0,1150.0,2025-11
2025-11-20,Kalimantan Tengah,22,17600.0,True,15700.0,1150.0,2025-11
2025-11-20,Kalimantan Timur,23,16300.0,True,15700.0,1150.0,2025-11
2025-11-20,Kalimantan Utara,24,17250.0,True,15700.0,1150.0,2025-11
2025-11-20,Gorontalo,25,15800.0,True,15700.0,1150.0,2025-11
2025-11-20,Sulawesi Selatan,26,14150.0,True,15700.0,1150.0,2025-11
2025-11-20,Sulawesi Tenggara,27,15600.0,True,15700.0,1150.0,2025-11
2025-11-20,Sulawesi Tengah,28,15500.0,True,15700.0,1150.0,2025-11
2025-11-20,Sulawesi Utara,29,15600.0,True,15700.0,1150.0,2025-11
2025-11-20,Sulawesi Barat,30,14350.0,True,15700.0,1150.0,2025-11
2025-11-20,Maluku,31,16700.0,True,15700.0,1150.0,2025-11
2025-11-20,Maluku Utara,32,17200.0,True,15700.0,1150.0,2025-11
2025-11-20,Papua,33,18950.0,True,15700.0,1150.0,2025-11
2025-11-20,Papua Barat,34,16850.0,True,15700.0,1150.0,2025-11
2025-11-21,Aceh,1,14500.0,True,15700.0,1150.0,2025-11
2025-11-21,Sumatera Utara,2,14550.0,True,15700.0,1150.0,2025-11
2025-11-21,Sumatera Barat,3,17050.0,True,15700.0,1150.0,2025-11
2025-11-21,Riau,4,16300.0,True,15700.0,1150.0,2025-11
2025-11-21,Kepulauan Riau,5,14950.0,True,15700.0,1150.0,2025-11
2025-11-21,Jambi,6,15400.0,True,15700.0,1150.0,2025-11
2025-11-21,Bengkulu,7,15500.0,True,15700.0,1150.0,2025-11
2025-11-21,Sumatera Selatan,8,15500.0,True,15700.0,1150.0,2025-11
2025-11-21,Kepulauan Bangka Belitung,9,15300.0,True,15700.0,1150.0,2025-11
2025-11-21,Lampung,10,14700.0,True,15700.0,1150.0,2025-11
2025-11-21,Banten,11,14950.0,True,15700.0,1150.0,2025-11
2025-11-21,Jawa Barat,12,14800.0,True,15700.0,1150.0,2025-11
2025-11-21,DKI Jakarta,13,16300.0,True,15700.0,1150.0,2025-11
2025-11-21,Jawa Tengah,14,15050.0,True,15700.0,1150.0,2025-11
2025-11-21,DI Yogyakarta,15,14200.0,True,15700.0,1150.0,2025-11
2025-11-21,Jawa Timur,16,14600.0,True,15700.0,1150.0,2025-11
2025-11-21,Bali,17,15400.0,True,15700.0,1150.0,2025-11
2025-11-21,Nusa Tenggara Barat,18,13900.0,True,15700.0,1150.0,2025-11
2025-11-21,Nusa Tenggara Timur,19,15350.0,True,15700.0,1150.0,2025-11
2025-11-21,Kalimantan Barat,20,16550.0,True,15700.0,1150.0,2025-11
2025-11-21,Kalimantan Selatan,21,17450.0,True,15700.0,1150.0,2025-11
2025-11-21,Kalimantan Tengah,22,17600.0,True,15700.0,1150.0,2025-11
2025-11-21,Kalimantan Timur,23,16300.0,True,15700.0,1150.0,2025-11
2025-11-21,Kalimantan Utara,24,17250.0,True,15700.0,1150.0,2025-11
2025-11-21,Gorontalo,25,15650.0,True,15700.0,1150.0,2025-11
2025-11-21,Sulawesi Selatan,26,14100.0,True,15700.0,1150.0,2025-11
2025-11-21,Sulawesi Tenggara,27,15600.0,True,15700.0,1150.0,2025-11
2025-11-21,Sulawesi Tengah,28,15500.0,True,15700.0,1150.0,2025-11
2025-11-21,Sulawesi Utara,29,15550.0,True,15700.0,1150.0,2025-11
2025-11-21,Sulawesi Barat,30,14350.0,True,15700.0,1150.0,2025-11
2025-11-21,Maluku,31,16700.0,True,15700.0,1150.0,2025-11
2025-11-21,Maluku Utara,32,17200.0,True,15700.0,1150.0,2025-11
2025-11-21,Papua,33,18950.0,True,15700.0,1150.0,2025-11
2025-11-21,Papua Barat,34,16850.0,True,15700.0,1150.0,2025-11
2025-11-22,Aceh,1,14500.0,True,15700.0,1150.0,2025-11
2025-11-22,Sumatera Utara,2,14550.0,True,15700.0,1150.0,2025-11
2025-11-22,Sumatera Barat,3,17050.0,True,15700.0,1150.0,2025-11
2025-11-22,Riau,4,16300.0,True,15700.0,1150.0,2025-11
2025-11-22,Kepulauan Riau,5,14950.0,True,15700.0,1150.0,2025-11
2025-11-22,Jambi,6,15400.0,True,15700.0,1150.0,2025-11
2025-11-22,Bengkulu,7,15500.0,True,15700.0,1150.0,2025-11
2025-11-22,Sumatera Selatan,8,15500.0,True,15700.0,1150.0,2025-11
2025-11-22,Kepulauan Bangka Belitung,9,15300.0,True,15700.0,1150.0,2025-11
2025-11-22,Lampung,10,14700.0,True,15700.0,1150.0,2025-11
2025-11-22,Banten,11,14950.0,True,15700.0,1150.0,2025-11
2025-11-22,Jawa Barat,12,14800.0,True,15700.0,1150.0,2025-11
2025-11-22,DKI Jakarta,13,16300.0,True,15700.0,1150.0,2025-11
2025-11-22,Jawa Tengah,14,15050.0,True,15700.0,1150.0,2025-11
2025-11-22,DI Yogyakarta,15,14200.0,True,15700.0,1150.0,2025-11
2025-11-22,Jawa Timur,16,14600.0,True,15700.0,1150.0,2025-11
2025-11-22,Bali,17,15400.0,True,15700.0,1150.0,2025-11
2025-11-22,Nusa Tenggara Barat,18,13900.0,True,15700.0,1150.0,2025-11
2025-11-22,Nusa Tenggara Timur,19,15350.0,True,15700.0,1150.0,2025-11
2025-11-22,Kalimantan Barat,20,16550.0,True,15700.0,1150.0,2025-11
2025-11-22,Kalimantan Selatan,21,17450.0,True,15700.0,1150.0,2025-11
2025-11-22,Kalimantan Tengah,22,17600.0,True,15700.0,1150.0,2025-11
2025-11-22,Kalimantan Timur,23,16300.0,True,15700.0,1150.0,2025-11
2025-11-22,Kalimantan Utara,24,17250.0,True,15700.0,1150.0,2025-11
2025-11-22,Gorontalo,25,15650.0,True,15700.0,1150.0,2025-11
2025-11-22,Sulawesi Selatan,26,14100.0,True,15700.0,1150.0,2025-11
2025-11-22,Sulawesi Tenggara,27,15600.0,True,15700.0,1150.0,2025-11
2025-11-22,Sulawesi Tengah,28,15500.0,True,15700.0,1150.0,2025-11
2025-11-22,Sulawesi Utara,29,15550.0,True,15700.0,1150.0,2025-11
2025-11-22,Sulawesi Barat,30,14350.0,True,15700.0,1150.0,2025-11
2025-11-22,Maluku,31,16700.0,True,15700.0,1150.0,2025-11
2025-11-22,Maluku Utara,32,17200.0,True,15700.0,1150.0,2025-11
2025-11-22,Papua,33,18950.0,True,15700.0,1150.0,2025-11
2025-11-22,Papua Barat,34,16850.0,True,15700.0,1150.0,2025-11
2025-11-23,Aceh,1,14500.0,True,15700.0,1150.0,2025-11
2025-11-23,Sumatera Utara,2,14550.0,True,15700.0,1150.0,2025-11
2025-11-23,Sumatera Barat,3,17050.0,True,15700.0,1150.0,2025-11
2025-11-23,Riau,4,16300.0,True,15700.0,1150.0,2025-11
2025-11-23,Kepulauan Riau,5,14950.0,True,15700.0,1150.0,2025-11
2025-11-23,Jambi,6,15400.0,True,15700.0,1150.0,2025-11
2025-11-23,Bengkulu,7,15500.0,True,15700.0,1150.0,2025-11
2025-11-23,Sumatera Selatan,8,15500.0,True,15700.0,1150.0,2025-11
2025-11-23,Kepulauan Bangka Belitung,9,15300.0,True,15700.0,1150.0,2025-11
2025-11-23,Lampung,10,14700.0,True,15700.0,1150.0,2025-11
2025-11-23,Banten,11,14950.0,True,15700.0,1150.0,2025-11
2025-11-23,Jawa Barat,12,14800.0,True,15700.0,1150.0,2025-11
2025-11-23,DKI Jakarta,13,16300.0,True,15700.0,1150.0,2025-11
2025-11-23,Jawa Tengah,14,15050.0,True,15700.0,1150.0,2025-11
2025-11-23,DI Yogyakarta,15,14200.0,True,15700.0,1150.0,2025-11
2025-11-23,Jawa Timur,16,14600.0,True,15700.0,1150.0,2025-11
2025-11-23,Bali,17,15400.0,True,15700.0,1150.0,2025-11
2025-11-23,Nusa Tenggara Barat,18,13900.0,True,15700.0,1150.0,2025-11
2025-11-23,Nusa Tenggara Timur,19,15350.0,True,15700.0,1150.0,2025-11
2025-11-23,Kalimantan Barat,20,16550.0,True,15700.0,1150.0,2025-11
2025-11-23,Kalimantan Selatan,21,17450.0,True,15700.0,1150.0,2025-11
2025-11-23,Kalimantan Tengah,22,17600.0,True,15700.0,1150.0,2025-11
2025-11-23,Kalimantan Timur,23,16300.0,True,15700.0,1150.0,2025-11
2025-11-23,Kalimantan Utara,24,17250.0,True,15700.0,1150.0,2025-11
2025-11-23,Gorontalo,25,15650.0,True,15700.0,1150.0,2025-11
2025-11-23,Sulawesi Selatan,26,14100.0,True,15700.0,1150.0,2025-11
2025-11-23,Sulawesi Tenggara,27,15600.0,True,15700.0,1150.0,2025-11
2025-11-23,Sulawesi Tengah,28,15500.0,True,15700.0,1150.0,2025-11
2025-11-23,Sulawesi Utara,29,15550.0,True,15700.0,1150.0,2025-11
2025-11-23,Sulawesi Barat,30,14350.0,True,15700.0,1150.0,2025-11
2025-11-23,Maluku,31,16700.0,True,15700.0,1150.0,2025-11
2025-11-23,Maluku Utara,32,17200.0,True,15700.0,1150.0,2025-11
2025-11-23,Papua,33,18950.0,True,15700.0,1150.0,2025-11
2025-11-23,Papua Barat,34,16850.0,True,15700.0,1150.0,2025-11
2025-11-24,Aceh,1,14500.0,True,15700.0,1150.0,2025-11
2025-11-24,Sumatera Utara,2,14550.0,True,15700.0,1150.0,2025-11
2025-11-24,Sumatera Barat,3,17050.0,True,15700.0,1150.0,2025-11
2025-11-24,Riau,4,16300.0,True,15700.0,1150.0,2025-11
2025-11-24,Kepulauan Riau,5,14950.0,True,15700.0,1150.0,2025-11
2025-11-24,Jambi,6,15400.0,True,15700.0,1150.0,2025-11
2025-11-24,Bengkulu,7,15500.0,True,15700.0,1150.0,2025-11
2025-11-24,Sumatera Selatan,8,15450.0,True,15700.0,1150.0,2025-11
2025-11-24,Kepulauan Bangka Belitung,9,15300.0,True,15700.0,1150.0,2025-11
2025-11-24,Lampung,10,14700.0,True,15700.0,1150.0,2025-11
2025-11-24,Banten,11,14950.0,True,15700.0,1150.0,2025-11
2025-11-24,Jawa Barat,12,14800.0,True,15700.0,1150.0,2025-11
2025-11-24,DKI Jakarta,13,16300.0,True,15700.0,1150.0,2025-11
2025-11-24,Jawa Tengah,14,15050.0,True,15700.0,1150.0,2025-11
2025-11-24,DI Yogyakarta,15,14200.0,True,15700.0,1150.0,2025-11
2025-11-24,Jawa Timur,16,14600.0,True,15700.0,1150.0,2025-11
2025-11-24,Bali,17,15400.0,True,15700.0,1150.0,2025-11
2025-11-24,Nusa Tenggara Barat,18,13900.0,True,15700.0,1150.0,2025-11
2025-11-24,Nusa Tenggara Timur,19,15350.0,True,15700.0,1150.0,2025-11
2025-11-24,Kalimantan Barat,20,16550.0,True,15700.0,1150.0,2025-11
2025-11-24,Kalimantan Selatan,21,17450.0,True,15700.0,1150.0,2025-11
2025-11-24,Kalimantan Tengah,22,17550.0,True,15700.0,1150.0,2025-11
2025-11-24,Kalimantan Timur,23,16250.0,True,15700.0,1150.0,2025-11
2025-11-24,Kalimantan Utara,24,17250.0,True,15700.0,1150.0,2025-11
2025-11-24,Gorontalo,25,15600.0,True,15700.0,1150.0,2025-11
2025-11-24,Sulawesi Selatan,26,14100.0,True,15700.0,1150.0,2025-11
2025-11-24,Sulawesi Tenggara,27,15600.0,True,15700.0,1150.0,2025-11
2025-11-24,Sulawesi Tengah,28,15500.0,True,15700.0,1150.0,2025-11
2025-11-24,Sulawesi Utara,29,15150.0,True,15700.0,1150.0,2025-11
2025-11-24,Sulawesi Barat,30,14350.0,True,15700.0,1150.0,2025-11
2025-11-24,Maluku,31,16700.0,True,15700.0,1150.0,2025-11
2025-11-24,Maluku Utara,32,17400.0,True,15700.0,1150.0,2025-11
2025-11-24,Papua,33,18850.0,True,15700.0,1150.0,2025-11
2025-11-24,Papua Barat,34,16850.0,True,15700.0,1150.0,2025-11
2025-11-25,Aceh,1,14500.0,True,15700.0,1150.0,2025-11
2025-11-25,Sumatera Utara,2,14550.0,True,15700.0,1150.0,2025-11
2025-11-25,Sumatera Barat,3,17100.0,True,15700.0,1150.0,2025-11
2025-11-25,Riau,4,16300.0,True,15700.0,1150.0,2025-11
2025-11-25,Kepulauan Riau,5,14950.0,True,15700.0,1150.0,2025-11
2025-11-25,Jambi,6,15400.0,True,15700.0,1150.0,2025-11
2025-11-25,Bengkulu,7,15500.0,True,15700.0,1150.0,2025-11
2025-11-25,Sumatera Selatan,8,15500.0,True,15700.0,1150.0,2025-11
2025-11-25,Kepulauan Bangka Belitung,9,15300.0,True,15700.0,1150.0,2025-11
2025-11-25,Lampung,10,14700.0,True,15700.0,1150.0,2025-11
2025-11-25,Banten,11,14950.0,True,15700.0,1150.0,2025-11
2025-11-25,Jawa Barat,12,14800.0,True,15700.0,1150.0,2025-11
2025-11-25,DKI Jakarta,13,16300.0,True,15700.0,1150.0,2025-11
2025-11-25,Jawa Tengah,14,15050.0,True,15700.0,1150.0,2025-11
2025-11-25,DI Yogyakarta,15,14200.0,True,15700.0,1150.0,2025-11
2025-11-25,Jawa Timur,16,14600.0,True,15700.0,1150.0,2025-11
2025-11-25,Bali,17,15400.0,True,15700.0,1150.0,2025-11
2025-11-25,Nusa Tenggara Barat,18,13900.0,True,15700.0,1150.0,2025-11
2025-11-25,Nusa Tenggara Timur,19,15350.0,True,15700.0,1150.0,2025-11
2025-11-25,Kalimantan Barat,20,16550.0,True,15700.0,1150.0,2025-11
2025-11-25,Kalimantan Selatan,21,17450.0,True,15700.0,1150.0,2025-11
2025-11-25,Kalimantan Tengah,22,17600.0,True,15700.0,1150.0,2025-11
2025-11-25,Kalimantan Timur,23,16250.0,True,15700.0,1150.0,2025-11
2025-11-25,Kalimantan Utara,24,17250.0,True,15700.0,1150.0,2025-11
2025-11-25,Gorontalo,25,15650.0,True,15700.0,1150.0,2025-11
2025-11-25,Sulawesi Selatan,26,14100.0,True,15700.0,1150.0,2025-11
2025-11-25,Sulawesi Tenggara,27,15600.0,True,15700.0,1150.0,2025-11
2025-11-25,Sulawesi Tengah,28,15500.0,True,15700.0,1150.0,2025-11
2025-11-25,Sulawesi Utara,29,15050.0,True,15700.0,1150.0,2025-11
2025-11-25,Sulawesi Barat,30,14350.0,True,15700.0,1150.0,2025-11
2025-11-25,Maluku,31,16700.0,True,15700.0,1150.0,2025-11
2025-11-25,Maluku Utara,32,17400.0,True,15700.0,1150.0,2025-11
2025-11-25,Papua,33,18850.0,True,15700.0,1150.0,2025-11
2025-11-25,Papua Barat,34,16850.0,True,15700.0,1150.0,2025-11
2025-11-26,Aceh,1,14500.0,True,15700.0,1150.0,2025-11
2025-11-26,Sumatera Utara,2,14550.0,True,15700.0,1150.0,2025-11
2025-11-26,Sumatera Barat,3,17100.0,True,15700.0,1150.0,2025-11
2025-11-26,Riau,4,16300.0,True,15700.0,1150.0,2025-11
2025-11-26,Kepulauan Riau,5,14950.0,True,15700.0,1150.0,2025-11
2025-11-26,Jambi,6,15400.0,True,15700.0,1150.0,2025-11
2025-11-26,Bengkulu,7,15500.0,True,15700.0,1150.0,2025-11
2025-11-26,Sumatera Selatan,8,15500.0,True,15700.0,1150.0,2025-11
2025-11-26,Kepulauan Bangka Belitung,9,15300.0,True,15700.0,1150.0,2025-11
2025-11-26,Lampung,10,14700.0,True,15700.0,1150.0,2025-11
2025-11-26,Banten,11,14950.0,True,15700.0,1150.0,2025-11
2025-11-26,Jawa Barat,12,14800.0,True,15700.0,1150.0,2025-11
2025-11-26,DKI Jakarta,13,16300.0,True,15700.0,1150.0,2025-11
2025-11-26,Jawa Tengah,14,15050.0,True,15700.0,1150.0,2025-11
2025-11-26,DI Yogyakarta,15,14200.0,True,15700.0,1150.0,2025-11
2025-11-26,Jawa Timur,16,14600.0,True,15700.0,1150.0,2025-11
2025-11-26,Bali,17,15400.0,True,15700.0,1150.0,2025-11
2025-11-26,Nusa Tenggara Barat,18,13900.0,True,15700.0,1150.0,2025-11
2025-11-26,Nusa Tenggara Timur,19,15350.0,True,15700.0,1150.0,2025-11
2025-11-26,Kalimantan Barat,20,16550.0,True,15700.0,1150.0,2025-11
2025-11-26,Kalimantan Selatan,21,17550.0,True,15700.0,1150.0,2025-11
2025-11-26,Kalimantan Tengah,22,17600.0,True,15700.0,1150.0,2025-11
2025-11-26,Kalimantan Timur,23,16250.0,True,15700.0,1150.0,2025-11
2025-11-26,Kalimantan Utara,24,17250.0,True,15700.0,1150.0,2025-11
2025-11-26,Gorontalo,25,15650.0,True,15700.0,1150.0,2025-11
2025-11-26,Sulawesi Selatan,26,14100.0,True,15700.0,1150.0,2025-11
2025-11-26,Sulawesi Tenggara,27,15600.0,True,15700.0,1150.0,2025-11
2025-11-26,Sulawesi Tengah,28,15400.0,True,15700.0,1150.0,2025-11
2025-11-26,Sulawesi Utara,29,15050.0,True,15700.0,1150.0,2025-11
2025-11-26,Sulawesi Barat,30,14350.0,True,15700.0,1150.0,2025-11
2025-11-26,Maluku,31,16700.0,True,15700.0,1150.0,2025-11
2025-11-26,Maluku Utara,32,17400.0,True,15700.0,1150.0,2025-11
2025-11-26,Papua,33,18850.0,True,15700.0,1150.0,2025-11
2025-11-26,Papua Barat,34,16850.0,True,15700.0,1150.0,2025-11
2025-11-27,Aceh,1,14500.0,True,15700.0,1150.0,2025-11
2025-11-27,Sumatera Utara,2,14550.0,True,15700.0,1150.0,2025-11
2025-11-27,Sumatera Barat,3,17100.0,True,15700.0,1150.0,2025-11
2025-11-27,Riau,4,16300.0,True,15700.0,1150.0,2025-11
2025-11-27,Kepulauan Riau,5,14950.0,True,15700.0,1150.0,2025-11
2025-11-27,Jambi,6,15400.0,True,15700.0,1150.0,2025-11
2025-11-27,Bengkulu,7,15500.0,True,15700.0,1150.0,2025-11
2025-11-27,Sumatera Selatan,8,15500.0,True,15700.0,1150.0,2025-11
2025-11-27,Kepulauan Bangka Belitung,9,15300.0,True,15700.0,1150.0,2025-11
2025-11-27,Lampung,10,14700.0,True,15700.0,1150.0,2025-11
2025-11-27,Banten,11,14950.0,True,15700.0,1150.0,2025-11
2025-11-27,Jawa Barat,12,14800.0,True,15700.0,1150.0,2025-11
2025-11-27,DKI Jakarta,13,16300.0,True,15700.0,1150.0,2025-11
2025-11-27,Jawa Tengah,14,15050.0,True,15700.0,1150.0,2025-11
2025-11-27,DI Yogyakarta,15,14200.0,True,15700.0,1150.0,2025-11
2025-11-27,Jawa Timur,16,14550.0,True,15700.0,1150.0,2025-11
2025-11-27,Bali,17,15400.0,True,15700.0,1150.0,2025-11
2025-11-27,Nusa Tenggara Barat,18,13850.0,True,15700.0,1150.0,2025-11
2025-11-27,Nusa Tenggara Timur,19,15350.0,True,15700.0,1150.0,2025-11
2025-11-27,Kalimantan Barat,20,16550.0,True,15700.0,1150.0,2025-11
2025-11-27,Kalimantan Selatan,21,17550.0,True,15700.0,1150.0,2025-11
2025-11-27,Kalimantan Tengah,22,17550.0,True,15700.0,1150.0,2025-11
2025-11-27,Kalimantan Timur,23,16250.0,True,15700.0,1150.0,2025-11
2025-11-27,Kalimantan Utara,24,17250.0,True,15700.0,1150.0,2025-11
2025-11-27,Gorontalo,25,15650.0,True,15700.0,1150.0,2025-11
2025-11-27,Sulawesi Selatan,26,14100.0,True,15700.0,1150.0,2025-11
2025-11-27,Sulawesi Tenggara,27,15600.0,True,15700.0,1150.0,2025-11
2025-11-27,Sulawesi Tengah,28,15400.0,True,15700.0,1150.0,2025-11
2025-11-27,Sulawesi Utara,29,15000.0,True,15700.0,1150.0,2025-11
2025-11-27,Sulawesi Barat,30,14350.0,True,15700.0,1150.0,2025-11
2025-11-27,Maluku,31,16700.0,True,15700.0,1150.0,2025-11
2025-11-27,Maluku Utara,32,17400.0,True,15700.0,1150.0,2025-11
2025-11-27,Papua,33,18850.0,True,15700.0,1150.0,2025-11
2025-11-27,Papua Barat,34,16850.0,True,15700.0,1150.0,2025-11
2025-11-28,Aceh,1,14500.0,True,15700.0,1200.0,2025-11
2025-11-28,Sumatera Utara,2,14550.0,True,15700.0,1200.0,2025-11
2025-11-28,Sumatera Barat,3,17150.0,True,15700.0,1200.0,2025-11
2025-11-28,Riau,4,16250.0,True,15700.0,1200.0,2025-11
2025-11-28,Kepulauan Riau,5,14950.0,True,15700.0,1200.0,2025-11
2025-11-28,Jambi,6,15400.0,True,15700.0,1200.0,2025-11
2025-11-28,Bengkulu,7,15550.0,True,15700.0,1200.0,2025-11
2025-11-28,Sumatera Selatan,8,15450.0,True,15700.0,1200.0,2025-11
2025-11-28,Kepulauan Bangka Belitung,9,15300.0,True,15700.0,1200.0,2025-11
2025-11-28,Lampung,10,14700.0,True,15700.0,1200.0,2025-11
2025-11-28,Banten,11,14950.0,True,15700.0,1200.0,2025-11
2025-11-28,Jawa Barat,12,14800.0,True,15700.0,1200.0,2025-11
2025-11-28,DKI Jakarta,13,16300.0,True,15700.0,1200.0,2025-11
2025-11-28,Jawa Tengah,14,15050.0,True,15700.0,1200.0,2025-11
2025-11-28,DI Yogyakarta,15,14200.0,True,15700.0,1200.0,2025-11
2025-11-28,Jawa Timur,16,14600.0,True,15700.0,1200.0,2025-11
2025-11-28,Bali,17,15400.0,True,15700.0,1200.0,2025-11
2025-11-28,Nusa Tenggara Barat,18,13850.0,True,15700.0,1200.0,2025-11
2025-11-28,Nusa Tenggara Timur,19,15350.0,True,15700.0,1200.0,2025-11
2025-11-28,Kalimantan Barat,20,16550.0,True,15700.0,1200.0,2025-11
2025-11-28,Kalimantan Selatan,21,17550.0,True,15700.0,1200.0,2025-11
2025-11-28,Kalimantan Tengah,22,17550.0,True,15700.0,1200.0,2025-11
2025-11-28,Kalimantan Timur,23,16250.0,True,15700.0,1200.0,2025-11
2025-11-28,Kalimantan Utara,24,17250.0,True,15700.0,1200.0,2025-11
2025-11-28,Gorontalo,25,15650.0,True,15700.0,1200.0,2025-11
2025-11-28,Sulawesi Selatan,26,14100.0,True,15700.0,1200.0,2025-11
2025-11-28,Sulawesi Tenggara,27,15600.0,True,15700.0,1200.0,2025-11
2025-11-28,Sulawesi Tengah,28,15400.0,True,15700.0,1200.0,2025-11
2025-11-28,Sulawesi Utara,29,14900.0,True,15700.0,1200.0,2025-11
2025-11-28,Sulawesi Barat,30,14350.0,True,15700.0,1200.0,2025-11
2025-11-28,Maluku,31,16700.0,True,15700.0,1200.0,2025-11
2025-11-28,Maluku Utara,32,17400.0,True,15700.0,1200.0,2025-11
2025-11-28,Papua,33,18950.0,True,15700.0,1200.0,2025-11
2025-11-28,Papua Barat,34,16850.0,True,15700.0,1200.0,2025-11
2025-11-29,Aceh,1,14500.0,True,15700.0,1200.0,2025-11
2025-11-29,Sumatera Utara,2,14550.0,True,15700.0,1200.0,2025-11
2025-11-29,Sumatera Barat,3,17150.0,True,15700.0,1200.0,2025-11
2025-11-29,Riau,4,16250.0,True,15700.0,1200.0,2025-11
2025-11-29,Kepulauan Riau,5,14950.0,True,15700.0,1200.0,2025-11
2025-11-29,Jambi,6,15400.0,True,15700.0,1200.0,2025-11
2025-11-29,Bengkulu,7,15550.0,True,15700.0,1200.0,2025-11
2025-11-29,Sumatera Selatan,8,15450.0,True,15700.0,1200.0,2025-11
2025-11-29,Kepulauan Bangka Belitung,9,15300.0,True,15700.0,1200.0,2025-11
2025-11-29,Lampung,10,14700.0,True,15700.0,1200.0,2025-11
2025-11-29,Banten,11,14950.0,True,15700.0,1200.0,2025-11
2025-11-29,Jawa Barat,12,14800.0,True,15700.0,1200.0,2025-11
2025-11-29,DKI Jakarta,13,16300.0,True,15700.0,1200.0,2025-11
2025-11-29,Jawa Tengah,14,15050.0,True,15700.0,1200.0,2025-11
2025-11-29,DI Yogyakarta,15,14200.0,True,15700.0,1200.0,2025-11
2025-11-29,Jawa Timur,16,14600.0,True,15700.0,1200.0,2025-11
2025-11-29,Bali,17,15400.0,True,15700.0,1200.0,2025-11
2025-11-29,Nusa Tenggara Barat,18,13850.0,True,15700.0,1200.0,2025-11
2025-11-29,Nusa Tenggara Timur,19,15350.0,True,15700.0,1200.0,2025-11
2025-11-29,Kalimantan Barat,20,16550.0,True,15700.0,1200.0,2025-11
2025-11-29,Kalimantan Selatan,21,17550.0,True,15700.0,1200.0,2025-11
2025-11-29,Kalimantan Tengah,22,17550.0,True,15700.0,1200.0,2025-11
2025-11-29,Kalimantan Timur,23,16250.0,True,15700.0,1200.0,2025-11
2025-11-29,Kalimantan Utara,24,17250.0,True,15700.0,1200.0,2025-11
2025-11-29,Gorontalo,25,15650.0,True,15700.0,1200.0,2025-11
2025-11-29,Sulawesi Selatan,26,14100.0,True,15700.0,1200.0,2025-11
2025-11-29,Sulawesi Tenggara,27,15600.0,True,15700.0,1200.0,2025-11
2025-11-29,Sulawesi Tengah,28,15400.0,True,15700.0,1200.0,2025-11
2025-11-29,Sulawesi Utara,29,14900.0,True,15700.0,1200.0,2025-11
2025-11-29,Sulawesi Barat,30,14350.0,True,15700.0,1200.0,2025-11
2025-11-29,Maluku,31,16700.0,True,15700.0,1200.0,2025-11
2025-11-29,Maluku Utara,32,17400.0,True,15700.0,1200.0,2025-11
2025-11-29,Papua,33,18950.0,True,15700.0,1200.0,2025-11
2025-11-29,Papua Barat,34,16850.0,True,15700.0,1200.0,2025-11
2025-11-30,Aceh,1,14500.0,True,15700.0,1200.0,2025-11
2025-11-30,Sumatera Utara,2,14550.0,True,15700.0,1200.0,2025-11
2025-11-30,Sumatera Barat,3,17150.0,True,15700.0,1200.0,2025-11
2025-11-30,Riau,4,16250.0,True,15700.0,1200.0,2025-11
2025-11-30,Kepulauan Riau,5,14950.0,True,15700.0,1200.0,2025-11
2025-11-30,Jambi,6,15400.0,True,15700.0,1200.0,2025-11
2025-11-30,Bengkulu,7,15550.0,True,15700.0,1200.0,2025-11
2025-11-30,Sumatera Selatan,8,15450.0,True,15700.0,1200.0,2025-11
2025-11-30,Kepulauan Bangka Belitung,9,15300.0,True,15700.0,1200.0,2025-11
2025-11-30,Lampung,10,14700.0,True,15700.0,1200.0,2025-11
2025-11-30,Banten,11,14950.0,True,15700.0,1200.0,2025-11
2025-11-30,Jawa Barat,12,14800.0,True,15700.0,1200.0,2025-11
2025-11-30,DKI Jakarta,13,16300.0,True,15700.0,1200.0,2025-11
2025-11-30,Jawa Tengah,14,15050.0,True,15700.0,1200.0,2025-11
2025-11-30,DI Yogyakarta,15,14200.0,True,15700.0,1200.0,2025-11
2025-11-30,Jawa Timur,16,14600.0,True,15700.0,1200.0,2025-11
2025-11-30,Bali,17,15400.0,True,15700.0,1200.0,2025-11
2025-11-30,Nusa Tenggara Barat,18,13850.0,True,15700.0,1200.0,2025-11
2025-11-30,Nusa Tenggara Timur,19,15350.0,True,15700.0,1200.0,2025-11
2025-11-30,Kalimantan Barat,20,16550.0,True,15700.0,1200.0,2025-11
2025-11-30,Kalimantan Selatan,21,17550.0,True,15700.0,1200.0,2025-11
2025-11-30,Kalimantan Tengah,22,17550.0,True,15700.0,1200.0,2025-11
2025-11-30,Kalimantan Timur,23,16250.0,True,15700.0,1200.0,2025-11
2025-11-30,Kalimantan Utara,24,17250.0,True,15700.0,1200.0,2025-11
2025-11-30,Gorontalo,25,15650.0,True,15700.0,1200.0,2025-11
2025-11-30,Sulawesi Selatan,26,14100.0,True,15700.0,1200.0,2025-11
2025-11-30,Sulawesi Tenggara,27,15600.0,True,15700.0,1200.0,2025-11
2025-11-30,Sulawesi Tengah,28,15400.0,True,15700.0,1200.0,2025-11
2025-11-30,Sulawesi Utara,29,14900.0,True,15700.0,1200.0,2025-11
2025-11-30,Sulawesi Barat,30,14350.0,True,15700.0,1200.0,2025-11
2025-11-30,Maluku,31,16700.0,True,15700.0,1200.0,2025-11
2025-11-30,Maluku Utara,32,17400.0,True,15700.0,1200.0,2025-11
2025-11-30,Papua,33,18950.0,True,15700.0,1200.0,2025-11
2025-11-30,Papua Barat,34,16850.0,True,15700.0,1200.0,2025-11
2025-12-01,Aceh,1,14500.0,True,15700.0,1200.0,2025-12
2025-12-01,Sumatera Utara,2,14700.0,True,15700.0,1200.0,2025-12
2025-12-01,Sumatera Barat,3,17600.0,True,15700.0,1200.0,2025-12
2025-12-01,Riau,4,16250.0,True,15700.0,1200.0,2025-12
2025-12-01,Kepulauan Riau,5,14950.0,True,15700.0,1200.0,2025-12
2025-12-01,Jambi,6,15400.0,True,15700.0,1200.0,2025-12
2025-12-01,Bengkulu,7,15550.0,True,15700.0,1200.0,2025-12
2025-12-01,Sumatera Selatan,8,15500.0,True,15700.0,1200.0,2025-12
2025-12-01,Kepulauan Bangka Belitung,9,15300.0,True,15700.0,1200.0,2025-12
2025-12-01,Lampung,10,14600.0,True,15700.0,1200.0,2025-12
2025-12-01,Banten,11,14950.0,True,15700.0,1200.0,2025-12
2025-12-01,Jawa Barat,12,14800.0,True,15700.0,1200.0,2025-12
2025-12-01,DKI Jakarta,13,16300.0,True,15700.0,1200.0,2025-12
2025-12-01,Jawa Tengah,14,15050.0,True,15700.0,1200.0,2025-12
2025-12-01,DI Yogyakarta,15,14200.0,True,15700.0,1200.0,2025-12
2025-12-01,Jawa Timur,16,14600.0,True,15700.0,1200.0,2025-12
2025-12-01,Bali,17,15400.0,True,15700.0,1200.0,2025-12
2025-12-01,Nusa Tenggara Barat,18,13850.0,True,15700.0,1200.0,2025-12
2025-12-01,Nusa Tenggara Timur,19,15350.0,True,15700.0,1200.0,2025-12
2025-12-01,Kalimantan Barat,20,16550.0,True,15700.0,1200.0,2025-12
2025-12-01,Kalimantan Selatan,21,17550.0,True,15700.0,1200.0,2025-12
2025-12-01,Kalimantan Tengah,22,17550.0,True,15700.0,1200.0,2025-12
2025-12-01,Kalimantan Timur,23,16250.0,True,15700.0,1200.0,2025-12
2025-12-01,Kalimantan Utara,24,17250.0,True,15700.0,1200.0,2025-12
2025-12-01,Gorontalo,25,15650.0,True,15700.0,1200.0,2025-12
2025-12-01,Sulawesi Selatan,26,14100.0,True,15700.0,1200.0,2025-12
2025-12-01,Sulawesi Tenggara,27,15600.0,True,15700.0,1200.0,2025-12
2025-12-01,Sulawesi Tengah,28,15400.0,True,15700.0,1200.0,2025-12
2025-12-01,Sulawesi Utara,29,14900.0,True,15700.0,1200.0,2025-12
2025-12-01,Sulawesi Barat,30,14350.0,True,15700.0,1200.0,2025-12
2025-12-01,Maluku,31,16700.0,True,15700.0,1200.0,2025-12
2025-12-01,Maluku Utara,32,17400.0,True,15700.0,1200.0,2025-12
2025-12-01,Papua,33,18950.0,True,15700.0,1200.0,2025-12
2025-12-01,Papua Barat,34,16850.0,True,15700.0,1200.0,2025-12
2025-12-02,Aceh,1,14500.0,True,15700.0,1200.0,2025-12
2025-12-02,Sumatera Utara,2,14700.0,True,15700.0,1200.0,2025-12
2025-12-02,Sumatera Barat,3,17600.0,True,15700.0,1200.0,2025-12
2025-12-02,Riau,4,16250.0,True,15700.0,1200.0,2025-12
2025-12-02,Kepulauan Riau,5,14950.0,True,15700.0,1200.0,2025-12
2025-12-02,Jambi,6,15400.0,True,15700.0,1200.0,2025-12
2025-12-02,Bengkulu,7,15550.0,True,15700.0,1200.0,2025-12
2025-12-02,Sumatera Selatan,8,15500.0,True,15700.0,1200.0,2025-12
2025-12-02,Kepulauan Bangka Belitung,9,15300.0,True,15700.0,1200.0,2025-12
2025-12-02,Lampung,10,14600.0,True,15700.0,1200.0,2025-12
2025-12-02,Banten,11,14950.0,True,15700.0,1200.0,2025-12
2025-12-02,Jawa Barat,12,14800.0,True,15700.0,1200.0,2025-12
2025-12-02,DKI Jakarta,13,16300.0,True,15700.0,1200.0,2025-12
2025-12-02,Jawa Tengah,14,15050.0,True,15700.0,1200.0,2025-12
2025-12-02,DI Yogyakarta,15,14200.0,True,15700.0,1200.0,2025-12
2025-12-02,Jawa Timur,16,14600.0,True,15700.0,1200.0,2025-12
2025-12-02,Bali,17,15400.0,True,15700.0,1200.0,2025-12
2025-12-02,Nusa Tenggara Barat,18,13850.0,True,15700.0,1200.0,2025-12
2025-12-02,Nusa Tenggara Timur,19,15350.0,True,15700.0,1200.0,2025-12
2025-12-02,Kalimantan Barat,20,16550.0,True,15700.0,1200.0,2025-12
2025-12-02,Kalimantan Selatan,21,17550.0,True,15700.0,1200.0,2025-12
2025-12-02,Kalimantan Tengah,22,17550.0,True,15700.0,1200.0,2025-12
2025-12-02,Kalimantan Timur,23,16250.0,True,15700.0,1200.0,2025-12
2025-12-02,Kalimantan Utara,24,17250.0,True,15700.0,1200.0,2025-12
2025-12-02,Gorontalo,25,15650.0,True,15700.0,1200.0,2025-12
2025-12-02,Sulawesi Selatan,26,14100.0,True,15700.0,1200.0,2025-12
2025-12-02,Sulawesi Tenggara,27,15600.0,True,15700.0,1200.0,2025-12
2025-12-02,Sulawesi Tengah,28,15400.0,True,15700.0,1200.0,2025-12
2025-12-02,Sulawesi Utara,29,14850.0,True,15700.0,1200.0,2025-12
2025-12-02,Sulawesi Barat,30,14350.0,True,15700.0,1200.0,2025-12
2025-12-02,Maluku,31,16700.0,True,15700.0,1200.0,2025-12
2025-12-02,Maluku Utara,32,17400.0,True,15700.0,1200.0,2025-12
2025-12-02,Papua,33,18950.0,True,15700.0,1200.0,2025-12
2025-12-02,Papua Barat,34,16850.0,True,15700.0,1200.0,2025-12
2025-12-03,Aceh,1,14500.0,True,15700.0,1200.0,2025-12
2025-12-03,Sumatera Utara,2,14750.0,True,15700.0,1200.0,2025-12
2025-12-03,Sumatera Barat,3,17900.0,True,15700.0,1200.0,2025-12
2025-12-03,Riau,4,16250.0,True,15700.0,1200.0,2025-12
2025-12-03,Kepulauan Riau,5,14900.0,True,15700.0,1200.0,2025-12
2025-12-03,Jambi,6,15400.0,True,15700.0,1200.0,2025-12
2025-12-03,Bengkulu,7,15550.0,True,15700.0,1200.0,2025-12
2025-12-03,Sumatera Selatan,8,15500.0,True,15700.0,1200.0,2025-12
2025-12-03,Kepulauan Bangka Belitung,9,15300.0,True,15700.0,1200.0,2025-12
2025-12-03,Lampung,10,14600.0,True,15700.0,1200.0,2025-12
2025-12-03,Banten,11,14950.0,True,15700.0,1200.0,2025-12
2025-12-03,Jawa Barat,12,14800.0,True,15700.0,1200.0,2025-12
2025-12-03,DKI Jakarta,13,16300.0,True,15700.0,1200.0,2025-12
2025-12-03,Jawa Tengah,14,15050.0,True,15700.0,1200.0,2025-12
2025-12-03,DI Yogyakarta,15,14200.0,True,15700.0,1200.0,2025-12
2025-12-03,Jawa Timur,16,14600.0,True,15700.0,1200.0,2025-12
2025-12-03,Bali,17,15400.0,True,15700.0,1200.0,2025-12
2025-12-03,Nusa Tenggara Barat,18,13850.0,True,15700.0,1200.0,2025-12
2025-12-03,Nusa Tenggara Timur,19,15350.0,True,15700.0,1200.0,2025-12
2025-12-03,Kalimantan Barat,20,16550.0,True,15700.0,1200.0,2025-12
2025-12-03,Kalimantan Selatan,21,17550.0,True,15700.0,1200.0,2025-12
2025-12-03,Kalimantan Tengah,22,17600.0,True,15700.0,1200.0,2025-12
2025-12-03,Kalimantan Timur,23,16250.0,True,15700.0,1200.0,2025-12
2025-12-03,Kalimantan Utara,24,17250.0,True,15700.0,1200.0,2025-12
2025-12-03,Gorontalo,25,15650.0,True,15700.0,1200.0,2025-12
2025-12-03,Sulawesi Selatan,26,14100.0,True,15700.0,1200.0,2025-12
2025-12-03,Sulawesi Tenggara,27,15600.0,True,15700.0,1200.0,2025-12
2025-12-03,Sulawesi Tengah,28,15400.0,True,15700.0,1200.0,2025-12
2025-12-03,Sulawesi Utara,29,14850.0,True,15700.0,1200.0,2025-12
2025-12-03,Sulawesi Barat,30,14350.0,True,15700.0,1200.0,2025-12
2025-12-03,Maluku,31,16700.0,True,15700.0,1200.0,2025-12
2025-12-03,Maluku Utara,32,17400.0,True,15700.0,1200.0,2025-12
2025-12-03,Papua,33,18900.0,True,15700.0,1200.0,2025-12
2025-12-03,Papua Barat,34,16850.0,True,15700.0,1200.0,2025-12
2025-12-04,Aceh,1,14500.0,True,15700.0,1200.0,2025-12
2025-12-04,Sumatera Utara,2,14750.0,True,15700.0,1200.0,2025-12
2025-12-04,Sumatera Barat,3,17850.0,True,15700.0,1200.0,2025-12
2025-12-04,Riau,4,16250.0,True,15700.0,1200.0,2025-12
2025-12-04,Kepulauan Riau,5,14950.0,True,15700.0,1200.0,2025-12
2025-12-04,Jambi,6,15400.0,True,15700.0,1200.0,2025-12
2025-12-04,Bengkulu,7,15550.0,True,15700.0,1200.0,2025-12
2025-12-04,Sumatera Selatan,8,15500.0,True,15700.0,1200.0,2025-12
2025-12-04,Kepulauan Bangka Belitung,9,15300.0,True,15700.0,1200.0,2025-12
2025-12-04,Lampung,10,14600.0,True,15700.0,1200.0,2025-12
2025-12-04,Banten,11,14950.0,True,15700.0,1200.0,2025-12
2025-12-04,Jawa Barat,12,14800.0,True,15700.0,1200.0,2025-12
2025-12-04,DKI Jakarta,13,16300.0,True,15700.0,1200.0,2025-12
2025-12-04,Jawa Tengah,14,15050.0,True,15700.0,1200.0,2025-12
2025-12-04,DI Yogyakarta,15,14200.0,True,15700.0,1200.0,2025-12
2025-12-04,Jawa Timur,16,14600.0,True,15700.0,1200.0,2025-12
2025-12-04,Bali,17,15400.0,True,15700.0,1200.0,2025-12
2025-12-04,Nusa Tenggara Barat,18,13850.0,True,15700.0,1200.0,2025-12
2025-12-04,Nusa Tenggara Timur,19,15300.0,True,15700.0,1200.0,2025-12
2025-12-04,Kalimantan Barat,20,16550.0,True,15700.0,1200.0,2025-12
2025-12-04,Kalimantan Selatan,21,17550.0,True,15700.0,1200.0,2025-12
2025-12-04,Kalimantan Tengah,22,17600.0,True,15700.0,1200.0,2025-12
2025-12-04,Kalimantan Timur,23,16250.0,True,15700.0,1200.0,2025-12
2025-12-04,Kalimantan Utara,24,17250.0,True,15700.0,1200.0,2025-12
2025-12-04,Gorontalo,25,15650.0,True,15700.0,1200.0,2025-12
2025-12-04,Sulawesi Selatan,26,14100.0,True,15700.0,1200.0,2025-12
2025-12-04,Sulawesi Tenggara,27,15600.0,True,15700.0,1200.0,2025-12
2025-12-04,Sulawesi Tengah,28,15400.0,True,15700.0,1200.0,2025-12
2025-12-04,Sulawesi Utara,29,14850.0,True,15700.0,1200.0,2025-12
2025-12-04,Sulawesi Barat,30,14300.0,True,15700.0,1200.0,2025-12
2025-12-04,Maluku,31,16700.0,True,15700.0,1200.0,2025-12
2025-12-04,Maluku Utara,32,17400.0,True,15700.0,1200.0,2025-12
2025-12-04,Papua,33,18850.0,True,15700.0,1200.0,2025-12
2025-12-04,Papua Barat,34,16850.0,True,15700.0,1200.0,2025-12
2025-12-05,Aceh,1,14500.0,True,15700.0,1200.0,2025-12
2025-12-05,Sumatera Utara,2,14750.0,True,15700.0,1200.0,2025-12
2025-12-05,Sumatera Barat,3,17850.0,True,15700.0,1200.0,2025-12
2025-12-05,Riau,4,16300.0,True,15700.0,1200.0,2025-12
2025-12-05,Kepulauan Riau,5,14950.0,True,15700.0,1200.0,2025-12
2025-12-05,Jambi,6,15400.0,True,15700.0,1200.0,2025-12
2025-12-05,Bengkulu,7,15500.0,True,15700.0,1200.0,2025-12
2025-12-05,Sumatera Selatan,8,15500.0,True,15700.0,1200.0,2025-12
2025-12-05,Kepulauan Bangka Belitung,9,15300.0,True,15700.0,1200.0,2025-12
2025-12-05,Lampung,10,14600.0,True,15700.0,1200.0,2025-12
2025-12-05,Banten,11,14950.0,True,15700.0,1200.0,2025-12
2025-12-05,Jawa Barat,12,14800.0,True,15700.0,1200.0,2025-12
2025-12-05,DKI Jakarta,13,16300.0,True,15700.0,1200.0,2025-12
2025-12-05,Jawa Tengah,14,15050.0,True,15700.0,1200.0,2025-12
2025-12-05,DI Yogyakarta,15,14200.0,True,15700.0,1200.0,2025-12
2025-12-05,Jawa Timur,16,14600.0,True,15700.0,1200.0,2025-12
2025-12-05,Bali,17,15400.0,True,15700.0,1200.0,2025-12
2025-12-05,Nusa Tenggara Barat,18,13850.0,True,15700.0,1200.0,2025-12
2025-12-05,Nusa Tenggara Timur,19,15300.0,True,15700.0,1200.0,2025-12
2025-12-05,Kalimantan Barat,20,16550.0,True,15700.0,1200.0,2025-12
2025-12-05,Kalimantan Selatan,21,17550.0,True,15700.0,1200.0,2025-12
2025-12-05,Kalimantan Tengah,22,17600.0,True,15700.0,1200.0,2025-12
2025-12-05,Kalimantan Timur,23,16250.0,True,15700.0,1200.0,2025-12
2025-12-05,Kalimantan Utara,24,17250.0,True,15700.0,1200.0,2025-12
2025-12-05,Gorontalo,25,15650.0,True,15700.0,1200.0,2025-12
2025-12-05,Sulawesi Selatan,26,14100.0,True,15700.0,1200.0,2025-12
2025-12-05,Sulawesi Tenggara,27,15550.0,True,15700.0,1200.0,2025-12
2025-12-05,Sulawesi Tengah,28,15400.0,True,15700.0,1200.0,2025-12
2025-12-05,Sulawesi Utara,29,14850.0,True,15700.0,1200.0,2025-12
2025-12-05,Sulawesi Barat,30,14300.0,True,15700.0,1200.0,2025-12
2025-12-05,Maluku,31,16700.0,True,15700.0,1200.0,2025-12
2025-12-05,Maluku Utara,32,17400.0,True,15700.0,1200.0,2025-12
2025-12-05,Papua,33,18850.0,True,15700.0,1200.0,2025-12
2025-12-05,Papua Barat,34,16850.0,True,15700.0,1200.0,2025-12
2025-12-06,Aceh,1,14500.0,True,15700.0,1200.0,2025-12
2025-12-06,Sumatera Utara,2,14750.0,True,15700.0,1200.0,2025-12
2025-12-06,Sumatera Barat,3,17850.0,True,15700.0,1200.0,2025-12
2025-12-06,Riau,4,16300.0,True,15700.0,1200.0,2025-12
2025-12-06,Kepulauan Riau,5,14950.0,True,15700.0,1200.0,2025-12
2025-12-06,Jambi,6,15400.0,True,15700.0,1200.0,2025-12
2025-12-06,Bengkulu,7,15500.0,True,15700.0,1200.0,2025-12
2025-12-06,Sumatera Selatan,8,15500.0,True,15700.0,1200.0,2025-12
2025-12-06,Kepulauan Bangka Belitung,9,15300.0,True,15700.0,1200.0,2025-12
2025-12-06,Lampung,10,14600.0,True,15700.0,1200.0,2025-12
2025-12-06,Banten,11,14950.0,True,15700.0,1200.0,2025-12
2025-12-06,Jawa Barat,12,14800.0,True,15700.0,1200.0,2025-12
2025-12-06,DKI Jakarta,13,16300.0,True,15700.0,1200.0,2025-12
2025-12-06,Jawa Tengah,14,15050.0,True,15700.0,1200.0,2025-12
2025-12-06,DI Yogyakarta,15,14200.0,True,15700.0,1200.0,2025-12
2025-12-06,Jawa Timur,16,14600.0,True,15700.0,1200.0,2025-12
2025-12-06,Bali,17,15400.0,True,15700.0,1200.0,2025-12
2025-12-06,Nusa Tenggara Barat,18,13850.0,True,15700.0,1200.0,2025-12
2025-12-06,Nusa Tenggara Timur,19,15300.0,True,15700.0,1200.0,2025-12
2025-12-06,Kalimantan Barat,20,16550.0,True,15700.0,1200.0,2025-12
2025-12-06,Kalimantan Selatan,21,17550.0,True,15700.0,1200.0,2025-12
2025-12-06,Kalimantan Tengah,22,17600.0,True,15700.0,1200.0,2025-12
2025-12-06,Kalimantan Timur,23,16250.0,True,15700.0,1200.0,2025-12
2025-12-06,Kalimantan Utara,24,17250.0,True,15700.0,1200.0,2025-12
2025-12-06,Gorontalo,25,15650.0,True,15700.0,1200.0,2025-12
2025-12-06,Sulawesi Selatan,26,14100.0,True,15700.0,1200.0,2025-12
2025-12-06,Sulawesi Tenggara,27,15550.0,True,15700.0,1200.0,2025-12
2025-12-06,Sulawesi Tengah,28,15400.0,True,15700.0,1200.0,2025-12
2025-12-06,Sulawesi Utara,29,14850.0,True,15700.0,1200.0,2025-12
2025-12-06,Sulawesi Barat,30,14300.0,True,15700.0,1200.0,2025-12
2025-12-06,Maluku,31,16700.0,True,15700.0,1200.0,2025-12
2025-12-06,Maluku Utara,32,17400.0,True,15700.0,1200.0,2025-12
2025-12-06,Papua,33,18850.0,True,15700.0,1200.0,2025-12
2025-12-06,Papua Barat,34,16850.0,True,15700.0,1200.0,2025-12
2025-12-07,Aceh,1,14500.0,True,15700.0,1200.0,2025-12
2025-12-07,Sumatera Utara,2,14750.0,True,15700.0,1200.0,2025-12
2025-12-07,Sumatera Barat,3,17850.0,True,15700.0,1200.0,2025-12
2025-12-07,Riau,4,16300.0,True,15700.0,1200.0,2025-12
2025-12-07,Kepulauan Riau,5,14950.0,True,15700.0,1200.0,2025-12
2025-12-07,Jambi,6,15400.0,True,15700.0,1200.0,2025-12
2025-12-07,Bengkulu,7,15500.0,True,15700.0,1200.0,2025-12
2025-12-07,Sumatera Selatan,8,15500.0,True,15700.0,1200.0,2025-12
2025-12-07,Kepulauan Bangka Belitung,9,15300.0,True,15700.0,1200.0,2025-12
2025-12-07,Lampung,10,14600.0,True,15700.0,1200.0,2025-12
2025-12-07,Banten,11,14950.0,True,15700.0,1200.0,2025-12
2025-12-07,Jawa Barat,12,14800.0,True,15700.0,1200.0,2025-12
2025-12-07,DKI Jakarta,13,16300.0,True,15700.0,1200.0,2025-12
2025-12-07,Jawa Tengah,14,15050.0,True,15700.0,1200.0,2025-12
2025-12-07,DI Yogyakarta,15,14200.0,True,15700.0,1200.0,2025-12
2025-12-07,Jawa Timur,16,14600.0,True,15700.0,1200.0,2025-12
2025-12-07,Bali,17,15400.0,True,15700.0,1200.0,2025-12
2025-12-07,Nusa Tenggara Barat,18,13850.0,True,15700.0,1200.0,2025-12
2025-12-07,Nusa Tenggara Timur,19,15300.0,True,15700.0,1200.0,2025-12
2025-12-07,Kalimantan Barat,20,16550.0,True,15700.0,1200.0,2025-12
2025-12-07,Kalimantan Selatan,21,17550.0,True,15700.0,1200.0,2025-12
2025-12-07,Kalimantan Tengah,22,17600.0,True,15700.0,1200.0,2025-12
2025-12-07,Kalimantan Timur,23,16250.0,True,15700.0,1200.0,2025-12
2025-12-07,Kalimantan Utara,24,17250.0,True,15700.0,1200.0,2025-12
2025-12-07,Gorontalo,25,15650.0,True,15700.0,1200.0,2025-12
2025-12-07,Sulawesi Selatan,26,14100.0,True,15700.0,1200.0,2025-12
2025-12-07,Sulawesi Tenggara,27,15550.0,True,15700.0,1200.0,2025-12
2025-12-07,Sulawesi Tengah,28,15400.0,True,15700.0,1200.0,2025-12
2025-12-07,Sulawesi Utara,29,14850.0,True,15700.0,1200.0,2025-12
2025-12-07,Sulawesi Barat,30,14300.0,True,15700.0,1200.0,2025-12
2025-12-07,Maluku,31,16700.0,True,15700.0,1200.0,2025-12
2025-12-07,Maluku Utara,32,17400.0,True,15700.0,1200.0,2025-12
2025-12-07,Papua,33,18850.0,True,15700.0,1200.0,2025-12
2025-12-07,Papua Barat,34,16850.0,True,15700.0,1200.0,2025-12
2025-12-08,Aceh,1,14600.0,True,15700.0,1200.0,2025-12
2025-12-08,Sumatera Utara,2,14750.0,True,15700.0,1200.0,2025-12
2025-12-08,Sumatera Barat,3,17950.0,True,15700.0,1200.0,2025-12
2025-12-08,Riau,4,16300.0,True,15700.0,1200.0,2025-12
2025-12-08,Kepulauan Riau,5,14950.0,True,15700.0,1200.0,2025-12
2025-12-08,Jambi,6,15400.0,True,15700.0,1200.0,2025-12
2025-12-08,Bengkulu,7,15500.0,True,15700.0,1200.0,2025-12
2025-12-08,Sumatera Selatan,8,15500.0,True,15700.0,1200.0,2025-12
2025-12-08,Kepulauan Bangka Belitung,9,15300.0,True,15700.0,1200.0,2025-12
2025-12-08,Lampung,10,14600.0,True,15700.0,1200.0,2025-12
2025-12-08,Banten,11,14950.0,True,15700.0,1200.0,2025-12
2025-12-08,Jawa Barat,12,14800.0,True,15700.0,1200.0,2025-12
2025-12-08,DKI Jakarta,13,16300.0,True,15700.0,1200.0,2025-12
2025-12-08,Jawa Tengah,14,15050.0,True,15700.0,1200.0,2025-12
2025-12-08,DI Yogyakarta,15,14200.0,True,15700.0,1200.0,2025-12
2025-12-08,Jawa Timur,16,14600.0,True,15700.0,1200.0,2025-12
2025-12-08,Bali,17,15400.0,True,15700.0,1200.0,2025-12
2025-12-08,Nusa Tenggara Barat,18,13850.0,True,15700.0,1200.0,2025-12
2025-12-08,Nusa Tenggara Timur,19,15300.0,True,15700.0,1200.0,2025-12
2025-12-08,Kalimantan Barat,20,16550.0,True,15700.0,1200.0,2025-12
2025-12-08,Kalimantan Selatan,21,17550.0,True,15700.0,1200.0,2025-12
2025-12-08,Kalimantan Tengah,22,17600.0,True,15700.0,1200.0,2025-12
2025-12-08,Kalimantan Timur,23,16250.0,True,15700.0,1200.0,2025-12
2025-12-08,Kalimantan Utara,24,17250.0,True,15700.0,1200.0,2025-12
2025-12-08,Gorontalo,25,15650.0,True,15700.0,1200.0,2025-12
2025-12-08,Sulawesi Selatan,26,14100.0,True,15700.0,1200.0,2025-12
2025-12-08,Sulawesi Tenggara,27,15550.0,True,15700.0,1200.0,2025-12
2025-12-08,Sulawesi Tengah,28,15400.0,True,15700.0,1200.0,2025-12
2025-12-08,Sulawesi Utara,29,14850.0,True,15700.0,1200.0,2025-12
2025-12-08,Sulawesi Barat,30,14300.0,True,15700.0,1200.0,2025-12
2025-12-08,Maluku,31,16700.0,True,15700.0,1200.0,2025-12
2025-12-08,Maluku Utara,32,17400.0,True,15700.0,1200.0,2025-12
2025-12-08,Papua,33,18750.0,True,15700.0,1200.0,2025-12
2025-12-08,Papua Barat,34,16850.0,True,15700.0,1200.0,2025-12
2025-12-09,Aceh,1,14600.0,True,15700.0,1200.0,2025-12
2025-12-09,Sumatera Utara,2,14800.0,True,15700.0,1200.0,2025-12
2025-12-09,Sumatera Barat,3,17950.0,True,15700.0,1200.0,2025-12
2025-12-09,Riau,4,16300.0,True,15700.0,1200.0,2025-12
2025-12-09,Kepulauan Riau,5,14950.0,True,15700.0,1200.0,2025-12
2025-12-09,Jambi,6,15400.0,True,15700.0,1200.0,2025-12
2025-12-09,Bengkulu,7,15500.0,True,15700.0,1200.0,2025-12
2025-12-09,Sumatera Selatan,8,15500.0,True,15700.0,1200.0,2025-12
2025-12-09,Kepulauan Bangka Belitung,9,15300.0,True,15700.0,1200.0,2025-12
2025-12-09,Lampung,10,14600.0,True,15700.0,1200.0,2025-12
2025-12-09,Banten,11,14950.0,True,15700.0,1200.0,2025-12
2025-12-09,Jawa Barat,12,14800.0,True,15700.0,1200.0,2025-12
2025-12-09,DKI Jakarta,13,16300.0,True,15700.0,1200.0,2025-12
2025-12-09,Jawa Tengah,14,15050.0,True,15700.0,1200.0,2025-12
2025-12-09,DI Yogyakarta,15,14200.0,True,15700.0,1200.0,2025-12
2025-12-09,Jawa Timur,16,14650.0,True,15700.0,1200.0,2025-12
2025-12-09,Bali,17,15350.0,True,15700.0,1200.0,2025-12
2025-12-09,Nusa Tenggara Barat,18,13850.0,True,15700.0,1200.0,2025-12
2025-12-09,Nusa Tenggara Timur,19,15300.0,True,15700.0,1200.0,2025-12
2025-12-09,Kalimantan Barat,20,16550.0,True,15700.0,1200.0,2025-12
2025-12-09,Kalimantan Selatan,21,17550.0,True,15700.0,1200.0,2025-12
2025-12-09,Kalimantan Tengah,22,17650.0,True,15700.0,1200.0,2025-12
2025-12-09,Kalimantan Timur,23,16250.0,True,15700.0,1200.0,2025-12
2025-12-09,Kalimantan Utara,24,17250.0,True,15700.0,1200.0,2025-12
2025-12-09,Gorontalo,25,15650.0,True,15700.0,1200.0,2025-12
2025-12-09,Sulawesi Selatan,26,14100.0,True,15700.0,1200.0,2025-12
2025-12-09,Sulawesi Tenggara,27,15550.0,True,15700.0,1200.0,2025-12
2025-12-09,Sulawesi Tengah,28,15400.0,True,15700.0,1200.0,2025-12
2025-12-09,Sulawesi Utara,29,14850.0,True,15700.0,1200.0,2025-12
2025-12-09,Sulawesi Barat,30,14300.0,True,15700.0,1200.0,2025-12
2025-12-09,Maluku,31,16700.0,True,15700.0,1200.0,2025-12
2025-12-09,Maluku Utara,32,17400.0,True,15700.0,1200.0,2025-12
2025-12-09,Papua,33,18750.0,True,15700.0,1200.0,2025-12
2025-12-09,Papua Barat,34,16850.0,True,15700.0,1200.0,2025-12
2025-12-10,Aceh,1,14800.0,True,15750.0,1200.0,2025-12
2025-12-10,Sumatera Utara,2,15050.0,True,15750.0,1200.0,2025-12
2025-12-10,Sumatera Barat,3,17950.0,True,15750.0,1200.0,2025-12
2025-12-10,Riau,4,16300.0,True,15750.0,1200.0,2025-12
2025-12-10,Kepulauan Riau,5,14950.0,True,15750.0,1200.0,2025-12
2025-12-10,Jambi,6,15400.0,True,15750.0,1200.0,2025-12
2025-12-10,Bengkulu,7,15500.0,True,15750.0,1200.0,2025-12
2025-12-10,Sumatera Selatan,8,15450.0,True,15750.0,1200.0,2025-12
2025-12-10,Kepulauan Bangka Belitung,9,15300.0,True,15750.0,1200.0,2025-12
2025-12-10,Lampung,10,14600.0,True,15750.0,1200.0,2025-12
2025-12-10,Banten,11,14950.0,True,15750.0,1200.0,2025-12
2025-12-10,Jawa Barat,12,14800.0,True,15750.0,1200.0,2025-12
2025-12-10,DKI Jakarta,13,16300.0,True,15750.0,1200.0,2025-12
2025-12-10,Jawa Tengah,14,15100.0,True,15750.0,1200.0,2025-12
2025-12-10,DI Yogyakarta,15,14200.0,True,15750.0,1200.0,2025-12
2025-12-10,Jawa Timur,16,14650.0,True,15750.0,1200.0,2025-12
2025-12-10,Bali,17,15350.0,True,15750.0,1200.0,2025-12
2025-12-10,Nusa Tenggara Barat,18,13850.0,True,15750.0,1200.0,2025-12
2025-12-10,Nusa Tenggara Timur,19,15300.0,True,15750.0,1200.0,2025-12
2025-12-10,Kalimantan Barat,20,16550.0,True,15750.0,1200.0,2025-12
2025-12-10,Kalimantan Selatan,21,17550.0,True,15750.0,1200.0,2025-12
2025-12-10,Kalimantan Tengah,22,17700.0,True,15750.0,1200.0,2025-12
2025-12-10,Kalimantan Timur,23,16250.0,True,15750.0,1200.0,2025-12
2025-12-10,Kalimantan Utara,24,17250.0,True,15750.0,1200.0,2025-12
2025-12-10,Gorontalo,25,15650.0,True,15750.0,1200.0,2025-12
2025-12-10,Sulawesi Selatan,26,14100.0,True,15750.0,1200.0,2025-12
2025-12-10,Sulawesi Tenggara,27,15550.0,True,15750.0,1200.0,2025-12
2025-12-10,Sulawesi Tengah,28,15400.0,True,15750.0,1200.0,2025-12
2025-12-10,Sulawesi Utara,29,14900.0,True,15750.0,1200.0,2025-12
2025-12-10,Sulawesi Barat,30,14300.0,True,15750.0,1200.0,2025-12
2025-12-10,Maluku,31,16700.0,True,15750.0,1200.0,2025-12
2025-12-10,Maluku Utara,32,17400.0,True,15750.0,1200.0,2025-12
2025-12-10,Papua,33,18750.0,True,15750.0,1200.0,2025-12
2025-12-10,Papua Barat,34,16850.0,True,15750.0,1200.0,2025-12
2025-12-11,Aceh,1,14900.0,True,15750.0,1200.0,2025-12
2025-12-11,Sumatera Utara,2,15000.0,True,15750.0,1200.0,2025-12
2025-12-11,Sumatera Barat,3,17950.0,True,15750.0,1200.0,2025-12
2025-12-11,Riau,4,16300.0,True,15750.0,1200.0,2025-12
2025-12-11,Kepulauan Riau,5,14950.0,True,15750.0,1200.0,2025-12
2025-12-11,Jambi,6,15400.0,True,15750.0,1200.0,2025-12
2025-12-11,Bengkulu,7,15500.0,True,15750.0,1200.0,2025-12
2025-12-11,Sumatera Selatan,8,15500.0,True,15750.0,1200.0,2025-12
2025-12-11,Kepulauan Bangka Belitung,9,15300.0,True,15750.0,1200.0,2025-12
2025-12-11,Lampung,10,14600.0,True,15750.0,1200.0,2025-12
2025-12-11,Banten,11,14950.0,True,15750.0,1200.0,2025-12
2025-12-11,Jawa Barat,12,14800.0,True,15750.0,1200.0,2025-12
2025-12-11,DKI Jakarta,13,16300.0,True,15750.0,1200.0,2025-12
2025-12-11,Jawa Tengah,14,15050.0,True,15750.0,1200.0,2025-12
2025-12-11,DI Yogyakarta,15,14200.0,True,15750.0,1200.0,2025-12
2025-12-11,Jawa Timur,16,14650.0,True,15750.0,1200.0,2025-12
2025-12-11,Bali,17,15350.0,True,15750.0,1200.0,2025-12
2025-12-11,Nusa Tenggara Barat,18,13850.0,True,15750.0,1200.0,2025-12
2025-12-11,Nusa Tenggara Timur,19,15300.0,True,15750.0,1200.0,2025-12
2025-12-11,Kalimantan Barat,20,16550.0,True,15750.0,1200.0,2025-12
2025-12-11,Kalimantan Selatan,21,17550.0,True,15750.0,1200.0,2025-12
2025-12-11,Kalimantan Tengah,22,17700.0,True,15750.0,1200.0,2025-12
2025-12-11,Kalimantan Timur,23,16250.0,True,15750.0,1200.0,2025-12
2025-12-11,Kalimantan Utara,24,17250.0,True,15750.0,1200.0,2025-12
2025-12-11,Gorontalo,25,15650.0,True,15750.0,1200.0,2025-12
2025-12-11,Sulawesi Selatan,26,14100.0,True,15750.0,1200.0,2025-12
2025-12-11,Sulawesi Tenggara,27,15500.0,True,15750.0,1200.0,2025-12
2025-12-11,Sulawesi Tengah,28,15400.0,True,15750.0,1200.0,2025-12
2025-12-11,Sulawesi Utara,29,14900.0,True,15750.0,1200.0,2025-12
2025-12-11,Sulawesi Barat,30,14300.0,True,15750.0,1200.0,2025-12
2025-12-11,Maluku,31,16700.0,True,15750.0,1200.0,2025-12
2025-12-11,Maluku Utara,32,17400.0,True,15750.0,1200.0,2025-12
2025-12-11,Papua,33,18750.0,True,15750.0,1200.0,2025-12
2025-12-11,Papua Barat,34,16850.0,True,15750.0,1200.0,2025-12
2025-12-12,Aceh,1,14900.0,True,15750.0,1200.0,2025-12
2025-12-12,Sumatera Utara,2,15000.0,True,15750.0,1200.0,2025-12
2025-12-12,Sumatera Barat,3,17950.0,True,15750.0,1200.0,2025-12
2025-12-12,Riau,4,16300.0,True,15750.0,1200.0,2025-12
2025-12-12,Kepulauan Riau,5,14950.0,True,15750.0,1200.0,2025-12
2025-12-12,Jambi,6,15400.0,True,15750.0,1200.0,2025-12
2025-12-12,Bengkulu,7,15500.0,True,15750.0,1200.0,2025-12
2025-12-12,Sumatera Selatan,8,15500.0,True,15750.0,1200.0,2025-12
2025-12-12,Kepulauan Bangka Belitung,9,15300.0,True,15750.0,1200.0,2025-12
2025-12-12,Lampung,10,14600.0,True,15750.0,1200.0,2025-12
2025-12-12,Banten,11,14950.0,True,15750.0,1200.0,2025-12
2025-12-12,Jawa Barat,12,14800.0,True,15750.0,1200.0,2025-12
2025-12-12,DKI Jakarta,13,16300.0,True,15750.0,1200.0,2025-12
2025-12-12,Jawa Tengah,14,15050.0,True,15750.0,1200.0,2025-12
2025-12-12,DI Yogyakarta,15,14200.0,True,15750.0,1200.0,2025-12
2025-12-12,Jawa Timur,16,14650.0,True,15750.0,1200.0,2025-12
2025-12-12,Bali,17,15350.0,True,15750.0,1200.0,2025-12
2025-12-12,Nusa Tenggara Barat,18,13850.0,True,15750.0,1200.0,2025-12
2025-12-12,Nusa Tenggara Timur,19,15300.0,True,15750.0,1200.0,2025-12
2025-12-12,Kalimantan Barat,20,16550.0,True,15750.0,1200.0,2025-12
2025-12-12,Kalimantan Selatan,21,17550.0,True,15750.0,1200.0,2025-12
2025-12-12,Kalimantan Tengah,22,17700.0,True,15750.0,1200.0,2025-12
2025-12-12,Kalimantan Timur,23,16250.0,True,15750.0,1200.0,2025-12
2025-12-12,Kalimantan Utara,24,17250.0,True,15750.0,1200.0,2025-12
2025-12-12,Gorontalo,25,15650.0,True,15750.0,1200.0,2025-12
2025-12-12,Sulawesi Selatan,26,14100.0,True,15750.0,1200.0,2025-12
2025-12-12,Sulawesi Tenggara,27,15500.0,True,15750.0,1200.0,2025-12
2025-12-12,Sulawesi Tengah,28,15400.0,True,15750.0,1200.0,2025-12
2025-12-12,Sulawesi Utara,29,14900.0,True,15750.0,1200.0,2025-12
2025-12-12,Sulawesi Barat,30,14300.0,True,15750.0,1200.0,2025-12
2025-12-12,Maluku,31,16700.0,True,15750.0,1200.0,2025-12
2025-12-12,Maluku Utara,32,17400.0,True,15750.0,1200.0,2025-12
2025-12-12,Papua,33,18750.0,True,15750.0,1200.0,2025-12
2025-12-12,Papua Barat,34,16850.0,True,15750.0,1200.0,2025-12
2025-12-13,Aceh,1,14900.0,True,15750.0,1200.0,2025-12
2025-12-13,Sumatera Utara,2,15000.0,True,15750.0,1200.0,2025-12
2025-12-13,Sumatera Barat,3,17950.0,True,15750.0,1200.0,2025-12
2025-12-13,Riau,4,16300.0,True,15750.0,1200.0,2025-12
2025-12-13,Kepulauan Riau,5,14950.0,True,15750.0,1200.0,2025-12
2025-12-13,Jambi,6,15400.0,True,15750.0,1200.0,2025-12
2025-12-13,Bengkulu,7,15500.0,True,15750.0,1200.0,2025-12
2025-12-13,Sumatera Selatan,8,15500.0,True,15750.0,1200.0,2025-12
2025-12-13,Kepulauan Bangka Belitung,9,15300.0,True,15750.0,1200.0,2025-12
2025-12-13,Lampung,10,14600.0,True,15750.0,1200.0,2025-12
2025-12-13,Banten,11,14950.0,True,15750.0,1200.0,2025-12
2025-12-13,Jawa Barat,12,14800.0,True,15750.0,1200.0,2025-12
2025-12-13,DKI Jakarta,13,16300.0,True,15750.0,1200.0,2025-12
2025-12-13,Jawa Tengah,14,15050.0,True,15750.0,1200.0,2025-12
2025-12-13,DI Yogyakarta,15,14200.0,True,15750.0,1200.0,2025-12
2025-12-13,Jawa Timur,16,14650.0,True,15750.0,1200.0,2025-12
2025-12-13,Bali,17,15350.0,True,15750.0,1200.0,2025-12
2025-12-13,Nusa Tenggara Barat,18,13850.0,True,15750.0,1200.0,2025-12
2025-12-13,Nusa Tenggara Timur,19,15300.0,True,15750.0,1200.0,2025-12
2025-12-13,Kalimantan Barat,20,16550.0,True,15750.0,1200.0,2025-12
2025-12-13,Kalimantan Selatan,21,17550.0,True,15750.0,1200.0,2025-12
2025-12-13,Kalimantan Tengah,22,17700.0,True,15750.0,1200.0,2025-12
2025-12-13,Kalimantan Timur,23,16250.0,True,15750.0,1200.0,2025-12
2025-12-13,Kalimantan Utara,24,17250.0,True,15750.0,1200.0,2025-12
2025-12-13,Gorontalo,25,15650.0,True,15750.0,1200.0,2025-12
2025-12-13,Sulawesi Selatan,26,14100.0,True,15750.0,1200.0,2025-12
2025-12-13,Sulawesi Tenggara,27,15500.0,True,15750.0,1200.0,2025-12
2025-12-13,Sulawesi Tengah,28,15400.0,True,15750.0,1200.0,2025-12
2025-12-13,Sulawesi Utara,29,14900.0,True,15750.0,1200.0,2025-12
2025-12-13,Sulawesi Barat,30,14300.0,True,15750.0,1200.0,2025-12
2025-12-13,Maluku,31,16700.0,True,15750.0,1200.0,2025-12
2025-12-13,Maluku Utara,32,17400.0,True,15750.0,1200.0,2025-12
2025-12-13,Papua,33,18750.0,True,15750.0,1200.0,2025-12
2025-12-13,Papua Barat,34,16850.0,True,15750.0,1200.0,2025-12
2025-12-14,Aceh,1,14900.0,True,15750.0,1200.0,2025-12
2025-12-14,Sumatera Utara,2,15000.0,True,15750.0,1200.0,2025-12
2025-12-14,Sumatera Barat,3,17950.0,True,15750.0,1200.0,2025-12
2025-12-14,Riau,4,16300.0,True,15750.0,1200.0,2025-12
2025-12-14,Kepulauan Riau,5,14950.0,True,15750.0,1200.0,2025-12
2025-12-14,Jambi,6,15400.0,True,15750.0,1200.0,2025-12
2025-12-14,Bengkulu,7,15500.0,True,15750.0,1200.0,2025-12
2025-12-14,Sumatera Selatan,8,15500.0,True,15750.0,1200.0,2025-12
2025-12-14,Kepulauan Bangka Belitung,9,15300.0,True,15750.0,1200.0,2025-12
2025-12-14,Lampung,10,14600.0,True,15750.0,1200.0,2025-12
2025-12-14,Banten,11,14950.0,True,15750.0,1200.0,2025-12
2025-12-14,Jawa Barat,12,14800.0,True,15750.0,1200.0,2025-12
2025-12-14,DKI Jakarta,13,16300.0,True,15750.0,1200.0,2025-12
2025-12-14,Jawa Tengah,14,15050.0,True,15750.0,1200.0,2025-12
2025-12-14,DI Yogyakarta,15,14200.0,True,15750.0,1200.0,2025-12
2025-12-14,Jawa Timur,16,14650.0,True,15750.0,1200.0,2025-12
2025-12-14,Bali,17,15350.0,True,15750.0,1200.0,2025-12
2025-12-14,Nusa Tenggara Barat,18,13850.0,True,15750.0,1200.0,2025-12
2025-12-14,Nusa Tenggara Timur,19,15300.0,True,15750.0,1200.0,2025-12
2025-12-14,Kalimantan Barat,20,16550.0,True,15750.0,1200.0,2025-12
2025-12-14,Kalimantan Selatan,21,17550.0,True,15750.0,1200.0,2025-12
2025-12-14,Kalimantan Tengah,22,17700.0,True,15750.0,1200.0,2025-12
2025-12-14,Kalimantan Timur,23,16250.0,True,15750.0,1200.0,2025-12
2025-12-14,Kalimantan Utara,24,17250.0,True,15750.0,1200.0,2025-12
2025-12-14,Gorontalo,25,15650.0,True,15750.0,1200.0,2025-12
2025-12-14,Sulawesi Selatan,26,14100.0,True,15750.0,1200.0,2025-12
2025-12-14,Sulawesi Tenggara,27,15500.0,True,15750.0,1200.0,2025-12
2025-12-14,Sulawesi Tengah,28,15400.0,True,15750.0,1200.0,2025-12
2025-12-14,Sulawesi Utara,29,14900.0,True,15750.0,1200.0,2025-12
2025-12-14,Sulawesi Barat,30,14300.0,True,15750.0,1200.0,2025-12
2025-12-14,Maluku,31,16700.0,True,15750.0,1200.0,2025-12
2025-12-14,Maluku Utara,32,17400.0,True,15750.0,1200.0,2025-12
2025-12-14,Papua,33,18750.0,True,15750.0,1200.0,2025-12
2025-12-14,Papua Barat,34,16850.0,True,15750.0,1200.0,2025-12
2025-12-15,Aceh,1,14950.0,True,15750.0,1200.0,2025-12
2025-12-15,Sumatera Utara,2,15100.0,True,15750.0,1200.0,2025-12
2025-12-15,Sumatera Barat,3,17950.0,True,15750.0,1200.0,2025-12
2025-12-15,Riau,4,16300.0,True,15750.0,1200.0,2025-12
2025-12-15,Kepulauan Riau,5,14950.0,True,15750.0,1200.0,2025-12
2025-12-15,Jambi,6,15400.0,True,15750.0,1200.0,2025-12
2025-12-15,Bengkulu,7,15500.0,True,15750.0,1200.0,2025-12
2025-12-15,Sumatera Selatan,8,15500.0,True,15750.0,1200.0,2025-12
2025-12-15,Kepulauan Bangka Belitung,9,15300.0,True,15750.0,1200.0,2025-12
2025-12-15,Lampung,10,14600.0,True,15750.0,1200.0,2025-12
2025-12-15,Banten,11,14950.0,True,15750.0,1200.0,2025-12
2025-12-15,Jawa Barat,12,14800.0,True,15750.0,1200.0,2025-12
2025-12-15,DKI Jakarta,13,16300.0,True,15750.0,1200.0,2025-12
2025-12-15,Jawa Tengah,14,15050.0,True,15750.0,1200.0,2025-12
2025-12-15,DI Yogyakarta,15,14200.0,True,15750.0,1200.0,2025-12
2025-12-15,Jawa Timur,16,14550.0,True,15750.0,1200.0,2025-12
2025-12-15,Bali,17,15400.0,True,15750.0,1200.0,2025-12
2025-12-15,Nusa Tenggara Barat,18,13850.0,True,15750.0,1200.0,2025-12
2025-12-15,Nusa Tenggara Timur,19,15300.0,True,15750.0,1200.0,2025-12
2025-12-15,Kalimantan Barat,20,16550.0,True,15750.0,1200.0,2025-12
2025-12-15,Kalimantan Selatan,21,17550.0,True,15750.0,1200.0,2025-12
2025-12-15,Kalimantan Tengah,22,17750.0,True,15750.0,1200.0,2025-12
2025-12-15,Kalimantan Timur,23,16300.0,True,15750.0,1200.0,2025-12
2025-12-15,Kalimantan Utara,24,17250.0,True,15750.0,1200.0,2025-12
2025-12-15,Gorontalo,25,15550.0,True,15750.0,1200.0,2025-12
2025-12-15,Sulawesi Selatan,26,14100.0,True,15750.0,1200.0,2025-12
2025-12-15,Sulawesi Tenggara,27,15500.0,True,15750.0,1200.0,2025-12
2025-12-15,Sulawesi Tengah,28,15400.0,True,15750.0,1200.0,2025-12
2025-12-15,Sulawesi Utara,29,14900.0,True,15750.0,1200.0,2025-12
2025-12-15,Sulawesi Barat,30,14350.0,True,15750.0,1200.0,2025-12
2025-12-15,Maluku,31,16700.0,True,15750.0,1200.0,2025-12
2025-12-15,Maluku Utara,32,17400.0,True,15750.0,1200.0,2025-12
2025-12-15,Papua,33,18750.0,True,15750.0,1200.0,2025-12
2025-12-15,Papua Barat,34,16850.0,True,15750.0,1200.0,2025-12
2025-12-16,Aceh,1,14950.0,True,15750.0,1200.0,2025-12
2025-12-16,Sumatera Utara,2,15150.0,True,15750.0,1200.0,2025-12
2025-12-16,Sumatera Barat,3,17950.0,True,15750.0,1200.0,2025-12
2025-12-16,Riau,4,16300.0,True,15750.0,1200.0,2025-12
2025-12-16,Kepulauan Riau,5,15150.0,True,15750.0,1200.0,2025-12
2025-12-16,Jambi,6,15400.0,True,15750.0,1200.0,2025-12
2025-12-16,Bengkulu,7,15500.0,True,15750.0,1200.0,2025-12
2025-12-16,Sumatera Selatan,8,15500.0,True,15750.0,1200.0,2025-12
2025-12-16,Kepulauan Bangka Belitung,9,15300.0,True,15750.0,1200.0,2025-12
2025-12-16,Lampung,10,14600.0,True,15750.0,1200.0,2025-12
2025-12-16,Banten,11,14950.0,True,15750.0,1200.0,2025-12
2025-12-16,Jawa Barat,12,14800.0,True,15750.0,1200.0,2025-12
2025-12-16,DKI Jakarta,13,16300.0,True,15750.0,1200.0,2025-12
2025-12-16,Jawa Tengah,14,15050.0,True,15750.0,1200.0,2025-12
2025-12-16,DI Yogyakarta,15,14200.0,True,15750.0,1200.0,2025-12
2025-12-16,Jawa Timur,16,14550.0,True,15750.0,1200.0,2025-12
2025-12-16,Bali,17,15400.0,True,15750.0,1200.0,2025-12
2025-12-16,Nusa Tenggara Barat,18,13850.0,True,15750.0,1200.0,2025-12
2025-12-16,Nusa Tenggara Timur,19,15300.0,True,15750.0,1200.0,2025-12
2025-12-16,Kalimantan Barat,20,16550.0,True,15750.0,1200.0,2025-12
2025-12-16,Kalimantan Selatan,21,17550.0,True,15750.0,1200.0,2025-12
2025-12-16,Kalimantan Tengah,22,17850.0,True,15750.0,1200.0,2025-12
2025-12-16,Kalimantan Timur,23,16250.0,True,15750.0,1200.0,2025-12
2025-12-16,Kalimantan Utara,24,17250.0,True,15750.0,1200.0,2025-12
2025-12-16,Gorontalo,25,15500.0,True,15750.0,1200.0,2025-12
2025-12-16,Sulawesi Selatan,26,14100.0,True,15750.0,1200.0,2025-12
2025-12-16,Sulawesi Tenggara,27,15500.0,True,15750.0,1200.0,2025-12
2025-12-16,Sulawesi Tengah,28,15400.0,True,15750.0,1200.0,2025-12
2025-12-16,Sulawesi Utara,29,14900.0,True,15750.0,1200.0,2025-12
2025-12-16,Sulawesi Barat,30,14350.0,True,15750.0,1200.0,2025-12
2025-12-16,Maluku,31,16700.0,True,15750.0,1200.0,2025-12
2025-12-16,Maluku Utara,32,17400.0,True,15750.0,1200.0,2025-12
2025-12-16,Papua,33,18750.0,True,15750.0,1200.0,2025-12
2025-12-16,Papua Barat,34,16850.0,True,15750.0,1200.0,2025-12
2025-12-17,Aceh,1,14950.0,True,15750.0,1200.0,2025-12
2025-12-17,Sumatera Utara,2,15150.0,True,15750.0,1200.0,2025-12
2025-12-17,Sumatera Barat,3,17950.0,True,15750.0,1200.0,2025-12
2025-12-17,Riau,4,16300.0,True,15750.0,1200.0,2025-12
2025-12-17,Kepulauan Riau,5,15150.0,True,15750.0,1200.0,2025-12
2025-12-17,Jambi,6,15400.0,True,15750.0,1200.0,2025-12
2025-12-17,Bengkulu,7,15500.0,True,15750.0,1200.0,2025-12
2025-12-17,Sumatera Selatan,8,15500.0,True,15750.0,1200.0,2025-12
2025-12-17,Kepulauan Bangka Belitung,9,15300.0,True,15750.0,1200.0,2025-12
2025-12-17,Lampung,10,14600.0,True,15750.0,1200.0,2025-12
2025-12-17,Banten,11,14950.0,True,15750.0,1200.0,2025-12
2025-12-17,Jawa Barat,12,14800.0,True,15750.0,1200.0,2025-12
2025-12-17,DKI Jakarta,13,16300.0,True,15750.0,1200.0,2025-12
2025-12-17,Jawa Tengah,14,15050.0,True,15750.0,1200.0,2025-12
2025-12-17,DI Yogyakarta,15,14200.0,True,15750.0,1200.0,2025-12
2025-12-17,Jawa Timur,16,14550.0,True,15750.0,1200.0,2025-12
2025-12-17,Bali,17,15400.0,True,15750.0,1200.0,2025-12
2025-12-17,Nusa Tenggara Barat,18,13850.0,True,15750.0,1200.0,2025-12
2025-12-17,Nusa Tenggara Timur,19,15300.0,True,15750.0,1200.0,2025-12
2025-12-17,Kalimantan Barat,20,16550.0,True,15750.0,1200.0,2025-12
2025-12-17,Kalimantan Selatan,21,17550.0,True,15750.0,1200.0,2025-12
2025-12-17,Kalimantan Tengah,22,17900.0,True,15750.0,1200.0,2025-12
2025-12-17,Kalimantan Timur,23,16250.0,True,15750.0,1200.0,2025-12
2025-12-17,Kalimantan Utara,24,17250.0,True,15750.0,1200.0,2025-12
2025-12-17,Gorontalo,25,15500.0,True,15750.0,1200.0,2025-12
2025-12-17,Sulawesi Selatan,26,14100.0,True,15750.0,1200.0,2025-12
2025-12-17,Sulawesi Tenggara,27,15500.0,True,15750.0,1200.0,2025-12
2025-12-17,Sulawesi Tengah,28,15400.0,True,15750.0,1200.0,2025-12
2025-12-17,Sulawesi Utara,29,14900.0,True,15750.0,1200.0,2025-12
2025-12-17,Sulawesi Barat,30,14350.0,True,15750.0,1200.0,2025-12
2025-12-17,Maluku,31,16650.0,True,15750.0,1200.0,2025-12
2025-12-17,Maluku Utara,32,17400.0,True,15750.0,1200.0,2025-12
2025-12-17,Papua,33,18750.0,True,15750.0,1200.0,2025-12
2025-12-17,Papua Barat,34,16850.0,True,15750.0,1200.0,2025-12
2025-12-18,Aceh,1,14950.0,True,15750.0,1200.0,2025-12
2025-12-18,Sumatera Utara,2,15150.0,True,15750.0,1200.0,2025-12
2025-12-18,Sumatera Barat,3,17950.0,True,15750.0,1200.0,2025-12
2025-12-18,Riau,4,16300.0,True,15750.0,1200.0,2025-12
2025-12-18,Kepulauan Riau,5,15150.0,True,15750.0,1200.0,2025-12
2025-12-18,Jambi,6,15400.0,True,15750.0,1200.0,2025-12
2025-12-18,Bengkulu,7,15500.0,True,15750.0,1200.0,2025-12
2025-12-18,Sumatera Selatan,8,15500.0,True,15750.0,1200.0,2025-12
2025-12-18,Kepulauan Bangka Belitung,9,15300.0,True,15750.0,1200.0,2025-12
2025-12-18,Lampung,10,14600.0,True,15750.0,1200.0,2025-12
2025-12-18,Banten,11,14950.0,True,15750.0,1200.0,2025-12
2025-12-18,Jawa Barat,12,14800.0,True,15750.0,1200.0,2025-12
2025-12-18,DKI Jakarta,13,16300.0,True,15750.0,1200.0,2025-12
2025-12-18,Jawa Tengah,14,15050.0,True,15750.0,1200.0,2025-12
2025-12-18,DI Yogyakarta,15,14200.0,True,15750.0,1200.0,2025-12
2025-12-18,Jawa Timur,16,14550.0,True,15750.0,1200.0,2025-12
2025-12-18,Bali,17,15400.0,True,15750.0,1200.0,2025-12
2025-12-18,Nusa Tenggara Barat,18,13850.0,True,15750.0,1200.0,2025-12
2025-12-18,Nusa Tenggara Timur,19,15300.0,True,15750.0,1200.0,2025-12
2025-12-18,Kalimantan Barat,20,16550.0,True,15750.0,1200.0,2025-12
2025-12-18,Kalimantan Selatan,21,17550.0,True,15750.0,1200.0,2025-12
2025-12-18,Kalimantan Tengah,22,17900.0,True,15750.0,1200.0,2025-12
2025-12-18,Kalimantan Timur,23,16250.0,True,15750.0,1200.0,2025-12
2025-12-18,Kalimantan Utara,24,17200.0,True,15750.0,1200.0,2025-12
2025-12-18,Gorontalo,25,15500.0,True,15750.0,1200.0,2025-12
2025-12-18,Sulawesi Selatan,26,14100.0,True,15750.0,1200.0,2025-12
2025-12-18,Sulawesi Tenggara,27,15500.0,True,15750.0,1200.0,2025-12
2025-12-18,Sulawesi Tengah,28,15400.0,True,15750.0,1200.0,2025-12
2025-12-18,Sulawesi Utara,29,14900.0,True,15750.0,1200.0,2025-12
2025-12-18,Sulawesi Barat,30,14350.0,True,15750.0,1200.0,2025-12
2025-12-18,Maluku,31,16650.0,True,15750.0,1200.0,2025-12
2025-12-18,Maluku Utara,32,17400.0,True,15750.0,1200.0,2025-12
2025-12-18,Papua,33,18750.0,True,15750.0,1200.0,2025-12
2025-12-18,Papua Barat,34,16850.0,True,15750.0,1200.0,2025-12
2025-12-19,Aceh,1,14950.0,True,15750.0,1200.0,2025-12
2025-12-19,Sumatera Utara,2,15150.0,True,15750.0,1200.0,2025-12
2025-12-19,Sumatera Barat,3,17950.0,True,15750.0,1200.0,2025-12
2025-12-19,Riau,4,16300.0,True,15750.0,1200.0,2025-12
2025-12-19,Kepulauan Riau,5,15150.0,True,15750.0,1200.0,2025-12
2025-12-19,Jambi,6,15400.0,True,15750.0,1200.0,2025-12
2025-12-19,Bengkulu,7,15500.0,True,15750.0,1200.0,2025-12
2025-12-19,Sumatera Selatan,8,15500.0,True,15750.0,1200.0,2025-12
2025-12-19,Kepulauan Bangka Belitung,9,15300.0,True,15750.0,1200.0,2025-12
2025-12-19,Lampung,10,14600.0,True,15750.0,1200.0,2025-12
2025-12-19,Banten,11,14950.0,True,15750.0,1200.0,2025-12
2025-12-19,Jawa Barat,12,14800.0,True,15750.0,1200.0,2025-12
2025-12-19,DKI Jakarta,13,16300.0,True,15750.0,1200.0,2025-12
2025-12-19,Jawa Tengah,14,15050.0,True,15750.0,1200.0,2025-12
2025-12-19,DI Yogyakarta,15,14200.0,True,15750.0,1200.0,2025-12
2025-12-19,Jawa Timur,16,14550.0,True,15750.0,1200.0,2025-12
2025-12-19,Bali,17,15400.0,True,15750.0,1200.0,2025-12
2025-12-19,Nusa Tenggara Barat,18,13850.0,True,15750.0,1200.0,2025-12
2025-12-19,Nusa Tenggara Timur,19,15300.0,True,15750.0,1200.0,2025-12
2025-12-19,Kalimantan Barat,20,16550.0,True,15750.0,1200.0,2025-12
2025-12-19,Kalimantan Selatan,21,17550.0,True,15750.0,1200.0,2025-12
2025-12-19,Kalimantan Tengah,22,17900.0,True,15750.0,1200.0,2025-12
2025-12-19,Kalimantan Timur,23,16250.0,True,15750.0,1200.0,2025-12
2025-12-19,Kalimantan Utara,24,17250.0,True,15750.0,1200.0,2025-12
2025-12-19,Gorontalo,25,15500.0,True,15750.0,1200.0,2025-12
2025-12-19,Sulawesi Selatan,26,14100.0,True,15750.0,1200.0,2025-12
2025-12-19,Sulawesi Tenggara,27,15500.0,True,15750.0,1200.0,2025-12
2025-12-19,Sulawesi Tengah,28,15400.0,True,15750.0,1200.0,2025-12
2025-12-19,Sulawesi Utara,29,14950.0,True,15750.0,1200.0,2025-12
2025-12-19,Sulawesi Barat,30,14350.0,True,15750.0,1200.0,2025-12
2025-12-19,Maluku,31,16650.0,True,15750.0,1200.0,2025-12
2025-12-19,Maluku Utara,32,17400.0,True,15750.0,1200.0,2025-12
2025-12-19,Papua,33,18750.0,True,15750.0,1200.0,2025-12
2025-12-19,Papua Barat,34,16850.0,True,15750.0,1200.0,2025-12
2025-12-22,Aceh,1,15000.0,True,15750.0,1200.0,2025-12
2025-12-22,Sumatera Utara,2,15100.0,True,15750.0,1200.0,2025-12
2025-12-22,Sumatera Barat,3,18000.0,True,15750.0,1200.0,2025-12
2025-12-22,Riau,4,16400.0,True,15750.0,1200.0,2025-12
2025-12-22,Kepulauan Riau,5,15250.0,True,15750.0,1200.0,2025-12
2025-12-22,Jambi,6,15400.0,True,15750.0,1200.0,2025-12
2025-12-22,Bengkulu,7,15500.0,True,15750.0,1200.0,2025-12
2025-12-22,Sumatera Selatan,8,15500.0,True,15750.0,1200.0,2025-12
2025-12-22,Kepulauan Bangka Belitung,9,15300.0,True,15750.0,1200.0,2025-12
2025-12-22,Lampung,10,14700.0,True,15750.0,1200.0,2025-12
2025-12-22,Banten,11,14950.0,True,15750.0,1200.0,2025-12
2025-12-22,Jawa Barat,12,14800.0,True,15750.0,1200.0,2025-12
2025-12-22,DKI Jakarta,13,16300.0,True,15750.0,1200.0,2025-12
2025-12-22,Jawa Tengah,14,15050.0,True,15750.0,1200.0,2025-12
2025-12-22,DI Yogyakarta,15,14200.0,True,15750.0,1200.0,2025-12
2025-12-22,Jawa Timur,16,14550.0,True,15750.0,1200.0,2025-12
2025-12-22,Bali,17,15400.0,True,15750.0,1200.0,2025-12
2025-12-22,Nusa Tenggara Barat,18,13850.0,True,15750.0,1200.0,2025-12
2025-12-22,Nusa Tenggara Timur,19,15300.0,True,15750.0,1200.0,2025-12
2025-12-22,Kalimantan Barat,20,16600.0,True,15750.0,1200.0,2025-12
2025-12-22,Kalimantan Selatan,21,17550.0,True,15750.0,1200.0,2025-12
2025-12-22,Kalimantan Tengah,22,17900.0,True,15750.0,1200.0,2025-12
2025-12-22,Kalimantan Timur,23,16250.0,True,15750.0,1200.0,2025-12
2025-12-22,Kalimantan Utara,24,17300.0,True,15750.0,1200.0,2025-12
2025-12-22,Gorontalo,25,15550.0,True,15750.0,1200.0,2025-12
2025-12-22,Sulawesi Selatan,26,14100.0,True,15750.0,1200.0,2025-12
2025-12-22,Sulawesi Tenggara,27,15500.0,True,15750.0,1200.0,2025-12
2025-12-22,Sulawesi Tengah,28,15400.0,True,15750.0,1200.0,2025-12
2025-12-22,Sulawesi Utara,29,14950.0,True,15750.0,1200.0,2025-12
2025-12-22,Sulawesi Barat,30,14350.0,True,15750.0,1200.0,2025-12
2025-12-22,Maluku,31,16650.0,True,15750.0,1200.0,2025-12
2025-12-22,Maluku Utara,32,17400.0,True,15750.0,1200.0,2025-12
2025-12-22,Papua,33,18750.0,True,15750.0,1200.0,2025-12
2025-12-22,Papua Barat,34,16850.0,True,15750.0,1200.0,2025-12
2025-12-23,Aceh,1,15050.0,True,15750.0,1200.0,2025-12
2025-12-23,Sumatera Utara,2,15100.0,True,15750.0,1200.0,2025-12
2025-12-23,Sumatera Barat,3,18000.0,True,15750.0,1200.0,2025-12
2025-12-23,Riau,4,16400.0,True,15750.0,1200.0,2025-12
2025-12-23,Kepulauan Riau,5,15250.0,True,15750.0,1200.0,2025-12
2025-12-23,Jambi,6,15400.0,True,15750.0,1200.0,2025-12
2025-12-23,Bengkulu,7,15500.0,True,15750.0,1200.0,2025-12
2025-12-23,Sumatera Selatan,8,15500.0,True,15750.0,1200.0,2025-12
2025-12-23,Kepulauan Bangka Belitung,9,15300.0,True,15750.0,1200.0,2025-12
2025-12-23,Lampung,10,14700.0,True,15750.0,1200.0,2025-12
2025-12-23,Banten,11,14950.0,True,15750.0,1200.0,2025-12
2025-12-23,Jawa Barat,12,14800.0,True,15750.0,1200.0,2025-12
2025-12-23,DKI Jakarta,13,16300.0,True,15750.0,1200.0,2025-12
2025-12-23,Jawa Tengah,14,15050.0,True,15750.0,1200.0,2025-12
2025-12-23,DI Yogyakarta,15,14200.0,True,15750.0,1200.0,2025-12
2025-12-23,Jawa Timur,16,14550.0,True,15750.0,1200.0,2025-12
2025-12-23,Bali,17,15400.0,True,15750.0,1200.0,2025-12
2025-12-23,Nusa Tenggara Barat,18,13850.0,True,15750.0,1200.0,2025-12
2025-12-23,Nusa Tenggara Timur,19,15300.0,True,15750.0,1200.0,2025-12
2025-12-23,Kalimantan Barat,20,16600.0,True,15750.0,1200.0,2025-12
2025-12-23,Kalimantan Selatan,21,17550.0,True,15750.0,1200.0,2025-12
2025-12-23,Kalimantan Tengah,22,17850.0,True,15750.0,1200.0,2025-12
2025-12-23,Kalimantan Timur,23,16250.0,True,15750.0,1200.0,2025-12
2025-12-23,Kalimantan Utara,24,17300.0,True,15750.0,1200.0,2025-12
2025-12-23,Gorontalo,25,15500.0,True,15750.0,1200.0,2025-12
2025-12-23,Sulawesi Selatan,26,14100.0,True,15750.0,1200.0,2025-12
2025-12-23,Sulawesi Tenggara,27,15500.0,True,15750.0,1200.0,2025-12
2025-12-23,Sulawesi Tengah,28,15400.0,True,15750.0,1200.0,2025-12
2025-12-23,Sulawesi Utara,29,14950.0,True,15750.0,1200.0,2025-12
2025-12-23,Sulawesi Barat,30,14350.0,True,15750.0,1200.0,2025-12
2025-12-23,Maluku,31,16650.0,True,15750.0,1200.0,2025-12
2025-12-23,Maluku Utara,32,17400.0,True,15750.0,1200.0,2025-12
2025-12-23,Papua,33,18750.0,True,15750.0,1200.0,2025-12
2025-12-23,Papua Barat,34,16850.0,True,15750.0,1200.0,2025-12
2025-12-24,Aceh,1,15100.0,True,15750.0,1200.0,2025-12
2025-12-24,Sumatera Utara,2,15150.0,True,15750.0,1200.0,2025-12
2025-12-24,Sumatera Barat,3,18100.0,True,15750.0,1200.0,2025-12
2025-12-24,Riau,4,16400.0,True,15750.0,1200.0,2025-12
2025-12-24,Kepulauan Riau,5,15300.0,True,15750.0,1200.0,2025-12
2025-12-24,Jambi,6,15400.0,True,15750.0,1200.0,2025-12
2025-12-24,Bengkulu,7,15500.0,True,15750.0,1200.0,2025-12
2025-12-24,Sumatera Selatan,8,15500.0,True,15750.0,1200.0,2025-12
2025-12-24,Kepulauan Bangka Belitung,9,15300.0,True,15750.0,1200.0,2025-12
2025-12-24,Lampung,10,14700.0,True,15750.0,1200.0,2025-12
2025-12-24,Banten,11,14950.0,True,15750.0,1200.0,2025-12
2025-12-24,Jawa Barat,12,14800.0,True,15750.0,1200.0,2025-12
2025-12-24,DKI Jakarta,13,16300.0,True,15750.0,1200.0,2025-12
2025-12-24,Jawa Tengah,14,15050.0,True,15750.0,1200.0,2025-12
2025-12-24,DI Yogyakarta,15,14200.0,True,15750.0,1200.0,2025-12
2025-12-24,Jawa Timur,16,14550.0,True,15750.0,1200.0,2025-12
2025-12-24,Bali,17,15400.0,True,15750.0,1200.0,2025-12
2025-12-24,Nusa Tenggara Barat,18,13850.0,True,15750.0,1200.0,2025-12
2025-12-24,Nusa Tenggara Timur,19,15300.0,True,15750.0,1200.0,2025-12
2025-12-24,Kalimantan Barat,20,16600.0,True,15750.0,1200.0,2025-12
2025-12-24,Kalimantan Selatan,21,17550.0,True,15750.0,1200.0,2025-12
2025-12-24,Kalimantan Tengah,22,17850.0,True,15750.0,1200.0,2025-12
2025-12-24,Kalimantan Timur,23,16250.0,True,15750.0,1200.0,2025-12
2025-12-24,Kalimantan Utara,24,17300.0,True,15750.0,1200.0,2025-12
2025-12-24,Gorontalo,25,15450.0,True,15750.0,1200.0,2025-12
2025-12-24,Sulawesi Selatan,26,14100.0,True,15750.0,1200.0,2025-12
2025-12-24,Sulawesi Tenggara,27,15500.0,True,15750.0,1200.0,2025-12
2025-12-24,Sulawesi Tengah,28,15400.0,True,15750.0,1200.0,2025-12
2025-12-24,Sulawesi Utara,29,14950.0,True,15750.0,1200.0,2025-12
2025-12-24,Sulawesi Barat,30,14350.0,True,15750.0,1200.0,2025-12
2025-12-24,Maluku,31,16650.0,True,15750.0,1200.0,2025-12
2025-12-24,Maluku Utara,32,17400.0,True,15750.0,1200.0,2025-12
2025-12-24,Papua,33,18750.0,True,15750.0,1200.0,2025-12
2025-12-24,Papua Barat,34,16850.0,True,15750.0,1200.0,2025-12
2025-12-25,Aceh,1,15100.0,True,15800.0,2900.0,2025-12
2025-12-25,Sumatera Utara,2,15150.0,True,15800.0,2900.0,2025-12
2025-12-25,Sumatera Barat,3,18100.0,True,15800.0,2900.0,2025-12
2025-12-25,Riau,4,16400.0,True,15800.0,2900.0,2025-12
2025-12-25,Kepulauan Riau,5,15300.0,True,15800.0,2900.0,2025-12
2025-12-25,Jambi,6,15400.0,True,15800.0,2900.0,2025-12
2025-12-25,Bengkulu,7,15500.0,True,15800.0,2900.0,2025-12
2025-12-25,Sumatera Selatan,8,15500.0,True,15800.0,2900.0,2025-12
2025-12-25,Kepulauan Bangka Belitung,9,15300.0,True,15800.0,2900.0,2025-12
2025-12-25,Lampung,10,14700.0,True,15800.0,2900.0,2025-12
2025-12-25,Jawa Barat,12,14800.0,True,15800.0,2900.0,2025-12
2025-12-25,DKI Jakarta,13,16300.0,True,15800.0,2900.0,2025-12
2025-12-25,Jawa Tengah,14,14850.0,True,15800.0,2900.0,2025-12
2025-12-25,DI Yogyakarta,15,14200.0,True,15800.0,2900.0,2025-12
2025-12-25,Jawa Timur,16,14550.0,True,15800.0,2900.0,2025-12
2025-12-25,Bali,17,15400.0,True,15800.0,2900.0,2025-12
2025-12-25,Nusa Tenggara Barat,18,13850.0,True,15800.0,2900.0,2025-12
2025-12-25,Nusa Tenggara Timur,19,15300.0,True,15800.0,2900.0,2025-12
2025-12-25,Kalimantan Barat,20,16600.0,True,15800.0,2900.0,2025-12
2025-12-25,Kalimantan Selatan,21,17550.0,True,15800.0,2900.0,2025-12
2025-12-25,Kalimantan Tengah,22,17850.0,True,15800.0,2900.0,2025-12
2025-12-25,Kalimantan Timur,23,16250.0,True,15800.0,2900.0,2025-12
2025-12-25,Kalimantan Utara,24,17300.0,True,15800.0,2900.0,2025-12
2025-12-25,Gorontalo,25,15450.0,True,15800.0,2900.0,2025-12
2025-12-25,Sulawesi Selatan,26,14100.0,True,15800.0,2900.0,2025-12
2025-12-25,Sulawesi Tenggara,27,15500.0,True,15800.0,2900.0,2025-12
2025-12-25,Sulawesi Tengah,28,15400.0,True,15800.0,2900.0,2025-12
2025-12-25,Sulawesi Utara,29,14950.0,True,15800.0,2900.0,2025-12
2025-12-25,Sulawesi Barat,30,14350.0,True,15800.0,2900.0,2025-12
2025-12-25,Maluku,31,16650.0,True,15800.0,2900.0,2025-12
2025-12-25,Maluku Utara,32,17400.0,True,15800.0,2900.0,2025-12
2025-12-25,Papua,33,18750.0,True,15800.0,2900.0,2025-12
2025-12-25,Papua Barat,34,16850.0,True,15800.0,2900.0,2025-12
2025-12-26,Aceh,1,15100.0,True,15800.0,2900.0,2025-12
2025-12-26,Sumatera Utara,2,15150.0,True,15800.0,2900.0,2025-12
2025-12-26,Sumatera Barat,3,18100.0,True,15800.0,2900.0,2025-12
2025-12-26,Riau,4,16400.0,True,15800.0,2900.0,2025-12
2025-12-26,Kepulauan Riau,5,15300.0,True,15800.0,2900.0,2025-12
2025-12-26,Jambi,6,15400.0,True,15800.0,2900.0,2025-12
2025-12-26,Bengkulu,7,15500.0,True,15800.0,2900.0,2025-12
2025-12-26,Sumatera Selatan,8,15500.0,True,15800.0,2900.0,2025-12
2025-12-26,Kepulauan Bangka Belitung,9,15300.0,True,15800.0,2900.0,2025-12
2025-12-26,Lampung,10,14700.0,True,15800.0,2900.0,2025-12
2025-12-26,Jawa Barat,12,14800.0,True,15800.0,2900.0,2025-12
2025-12-26,DKI Jakarta,13,16300.0,True,15800.0,2900.0,2025-12
2025-12-26,Jawa Tengah,14,15050.0,True,15800.0,2900.0,2025-12
2025-12-26,DI Yogyakarta,15,14200.0,True,15800.0,2900.0,2025-12
2025-12-26,Jawa Timur,16,14550.0,True,15800.0,2900.0,2025-12
2025-12-26,Bali,17,15400.0,True,15800.0,2900.0,2025-12
2025-12-26,Nusa Tenggara Barat,18,13850.0,True,15800.0,2900.0,2025-12
2025-12-26,Nusa Tenggara Timur,19,15300.0,True,15800.0,2900.0,2025-12
2025-12-26,Kalimantan Barat,20,16600.0,True,15800.0,2900.0,2025-12
2025-12-26,Kalimantan Selatan,21,17550.0,True,15800.0,2900.0,2025-12
2025-12-26,Kalimantan Tengah,22,17850.0,True,15800.0,2900.0,2025-12
2025-12-26,Kalimantan Timur,23,16250.0,True,15800.0,2900.0,2025-12
2025-12-26,Kalimantan Utara,24,17300.0,True,15800.0,2900.0,2025-12
2025-12-26,Gorontalo,25,15450.0,True,15800.0,2900.0,2025-12
2025-12-26,Sulawesi Selatan,26,14100.0,True,15800.0,2900.0,2025-12
2025-12-26,Sulawesi Tenggara,27,15500.0,True,15800.0,2900.0,2025-12
2025-12-26,Sulawesi Tengah,28,15400.0,True,15800.0,2900.0,2025-12
2025-12-26,Sulawesi Utara,29,14950.0,True,15800.0,2900.0,2025-12
2025-12-26,Sulawesi Barat,30,14350.0,True,15800.0,2900.0,2025-12
2025-12-26,Maluku,31,16650.0,True,15800.0,2900.0,2025-12
2025-12-26,Maluku Utara,32,17400.0,True,15800.0,2900.0,2025-12
2025-12-26,Papua,33,18750.0,True,15800.0,2900.0,2025-12
2025-12-26,Papua Barat,34,16850.0,True,15800.0,2900.0,2025-12
2025-12-27,Aceh,1,15100.0,True,15800.0,2900.0,2025-12
2025-12-27,Sumatera Utara,2,15150.0,True,15800.0,2900.0,2025-12
2025-12-27,Sumatera Barat,3,18100.0,True,15800.0,2900.0,2025-12
2025-12-27,Riau,4,16400.0,True,15800.0,2900.0,2025-12
2025-12-27,Kepulauan Riau,5,15300.0,True,15800.0,2900.0,2025-12
2025-12-27,Jambi,6,15400.0,True,15800.0,2900.0,2025-12
2025-12-27,Bengkulu,7,15500.0,True,15800.0,2900.0,2025-12
2025-12-27,Sumatera Selatan,8,15500.0,True,15800.0,2900.0,2025-12
2025-12-27,Kepulauan Bangka Belitung,9,15300.0,True,15800.0,2900.0,2025-12
2025-12-27,Lampung,10,14700.0,True,15800.0,2900.0,2025-12
2025-12-27,Jawa Barat,12,14800.0,True,15800.0,2900.0,2025-12
2025-12-27,DKI Jakarta,13,16300.0,True,15800.0,2900.0,2025-12
2025-12-27,Jawa Tengah,14,15050.0,True,15800.0,2900.0,2025-12
2025-12-27,DI Yogyakarta,15,14200.0,True,15800.0,2900.0,2025-12
2025-12-27,Jawa Timur,16,14550.0,True,15800.0,2900.0,2025-12
2025-12-27,Bali,17,15400.0,True,15800.0,2900.0,2025-12
2025-12-27,Nusa Tenggara Barat,18,13850.0,True,15800.0,2900.0,2025-12
2025-12-27,Nusa Tenggara Timur,19,15300.0,True,15800.0,2900.0,2025-12
2025-12-27,Kalimantan Barat,20,16600.0,True,15800.0,2900.0,2025-12
2025-12-27,Kalimantan Selatan,21,17550.0,True,15800.0,2900.0,2025-12
2025-12-27,Kalimantan Tengah,22,17850.0,True,15800.0,2900.0,2025-12
2025-12-27,Kalimantan Timur,23,16250.0,True,15800.0,2900.0,2025-12
2025-12-27,Kalimantan Utara,24,17300.0,True,15800.0,2900.0,2025-12
2025-12-27,Gorontalo,25,15450.0,True,15800.0,2900.0,2025-12
2025-12-27,Sulawesi Selatan,26,14100.0,True,15800.0,2900.0,2025-12
2025-12-27,Sulawesi Tenggara,27,15500.0,True,15800.0,2900.0,2025-12
2025-12-27,Sulawesi Tengah,28,15400.0,True,15800.0,2900.0,2025-12
2025-12-27,Sulawesi Utara,29,14950.0,True,15800.0,2900.0,2025-12
2025-12-27,Sulawesi Barat,30,14350.0,True,15800.0,2900.0,2025-12
2025-12-27,Maluku,31,16650.0,True,15800.0,2900.0,2025-12
2025-12-27,Maluku Utara,32,17400.0,True,15800.0,2900.0,2025-12
2025-12-27,Papua,33,18750.0,True,15800.0,2900.0,2025-12
2025-12-27,Papua Barat,34,16850.0,True,15800.0,2900.0,2025-12
2025-12-28,Aceh,1,15100.0,True,15800.0,2900.0,2025-12
2025-12-28,Sumatera Utara,2,15150.0,True,15800.0,2900.0,2025-12
2025-12-28,Sumatera Barat,3,18100.0,True,15800.0,2900.0,2025-12
2025-12-28,Riau,4,16400.0,True,15800.0,2900.0,2025-12
2025-12-28,Kepulauan Riau,5,15300.0,True,15800.0,2900.0,2025-12
2025-12-28,Jambi,6,15400.0,True,15800.0,2900.0,2025-12
2025-12-28,Bengkulu,7,15500.0,True,15800.0,2900.0,2025-12
2025-12-28,Sumatera Selatan,8,15500.0,True,15800.0,2900.0,2025-12
2025-12-28,Kepulauan Bangka Belitung,9,15300.0,True,15800.0,2900.0,2025-12
2025-12-28,Lampung,10,14700.0,True,15800.0,2900.0,2025-12
2025-12-28,Jawa Barat,12,14800.0,True,15800.0,2900.0,2025-12
2025-12-28,DKI Jakarta,13,16300.0,True,15800.0,2900.0,2025-12
2025-12-28,Jawa Tengah,14,15050.0,True,15800.0,2900.0,2025-12
2025-12-28,DI Yogyakarta,15,14200.0,True,15800.0,2900.0,2025-12
2025-12-28,Jawa Timur,16,14550.0,True,15800.0,2900.0,2025-12
2025-12-28,Bali,17,15400.0,True,15800.0,2900.0,2025-12
2025-12-28,Nusa Tenggara Barat,18,13850.0,True,15800.0,2900.0,2025-12
2025-12-28,Nusa Tenggara Timur,19,15300.0,True,15800.0,2900.0,2025-12
2025-12-28,Kalimantan Barat,20,16600.0,True,15800.0,2900.0,2025-12
2025-12-28,Kalimantan Selatan,21,17550.0,True,15800.0,2900.0,2025-12
2025-12-28,Kalimantan Tengah,22,17850.0,True,15800.0,2900.0,2025-12
2025-12-28,Kalimantan Timur,23,16250.0,True,15800.0,2900.0,2025-12
2025-12-28,Kalimantan Utara,24,17300.0,True,15800.0,2900.0,2025-12
2025-12-28,Gorontalo,25,15450.0,True,15800.0,2900.0,2025-12
2025-12-28,Sulawesi Selatan,26,14100.0,True,15800.0,2900.0,2025-12
2025-12-28,Sulawesi Tenggara,27,15500.0,True,15800.0,2900.0,2025-12
2025-12-28,Sulawesi Tengah,28,15400.0,True,15800.0,2900.0,2025-12
2025-12-28,Sulawesi Utara,29,14950.0,True,15800.0,2900.0,2025-12
2025-12-28,Sulawesi Barat,30,14350.0,True,15800.0,2900.0,2025-12
2025-12-28,Maluku,31,16650.0,True,15800.0,2900.0,2025-12
2025-12-28,Maluku Utara,32,17400.0,True,15800.0,2900.0,2025-12
2025-12-28,Papua,33,18750.0,True,15800.0,2900.0,2025-12
2025-12-28,Papua Barat,34,16850.0,True,15800.0,2900.0,2025-12
2025-12-29,Aceh,1,15100.0,True,15750.0,1200.0,2025-12
2025-12-29,Sumatera Utara,2,15150.0,True,15750.0,1200.0,2025-12
2025-12-29,Sumatera Barat,3,18150.0,True,15750.0,1200.0,2025-12
2025-12-29,Riau,4,16400.0,True,15750.0,1200.0,2025-12
2025-12-29,Kepulauan Riau,5,15300.0,True,15750.0,1200.0,2025-12
2025-12-29,Jambi,6,15400.0,True,15750.0,1200.0,2025-12
2025-12-29,Bengkulu,7,15500.0,True,15750.0,1200.0,2025-12
2025-12-29,Sumatera Selatan,8,15500.0,True,15750.0,1200.0,2025-12
2025-12-29,Kepulauan Bangka Belitung,9,15300.0,True,15750.0,1200.0,2025-12
2025-12-29,Lampung,10,14700.0,True,15750.0,1200.0,2025-12
2025-12-29,Banten,11,14950.0,True,15750.0,1200.0,2025-12
2025-12-29,Jawa Barat,12,14800.0,True,15750.0,1200.0,2025-12
2025-12-29,DKI Jakarta,13,16300.0,True,15750.0,1200.0,2025-12
2025-12-29,Jawa Tengah,14,15050.0,True,15750.0,1200.0,2025-12
2025-12-29,DI Yogyakarta,15,14200.0,True,15750.0,1200.0,2025-12
2025-12-29,Jawa Timur,16,14550.0,True,15750.0,1200.0,2025-12
2025-12-29,Bali,17,15400.0,True,15750.0,1200.0,2025-12
2025-12-29,Nusa Tenggara Barat,18,13850.0,True,15750.0,1200.0,2025-12
2025-12-29,Nusa Tenggara Timur,19,15300.0,True,15750.0,1200.0,2025-12
2025-12-29,Kalimantan Barat,20,16600.0,True,15750.0,1200.0,2025-12
2025-12-29,Kalimantan Selatan,21,17550.0,True,15750.0,1200.0,2025-12
2025-12-29,Kalimantan Tengah,22,17850.0,True,15750.0,1200.0,2025-12
2025-12-29,Kalimantan Timur,23,16200.0,True,15750.0,1200.0,2025-12
2025-12-29,Kalimantan Utara,24,17300.0,True,15750.0,1200.0,2025-12
2025-12-29,Gorontalo,25,15550.0,True,15750.0,1200.0,2025-12
2025-12-29,Sulawesi Selatan,26,14100.0,True,15750.0,1200.0,2025-12
2025-12-29,Sulawesi Tenggara,27,15500.0,True,15750.0,1200.0,2025-12
2025-12-29,Sulawesi Tengah,28,15400.0,True,15750.0,1200.0,2025-12
2025-12-29,Sulawesi Utara,29,15000.0,True,15750.0,1200.0,2025-12
2025-12-29,Sulawesi Barat,30,14350.0,True,15750.0,1200.0,2025-12
2025-12-29,Maluku,31,16650.0,True,15750.0,1200.0,2025-12
2025-12-29,Maluku Utara,32,17400.0,True,15750.0,1200.0,2025-12
2025-12-29,Papua,33,18750.0,True,15750.0,1200.0,2025-12
2025-12-29,Papua Barat,34,16850.0,True,15750.0,1200.0,2025-12
2025-12-30,Aceh,1,15100.0,True,15750.0,1200.0,2025-12
2025-12-30,Sumatera Utara,2,15150.0,True,15750.0,1200.0,2025-12
2025-12-30,Sumatera Barat,3,18200.0,True,15750.0,1200.0,2025-12
2025-12-30,Riau,4,16350.0,True,15750.0,1200.0,2025-12
2025-12-30,Kepulauan Riau,5,15300.0,True,15750.0,1200.0,2025-12
2025-12-30,Jambi,6,15400.0,True,15750.0,1200.0,2025-12
2025-12-30,Bengkulu,7,15500.0,True,15750.0,1200.0,2025-12
2025-12-30,Sumatera Selatan,8,15500.0,True,15750.0,1200.0,2025-12
2025-12-30,Kepulauan Bangka Belitung,9,15300.0,True,15750.0,1200.0,2025-12
2025-12-30,Lampung,10,14700.0,True,15750.0,1200.0,2025-12
2025-12-30,Banten,11,14950.0,True,15750.0,1200.0,2025-12
2025-12-30,Jawa Barat,12,14800.0,True,15750.0,1200.0,2025-12
2025-12-30,DKI Jakarta,13,16300.0,True,15750.0,1200.0,2025-12
2025-12-30,Jawa Tengah,14,15050.0,True,15750.0,1200.0,2025-12
2025-12-30,DI Yogyakarta,15,14200.0,True,15750.0,1200.0,2025-12
2025-12-30,Jawa Timur,16,14550.0,True,15750.0,1200.0,2025-12
2025-12-30,Bali,17,15400.0,True,15750.0,1200.0,2025-12
2025-12-30,Nusa Tenggara Barat,18,13850.0,True,15750.0,1200.0,2025-12
2025-12-30,Nusa Tenggara Timur,19,15300.0,True,15750.0,1200.0,2025-12
2025-12-30,Kalimantan Barat,20,16600.0,True,15750.0,1200.0,2025-12
2025-12-30,Kalimantan Selatan,21,17550.0,True,15750.0,1200.0,2025-12
2025-12-30,Kalimantan Tengah,22,17900.0,True,15750.0,1200.0,2025-12
2025-12-30,Kalimantan Timur,23,16200.0,True,15750.0,1200.0,2025-12
2025-12-30,Kalimantan Utara,24,17300.0,True,15750.0,1200.0,2025-12
2025-12-30,Gorontalo,25,15500.0,True,15750.0,1200.0,2025-12
2025-12-30,Sulawesi Selatan,26,14100.0,True,15750.0,1200.0,2025-12
2025-12-30,Sulawesi Tenggara,27,15500.0,True,15750.0,1200.0,2025-12
2025-12-30,Sulawesi Tengah,28,15350.0,True,15750.0,1200.0,2025-12
2025-12-30,Sulawesi Utara,29,15000.0,True,15750.0,1200.0,2025-12
2025-12-30,Sulawesi Barat,30,14350.0,True,15750.0,1200.0,2025-12
2025-12-30,Maluku,31,16650.0,True,15750.0,1200.0,2025-12
2025-12-30,Maluku Utara,32,17400.0,True,15750.0,1200.0,2025-12
2025-12-30,Papua,33,18750.0,True,15750.0,1200.0,2025-12
2025-12-30,Papua Barat,34,16850.0,True,15750.0,1200.0,2025-12
2025-12-31,Aceh,1,15100.0,True,15750.0,1200.0,2025-12
2025-12-31,Sumatera Utara,2,15100.0,True,15750.0,1200.0,2025-12
2025-12-31,Sumatera Barat,3,18200.0,True,15750.0,1200.0,2025-12
2025-12-31,Riau,4,16350.0,True,15750.0,1200.0,2025-12
2025-12-31,Kepulauan Riau,5,15300.0,True,15750.0,1200.0,2025-12
2025-12-31,Jambi,6,15400.0,True,15750.0,1200.0,2025-12
2025-12-31,Bengkulu,7,15500.0,True,15750.0,1200.0,2025-12
2025-12-31,Sumatera Selatan,8,15500.0,True,15750.0,1200.0,2025-12
2025-12-31,Kepulauan Bangka Belitung,9,15300.0,True,15750.0,1200.0,2025-12
2025-12-31,Lampung,10,14700.0,True,15750.0,1200.0,2025-12
2025-12-31,Banten,11,14950.0,True,15750.0,1200.0,2025-12
2025-12-31,Jawa Barat,12,14800.0,True,15750.0,1200.0,2025-12
2025-12-31,DKI Jakarta,13,16300.0,True,15750.0,1200.0,2025-12
2025-12-31,Jawa Tengah,14,15000.0,True,15750.0,1200.0,2025-12
2025-12-31,DI Yogyakarta,15,14200.0,True,15750.0,1200.0,2025-12
2025-12-31,Jawa Timur,16,14550.0,True,15750.0,1200.0,2025-12
2025-12-31,Bali,17,15400.0,True,15750.0,1200.0,2025-12
2025-12-31,Nusa Tenggara Barat,18,13850.0,True,15750.0,1200.0,2025-12
2025-12-31,Nusa Tenggara Timur,19,15300.0,True,15750.0,1200.0,2025-12
2025-12-31,Kalimantan Barat,20,16600.0,True,15750.0,1200.0,2025-12
2025-12-31,Kalimantan Selatan,21,17550.0,True,15750.0,1200.0,2025-12
2025-12-31,Kalimantan Tengah,22,17900.0,True,15750.0,1200.0,2025-12
2025-12-31,Kalimantan Timur,23,16200.0,True,15750.0,1200.0,2025-12
2025-12-31,Kalimantan Utara,24,17250.0,True,15750.0,1200.0,2025-12
2025-12-31,Gorontalo,25,15500.0,True,15750.0,1200.0,2025-12
2025-12-31,Sulawesi Selatan,26,14100.0,True,15750.0,1200.0,2025-12
2025-12-31,Sulawesi Tenggara,27,15500.0,True,15750.0,1200.0,2025-12
2025-12-31,Sulawesi Tengah,28,15350.0,True,15750.0,1200.0,2025-12
2025-12-31,Sulawesi Utara,29,15000.0,True,15750.0,1200.0,2025-12
2025-12-31,Sulawesi Barat,30,14350.0,True,15750.0,1200.0,2025-12
2025-12-31,Maluku,31,16650.0,True,15750.0,1200.0,2025-12
2025-12-31,Maluku Utara,32,17400.0,True,15750.0,1200.0,2025-12
2025-12-31,Papua,33,18750.0,True,15750.0,1200.0,2025-12
2025-12-31,Papua Barat,34,16850.0,True,15750.0,1200.0,2025-12
