bulan,provinsi,komoditas,rata_rata_harga
2024-01,Aceh,Bawang Merah,41088.709677419356
2024-01,Aceh,Bawang Putih,38288.709677419356
2024-01,Aceh,Beras,13796.774193548386
2024-01,Aceh,Cabai Merah,34000.0
2024-01,Aceh,Cabai Rawit,48022.58064516129
2024-01,Aceh,Daging Ayam,30135.483870967742
2024-01,Aceh,Daging Sapi,145850.0
2024-01,Aceh,Gula Pasir,18054.83870967742
2024-01,Aceh,Minyak Goreng,18450.0
2024-01,Aceh,Telur Ayam,27761.290322580644
2024-01,Bali,Bawang Merah,34479.032258064515
2024-01,Bali,Bawang Putih,34648.3870967742
2024-01,Bali,Beras,14525.806451612903
2024-01,Bali,Cabai Merah,58450.0
2024-01,Bali,Cabai Rawit,39316.12903225807
2024-01,Bali,Daging Ayam,36196.77419354839
2024-01,Bali,Daging Sapi,126243.54838709677
2024-01,Bali,Gula Pasir,17714.516129032258
2024-01,Bali,Minyak Goreng,18237.09677419355
2024-01,Bali,Telur Ayam,26477.41935483871
2024-01,Banten,Bawang Merah,34670.967741935485
2024-01,Banten,Bawang Putih,40545.16129032258
2024-01,Banten,Beras,14730.645161290322
2024-01,Banten,Cabai Merah,70111.29032258065
2024-01,Banten,Cabai Rawit,49764.51612903226
2024-01,Banten,Daging Ayam,36738.709677419356
2024-01,Banten,Daging Sapi,132500.0
2024-01,Banten,Gula Pasir,17750.0
2024-01,Banten,Minyak Goreng,17403.225806451614
2024-01,Banten,Telur Ayam,26474.1935483871
2024-01,Bengkulu,Bawang Merah,37508.333333333336
2024-01,Bengkulu,Bawang Putih,39363.333333333336
2024-01,Bengkulu,Beras,14948.333333333334
2024-01,Bengkulu,Cabai Merah,46755.0
2024-01,Bengkulu,Cabai Rawit,34026.666666666664
2024-01,Bengkulu,Daging Ayam,32901.666666666664
2024-01,Bengkulu,Daging Sapi,135650.0
2024-01,Bengkulu,Gula Pasir,17640.0
2024-01,Bengkulu,Minyak Goreng,17085.0
2024-01,Bengkulu,Telur Ayam,26886.666666666668
2024-01,DI Yogyakarta,Bawang Merah,37185.48387096774
2024-01,DI Yogyakarta,Bawang Putih,43758.06451612903
2024-01,DI Yogyakarta,Beras,14062.90322580645
2024-01,DI Yogyakarta,Cabai Merah,67267.74193548386
2024-01,DI Yogyakarta,Cabai Rawit,44985.48387096774
2024-01,DI Yogyakarta,Daging Ayam,34185.48387096774
2024-01,DI Yogyakarta,Daging Sapi,136250.0
2024-01,DI Yogyakarta,Gula Pasir,16896.774193548386
2024-01,DI Yogyakarta,Minyak Goreng,17000.0
2024-01,DI Yogyakarta,Telur Ayam,26477.41935483871
2024-01,DKI Jakarta,Bawang Merah,40333.333333333336
2024-01,DKI Jakarta,Bawang Putih,46388.333333333336
2024-01,DKI Jakarta,Beras,15450.0
2024-01,DKI Jakarta,Cabai Merah,78158.33333333333
2024-01,DKI Jakarta,Cabai Rawit,57951.666666666664
2024-01,DKI Jakarta,Daging Ayam,34553.333333333336
2024-01,DKI Jakarta,Daging Sapi,141650.0
2024-01,DKI Jakarta,Gula Pasir,18150.0
2024-01,DKI Jakarta,Minyak Goreng,18083.333333333332
2024-01,DKI Jakarta,Telur Ayam,26776.666666666668
2024-01,Gorontalo,Bawang Merah,46717.74193548387
2024-01,Gorontalo,Bawang Putih,43072.58064516129
2024-01,Gorontalo,Beras,14538.709677419354
2024-01,Gorontalo,Cabai Merah,31925.8064516129
2024-01,Gorontalo,Cabai Rawit,44116.12903225807
2024-01,Gorontalo,Daging Ayam,30056.451612903227
2024-01,Gorontalo,Daging Sapi,131866.12903225806
2024-01,Gorontalo,Gula Pasir,18680.645161290322
2024-01,Gorontalo,Minyak Goreng,22940.322580645163
2024-01,Gorontalo,Telur Ayam,33295.16129032258
2024-01,Jambi,Bawang Merah,33346.77419354839
2024-01,Jambi,Bawang Putih,37396.77419354839
2024-01,Jambi,Beras,14150.0
2024-01,Jambi,Cabai Merah,45138.709677419356
2024-01,Jambi,Cabai Rawit,43591.93548387097
2024-01,Jambi,Daging Ayam,33588.709677419356
2024-01,Jambi,Daging Sapi,136900.0
2024-01,Jambi,Gula Pasir,16953.225806451614
2024-01,Jambi,Minyak Goreng,17619.354838709678
2024-01,Jambi,Telur Ayam,25740.322580645163
2024-01,Jawa Barat,Bawang Merah,35553.22580645161
2024-01,Jawa Barat,Bawang Putih,40416.12903225807
2024-01,Jawa Barat,Beras,14259.677419354839
2024-01,Jawa Barat,Cabai Merah,73464.51612903226
2024-01,Jawa Barat,Cabai Rawit,52035.48387096774
2024-01,Jawa Barat,Daging Ayam,34545.16129032258
2024-01,Jawa Barat,Daging Sapi,139461.29032258064
2024-01,Jawa Barat,Gula Pasir,17443.548387096773
2024-01,Jawa Barat,Minyak Goreng,17967.74193548387
2024-01,Jawa Barat,Telur Ayam,26751.612903225807
2024-01,Jawa Tengah,Bawang Merah,34195.16129032258
2024-01,Jawa Tengah,Bawang Putih,40677.41935483871
2024-01,Jawa Tengah,Beras,14029.032258064517
2024-01,Jawa Tengah,Cabai Merah,60627.41935483871
2024-01,Jawa Tengah,Cabai Rawit,41816.12903225807
2024-01,Jawa Tengah,Daging Ayam,33011.290322580644
2024-01,Jawa Tengah,Daging Sapi,129088.70967741935
2024-01,Jawa Tengah,Gula Pasir,17409.677419354837
2024-01,Jawa Tengah,Minyak Goreng,17525.8064516129
2024-01,Jawa Tengah,Telur Ayam,25937.09677419355
2024-01,Jawa Timur,Bawang Merah,34030.645161290326
2024-01,Jawa Timur,Bawang Putih,34941.93548387097
2024-01,Jawa Timur,Beras,13879.032258064517
2024-01,Jawa Timur,Cabai Merah,58504.83870967742
2024-01,Jawa Timur,Cabai Rawit,36608.06451612903
2024-01,Jawa Timur,Daging Ayam,31848.387096774193
2024-01,Jawa Timur,Daging Sapi,117998.3870967742
2024-01,Jawa Timur,Gula Pasir,16730.645161290322
2024-01,Jawa Timur,Minyak Goreng,17616.129032258064
2024-01,Jawa Timur,Telur Ayam,25567.74193548387
2024-01,Kalimantan Barat,Bawang Merah,38223.333333333336
2024-01,Kalimantan Barat,Bawang Putih,37505.0
2024-01,Kalimantan Barat,Beras,15650.0
2024-01,Kalimantan Barat,Cabai Merah,51370.0
2024-01,Kalimantan Barat,Cabai Rawit,50326.666666666664
2024-01,Kalimantan Barat,Daging Ayam,38613.333333333336
2024-01,Kalimantan Barat,Daging Sapi,150078.33333333334
2024-01,Kalimantan Barat,Gula Pasir,17235.0
2024-01,Kalimantan Barat,Minyak Goreng,18581.666666666668
2024-01,Kalimantan Barat,Telur Ayam,30010.0
2024-01,Kalimantan Selatan,Bawang Merah,38104.83870967742
2024-01,Kalimantan Selatan,Bawang Putih,38862.903225806454
2024-01,Kalimantan Selatan,Beras,17741.935483870966
2024-01,Kalimantan Selatan,Cabai Merah,61072.58064516129
2024-01,Kalimantan Selatan,Cabai Rawit,45485.48387096774
2024-01,Kalimantan Selatan,Daging Ayam,46633.87096774193
2024-01,Kalimantan Selatan,Daging Sapi,159077.4193548387
2024-01,Kalimantan Selatan,Gula Pasir,17575.8064516129
2024-01,Kalimantan Selatan,Minyak Goreng,19435.483870967742
2024-01,Kalimantan Selatan,Telur Ayam,30524.1935483871
2024-01,Kalimantan Tengah,Bawang Merah,42503.22580645161
2024-01,Kalimantan Tengah,Bawang Putih,39217.74193548387
2024-01,Kalimantan Tengah,Beras,18800.0
2024-01,Kalimantan Tengah,Cabai Merah,82117.74193548386
2024-01,Kalimantan Tengah,Cabai Rawit,48793.54838709677
2024-01,Kalimantan Tengah,Daging Ayam,45112.903225806454
2024-01,Kalimantan Tengah,Daging Sapi,154100.0
2024-01,Kalimantan Tengah,Gula Pasir,19100.0
2024-01,Kalimantan Tengah,Minyak Goreng,19750.0
2024-01,Kalimantan Tengah,Telur Ayam,30619.354838709678
2024-01,Kalimantan Timur,Bawang Merah,45959.67741935484
2024-01,Kalimantan Timur,Bawang Putih,41553.22580645161
2024-01,Kalimantan Timur,Beras,15166.129032258064
2024-01,Kalimantan Timur,Cabai Merah,61462.903225806454
2024-01,Kalimantan Timur,Cabai Rawit,53453.22580645161
2024-01,Kalimantan Timur,Daging Ayam,36190.32258064516
2024-01,Kalimantan Timur,Daging Sapi,152750.0
2024-01,Kalimantan Timur,Gula Pasir,17995.16129032258
2024-01,Kalimantan Timur,Minyak Goreng,18906.451612903227
2024-01,Kalimantan Timur,Telur Ayam,29038.709677419356
2024-01,Kalimantan Utara,Bawang Merah,51660.0
2024-01,Kalimantan Utara,Bawang Putih,44973.333333333336
2024-01,Kalimantan Utara,Beras,16158.333333333334
2024-01,Kalimantan Utara,Cabai Merah,70831.66666666667
2024-01,Kalimantan Utara,Cabai Rawit,95371.66666666667
2024-01,Kalimantan Utara,Daging Ayam,49135.0
2024-01,Kalimantan Utara,Daging Sapi,129920.0
2024-01,Kalimantan Utara,Gula Pasir,18688.333333333332
2024-01,Kalimantan Utara,Minyak Goreng,19731.666666666668
2024-01,Kalimantan Utara,Telur Ayam,30488.333333333332
2024-01,Kepulauan Bangka Belitung,Bawang Merah,41072.58064516129
2024-01,Kepulauan Bangka Belitung,Bawang Putih,40287.096774193546
2024-01,Kepulauan Bangka Belitung,Beras,14632.258064516129
2024-01,Kepulauan Bangka Belitung,Cabai Merah,73029.03225806452
2024-01,Kepulauan Bangka Belitung,Cabai Rawit,67288.70967741935
2024-01,Kepulauan Bangka Belitung,Daging Ayam,37964.51612903226
2024-01,Kepulauan Bangka Belitung,Daging Sapi,134803.2258064516
2024-01,Kepulauan Bangka Belitung,Gula Pasir,17066.129032258064
2024-01,Kepulauan Bangka Belitung,Minyak Goreng,16829.032258064515
2024-01,Kepulauan Bangka Belitung,Telur Ayam,31032.25806451613
2024-01,Kepulauan Riau,Bawang Merah,38982.25806451613
2024-01,Kepulauan Riau,Bawang Putih,34230.645161290326
2024-01,Kepulauan Riau,Beras,14300.0
2024-01,Kepulauan Riau,Cabai Merah,56900.0
2024-01,Kepulauan Riau,Cabai Rawit,50475.8064516129
2024-01,Kepulauan Riau,Daging Ayam,37217.74193548387
2024-01,Kepulauan Riau,Daging Sapi,99250.0
2024-01,Kepulauan Riau,Gula Pasir,17135.483870967742
2024-01,Kepulauan Riau,Minyak Goreng,16303.225806451614
2024-01,Kepulauan Riau,Telur Ayam,27422.58064516129
2024-01,Lampung,Bawang Merah,30391.666666666668
2024-01,Lampung,Bawang Putih,35428.333333333336
2024-01,Lampung,Beras,13726.666666666666
2024-01,Lampung,Cabai Merah,61960.0
2024-01,Lampung,Cabai Rawit,45778.333333333336
2024-01,Lampung,Daging Ayam,31705.0
2024-01,Lampung,Daging Sapi,129400.0
2024-01,Lampung,Gula Pasir,16703.333333333332
2024-01,Lampung,Minyak Goreng,17260.0
2024-01,Lampung,Telur Ayam,26116.666666666668
2024-01,Maluku,Bawang Merah,48680.645161290326
2024-01,Maluku,Bawang Putih,45488.709677419356
2024-01,Maluku,Beras,15203.225806451614
2024-01,Maluku,Cabai Merah,78185.48387096774
2024-01,Maluku,Cabai Rawit,111845.16129032258
2024-01,Maluku,Daging Ayam,39964.51612903226
2024-01,Maluku,Daging Sapi,133508.06451612903
2024-01,Maluku,Gula Pasir,18759.677419354837
2024-01,Maluku,Minyak Goreng,21012.90322580645
2024-01,Maluku,Telur Ayam,35630.645161290326
2024-01,Maluku Utara,Bawang Merah,59500.0
2024-01,Maluku Utara,Bawang Putih,54458.333333333336
2024-01,Maluku Utara,Beras,15750.0
2024-01,Maluku Utara,Cabai Merah,67750.0
2024-01,Maluku Utara,Cabai Rawit,98916.66666666667
2024-01,Maluku Utara,Daging Ayam,42500.0
2024-01,Maluku Utara,Daging Sapi,137666.66666666666
2024-01,Maluku Utara,Gula Pasir,18225.0
2024-01,Maluku Utara,Minyak Goreng,21300.0
2024-01,Maluku Utara,Telur Ayam,36100.0
2024-01,Nusa Tenggara Barat,Bawang Merah,34735.48387096774
2024-01,Nusa Tenggara Barat,Bawang Putih,38806.45161290323
2024-01,Nusa Tenggara Barat,Beras,13348.387096774193
2024-01,Nusa Tenggara Barat,Cabai Merah,58496.77419354839
2024-01,Nusa Tenggara Barat,Cabai Rawit,33074.1935483871
2024-01,Nusa Tenggara Barat,Daging Ayam,39593.54838709677
2024-01,Nusa Tenggara Barat,Daging Sapi,117650.0
2024-01,Nusa Tenggara Barat,Gula Pasir,17058.064516129034
2024-01,Nusa Tenggara Barat,Minyak Goreng,18608.064516129034
2024-01,Nusa Tenggara Barat,Telur Ayam,29601.612903225807
2024-01,Nusa Tenggara Timur,Bawang Merah,32436.666666666668
2024-01,Nusa Tenggara Timur,Bawang Putih,44608.333333333336
2024-01,Nusa Tenggara Timur,Beras,15096.666666666666
2024-01,Nusa Tenggara Timur,Cabai Merah,70540.0
2024-01,Nusa Tenggara Timur,Cabai Rawit,99841.66666666667
2024-01,Nusa Tenggara Timur,Daging Ayam,45871.666666666664
2024-01,Nusa Tenggara Timur,Daging Sapi,110461.66666666667
2024-01,Nusa Tenggara Timur,Gula Pasir,18200.0
2024-01,Nusa Tenggara Timur,Minyak Goreng,21058.333333333332
2024-01,Nusa Tenggara Timur,Telur Ayam,31926.666666666668
2024-01,Papua,Bawang Merah,53735.0
2024-01,Papua,Bawang Putih,49471.666666666664
2024-01,Papua,Beras,15356.666666666666
2024-01,Papua,Cabai Merah,69446.66666666667
2024-01,Papua,Cabai Rawit,79150.0
2024-01,Papua,Daging Ayam,42558.333333333336
2024-01,Papua,Daging Sapi,133780.0
2024-01,Papua,Gula Pasir,19310.0
2024-01,Papua,Minyak Goreng,21335.0
2024-01,Papua,Telur Ayam,36745.0
2024-01,Papua Barat,Bawang Merah,56693.54838709677
2024-01,Papua Barat,Bawang Putih,56250.0
2024-01,Papua Barat,Beras,15572.58064516129
2024-01,Papua Barat,Cabai Merah,53100.0
2024-01,Papua Barat,Cabai Rawit,75725.80645161291
2024-01,Papua Barat,Daging Ayam,48125.8064516129
2024-01,Papua Barat,Daging Sapi,147500.0
2024-01,Papua Barat,Gula Pasir,19733.870967741936
2024-01,Papua Barat,Minyak Goreng,23745.16129032258
2024-01,Papua Barat,Telur Ayam,37658.06451612903
2024-01,Riau,Bawang Merah,34571.666666666664
2024-01,Riau,Bawang Putih,36183.333333333336
2024-01,Riau,Beras,15251.666666666666
2024-01,Riau,Cabai Merah,47465.0
2024-01,Riau,Cabai Rawit,48691.666666666664
2024-01,Riau,Daging Ayam,28755.0
2024-01,Riau,Daging Sapi,126060.0
2024-01,Riau,Gula Pasir,16981.666666666668
2024-01,Riau,Minyak Goreng,16855.0
2024-01,Riau,Telur Ayam,27108.333333333332
2024-01,Sulawesi Barat,Bawang Merah,40385.48387096774
2024-01,Sulawesi Barat,Bawang Putih,39206.45161290323
2024-01,Sulawesi Barat,Beras,13604.838709677419
2024-01,Sulawesi Barat,Cabai Merah,41308.06451612903
2024-01,Sulawesi Barat,Cabai Rawit,42543.54838709677
2024-01,Sulawesi Barat,Daging Ayam,31325.8064516129
2024-01,Sulawesi Barat,Daging Sapi,121650.0
2024-01,Sulawesi Barat,Gula Pasir,17238.709677419356
2024-01,Sulawesi Barat,Minyak Goreng,19495.16129032258
2024-01,Sulawesi Barat,Telur Ayam,23480.645161290322
2024-01,Sulawesi Selatan,Bawang Merah,39216.12903225807
2024-01,Sulawesi Selatan,Bawang Putih,38558.06451612903
2024-01,Sulawesi Selatan,Beras,13027.41935483871
2024-01,Sulawesi Selatan,Cabai Merah,38893.54838709677
2024-01,Sulawesi Selatan,Cabai Rawit,42567.74193548387
2024-01,Sulawesi Selatan,Daging Ayam,29075.8064516129
2024-01,Sulawesi Selatan,Daging Sapi,123000.0
2024-01,Sulawesi Selatan,Gula Pasir,17001.612903225807
2024-01,Sulawesi Selatan,Minyak Goreng,17640.322580645163
2024-01,Sulawesi Selatan,Telur Ayam,23850.0
2024-01,Sulawesi Tengah,Bawang Merah,49441.666666666664
2024-01,Sulawesi Tengah,Bawang Putih,44375.0
2024-01,Sulawesi Tengah,Beras,14168.333333333334
2024-01,Sulawesi Tengah,Cabai Merah,40631.666666666664
2024-01,Sulawesi Tengah,Cabai Rawit,59790.0
2024-01,Sulawesi Tengah,Daging Ayam,32296.666666666668
2024-01,Sulawesi Tengah,Daging Sapi,143750.0
2024-01,Sulawesi Tengah,Gula Pasir,18706.666666666668
2024-01,Sulawesi Tengah,Minyak Goreng,17896.666666666668
2024-01,Sulawesi Tengah,Telur Ayam,29900.0
2024-01,Sulawesi Tenggara,Bawang Merah,46662.903225806454
2024-01,Sulawesi Tenggara,Bawang Putih,45303.22580645161
2024-01,Sulawesi Tenggara,Beras,14140.322580645161
2024-01,Sulawesi Tenggara,Cabai Merah,58503.22580645161
2024-01,Sulawesi Tenggara,Cabai Rawit,107269.35483870968
2024-01,Sulawesi Tenggara,Daging Ayam,36356.45161290323
2024-01,Sulawesi Tenggara,Daging Sapi,138150.0
2024-01,Sulawesi Tenggara,Gula Pasir,19100.0
2024-01,Sulawesi Tenggara,Minyak Goreng,20601.612903225807
2024-01,Sulawesi Tenggara,Telur Ayam,29650.0
2024-01,Sulawesi Utara,Bawang Merah,47717.74193548387
2024-01,Sulawesi Utara,Bawang Putih,44274.1935483871
2024-01,Sulawesi Utara,Beras,13658.064516129032
2024-01,Sulawesi Utara,Cabai Merah,39558.06451612903
2024-01,Sulawesi Utara,Cabai Rawit,43816.12903225807
2024-01,Sulawesi Utara,Daging Ayam,37112.903225806454
2024-01,Sulawesi Utara,Daging Sapi,135000.0
2024-01,Sulawesi Utara,Gula Pasir,17529.032258064515
2024-01,Sulawesi Utara,Minyak Goreng,16509.677419354837
2024-01,Sulawesi Utara,Telur Ayam,29340.322580645163
2024-01,Sumatera Barat,Bawang Merah,34387.096774193546
2024-01,Sumatera Barat,Bawang Putih,37448.3870967742
2024-01,Sumatera Barat,Beras,16358.064516129032
2024-01,Sumatera Barat,Cabai Merah,46204.83870967742
2024-01,Sumatera Barat,Cabai Rawit,48132.25806451613
2024-01,Sumatera Barat,Daging Ayam,45724.1935483871
2024-01,Sumatera Barat,Daging Sapi,148750.0
2024-01,Sumatera Barat,Gula Pasir,17467.74193548387
2024-01,Sumatera Barat,Minyak Goreng,17979.032258064515
2024-01,Sumatera Barat,Telur Ayam,26606.451612903227
2024-01,Sumatera Selatan,Bawang Merah,36536.666666666664
2024-01,Sumatera Selatan,Bawang Putih,39070.0
2024-01,Sumatera Selatan,Beras,14390.0
2024-01,Sumatera Selatan,Cabai Merah,54303.333333333336
2024-01,Sumatera Selatan,Cabai Rawit,50741.666666666664
2024-01,Sumatera Selatan,Daging Ayam,31858.333333333332
2024-01,Sumatera Selatan,Daging Sapi,138670.0
2024-01,Sumatera Selatan,Gula Pasir,16613.333333333332
2024-01,Sumatera Selatan,Minyak Goreng,18500.0
2024-01,Sumatera Selatan,Telur Ayam,26438.333333333332
2024-01,Sumatera Utara,Bawang Merah,40177.41935483871
2024-01,Sumatera Utara,Bawang Putih,37566.12903225807
2024-01,Sumatera Utara,Beras,13520.967741935483
2024-01,Sumatera Utara,Cabai Merah,40109.67741935484
2024-01,Sumatera Utara,Cabai Rawit,48890.32258064516
2024-01,Sumatera Utara,Daging Ayam,34719.354838709674
2024-01,Sumatera Utara,Daging Sapi,133750.0
2024-01,Sumatera Utara,Gula Pasir,17611.290322580644
2024-01,Sumatera Utara,Minyak Goreng,18554.83870967742
2024-01,Sumatera Utara,Telur Ayam,28777.41935483871
2024-02,Aceh,Bawang Merah,36892.857142857145
2024-02,Aceh,Bawang Putih,38107.142857142855
2024-02,Aceh,Beras,13837.5
2024-02,Aceh,Cabai Merah,53450.0
2024-02,Aceh,Cabai Rawit,50410.71428571428
2024-02,Aceh,Daging Ayam,32316.071428571428
2024-02,Aceh,Daging Sapi,145775.0
2024-02,Aceh,Gula Pasir,18185.714285714286
2024-02,Aceh,Minyak Goreng,19028.571428571428
2024-02,Aceh,Telur Ayam,28094.64285714286
2024-02,Bali,Bawang Merah,27430.35714285714
2024-02,Bali,Bawang Putih,34064.28571428572
2024-02,Bali,Beras,16158.92857142857
2024-02,Bali,Cabai Merah,72839.28571428571
2024-02,Bali,Cabai Rawit,41167.857142857145
2024-02,Bali,Daging Ayam,37837.5
2024-02,Bali,Daging Sapi,126600.0
2024-02,Bali,Gula Pasir,17978.571428571428
2024-02,Bali,Minyak Goreng,18400.0
2024-02,Bali,Telur Ayam,27091.071428571428
2024-02,Banten,Bawang Merah,33362.5
2024-02,Banten,Bawang Putih,39289.28571428572
2024-02,Banten,Beras,16083.92857142857
2024-02,Banten,Cabai Merah,84660.71428571429
2024-02,Banten,Cabai Rawit,55780.357142857145
2024-02,Banten,Daging Ayam,38594.642857142855
2024-02,Banten,Daging Sapi,132500.0
2024-02,Banten,Gula Pasir,17750.0
2024-02,Banten,Minyak Goreng,17596.428571428572
2024-02,Banten,Telur Ayam,28778.571428571428
2024-02,Bengkulu,Bawang Merah,34687.5
2024-02,Bengkulu,Bawang Putih,38157.142857142855
2024-02,Bengkulu,Beras,15426.785714285714
2024-02,Bengkulu,Cabai Merah,65689.28571428571
2024-02,Bengkulu,Cabai Rawit,47875.0
2024-02,Bengkulu,Daging Ayam,36233.92857142857
2024-02,Bengkulu,Daging Sapi,135650.0
2024-02,Bengkulu,Gula Pasir,17639.285714285714
2024-02,Bengkulu,Minyak Goreng,17178.571428571428
2024-02,Bengkulu,Telur Ayam,27421.428571428572
2024-02,DI Yogyakarta,Bawang Merah,32892.857142857145
2024-02,DI Yogyakarta,Bawang Putih,44000.0
2024-02,DI Yogyakarta,Beras,15148.214285714286
2024-02,DI Yogyakarta,Cabai Merah,77132.14285714286
2024-02,DI Yogyakarta,Cabai Rawit,48991.07142857143
2024-02,DI Yogyakarta,Daging Ayam,35080.357142857145
2024-02,DI Yogyakarta,Daging Sapi,136250.0
2024-02,DI Yogyakarta,Gula Pasir,17017.85714285714
2024-02,DI Yogyakarta,Minyak Goreng,17435.714285714286
2024-02,DI Yogyakarta,Telur Ayam,27776.785714285714
2024-02,DKI Jakarta,Bawang Merah,39330.0
2024-02,DKI Jakarta,Bawang Putih,46690.0
2024-02,DKI Jakarta,Beras,15980.0
2024-02,DKI Jakarta,Cabai Merah,88790.0
2024-02,DKI Jakarta,Cabai Rawit,61910.0
2024-02,DKI Jakarta,Daging Ayam,35536.0
2024-02,DKI Jakarta,Daging Sapi,141650.0
2024-02,DKI Jakarta,Gula Pasir,18150.0
2024-02,DKI Jakarta,Minyak Goreng,18264.0
2024-02,DKI Jakarta,Telur Ayam,28458.0
2024-02,Gorontalo,Bawang Merah,39773.21428571428
2024-02,Gorontalo,Bawang Putih,41164.28571428572
2024-02,Gorontalo,Beras,15096.42857142857
2024-02,Gorontalo,Cabai Merah,33667.857142857145
2024-02,Gorontalo,Cabai Rawit,38776.78571428572
2024-02,Gorontalo,Daging Ayam,31196.428571428572
2024-02,Gorontalo,Daging Sapi,131900.0
2024-02,Gorontalo,Gula Pasir,18337.5
2024-02,Gorontalo,Minyak Goreng,22791.071428571428
2024-02,Gorontalo,Telur Ayam,33476.78571428572
2024-02,Jambi,Bawang Merah,29294.64285714286
2024-02,Jambi,Bawang Putih,37094.642857142855
2024-02,Jambi,Beras,14280.357142857143
2024-02,Jambi,Cabai Merah,63496.42857142857
2024-02,Jambi,Cabai Rawit,58407.142857142855
2024-02,Jambi,Daging Ayam,34800.0
2024-02,Jambi,Daging Sapi,136900.0
2024-02,Jambi,Gula Pasir,17253.571428571428
2024-02,Jambi,Minyak Goreng,17757.14285714286
2024-02,Jambi,Telur Ayam,26137.5
2024-02,Jawa Barat,Bawang Merah,31760.714285714286
2024-02,Jawa Barat,Bawang Putih,39776.78571428572
2024-02,Jawa Barat,Beras,15442.857142857143
2024-02,Jawa Barat,Cabai Merah,87267.85714285714
2024-02,Jawa Barat,Cabai Rawit,54128.57142857143
2024-02,Jawa Barat,Daging Ayam,36239.28571428572
2024-02,Jawa Barat,Daging Sapi,139151.7857142857
2024-02,Jawa Barat,Gula Pasir,17475.0
2024-02,Jawa Barat,Minyak Goreng,18275.0
2024-02,Jawa Barat,Telur Ayam,28526.785714285714
2024-02,Jawa Tengah,Bawang Merah,30710.714285714286
2024-02,Jawa Tengah,Bawang Putih,40280.357142857145
2024-02,Jawa Tengah,Beras,15083.92857142857
2024-02,Jawa Tengah,Cabai Merah,71646.42857142857
2024-02,Jawa Tengah,Cabai Rawit,45762.5
2024-02,Jawa Tengah,Daging Ayam,34292.857142857145
2024-02,Jawa Tengah,Daging Sapi,128598.21428571429
2024-02,Jawa Tengah,Gula Pasir,17614.285714285714
2024-02,Jawa Tengah,Minyak Goreng,17585.714285714286
2024-02,Jawa Tengah,Telur Ayam,27635.714285714286
2024-02,Jawa Timur,Bawang Merah,29062.5
2024-02,Jawa Timur,Bawang Putih,34325.0
2024-02,Jawa Timur,Beras,15026.785714285714
2024-02,Jawa Timur,Cabai Merah,71787.5
2024-02,Jawa Timur,Cabai Rawit,41201.78571428572
2024-02,Jawa Timur,Daging Ayam,33750.0
2024-02,Jawa Timur,Daging Sapi,117750.0
2024-02,Jawa Timur,Gula Pasir,16985.714285714286
2024-02,Jawa Timur,Minyak Goreng,17746.428571428572
2024-02,Jawa Timur,Telur Ayam,27669.64285714286
2024-02,Kalimantan Barat,Bawang Merah,36096.42857142857
2024-02,Kalimantan Barat,Bawang Putih,37410.71428571428
2024-02,Kalimantan Barat,Beras,15821.42857142857
2024-02,Kalimantan Barat,Cabai Merah,58739.28571428572
2024-02,Kalimantan Barat,Cabai Rawit,71241.07142857143
2024-02,Kalimantan Barat,Daging Ayam,35764.28571428572
2024-02,Kalimantan Barat,Daging Sapi,150000.0
2024-02,Kalimantan Barat,Gula Pasir,17382.14285714286
2024-02,Kalimantan Barat,Minyak Goreng,18750.0
2024-02,Kalimantan Barat,Telur Ayam,31260.714285714286
2024-02,Kalimantan Selatan,Bawang Merah,33403.57142857143
2024-02,Kalimantan Selatan,Bawang Putih,37258.92857142857
2024-02,Kalimantan Selatan,Beras,17985.714285714286
2024-02,Kalimantan Selatan,Cabai Merah,69642.85714285714
2024-02,Kalimantan Selatan,Cabai Rawit,43344.642857142855
2024-02,Kalimantan Selatan,Daging Ayam,42462.5
2024-02,Kalimantan Selatan,Daging Sapi,158892.85714285713
2024-02,Kalimantan Selatan,Gula Pasir,17700.0
2024-02,Kalimantan Selatan,Minyak Goreng,19300.0
2024-02,Kalimantan Selatan,Telur Ayam,31114.285714285714
2024-02,Kalimantan Tengah,Bawang Merah,36544.642857142855
2024-02,Kalimantan Tengah,Bawang Putih,38160.71428571428
2024-02,Kalimantan Tengah,Beras,19055.35714285714
2024-02,Kalimantan Tengah,Cabai Merah,93871.42857142857
2024-02,Kalimantan Tengah,Cabai Rawit,55094.642857142855
2024-02,Kalimantan Tengah,Daging Ayam,38530.357142857145
2024-02,Kalimantan Tengah,Daging Sapi,154100.0
2024-02,Kalimantan Tengah,Gula Pasir,19100.0
2024-02,Kalimantan Tengah,Minyak Goreng,19778.571428571428
2024-02,Kalimantan Tengah,Telur Ayam,31457.14285714286
2024-02,Kalimantan Timur,Bawang Merah,40385.71428571428
2024-02,Kalimantan Timur,Bawang Putih,41135.71428571428
2024-02,Kalimantan Timur,Beras,15385.714285714286
2024-02,Kalimantan Timur,Cabai Merah,63621.42857142857
2024-02,Kalimantan Timur,Cabai Rawit,48766.07142857143
2024-02,Kalimantan Timur,Daging Ayam,36153.57142857143
2024-02,Kalimantan Timur,Daging Sapi,153398.2142857143
2024-02,Kalimantan Timur,Gula Pasir,18082.14285714286
2024-02,Kalimantan Timur,Minyak Goreng,19269.64285714286
2024-02,Kalimantan Timur,Telur Ayam,28937.5
2024-02,Kalimantan Utara,Bawang Merah,47837.03703703704
2024-02,Kalimantan Utara,Bawang Putih,44277.77777777778
2024-02,Kalimantan Utara,Beras,16570.37037037037
2024-02,Kalimantan Utara,Cabai Merah,73185.18518518518
2024-02,Kalimantan Utara,Cabai Rawit,92820.37037037036
2024-02,Kalimantan Utara,Daging Ayam,52596.2962962963
2024-02,Kalimantan Utara,Daging Sapi,134535.1851851852
2024-02,Kalimantan Utara,Gula Pasir,18831.48148148148
2024-02,Kalimantan Utara,Minyak Goreng,19605.555555555555
2024-02,Kalimantan Utara,Telur Ayam,31003.703703703704
2024-02,Kepulauan Bangka Belitung,Bawang Merah,37800.0
2024-02,Kepulauan Bangka Belitung,Bawang Putih,39778.57142857143
2024-02,Kepulauan Bangka Belitung,Beras,15794.642857142857
2024-02,Kepulauan Bangka Belitung,Cabai Merah,79723.21428571429
2024-02,Kepulauan Bangka Belitung,Cabai Rawit,70146.42857142857
2024-02,Kepulauan Bangka Belitung,Daging Ayam,37969.642857142855
2024-02,Kepulauan Bangka Belitung,Daging Sapi,132850.0
2024-02,Kepulauan Bangka Belitung,Gula Pasir,17092.85714285714
2024-02,Kepulauan Bangka Belitung,Minyak Goreng,16778.571428571428
2024-02,Kepulauan Bangka Belitung,Telur Ayam,31671.428571428572
2024-02,Kepulauan Riau,Bawang Merah,33680.357142857145
2024-02,Kepulauan Riau,Bawang Putih,33619.642857142855
2024-02,Kepulauan Riau,Beras,14426.785714285714
2024-02,Kepulauan Riau,Cabai Merah,69603.57142857143
2024-02,Kepulauan Riau,Cabai Rawit,53087.5
2024-02,Kepulauan Riau,Daging Ayam,39578.57142857143
2024-02,Kepulauan Riau,Daging Sapi,99250.0
2024-02,Kepulauan Riau,Gula Pasir,16250.0
2024-02,Kepulauan Riau,Minyak Goreng,16382.142857142857
2024-02,Kepulauan Riau,Telur Ayam,28019.64285714286
2024-02,Lampung,Bawang Merah,28351.785714285714
2024-02,Lampung,Bawang Putih,35485.71428571428
2024-02,Lampung,Beras,14376.785714285714
2024-02,Lampung,Cabai Merah,79919.64285714286
2024-02,Lampung,Cabai Rawit,51800.0
2024-02,Lampung,Daging Ayam,32516.071428571428
2024-02,Lampung,Daging Sapi,129400.0
2024-02,Lampung,Gula Pasir,16744.64285714286
2024-02,Lampung,Minyak Goreng,17326.785714285714
2024-02,Lampung,Telur Ayam,27117.85714285714
2024-02,Maluku,Bawang Merah,44415.38461538462
2024-02,Maluku,Bawang Putih,45165.38461538462
2024-02,Maluku,Beras,15450.0
2024-02,Maluku,Cabai Merah,60146.153846153844
2024-02,Maluku,Cabai Rawit,56496.153846153844
2024-02,Maluku,Daging Ayam,37698.07692307692
2024-02,Maluku,Daging Sapi,133605.76923076922
2024-02,Maluku,Gula Pasir,19005.76923076923
2024-02,Maluku,Minyak Goreng,20961.53846153846
2024-02,Maluku,Telur Ayam,35676.92307692308
2024-02,Maluku Utara,Bawang Merah,57901.78571428572
2024-02,Maluku Utara,Bawang Putih,55848.21428571428
2024-02,Maluku Utara,Beras,16160.714285714286
2024-02,Maluku Utara,Cabai Merah,47857.142857142855
2024-02,Maluku Utara,Cabai Rawit,60357.142857142855
2024-02,Maluku Utara,Daging Ayam,42678.57142857143
2024-02,Maluku Utara,Daging Sapi,137500.0
2024-02,Maluku Utara,Gula Pasir,18285.714285714286
2024-02,Maluku Utara,Minyak Goreng,21335.714285714286
2024-02,Maluku Utara,Telur Ayam,36125.0
2024-02,Nusa Tenggara Barat,Bawang Merah,31019.64285714286
2024-02,Nusa Tenggara Barat,Bawang Putih,37500.0
2024-02,Nusa Tenggara Barat,Beras,14000.0
2024-02,Nusa Tenggara Barat,Cabai Merah,61125.0
2024-02,Nusa Tenggara Barat,Cabai Rawit,35223.21428571428
2024-02,Nusa Tenggara Barat,Daging Ayam,40151.78571428572
2024-02,Nusa Tenggara Barat,Daging Sapi,117580.35714285714
2024-02,Nusa Tenggara Barat,Gula Pasir,17085.714285714286
2024-02,Nusa Tenggara Barat,Minyak Goreng,18819.64285714286
2024-02,Nusa Tenggara Barat,Telur Ayam,30157.14285714286
2024-02,Nusa Tenggara Timur,Bawang Merah,33844.642857142855
2024-02,Nusa Tenggara Timur,Bawang Putih,45567.857142857145
2024-02,Nusa Tenggara Timur,Beras,15389.285714285714
2024-02,Nusa Tenggara Timur,Cabai Merah,66251.78571428571
2024-02,Nusa Tenggara Timur,Cabai Rawit,64648.21428571428
2024-02,Nusa Tenggara Timur,Daging Ayam,46873.21428571428
2024-02,Nusa Tenggara Timur,Daging Sapi,111235.71428571429
2024-02,Nusa Tenggara Timur,Gula Pasir,18351.785714285714
2024-02,Nusa Tenggara Timur,Minyak Goreng,21021.428571428572
2024-02,Nusa Tenggara Timur,Telur Ayam,32171.428571428572
2024-02,Papua,Bawang Merah,55016.07142857143
2024-02,Papua,Bawang Putih,51635.71428571428
2024-02,Papua,Beras,15737.5
2024-02,Papua,Cabai Merah,62067.857142857145
2024-02,Papua,Cabai Rawit,47012.5
2024-02,Papua,Daging Ayam,42301.78571428572
2024-02,Papua,Daging Sapi,133792.85714285713
2024-02,Papua,Gula Pasir,19610.714285714286
2024-02,Papua,Minyak Goreng,21173.214285714286
2024-02,Papua,Telur Ayam,36376.78571428572
2024-02,Papua Barat,Bawang Merah,55000.0
2024-02,Papua Barat,Bawang Putih,53482.142857142855
2024-02,Papua Barat,Beras,15733.92857142857
2024-02,Papua Barat,Cabai Merah,49769.642857142855
2024-02,Papua Barat,Cabai Rawit,60760.71428571428
2024-02,Papua Barat,Daging Ayam,46939.28571428572
2024-02,Papua Barat,Daging Sapi,147500.0
2024-02,Papua Barat,Gula Pasir,19723.214285714286
2024-02,Papua Barat,Minyak Goreng,23482.14285714286
2024-02,Papua Barat,Telur Ayam,35473.21428571428
2024-02,Riau,Bawang Merah,33664.81481481482
2024-02,Riau,Bawang Putih,35494.444444444445
2024-02,Riau,Beras,15350.0
2024-02,Riau,Cabai Merah,59927.77777777778
2024-02,Riau,Cabai Rawit,53274.07407407407
2024-02,Riau,Daging Ayam,30581.48148148148
2024-02,Riau,Daging Sapi,126050.0
2024-02,Riau,Gula Pasir,17150.0
2024-02,Riau,Minyak Goreng,17150.0
2024-02,Riau,Telur Ayam,27427.777777777777
2024-02,Sulawesi Barat,Bawang Merah,35751.78571428572
2024-02,Sulawesi Barat,Bawang Putih,38751.78571428572
2024-02,Sulawesi Barat,Beras,14371.42857142857
2024-02,Sulawesi Barat,Cabai Merah,49744.642857142855
2024-02,Sulawesi Barat,Cabai Rawit,30385.714285714286
2024-02,Sulawesi Barat,Daging Ayam,29246.428571428572
2024-02,Sulawesi Barat,Daging Sapi,123107.14285714286
2024-02,Sulawesi Barat,Gula Pasir,17250.0
2024-02,Sulawesi Barat,Minyak Goreng,19096.428571428572
2024-02,Sulawesi Barat,Telur Ayam,24285.714285714286
2024-02,Sulawesi Selatan,Bawang Merah,35791.07142857143
2024-02,Sulawesi Selatan,Bawang Putih,38894.642857142855
2024-02,Sulawesi Selatan,Beras,13467.857142857143
2024-02,Sulawesi Selatan,Cabai Merah,44242.857142857145
2024-02,Sulawesi Selatan,Cabai Rawit,28735.714285714286
2024-02,Sulawesi Selatan,Daging Ayam,25364.285714285714
2024-02,Sulawesi Selatan,Daging Sapi,123000.0
2024-02,Sulawesi Selatan,Gula Pasir,17010.714285714286
2024-02,Sulawesi Selatan,Minyak Goreng,17592.85714285714
2024-02,Sulawesi Selatan,Telur Ayam,24862.5
2024-02,Sulawesi Tengah,Bawang Merah,41019.642857142855
2024-02,Sulawesi Tengah,Bawang Putih,44508.92857142857
2024-02,Sulawesi Tengah,Beras,14957.142857142857
2024-02,Sulawesi Tengah,Cabai Merah,37557.142857142855
2024-02,Sulawesi Tengah,Cabai Rawit,36412.5
2024-02,Sulawesi Tengah,Daging Ayam,30769.64285714286
2024-02,Sulawesi Tengah,Daging Sapi,143750.0
2024-02,Sulawesi Tengah,Gula Pasir,18758.928571428572
2024-02,Sulawesi Tengah,Minyak Goreng,17985.714285714286
2024-02,Sulawesi Tengah,Telur Ayam,30250.0
2024-02,Sulawesi Tenggara,Bawang Merah,45028.57142857143
2024-02,Sulawesi Tenggara,Bawang Putih,45223.21428571428
2024-02,Sulawesi Tenggara,Beras,14653.57142857143
2024-02,Sulawesi Tenggara,Cabai Merah,51925.0
2024-02,Sulawesi Tenggara,Cabai Rawit,70939.28571428571
2024-02,Sulawesi Tenggara,Daging Ayam,36037.5
2024-02,Sulawesi Tenggara,Daging Sapi,138150.0
2024-02,Sulawesi Tenggara,Gula Pasir,19144.64285714286
2024-02,Sulawesi Tenggara,Minyak Goreng,20287.5
2024-02,Sulawesi Tenggara,Telur Ayam,30282.14285714286
2024-02,Sulawesi Utara,Bawang Merah,44101.78571428572
2024-02,Sulawesi Utara,Bawang Putih,43955.357142857145
2024-02,Sulawesi Utara,Beras,14494.642857142857
2024-02,Sulawesi Utara,Cabai Merah,32742.85714285714
2024-02,Sulawesi Utara,Cabai Rawit,36166.07142857143
2024-02,Sulawesi Utara,Daging Ayam,38869.642857142855
2024-02,Sulawesi Utara,Daging Sapi,134553.57142857142
2024-02,Sulawesi Utara,Gula Pasir,17916.071428571428
2024-02,Sulawesi Utara,Minyak Goreng,17019.64285714286
2024-02,Sulawesi Utara,Telur Ayam,28855.35714285714
2024-02,Sumatera Barat,Bawang Merah,31519.64285714286
2024-02,Sumatera Barat,Bawang Putih,37116.07142857143
2024-02,Sumatera Barat,Beras,16766.071428571428
2024-02,Sumatera Barat,Cabai Merah,65930.35714285714
2024-02,Sumatera Barat,Cabai Rawit,64767.857142857145
2024-02,Sumatera Barat,Daging Ayam,47373.21428571428
2024-02,Sumatera Barat,Daging Sapi,148842.85714285713
2024-02,Sumatera Barat,Gula Pasir,17617.85714285714
2024-02,Sumatera Barat,Minyak Goreng,18671.428571428572
2024-02,Sumatera Barat,Telur Ayam,27857.14285714286
2024-02,Sumatera Selatan,Bawang Merah,34478.57142857143
2024-02,Sumatera Selatan,Bawang Putih,36762.5
2024-02,Sumatera Selatan,Beras,15126.785714285714
2024-02,Sumatera Selatan,Cabai Merah,81050.0
2024-02,Sumatera Selatan,Cabai Rawit,73278.57142857143
2024-02,Sumatera Selatan,Daging Ayam,34433.92857142857
2024-02,Sumatera Selatan,Daging Sapi,138750.0
2024-02,Sumatera Selatan,Gula Pasir,17026.785714285714
2024-02,Sumatera Selatan,Minyak Goreng,18808.928571428572
2024-02,Sumatera Selatan,Telur Ayam,27157.14285714286
2024-02,Sumatera Utara,Bawang Merah,37246.42857142857
2024-02,Sumatera Utara,Bawang Putih,37364.28571428572
2024-02,Sumatera Utara,Beras,13741.07142857143
2024-02,Sumatera Utara,Cabai Merah,53019.642857142855
2024-02,Sumatera Utara,Cabai Rawit,54219.642857142855
2024-02,Sumatera Utara,Daging Ayam,36246.42857142857
2024-02,Sumatera Utara,Daging Sapi,133750.0
2024-02,Sumatera Utara,Gula Pasir,18037.5
2024-02,Sumatera Utara,Minyak Goreng,18964.285714285714
2024-02,Sumatera Utara,Telur Ayam,28760.714285714286
2024-03,Aceh,Bawang Merah,38387.096774193546
2024-03,Aceh,Bawang Putih,38875.8064516129
2024-03,Aceh,Beras,13816.129032258064
2024-03,Aceh,Cabai Merah,62712.903225806454
2024-03,Aceh,Cabai Rawit,55930.645161290326
2024-03,Aceh,Daging Ayam,37001.6129032258
2024-03,Aceh,Daging Sapi,149954.83870967742
2024-03,Aceh,Gula Pasir,18317.74193548387
2024-03,Aceh,Minyak Goreng,19261.290322580644
2024-03,Aceh,Telur Ayam,31035.483870967742
2024-03,Bali,Bawang Merah,28009.677419354837
2024-03,Bali,Bawang Putih,36646.77419354839
2024-03,Bali,Beras,16069.354838709678
2024-03,Bali,Cabai Merah,56362.903225806454
2024-03,Bali,Cabai Rawit,44219.354838709674
2024-03,Bali,Daging Ayam,39533.87096774193
2024-03,Bali,Daging Sapi,127366.12903225806
2024-03,Bali,Gula Pasir,18037.09677419355
2024-03,Bali,Minyak Goreng,18548.387096774193
2024-03,Bali,Telur Ayam,30101.612903225807
2024-03,Banten,Bawang Merah,35574.1935483871
2024-03,Banten,Bawang Putih,41308.06451612903
2024-03,Banten,Beras,16264.516129032258
2024-03,Banten,Cabai Merah,66311.29032258065
2024-03,Banten,Cabai Rawit,53930.645161290326
2024-03,Banten,Daging Ayam,40908.06451612903
2024-03,Banten,Daging Sapi,133988.70967741936
2024-03,Banten,Gula Pasir,18250.0
2024-03,Banten,Minyak Goreng,17843.548387096773
2024-03,Banten,Telur Ayam,31785.483870967742
2024-03,Bengkulu,Bawang Merah,39078.57142857143
2024-03,Bengkulu,Bawang Putih,40373.21428571428
2024-03,Bengkulu,Beras,15916.07142857143
2024-03,Bengkulu,Cabai Merah,62975.0
2024-03,Bengkulu,Cabai Rawit,62287.5
2024-03,Bengkulu,Daging Ayam,37367.857142857145
2024-03,Bengkulu,Daging Sapi,136789.2857142857
2024-03,Bengkulu,Gula Pasir,17607.14285714286
2024-03,Bengkulu,Minyak Goreng,17285.714285714286
2024-03,Bengkulu,Telur Ayam,28414.285714285714
2024-03,DI Yogyakarta,Bawang Merah,34379.032258064515
2024-03,DI Yogyakarta,Bawang Putih,44677.41935483871
2024-03,DI Yogyakarta,Beras,15287.09677419355
2024-03,DI Yogyakarta,Cabai Merah,64009.67741935484
2024-03,DI Yogyakarta,Cabai Rawit,47185.48387096774
2024-03,DI Yogyakarta,Daging Ayam,38975.8064516129
2024-03,DI Yogyakarta,Daging Sapi,136250.0
2024-03,DI Yogyakarta,Gula Pasir,17200.0
2024-03,DI Yogyakarta,Minyak Goreng,17670.967741935485
2024-03,DI Yogyakarta,Telur Ayam,30838.709677419356
2024-03,DKI Jakarta,Bawang Merah,39037.096774193546
2024-03,DKI Jakarta,Bawang Putih,47422.58064516129
2024-03,DKI Jakarta,Beras,16150.0
2024-03,DKI Jakarta,Cabai Merah,83117.74193548386
2024-03,DKI Jakarta,Cabai Rawit,64696.77419354839
2024-03,DKI Jakarta,Daging Ayam,38804.83870967742
2024-03,DKI Jakarta,Daging Sapi,141650.0
2024-03,DKI Jakarta,Gula Pasir,18195.16129032258
2024-03,DKI Jakarta,Minyak Goreng,18733.870967741936
2024-03,DKI Jakarta,Telur Ayam,31593.548387096773
2024-03,Gorontalo,Bawang Merah,36762.903225806454
2024-03,Gorontalo,Bawang Putih,48453.22580645161
2024-03,Gorontalo,Beras,17611.290322580644
2024-03,Gorontalo,Cabai Merah,37348.3870967742
2024-03,Gorontalo,Cabai Rawit,53122.58064516129
2024-03,Gorontalo,Daging Ayam,33150.0
2024-03,Gorontalo,Daging Sapi,132132.25806451612
2024-03,Gorontalo,Gula Pasir,19380.645161290322
2024-03,Gorontalo,Minyak Goreng,23343.548387096773
2024-03,Gorontalo,Telur Ayam,40066.12903225807
2024-03,Jambi,Bawang Merah,36025.8064516129
2024-03,Jambi,Bawang Putih,39356.45161290323
2024-03,Jambi,Beras,14767.741935483871
2024-03,Jambi,Cabai Merah,56974.1935483871
2024-03,Jambi,Cabai Rawit,63764.51612903226
2024-03,Jambi,Daging Ayam,36038.709677419356
2024-03,Jambi,Daging Sapi,137040.32258064515
2024-03,Jambi,Gula Pasir,17369.354838709678
2024-03,Jambi,Minyak Goreng,17940.322580645163
2024-03,Jambi,Telur Ayam,27161.290322580644
2024-03,Jawa Barat,Bawang Merah,33753.22580645161
2024-03,Jawa Barat,Bawang Putih,41830.645161290326
2024-03,Jawa Barat,Beras,15753.225806451614
2024-03,Jawa Barat,Cabai Merah,72022.58064516129
2024-03,Jawa Barat,Cabai Rawit,55524.1935483871
2024-03,Jawa Barat,Daging Ayam,39309.67741935484
2024-03,Jawa Barat,Daging Sapi,140841.93548387097
2024-03,Jawa Barat,Gula Pasir,17669.354838709678
2024-03,Jawa Barat,Minyak Goreng,18419.354838709678
2024-03,Jawa Barat,Telur Ayam,31501.612903225807
2024-03,Jawa Tengah,Bawang Merah,32116.129032258064
2024-03,Jawa Tengah,Bawang Putih,41156.45161290323
2024-03,Jawa Tengah,Beras,15401.612903225807
2024-03,Jawa Tengah,Cabai Merah,51012.903225806454
2024-03,Jawa Tengah,Cabai Rawit,40288.709677419356
2024-03,Jawa Tengah,Daging Ayam,38516.12903225807
2024-03,Jawa Tengah,Daging Sapi,128387.09677419355
2024-03,Jawa Tengah,Gula Pasir,17948.387096774193
2024-03,Jawa Tengah,Minyak Goreng,17908.064516129034
2024-03,Jawa Tengah,Telur Ayam,29991.935483870966
2024-03,Jawa Timur,Bawang Merah,30706.451612903227
2024-03,Jawa Timur,Bawang Putih,36522.58064516129
2024-03,Jawa Timur,Beras,15216.129032258064
2024-03,Jawa Timur,Cabai Merah,51027.41935483871
2024-03,Jawa Timur,Cabai Rawit,36482.25806451613
2024-03,Jawa Timur,Daging Ayam,38212.903225806454
2024-03,Jawa Timur,Daging Sapi,118167.74193548386
2024-03,Jawa Timur,Gula Pasir,17175.8064516129
2024-03,Jawa Timur,Minyak Goreng,18100.0
2024-03,Jawa Timur,Telur Ayam,30588.709677419356
2024-03,Kalimantan Barat,Bawang Merah,34446.77419354839
2024-03,Kalimantan Barat,Bawang Putih,42093.54838709677
2024-03,Kalimantan Barat,Beras,16362.90322580645
2024-03,Kalimantan Barat,Cabai Merah,61369.354838709674
2024-03,Kalimantan Barat,Cabai Rawit,82672.58064516129
2024-03,Kalimantan Barat,Daging Ayam,36772.58064516129
2024-03,Kalimantan Barat,Daging Sapi,151187.09677419355
2024-03,Kalimantan Barat,Gula Pasir,17691.935483870966
2024-03,Kalimantan Barat,Minyak Goreng,19130.645161290322
2024-03,Kalimantan Barat,Telur Ayam,33901.6129032258
2024-03,Kalimantan Selatan,Bawang Merah,29743.548387096773
2024-03,Kalimantan Selatan,Bawang Putih,40164.51612903226
2024-03,Kalimantan Selatan,Beras,18614.516129032258
2024-03,Kalimantan Selatan,Cabai Merah,67027.41935483871
2024-03,Kalimantan Selatan,Cabai Rawit,52233.87096774193
2024-03,Kalimantan Selatan,Daging Ayam,43035.48387096774
2024-03,Kalimantan Selatan,Daging Sapi,158530.64516129033
2024-03,Kalimantan Selatan,Gula Pasir,17812.90322580645
2024-03,Kalimantan Selatan,Minyak Goreng,19445.16129032258
2024-03,Kalimantan Selatan,Telur Ayam,33093.54838709677
2024-03,Kalimantan Tengah,Bawang Merah,35041.93548387097
2024-03,Kalimantan Tengah,Bawang Putih,41154.83870967742
2024-03,Kalimantan Tengah,Beras,19524.1935483871
2024-03,Kalimantan Tengah,Cabai Merah,96546.7741935484
2024-03,Kalimantan Tengah,Cabai Rawit,71316.12903225806
2024-03,Kalimantan Tengah,Daging Ayam,38356.45161290323
2024-03,Kalimantan Tengah,Daging Sapi,154341.93548387097
2024-03,Kalimantan Tengah,Gula Pasir,19464.516129032258
2024-03,Kalimantan Tengah,Minyak Goreng,19735.483870967742
2024-03,Kalimantan Tengah,Telur Ayam,33496.77419354839
2024-03,Kalimantan Timur,Bawang Merah,36151.6129032258
2024-03,Kalimantan Timur,Bawang Putih,42698.3870967742
2024-03,Kalimantan Timur,Beras,16309.677419354839
2024-03,Kalimantan Timur,Cabai Merah,67972.58064516129
2024-03,Kalimantan Timur,Cabai Rawit,64469.354838709674
2024-03,Kalimantan Timur,Daging Ayam,36653.22580645161
2024-03,Kalimantan Timur,Daging Sapi,151930.64516129033
2024-03,Kalimantan Timur,Gula Pasir,18216.129032258064
2024-03,Kalimantan Timur,Minyak Goreng,19372.58064516129
2024-03,Kalimantan Timur,Telur Ayam,31743.548387096773
2024-03,Kalimantan Utara,Bawang Merah,42143.54838709677
2024-03,Kalimantan Utara,Bawang Putih,44741.93548387097
2024-03,Kalimantan Utara,Beras,16880.645161290322
2024-03,Kalimantan Utara,Cabai Merah,82785.48387096774
2024-03,Kalimantan Utara,Cabai Rawit,110332.25806451614
2024-03,Kalimantan Utara,Daging Ayam,49482.25806451613
2024-03,Kalimantan Utara,Daging Sapi,131935.48387096773
2024-03,Kalimantan Utara,Gula Pasir,18956.451612903227
2024-03,Kalimantan Utara,Minyak Goreng,19698.387096774193
2024-03,Kalimantan Utara,Telur Ayam,34445.16129032258
2024-03,Kepulauan Bangka Belitung,Bawang Merah,40082.25806451613
2024-03,Kepulauan Bangka Belitung,Bawang Putih,40748.3870967742
2024-03,Kepulauan Bangka Belitung,Beras,16380.645161290322
2024-03,Kepulauan Bangka Belitung,Cabai Merah,76572.58064516129
2024-03,Kepulauan Bangka Belitung,Cabai Rawit,68937.09677419355
2024-03,Kepulauan Bangka Belitung,Daging Ayam,36850.0
2024-03,Kepulauan Bangka Belitung,Daging Sapi,133356.4516129032
2024-03,Kepulauan Bangka Belitung,Gula Pasir,17212.90322580645
2024-03,Kepulauan Bangka Belitung,Minyak Goreng,17074.1935483871
2024-03,Kepulauan Bangka Belitung,Telur Ayam,33448.3870967742
2024-03,Kepulauan Riau,Bawang Merah,32554.83870967742
2024-03,Kepulauan Riau,Bawang Putih,34912.903225806454
2024-03,Kepulauan Riau,Beras,14580.645161290322
2024-03,Kepulauan Riau,Cabai Merah,76450.0
2024-03,Kepulauan Riau,Cabai Rawit,54083.87096774193
2024-03,Kepulauan Riau,Daging Ayam,39904.83870967742
2024-03,Kepulauan Riau,Daging Sapi,99927.41935483871
2024-03,Kepulauan Riau,Gula Pasir,16196.774193548386
2024-03,Kepulauan Riau,Minyak Goreng,16248.387096774193
2024-03,Kepulauan Riau,Telur Ayam,30104.83870967742
2024-03,Lampung,Bawang Merah,29100.0
2024-03,Lampung,Bawang Putih,37955.357142857145
2024-03,Lampung,Beras,14708.92857142857
2024-03,Lampung,Cabai Merah,65044.642857142855
2024-03,Lampung,Cabai Rawit,54426.78571428572
2024-03,Lampung,Daging Ayam,34344.642857142855
2024-03,Lampung,Daging Sapi,131542.85714285713
2024-03,Lampung,Gula Pasir,16930.35714285714
2024-03,Lampung,Minyak Goreng,17669.64285714286
2024-03,Lampung,Telur Ayam,29567.85714285714
2024-03,Maluku,Bawang Merah,40344.642857142855
2024-03,Maluku,Bawang Putih,46378.57142857143
2024-03,Maluku,Beras,15757.142857142857
2024-03,Maluku,Cabai Merah,71430.35714285714
2024-03,Maluku,Cabai Rawit,58110.71428571428
2024-03,Maluku,Daging Ayam,40955.357142857145
2024-03,Maluku,Daging Sapi,133037.5
2024-03,Maluku,Gula Pasir,19657.14285714286
2024-03,Maluku,Minyak Goreng,20937.5
2024-03,Maluku,Telur Ayam,37678.57142857143
2024-03,Maluku Utara,Bawang Merah,52338.709677419356
2024-03,Maluku Utara,Bawang Putih,52024.1935483871
2024-03,Maluku Utara,Beras,16824.1935483871
2024-03,Maluku Utara,Cabai Merah,54193.54838709677
2024-03,Maluku Utara,Cabai Rawit,66975.80645161291
2024-03,Maluku Utara,Daging Ayam,44193.54838709677
2024-03,Maluku Utara,Daging Sapi,137500.0
2024-03,Maluku Utara,Gula Pasir,19306.451612903227
2024-03,Maluku Utara,Minyak Goreng,20872.58064516129
2024-03,Maluku Utara,Telur Ayam,36900.0
2024-03,Nusa Tenggara Barat,Bawang Merah,29788.709677419356
2024-03,Nusa Tenggara Barat,Bawang Putih,41106.45161290323
2024-03,Nusa Tenggara Barat,Beras,14458.064516129032
2024-03,Nusa Tenggara Barat,Cabai Merah,52583.87096774193
2024-03,Nusa Tenggara Barat,Cabai Rawit,39501.6129032258
2024-03,Nusa Tenggara Barat,Daging Ayam,39677.41935483871
2024-03,Nusa Tenggara Barat,Daging Sapi,118090.32258064517
2024-03,Nusa Tenggara Barat,Gula Pasir,17093.548387096773
2024-03,Nusa Tenggara Barat,Minyak Goreng,19069.354838709678
2024-03,Nusa Tenggara Barat,Telur Ayam,33791.93548387097
2024-03,Nusa Tenggara Timur,Bawang Merah,34520.967741935485
2024-03,Nusa Tenggara Timur,Bawang Putih,45117.74193548387
2024-03,Nusa Tenggara Timur,Beras,16075.806451612903
2024-03,Nusa Tenggara Timur,Cabai Merah,65380.645161290326
2024-03,Nusa Tenggara Timur,Cabai Rawit,74774.19354838709
2024-03,Nusa Tenggara Timur,Daging Ayam,44843.54838709677
2024-03,Nusa Tenggara Timur,Daging Sapi,115400.0
2024-03,Nusa Tenggara Timur,Gula Pasir,18837.09677419355
2024-03,Nusa Tenggara Timur,Minyak Goreng,20737.09677419355
2024-03,Nusa Tenggara Timur,Telur Ayam,34117.74193548387
2024-03,Papua,Bawang Merah,51450.0
2024-03,Papua,Bawang Putih,50737.096774193546
2024-03,Papua,Beras,17329.032258064515
2024-03,Papua,Cabai Merah,68787.09677419355
2024-03,Papua,Cabai Rawit,35996.77419354839
2024-03,Papua,Daging Ayam,42143.54838709677
2024-03,Papua,Daging Sapi,134180.64516129033
2024-03,Papua,Gula Pasir,19975.8064516129
2024-03,Papua,Minyak Goreng,21346.774193548386
2024-03,Papua,Telur Ayam,36790.32258064516
2024-03,Papua Barat,Bawang Merah,51467.74193548387
2024-03,Papua Barat,Bawang Putih,50846.77419354839
2024-03,Papua Barat,Beras,16224.193548387097
2024-03,Papua Barat,Cabai Merah,54291.93548387097
2024-03,Papua Barat,Cabai Rawit,56079.032258064515
2024-03,Papua Barat,Daging Ayam,47935.48387096774
2024-03,Papua Barat,Daging Sapi,147500.0
2024-03,Papua Barat,Gula Pasir,19732.25806451613
2024-03,Papua Barat,Minyak Goreng,23540.322580645163
2024-03,Papua Barat,Telur Ayam,37380.645161290326
2024-03,Riau,Bawang Merah,36572.58064516129
2024-03,Riau,Bawang Putih,38059.67741935484
2024-03,Riau,Beras,15456.451612903225
2024-03,Riau,Cabai Merah,76404.83870967742
2024-03,Riau,Cabai Rawit,61053.22580645161
2024-03,Riau,Daging Ayam,30700.0
2024-03,Riau,Daging Sapi,127508.06451612903
2024-03,Riau,Gula Pasir,17343.548387096773
2024-03,Riau,Minyak Goreng,17074.1935483871
2024-03,Riau,Telur Ayam,29179.032258064515
2024-03,Sulawesi Barat,Bawang Merah,30616.129032258064
2024-03,Sulawesi Barat,Bawang Putih,40638.709677419356
2024-03,Sulawesi Barat,Beras,15093.548387096775
2024-03,Sulawesi Barat,Cabai Merah,49888.709677419356
2024-03,Sulawesi Barat,Cabai Rawit,37938.709677419356
2024-03,Sulawesi Barat,Daging Ayam,31274.1935483871
2024-03,Sulawesi Barat,Daging Sapi,122662.90322580645
2024-03,Sulawesi Barat,Gula Pasir,17520.967741935485
2024-03,Sulawesi Barat,Minyak Goreng,19059.677419354837
2024-03,Sulawesi Barat,Telur Ayam,28406.451612903227
2024-03,Sulawesi Selatan,Bawang Merah,32564.516129032258
2024-03,Sulawesi Selatan,Bawang Putih,40645.16129032258
2024-03,Sulawesi Selatan,Beras,14145.161290322581
2024-03,Sulawesi Selatan,Cabai Merah,44041.93548387097
2024-03,Sulawesi Selatan,Cabai Rawit,37874.1935483871
2024-03,Sulawesi Selatan,Daging Ayam,28408.064516129034
2024-03,Sulawesi Selatan,Daging Sapi,128225.80645161291
2024-03,Sulawesi Selatan,Gula Pasir,17096.774193548386
2024-03,Sulawesi Selatan,Minyak Goreng,17729.032258064515
2024-03,Sulawesi Selatan,Telur Ayam,28932.25806451613
2024-03,Sulawesi Tengah,Bawang Merah,35038.709677419356
2024-03,Sulawesi Tengah,Bawang Putih,47193.54838709677
2024-03,Sulawesi Tengah,Beras,16551.612903225807
2024-03,Sulawesi Tengah,Cabai Merah,41348.3870967742
2024-03,Sulawesi Tengah,Cabai Rawit,45216.12903225807
2024-03,Sulawesi Tengah,Daging Ayam,31748.387096774193
2024-03,Sulawesi Tengah,Daging Sapi,143750.0
2024-03,Sulawesi Tengah,Gula Pasir,19111.290322580644
2024-03,Sulawesi Tengah,Minyak Goreng,18404.83870967742
2024-03,Sulawesi Tengah,Telur Ayam,33546.77419354839
2024-03,Sulawesi Tenggara,Bawang Merah,41753.22580645161
2024-03,Sulawesi Tenggara,Bawang Putih,47672.58064516129
2024-03,Sulawesi Tenggara,Beras,16191.935483870968
2024-03,Sulawesi Tenggara,Cabai Merah,60454.83870967742
2024-03,Sulawesi Tenggara,Cabai Rawit,69917.74193548386
2024-03,Sulawesi Tenggara,Daging Ayam,35996.77419354839
2024-03,Sulawesi Tenggara,Daging Sapi,138150.0
2024-03,Sulawesi Tenggara,Gula Pasir,20000.0
2024-03,Sulawesi Tenggara,Minyak Goreng,20229.032258064515
2024-03,Sulawesi Tenggara,Telur Ayam,33170.967741935485
2024-03,Sulawesi Utara,Bawang Merah,39616.12903225807
2024-03,Sulawesi Utara,Bawang Putih,47472.58064516129
2024-03,Sulawesi Utara,Beras,15912.90322580645
2024-03,Sulawesi Utara,Cabai Merah,31938.709677419356
2024-03,Sulawesi Utara,Cabai Rawit,45903.22580645161
2024-03,Sulawesi Utara,Daging Ayam,42508.06451612903
2024-03,Sulawesi Utara,Daging Sapi,132500.0
2024-03,Sulawesi Utara,Gula Pasir,18282.25806451613
2024-03,Sulawesi Utara,Minyak Goreng,17625.8064516129
2024-03,Sulawesi Utara,Telur Ayam,33850.0
2024-03,Sumatera Barat,Bawang Merah,35941.93548387097
2024-03,Sumatera Barat,Bawang Putih,39035.48387096774
2024-03,Sumatera Barat,Beras,17338.709677419356
2024-03,Sumatera Barat,Cabai Merah,69100.0
2024-03,Sumatera Barat,Cabai Rawit,68829.03225806452
2024-03,Sumatera Barat,Daging Ayam,49019.354838709674
2024-03,Sumatera Barat,Daging Sapi,149883.87096774194
2024-03,Sumatera Barat,Gula Pasir,18112.90322580645
2024-03,Sumatera Barat,Minyak Goreng,19029.032258064515
2024-03,Sumatera Barat,Telur Ayam,29319.354838709678
2024-03,Sumatera Selatan,Bawang Merah,37732.25806451613
2024-03,Sumatera Selatan,Bawang Putih,39961.290322580644
2024-03,Sumatera Selatan,Beras,15380.645161290322
2024-03,Sumatera Selatan,Cabai Merah,68432.25806451614
2024-03,Sumatera Selatan,Cabai Rawit,80470.96774193548
2024-03,Sumatera Selatan,Daging Ayam,35922.58064516129
2024-03,Sumatera Selatan,Daging Sapi,138750.0
2024-03,Sumatera Selatan,Gula Pasir,17158.064516129034
2024-03,Sumatera Selatan,Minyak Goreng,18862.90322580645
2024-03,Sumatera Selatan,Telur Ayam,29385.483870967742
2024-03,Sumatera Utara,Bawang Merah,39809.67741935484
2024-03,Sumatera Utara,Bawang Putih,38745.16129032258
2024-03,Sumatera Utara,Beras,13800.0
2024-03,Sumatera Utara,Cabai Merah,59903.22580645161
2024-03,Sumatera Utara,Cabai Rawit,59169.354838709674
2024-03,Sumatera Utara,Daging Ayam,38893.54838709677
2024-03,Sumatera Utara,Daging Sapi,135225.8064516129
2024-03,Sumatera Utara,Gula Pasir,18332.25806451613
2024-03,Sumatera Utara,Minyak Goreng,19225.8064516129
2024-03,Sumatera Utara,Telur Ayam,29569.354838709678
2024-04,Aceh,Bawang Merah,51790.38461538462
2024-04,Aceh,Bawang Putih,41134.61538461538
2024-04,Aceh,Beras,13801.923076923076
2024-04,Aceh,Cabai Merah,45934.61538461538
2024-04,Aceh,Cabai Rawit,48573.07692307692
2024-04,Aceh,Daging Ayam,33848.07692307692
2024-04,Aceh,Daging Sapi,146778.84615384616
2024-04,Aceh,Gula Pasir,18855.76923076923
2024-04,Aceh,Minyak Goreng,19242.30769230769
2024-04,Aceh,Telur Ayam,29542.30769230769
2024-04,Bali,Bawang Merah,38601.92307692308
2024-04,Bali,Bawang Putih,37453.846153846156
2024-04,Bali,Beras,15376.923076923076
2024-04,Bali,Cabai Merah,42140.38461538462
2024-04,Bali,Cabai Rawit,38430.769230769234
2024-04,Bali,Daging Ayam,41609.61538461538
2024-04,Bali,Daging Sapi,127638.46153846153
2024-04,Bali,Gula Pasir,18126.923076923078
2024-04,Bali,Minyak Goreng,18753.846153846152
2024-04,Bali,Telur Ayam,29163.46153846154
2024-04,Banten,Bawang Merah,58580.769230769234
2024-04,Banten,Bawang Putih,43800.0
2024-04,Banten,Beras,15509.615384615385
2024-04,Banten,Cabai Merah,51075.0
2024-04,Banten,Cabai Rawit,40475.0
2024-04,Banten,Daging Ayam,40557.692307692305
2024-04,Banten,Daging Sapi,135696.15384615384
2024-04,Banten,Gula Pasir,18442.30769230769
2024-04,Banten,Minyak Goreng,18000.0
2024-04,Banten,Telur Ayam,27909.615384615383
2024-04,Bengkulu,Bawang Merah,52928.846153846156
2024-04,Bengkulu,Bawang Putih,44303.846153846156
2024-04,Bengkulu,Beras,15680.76923076923
2024-04,Bengkulu,Cabai Merah,46136.53846153846
2024-04,Bengkulu,Cabai Rawit,48723.07692307692
2024-04,Bengkulu,Daging Ayam,37305.769230769234
2024-04,Bengkulu,Daging Sapi,136230.76923076922
2024-04,Bengkulu,Gula Pasir,17778.846153846152
2024-04,Bengkulu,Minyak Goreng,17771.153846153848
2024-04,Bengkulu,Telur Ayam,28769.23076923077
2024-04,DI Yogyakarta,Bawang Merah,46019.230769230766
2024-04,DI Yogyakarta,Bawang Putih,46721.153846153844
2024-04,DI Yogyakarta,Beras,15150.0
2024-04,DI Yogyakarta,Cabai Merah,43155.769230769234
2024-04,DI Yogyakarta,Cabai Rawit,38059.61538461538
2024-04,DI Yogyakarta,Daging Ayam,38923.07692307692
2024-04,DI Yogyakarta,Daging Sapi,136250.0
2024-04,DI Yogyakarta,Gula Pasir,17294.23076923077
2024-04,DI Yogyakarta,Minyak Goreng,17784.615384615383
2024-04,DI Yogyakarta,Telur Ayam,27521.153846153848
2024-04,DKI Jakarta,Bawang Merah,58621.153846153844
2024-04,DKI Jakarta,Bawang Putih,52811.53846153846
2024-04,DKI Jakarta,Beras,15725.0
2024-04,DKI Jakarta,Cabai Merah,57059.61538461538
2024-04,DKI Jakarta,Cabai Rawit,48121.153846153844
2024-04,DKI Jakarta,Daging Ayam,38817.307692307695
2024-04,DKI Jakarta,Daging Sapi,142363.46153846153
2024-04,DKI Jakarta,Gula Pasir,18576.923076923078
2024-04,DKI Jakarta,Minyak Goreng,18942.30769230769
2024-04,DKI Jakarta,Telur Ayam,28653.846153846152
2024-04,Gorontalo,Bawang Merah,51986.53846153846
2024-04,Gorontalo,Bawang Putih,54896.153846153844
2024-04,Gorontalo,Beras,15875.0
2024-04,Gorontalo,Cabai Merah,33125.0
2024-04,Gorontalo,Cabai Rawit,54038.46153846154
2024-04,Gorontalo,Daging Ayam,31971.153846153848
2024-04,Gorontalo,Daging Sapi,135961.53846153847
2024-04,Gorontalo,Gula Pasir,19573.076923076922
2024-04,Gorontalo,Minyak Goreng,22759.615384615383
2024-04,Gorontalo,Telur Ayam,38786.53846153846
2024-04,Jambi,Bawang Merah,45151.92307692308
2024-04,Jambi,Bawang Putih,41009.61538461538
2024-04,Jambi,Beras,14707.692307692309
2024-04,Jambi,Cabai Merah,42369.230769230766
2024-04,Jambi,Cabai Rawit,48140.38461538462
2024-04,Jambi,Daging Ayam,35830.769230769234
2024-04,Jambi,Daging Sapi,140328.84615384616
2024-04,Jambi,Gula Pasir,17744.23076923077
2024-04,Jambi,Minyak Goreng,18413.46153846154
2024-04,Jambi,Telur Ayam,27226.923076923078
2024-04,Jawa Barat,Bawang Merah,54748.07692307692
2024-04,Jawa Barat,Bawang Putih,44488.46153846154
2024-04,Jawa Barat,Beras,15234.615384615385
2024-04,Jawa Barat,Cabai Merah,54044.230769230766
2024-04,Jawa Barat,Cabai Rawit,45034.61538461538
2024-04,Jawa Barat,Daging Ayam,38790.38461538462
2024-04,Jawa Barat,Daging Sapi,142884.61538461538
2024-04,Jawa Barat,Gula Pasir,18094.23076923077
2024-04,Jawa Barat,Minyak Goreng,18575.0
2024-04,Jawa Barat,Telur Ayam,28607.69230769231
2024-04,Jawa Tengah,Bawang Merah,51067.307692307695
2024-04,Jawa Tengah,Bawang Putih,44211.53846153846
2024-04,Jawa Tengah,Beras,14936.538461538461
2024-04,Jawa Tengah,Cabai Merah,40342.307692307695
2024-04,Jawa Tengah,Cabai Rawit,32278.846153846152
2024-04,Jawa Tengah,Daging Ayam,38248.07692307692
2024-04,Jawa Tengah,Daging Sapi,130265.38461538461
2024-04,Jawa Tengah,Gula Pasir,18296.153846153848
2024-04,Jawa Tengah,Minyak Goreng,18061.53846153846
2024-04,Jawa Tengah,Telur Ayam,27563.46153846154
2024-04,Jawa Timur,Bawang Merah,47119.230769230766
2024-04,Jawa Timur,Bawang Putih,37892.307692307695
2024-04,Jawa Timur,Beras,14711.538461538461
2024-04,Jawa Timur,Cabai Merah,40930.769230769234
2024-04,Jawa Timur,Cabai Rawit,26003.846153846152
2024-04,Jawa Timur,Daging Ayam,37169.230769230766
2024-04,Jawa Timur,Daging Sapi,121965.38461538461
2024-04,Jawa Timur,Gula Pasir,17567.30769230769
2024-04,Jawa Timur,Minyak Goreng,18269.23076923077
2024-04,Jawa Timur,Telur Ayam,27319.23076923077
2024-04,Kalimantan Barat,Bawang Merah,39528.846153846156
2024-04,Kalimantan Barat,Bawang Putih,42121.153846153844
2024-04,Kalimantan Barat,Beras,16500.0
2024-04,Kalimantan Barat,Cabai Merah,62450.0
2024-04,Kalimantan Barat,Cabai Rawit,75936.53846153847
2024-04,Kalimantan Barat,Daging Ayam,39796.153846153844
2024-04,Kalimantan Barat,Daging Sapi,150450.0
2024-04,Kalimantan Barat,Gula Pasir,17944.23076923077
2024-04,Kalimantan Barat,Minyak Goreng,19513.46153846154
2024-04,Kalimantan Barat,Telur Ayam,35061.53846153846
2024-04,Kalimantan Selatan,Bawang Merah,47232.692307692305
2024-04,Kalimantan Selatan,Bawang Putih,42948.07692307692
2024-04,Kalimantan Selatan,Beras,18592.30769230769
2024-04,Kalimantan Selatan,Cabai Merah,46453.846153846156
2024-04,Kalimantan Selatan,Cabai Rawit,41596.153846153844
2024-04,Kalimantan Selatan,Daging Ayam,45876.92307692308
2024-04,Kalimantan Selatan,Daging Sapi,161251.92307692306
2024-04,Kalimantan Selatan,Gula Pasir,18025.0
2024-04,Kalimantan Selatan,Minyak Goreng,19400.0
2024-04,Kalimantan Selatan,Telur Ayam,31886.53846153846
2024-04,Kalimantan Tengah,Bawang Merah,43200.0
2024-04,Kalimantan Tengah,Bawang Putih,43446.153846153844
2024-04,Kalimantan Tengah,Beras,19567.30769230769
2024-04,Kalimantan Tengah,Cabai Merah,79359.61538461539
2024-04,Kalimantan Tengah,Cabai Rawit,57594.230769230766
2024-04,Kalimantan Tengah,Daging Ayam,42384.61538461538
2024-04,Kalimantan Tengah,Daging Sapi,155528.84615384616
2024-04,Kalimantan Tengah,Gula Pasir,20017.30769230769
2024-04,Kalimantan Tengah,Minyak Goreng,19848.076923076922
2024-04,Kalimantan Tengah,Telur Ayam,31584.615384615383
2024-04,Kalimantan Timur,Bawang Merah,46926.92307692308
2024-04,Kalimantan Timur,Bawang Putih,46650.0
2024-04,Kalimantan Timur,Beras,16448.076923076922
2024-04,Kalimantan Timur,Cabai Merah,55817.307692307695
2024-04,Kalimantan Timur,Cabai Rawit,61750.0
2024-04,Kalimantan Timur,Daging Ayam,36034.61538461538
2024-04,Kalimantan Timur,Daging Sapi,153998.07692307694
2024-04,Kalimantan Timur,Gula Pasir,18346.153846153848
2024-04,Kalimantan Timur,Minyak Goreng,19434.615384615383
2024-04,Kalimantan Timur,Telur Ayam,31425.0
2024-04,Kalimantan Utara,Bawang Merah,49230.769230769234
2024-04,Kalimantan Utara,Bawang Putih,46555.769230769234
2024-04,Kalimantan Utara,Beras,17046.153846153848
2024-04,Kalimantan Utara,Cabai Merah,73709.61538461539
2024-04,Kalimantan Utara,Cabai Rawit,97448.07692307692
2024-04,Kalimantan Utara,Daging Ayam,48507.692307692305
2024-04,Kalimantan Utara,Daging Sapi,131911.53846153847
2024-04,Kalimantan Utara,Gula Pasir,19117.30769230769
2024-04,Kalimantan Utara,Minyak Goreng,19665.384615384617
2024-04,Kalimantan Utara,Telur Ayam,33759.61538461538
2024-04,Kepulauan Bangka Belitung,Bawang Merah,57250.0
2024-04,Kepulauan Bangka Belitung,Bawang Putih,42365.38461538462
2024-04,Kepulauan Bangka Belitung,Beras,16182.692307692309
2024-04,Kepulauan Bangka Belitung,Cabai Merah,59598.07692307692
2024-04,Kepulauan Bangka Belitung,Cabai Rawit,59225.0
2024-04,Kepulauan Bangka Belitung,Daging Ayam,38969.230769230766
2024-04,Kepulauan Bangka Belitung,Daging Sapi,137601.92307692306
2024-04,Kepulauan Bangka Belitung,Gula Pasir,17469.23076923077
2024-04,Kepulauan Bangka Belitung,Minyak Goreng,16994.23076923077
2024-04,Kepulauan Bangka Belitung,Telur Ayam,32803.846153846156
2024-04,Kepulauan Riau,Bawang Merah,33996.153846153844
2024-04,Kepulauan Riau,Bawang Putih,37321.153846153844
2024-04,Kepulauan Riau,Beras,14615.384615384615
2024-04,Kepulauan Riau,Cabai Merah,55723.07692307692
2024-04,Kepulauan Riau,Cabai Rawit,51832.692307692305
2024-04,Kepulauan Riau,Daging Ayam,37023.07692307692
2024-04,Kepulauan Riau,Daging Sapi,100605.76923076923
2024-04,Kepulauan Riau,Gula Pasir,16328.846153846154
2024-04,Kepulauan Riau,Minyak Goreng,16417.30769230769
2024-04,Kepulauan Riau,Telur Ayam,30596.153846153848
2024-04,Lampung,Bawang Merah,49223.07692307692
2024-04,Lampung,Bawang Putih,42238.46153846154
2024-04,Lampung,Beras,14555.76923076923
2024-04,Lampung,Cabai Merah,41209.61538461538
2024-04,Lampung,Cabai Rawit,37732.692307692305
2024-04,Lampung,Daging Ayam,33430.769230769234
2024-04,Lampung,Daging Sapi,137078.84615384616
2024-04,Lampung,Gula Pasir,17567.30769230769
2024-04,Lampung,Minyak Goreng,17905.76923076923
2024-04,Lampung,Telur Ayam,28875.0
2024-04,Maluku,Bawang Merah,50412.0
2024-04,Maluku,Bawang Putih,50664.0
2024-04,Maluku,Beras,15936.0
2024-04,Maluku,Cabai Merah,73072.0
2024-04,Maluku,Cabai Rawit,73060.0
2024-04,Maluku,Daging Ayam,44032.0
2024-04,Maluku,Daging Sapi,135650.0
2024-04,Maluku,Gula Pasir,20124.0
2024-04,Maluku,Minyak Goreng,20900.0
2024-04,Maluku,Telur Ayam,38272.0
2024-04,Maluku Utara,Bawang Merah,68750.0
2024-04,Maluku Utara,Bawang Putih,64951.92307692308
2024-04,Maluku Utara,Beras,16850.0
2024-04,Maluku Utara,Cabai Merah,48701.92307692308
2024-04,Maluku Utara,Cabai Rawit,70288.46153846153
2024-04,Maluku Utara,Daging Ayam,46413.46153846154
2024-04,Maluku Utara,Daging Sapi,137500.0
2024-04,Maluku Utara,Gula Pasir,19500.0
2024-04,Maluku Utara,Minyak Goreng,20973.076923076922
2024-04,Maluku Utara,Telur Ayam,38719.230769230766
2024-04,Nusa Tenggara Barat,Bawang Merah,36280.769230769234
2024-04,Nusa Tenggara Barat,Bawang Putih,43121.153846153844
2024-04,Nusa Tenggara Barat,Beras,13400.0
2024-04,Nusa Tenggara Barat,Cabai Merah,38132.692307692305
2024-04,Nusa Tenggara Barat,Cabai Rawit,32126.923076923078
2024-04,Nusa Tenggara Barat,Daging Ayam,40125.0
2024-04,Nusa Tenggara Barat,Daging Sapi,118734.61538461539
2024-04,Nusa Tenggara Barat,Gula Pasir,17234.615384615383
2024-04,Nusa Tenggara Barat,Minyak Goreng,19626.923076923078
2024-04,Nusa Tenggara Barat,Telur Ayam,33344.230769230766
2024-04,Nusa Tenggara Timur,Bawang Merah,39840.38461538462
2024-04,Nusa Tenggara Timur,Bawang Putih,47134.61538461538
2024-04,Nusa Tenggara Timur,Beras,16128.846153846154
2024-04,Nusa Tenggara Timur,Cabai Merah,58569.230769230766
2024-04,Nusa Tenggara Timur,Cabai Rawit,71532.69230769231
2024-04,Nusa Tenggara Timur,Daging Ayam,42630.769230769234
2024-04,Nusa Tenggara Timur,Daging Sapi,116905.76923076923
2024-04,Nusa Tenggara Timur,Gula Pasir,18878.846153846152
2024-04,Nusa Tenggara Timur,Minyak Goreng,20726.923076923078
2024-04,Nusa Tenggara Timur,Telur Ayam,35450.0
2024-04,Papua,Bawang Merah,58098.07692307692
2024-04,Papua,Bawang Putih,52696.153846153844
2024-04,Papua,Beras,16996.153846153848
2024-04,Papua,Cabai Merah,77625.0
2024-04,Papua,Cabai Rawit,49553.846153846156
2024-04,Papua,Daging Ayam,43217.307692307695
2024-04,Papua,Daging Sapi,136336.53846153847
2024-04,Papua,Gula Pasir,20275.0
2024-04,Papua,Minyak Goreng,21428.846153846152
2024-04,Papua,Telur Ayam,37501.92307692308
2024-04,Papua Barat,Bawang Merah,59230.769230769234
2024-04,Papua Barat,Bawang Putih,55673.07692307692
2024-04,Papua Barat,Beras,16517.30769230769
2024-04,Papua Barat,Cabai Merah,74578.84615384616
2024-04,Papua Barat,Cabai Rawit,71346.15384615384
2024-04,Papua Barat,Daging Ayam,48311.53846153846
2024-04,Papua Barat,Daging Sapi,148846.15384615384
2024-04,Papua Barat,Gula Pasir,19878.846153846152
2024-04,Papua Barat,Minyak Goreng,23792.30769230769
2024-04,Papua Barat,Telur Ayam,38138.46153846154
2024-04,Riau,Bawang Merah,43463.46153846154
2024-04,Riau,Bawang Putih,40082.692307692305
2024-04,Riau,Beras,15507.692307692309
2024-04,Riau,Cabai Merah,56282.692307692305
2024-04,Riau,Cabai Rawit,52101.92307692308
2024-04,Riau,Daging Ayam,31401.923076923078
2024-04,Riau,Daging Sapi,128580.76923076923
2024-04,Riau,Gula Pasir,17782.69230769231
2024-04,Riau,Minyak Goreng,17142.30769230769
2024-04,Riau,Telur Ayam,29355.76923076923
2024-04,Sulawesi Barat,Bawang Merah,40253.846153846156
2024-04,Sulawesi Barat,Bawang Putih,41365.38461538462
2024-04,Sulawesi Barat,Beras,14167.307692307691
2024-04,Sulawesi Barat,Cabai Merah,30990.384615384617
2024-04,Sulawesi Barat,Cabai Rawit,41665.38461538462
2024-04,Sulawesi Barat,Daging Ayam,31023.076923076922
2024-04,Sulawesi Barat,Daging Sapi,125571.15384615384
2024-04,Sulawesi Barat,Gula Pasir,17809.615384615383
2024-04,Sulawesi Barat,Minyak Goreng,19069.23076923077
2024-04,Sulawesi Barat,Telur Ayam,27159.615384615383
2024-04,Sulawesi Selatan,Bawang Merah,43000.0
2024-04,Sulawesi Selatan,Bawang Putih,41388.46153846154
2024-04,Sulawesi Selatan,Beras,13832.692307692309
2024-04,Sulawesi Selatan,Cabai Merah,29723.076923076922
2024-04,Sulawesi Selatan,Cabai Rawit,39419.230769230766
2024-04,Sulawesi Selatan,Daging Ayam,29771.153846153848
2024-04,Sulawesi Selatan,Daging Sapi,122784.61538461539
2024-04,Sulawesi Selatan,Gula Pasir,17344.23076923077
2024-04,Sulawesi Selatan,Minyak Goreng,17846.153846153848
2024-04,Sulawesi Selatan,Telur Ayam,28026.923076923078
2024-04,Sulawesi Tengah,Bawang Merah,46771.153846153844
2024-04,Sulawesi Tengah,Bawang Putih,49276.92307692308
2024-04,Sulawesi Tengah,Beras,16063.461538461539
2024-04,Sulawesi Tengah,Cabai Merah,38475.0
2024-04,Sulawesi Tengah,Cabai Rawit,57080.769230769234
2024-04,Sulawesi Tengah,Daging Ayam,32967.307692307695
2024-04,Sulawesi Tengah,Daging Sapi,143750.0
2024-04,Sulawesi Tengah,Gula Pasir,19513.46153846154
2024-04,Sulawesi Tengah,Minyak Goreng,18296.153846153848
2024-04,Sulawesi Tengah,Telur Ayam,33821.153846153844
2024-04,Sulawesi Tenggara,Bawang Merah,50609.61538461538
2024-04,Sulawesi Tenggara,Bawang Putih,50509.61538461538
2024-04,Sulawesi Tenggara,Beras,15738.461538461539
2024-04,Sulawesi Tenggara,Cabai Merah,44321.153846153844
2024-04,Sulawesi Tenggara,Cabai Rawit,56996.153846153844
2024-04,Sulawesi Tenggara,Daging Ayam,36267.307692307695
2024-04,Sulawesi Tenggara,Daging Sapi,138996.15384615384
2024-04,Sulawesi Tenggara,Gula Pasir,20096.153846153848
2024-04,Sulawesi Tenggara,Minyak Goreng,20200.0
2024-04,Sulawesi Tenggara,Telur Ayam,33676.92307692308
2024-04,Sulawesi Utara,Bawang Merah,50417.307692307695
2024-04,Sulawesi Utara,Bawang Putih,53236.53846153846
2024-04,Sulawesi Utara,Beras,15488.461538461539
2024-04,Sulawesi Utara,Cabai Merah,24882.69230769231
2024-04,Sulawesi Utara,Cabai Rawit,50351.92307692308
2024-04,Sulawesi Utara,Daging Ayam,39969.230769230766
2024-04,Sulawesi Utara,Daging Sapi,134255.76923076922
2024-04,Sulawesi Utara,Gula Pasir,18594.23076923077
2024-04,Sulawesi Utara,Minyak Goreng,17426.923076923078
2024-04,Sulawesi Utara,Telur Ayam,33940.38461538462
2024-04,Sumatera Barat,Bawang Merah,45717.307692307695
2024-04,Sumatera Barat,Bawang Putih,41717.307692307695
2024-04,Sumatera Barat,Beras,17500.0
2024-04,Sumatera Barat,Cabai Merah,53240.38461538462
2024-04,Sumatera Barat,Cabai Rawit,52550.0
2024-04,Sumatera Barat,Daging Ayam,48748.07692307692
2024-04,Sumatera Barat,Daging Sapi,149653.84615384616
2024-04,Sumatera Barat,Gula Pasir,18476.923076923078
2024-04,Sumatera Barat,Minyak Goreng,19000.0
2024-04,Sumatera Barat,Telur Ayam,29107.69230769231
2024-04,Sumatera Selatan,Bawang Merah,53476.92307692308
2024-04,Sumatera Selatan,Bawang Putih,45069.230769230766
2024-04,Sumatera Selatan,Beras,15315.384615384615
2024-04,Sumatera Selatan,Cabai Merah,54498.07692307692
2024-04,Sumatera Selatan,Cabai Rawit,66007.69230769231
2024-04,Sumatera Selatan,Daging Ayam,35825.0
2024-04,Sumatera Selatan,Daging Sapi,140901.92307692306
2024-04,Sumatera Selatan,Gula Pasir,17503.846153846152
2024-04,Sumatera Selatan,Minyak Goreng,18875.0
2024-04,Sumatera Selatan,Telur Ayam,28463.46153846154
2024-04,Sumatera Utara,Bawang Merah,46988.46153846154
2024-04,Sumatera Utara,Bawang Putih,40907.692307692305
2024-04,Sumatera Utara,Beras,13811.538461538461
2024-04,Sumatera Utara,Cabai Merah,43669.230769230766
2024-04,Sumatera Utara,Cabai Rawit,46778.846153846156
2024-04,Sumatera Utara,Daging Ayam,38251.92307692308
2024-04,Sumatera Utara,Daging Sapi,136825.0
2024-04,Sumatera Utara,Gula Pasir,18634.615384615383
2024-04,Sumatera Utara,Minyak Goreng,19357.69230769231
2024-04,Sumatera Utara,Telur Ayam,29925.0
2024-05,Aceh,Bawang Merah,59481.48148148148
2024-05,Aceh,Bawang Putih,41733.333333333336
2024-05,Aceh,Beras,13848.148148148148
2024-05,Aceh,Cabai Merah,57177.77777777778
2024-05,Aceh,Cabai Rawit,47931.48148148148
2024-05,Aceh,Daging Ayam,36550.0
2024-05,Aceh,Daging Sapi,147642.59259259258
2024-05,Aceh,Gula Pasir,19361.11111111111
2024-05,Aceh,Minyak Goreng,19187.037037037036
2024-05,Aceh,Telur Ayam,30435.185185185186
2024-05,Bali,Bawang Merah,44381.48148148148
2024-05,Bali,Bawang Putih,37461.11111111111
2024-05,Bali,Beras,14951.851851851852
2024-05,Bali,Cabai Merah,48479.62962962963
2024-05,Bali,Cabai Rawit,32788.88888888889
2024-05,Bali,Daging Ayam,39755.555555555555
2024-05,Bali,Daging Sapi,126812.96296296296
2024-05,Bali,Gula Pasir,18505.555555555555
2024-05,Bali,Minyak Goreng,18779.62962962963
2024-05,Bali,Telur Ayam,28824.074074074073
2024-05,Banten,Bawang Merah,52912.96296296296
2024-05,Banten,Bawang Putih,45720.37037037037
2024-05,Banten,Beras,14777.777777777777
2024-05,Banten,Cabai Merah,57275.92592592593
2024-05,Banten,Cabai Rawit,42966.666666666664
2024-05,Banten,Daging Ayam,39496.2962962963
2024-05,Banten,Daging Sapi,133987.03703703705
2024-05,Banten,Gula Pasir,19148.14814814815
2024-05,Banten,Minyak Goreng,17911.11111111111
2024-05,Banten,Telur Ayam,29753.703703703704
2024-05,Bengkulu,Bawang Merah,57350.0
2024-05,Bengkulu,Bawang Putih,45990.74074074074
2024-05,Bengkulu,Beras,15187.037037037036
2024-05,Bengkulu,Cabai Merah,52662.96296296296
2024-05,Bengkulu,Cabai Rawit,45431.48148148148
2024-05,Bengkulu,Daging Ayam,37222.22222222222
2024-05,Bengkulu,Daging Sapi,135300.0
2024-05,Bengkulu,Gula Pasir,18587.037037037036
2024-05,Bengkulu,Minyak Goreng,17800.0
2024-05,Bengkulu,Telur Ayam,28357.40740740741
2024-05,DI Yogyakarta,Bawang Merah,48009.25925925926
2024-05,DI Yogyakarta,Bawang Putih,48166.666666666664
2024-05,DI Yogyakarta,Beras,14942.592592592593
2024-05,DI Yogyakarta,Cabai Merah,49153.7037037037
2024-05,DI Yogyakarta,Cabai Rawit,35055.555555555555
2024-05,DI Yogyakarta,Daging Ayam,38092.59259259259
2024-05,DI Yogyakarta,Daging Sapi,136250.0
2024-05,DI Yogyakarta,Gula Pasir,17431.48148148148
2024-05,DI Yogyakarta,Minyak Goreng,17611.11111111111
2024-05,DI Yogyakarta,Telur Ayam,29525.925925925927
2024-05,DKI Jakarta,Bawang Merah,59087.03703703704
2024-05,DKI Jakarta,Bawang Putih,57979.62962962963
2024-05,DKI Jakarta,Beras,15475.925925925925
2024-05,DKI Jakarta,Cabai Merah,68785.18518518518
2024-05,DKI Jakarta,Cabai Rawit,47687.03703703704
2024-05,DKI Jakarta,Daging Ayam,38359.25925925926
2024-05,DKI Jakarta,Daging Sapi,140092.59259259258
2024-05,DKI Jakarta,Gula Pasir,19607.40740740741
2024-05,DKI Jakarta,Minyak Goreng,19135.185185185186
2024-05,DKI Jakarta,Telur Ayam,29890.74074074074
2024-05,Gorontalo,Bawang Merah,50503.7037037037
2024-05,Gorontalo,Bawang Putih,53720.37037037037
2024-05,Gorontalo,Beras,14796.296296296296
2024-05,Gorontalo,Cabai Merah,37235.18518518518
2024-05,Gorontalo,Cabai Rawit,62801.851851851854
2024-05,Gorontalo,Daging Ayam,29259.25925925926
2024-05,Gorontalo,Daging Sapi,135000.0
2024-05,Gorontalo,Gula Pasir,19611.11111111111
2024-05,Gorontalo,Minyak Goreng,23062.962962962964
2024-05,Gorontalo,Telur Ayam,36092.59259259259
2024-05,Jambi,Bawang Merah,47362.96296296296
2024-05,Jambi,Bawang Putih,41440.74074074074
2024-05,Jambi,Beras,14653.703703703704
2024-05,Jambi,Cabai Merah,49153.7037037037
2024-05,Jambi,Cabai Rawit,44105.555555555555
2024-05,Jambi,Daging Ayam,36042.59259259259
2024-05,Jambi,Daging Sapi,136900.0
2024-05,Jambi,Gula Pasir,18679.62962962963
2024-05,Jambi,Minyak Goreng,18453.703703703704
2024-05,Jambi,Telur Ayam,27138.88888888889
2024-05,Jawa Barat,Bawang Merah,52368.51851851852
2024-05,Jawa Barat,Bawang Putih,44740.74074074074
2024-05,Jawa Barat,Beras,14618.518518518518
2024-05,Jawa Barat,Cabai Merah,53472.22222222222
2024-05,Jawa Barat,Cabai Rawit,42238.88888888889
2024-05,Jawa Barat,Daging Ayam,37624.07407407407
2024-05,Jawa Barat,Daging Sapi,141170.37037037036
2024-05,Jawa Barat,Gula Pasir,18735.185185185186
2024-05,Jawa Barat,Minyak Goreng,18514.814814814814
2024-05,Jawa Barat,Telur Ayam,29883.333333333332
2024-05,Jawa Tengah,Bawang Merah,50542.59259259259
2024-05,Jawa Tengah,Bawang Putih,44509.25925925926
2024-05,Jawa Tengah,Beras,14531.481481481482
2024-05,Jawa Tengah,Cabai Merah,44125.92592592593
2024-05,Jawa Tengah,Cabai Rawit,27361.11111111111
2024-05,Jawa Tengah,Daging Ayam,37281.48148148148
2024-05,Jawa Tengah,Daging Sapi,127929.62962962964
2024-05,Jawa Tengah,Gula Pasir,18411.11111111111
2024-05,Jawa Tengah,Minyak Goreng,17924.074074074073
2024-05,Jawa Tengah,Telur Ayam,28642.59259259259
2024-05,Jawa Timur,Bawang Merah,49551.851851851854
2024-05,Jawa Timur,Bawang Putih,38281.48148148148
2024-05,Jawa Timur,Beras,14035.185185185184
2024-05,Jawa Timur,Cabai Merah,46120.37037037037
2024-05,Jawa Timur,Cabai Rawit,22092.59259259259
2024-05,Jawa Timur,Daging Ayam,36512.96296296296
2024-05,Jawa Timur,Daging Sapi,121044.44444444444
2024-05,Jawa Timur,Gula Pasir,17833.333333333332
2024-05,Jawa Timur,Minyak Goreng,18138.88888888889
2024-05,Jawa Timur,Telur Ayam,28353.703703703704
2024-05,Kalimantan Barat,Bawang Merah,44483.333333333336
2024-05,Kalimantan Barat,Bawang Putih,41203.7037037037
2024-05,Kalimantan Barat,Beras,16346.296296296296
2024-05,Kalimantan Barat,Cabai Merah,59779.62962962963
2024-05,Kalimantan Barat,Cabai Rawit,62738.88888888889
2024-05,Kalimantan Barat,Daging Ayam,40835.18518518518
2024-05,Kalimantan Barat,Daging Sapi,150864.8148148148
2024-05,Kalimantan Barat,Gula Pasir,18092.59259259259
2024-05,Kalimantan Barat,Minyak Goreng,19405.555555555555
2024-05,Kalimantan Barat,Telur Ayam,31150.0
2024-05,Kalimantan Selatan,Bawang Merah,45931.48148148148
2024-05,Kalimantan Selatan,Bawang Putih,41105.555555555555
2024-05,Kalimantan Selatan,Beras,18840.74074074074
2024-05,Kalimantan Selatan,Cabai Merah,45629.62962962963
2024-05,Kalimantan Selatan,Cabai Rawit,35929.62962962963
2024-05,Kalimantan Selatan,Daging Ayam,46122.22222222222
2024-05,Kalimantan Selatan,Daging Sapi,163350.0
2024-05,Kalimantan Selatan,Gula Pasir,18772.222222222223
2024-05,Kalimantan Selatan,Minyak Goreng,19475.925925925927
2024-05,Kalimantan Selatan,Telur Ayam,31916.666666666668
2024-05,Kalimantan Tengah,Bawang Merah,47425.92592592593
2024-05,Kalimantan Tengah,Bawang Putih,44068.51851851852
2024-05,Kalimantan Tengah,Beras,19275.925925925927
2024-05,Kalimantan Tengah,Cabai Merah,71912.96296296296
2024-05,Kalimantan Tengah,Cabai Rawit,48137.03703703704
2024-05,Kalimantan Tengah,Daging Ayam,44738.88888888889
2024-05,Kalimantan Tengah,Daging Sapi,154907.40740740742
2024-05,Kalimantan Tengah,Gula Pasir,20455.555555555555
2024-05,Kalimantan Tengah,Minyak Goreng,19979.62962962963
2024-05,Kalimantan Tengah,Telur Ayam,32303.703703703704
2024-05,Kalimantan Timur,Bawang Merah,49980.434782608696
2024-05,Kalimantan Timur,Bawang Putih,46408.69565217391
2024-05,Kalimantan Timur,Beras,16234.782608695652
2024-05,Kalimantan Timur,Cabai Merah,55723.913043478264
2024-05,Kalimantan Timur,Cabai Rawit,59102.17391304348
2024-05,Kalimantan Timur,Daging Ayam,38517.391304347824
2024-05,Kalimantan Timur,Daging Sapi,152954.34782608695
2024-05,Kalimantan Timur,Gula Pasir,18754.347826086956
2024-05,Kalimantan Timur,Minyak Goreng,19526.08695652174
2024-05,Kalimantan Timur,Telur Ayam,30480.434782608696
2024-05,Kalimantan Utara,Bawang Merah,54259.25925925926
2024-05,Kalimantan Utara,Bawang Putih,49157.40740740741
2024-05,Kalimantan Utara,Beras,16942.59259259259
2024-05,Kalimantan Utara,Cabai Merah,72344.44444444444
2024-05,Kalimantan Utara,Cabai Rawit,97535.18518518518
2024-05,Kalimantan Utara,Daging Ayam,48198.148148148146
2024-05,Kalimantan Utara,Daging Sapi,131883.33333333334
2024-05,Kalimantan Utara,Gula Pasir,19218.51851851852
2024-05,Kalimantan Utara,Minyak Goreng,19411.11111111111
2024-05,Kalimantan Utara,Telur Ayam,33112.96296296296
2024-05,Kepulauan Bangka Belitung,Bawang Merah,61055.555555555555
2024-05,Kepulauan Bangka Belitung,Bawang Putih,43020.37037037037
2024-05,Kepulauan Bangka Belitung,Beras,15794.444444444445
2024-05,Kepulauan Bangka Belitung,Cabai Merah,58898.148148148146
2024-05,Kepulauan Bangka Belitung,Cabai Rawit,55905.555555555555
2024-05,Kepulauan Bangka Belitung,Daging Ayam,38022.22222222222
2024-05,Kepulauan Bangka Belitung,Daging Sapi,136083.33333333334
2024-05,Kepulauan Bangka Belitung,Gula Pasir,18038.88888888889
2024-05,Kepulauan Bangka Belitung,Minyak Goreng,17144.444444444445
2024-05,Kepulauan Bangka Belitung,Telur Ayam,32707.40740740741
2024-05,Kepulauan Riau,Bawang Merah,37301.851851851854
2024-05,Kepulauan Riau,Bawang Putih,37231.48148148148
2024-05,Kepulauan Riau,Beras,14677.777777777777
2024-05,Kepulauan Riau,Cabai Merah,65205.555555555555
2024-05,Kepulauan Riau,Cabai Rawit,58198.148148148146
2024-05,Kepulauan Riau,Daging Ayam,38950.0
2024-05,Kepulauan Riau,Daging Sapi,99500.0
2024-05,Kepulauan Riau,Gula Pasir,16850.0
2024-05,Kepulauan Riau,Minyak Goreng,16598.14814814815
2024-05,Kepulauan Riau,Telur Ayam,30142.59259259259
2024-05,Lampung,Bawang Merah,47724.07407407407
2024-05,Lampung,Bawang Putih,42105.555555555555
2024-05,Lampung,Beras,14020.37037037037
2024-05,Lampung,Cabai Merah,45477.77777777778
2024-05,Lampung,Cabai Rawit,34061.11111111111
2024-05,Lampung,Daging Ayam,32012.962962962964
2024-05,Lampung,Daging Sapi,131342.59259259258
2024-05,Lampung,Gula Pasir,18279.62962962963
2024-05,Lampung,Minyak Goreng,17874.074074074073
2024-05,Lampung,Telur Ayam,28935.185185185186
2024-05,Maluku,Bawang Merah,56137.03703703704
2024-05,Maluku,Bawang Putih,51440.74074074074
2024-05,Maluku,Beras,16037.037037037036
2024-05,Maluku,Cabai Merah,67714.81481481482
2024-05,Maluku,Cabai Rawit,91681.48148148147
2024-05,Maluku,Daging Ayam,42435.18518518518
2024-05,Maluku,Daging Sapi,137500.0
2024-05,Maluku,Gula Pasir,20350.0
2024-05,Maluku,Minyak Goreng,20942.59259259259
2024-05,Maluku,Telur Ayam,37785.18518518518
2024-05,Maluku Utara,Bawang Merah,72731.48148148147
2024-05,Maluku Utara,Bawang Putih,70696.29629629629
2024-05,Maluku Utara,Beras,16788.88888888889
2024-05,Maluku Utara,Cabai Merah,47453.7037037037
2024-05,Maluku Utara,Cabai Rawit,79074.07407407407
2024-05,Maluku Utara,Daging Ayam,46203.7037037037
2024-05,Maluku Utara,Daging Sapi,137685.1851851852
2024-05,Maluku Utara,Gula Pasir,19703.703703703704
2024-05,Maluku Utara,Minyak Goreng,21000.0
2024-05,Maluku Utara,Telur Ayam,39096.2962962963
2024-05,Nusa Tenggara Barat,Bawang Merah,38803.7037037037
2024-05,Nusa Tenggara Barat,Bawang Putih,43394.444444444445
2024-05,Nusa Tenggara Barat,Beras,13303.703703703704
2024-05,Nusa Tenggara Barat,Cabai Merah,42742.59259259259
2024-05,Nusa Tenggara Barat,Cabai Rawit,30068.51851851852
2024-05,Nusa Tenggara Barat,Daging Ayam,41575.92592592593
2024-05,Nusa Tenggara Barat,Daging Sapi,118444.44444444444
2024-05,Nusa Tenggara Barat,Gula Pasir,17703.703703703704
2024-05,Nusa Tenggara Barat,Minyak Goreng,19675.925925925927
2024-05,Nusa Tenggara Barat,Telur Ayam,31974.074074074073
2024-05,Nusa Tenggara Timur,Bawang Merah,48300.0
2024-05,Nusa Tenggara Timur,Bawang Putih,50644.444444444445
2024-05,Nusa Tenggara Timur,Beras,15985.185185185184
2024-05,Nusa Tenggara Timur,Cabai Merah,54246.2962962963
2024-05,Nusa Tenggara Timur,Cabai Rawit,70055.55555555556
2024-05,Nusa Tenggara Timur,Daging Ayam,42170.37037037037
2024-05,Nusa Tenggara Timur,Daging Sapi,116650.0
2024-05,Nusa Tenggara Timur,Gula Pasir,19418.51851851852
2024-05,Nusa Tenggara Timur,Minyak Goreng,20800.0
2024-05,Nusa Tenggara Timur,Telur Ayam,34483.333333333336
2024-05,Papua,Bawang Merah,63448.07692307692
2024-05,Papua,Bawang Putih,55128.846153846156
2024-05,Papua,Beras,16896.153846153848
2024-05,Papua,Cabai Merah,78890.38461538461
2024-05,Papua,Cabai Rawit,71394.23076923077
2024-05,Papua,Daging Ayam,43644.230769230766
2024-05,Papua,Daging Sapi,134744.23076923078
2024-05,Papua,Gula Pasir,20359.615384615383
2024-05,Papua,Minyak Goreng,21350.0
2024-05,Papua,Telur Ayam,38238.46153846154
2024-05,Papua Barat,Bawang Merah,62685.18518518518
2024-05,Papua Barat,Bawang Putih,58398.148148148146
2024-05,Papua Barat,Beras,16800.0
2024-05,Papua Barat,Cabai Merah,59146.2962962963
2024-05,Papua Barat,Cabai Rawit,69212.96296296296
2024-05,Papua Barat,Daging Ayam,48677.77777777778
2024-05,Papua Barat,Daging Sapi,147500.0
2024-05,Papua Barat,Gula Pasir,19879.62962962963
2024-05,Papua Barat,Minyak Goreng,22912.962962962964
2024-05,Papua Barat,Telur Ayam,37009.25925925926
2024-05,Riau,Bawang Merah,48205.555555555555
2024-05,Riau,Bawang Putih,40255.555555555555
2024-05,Riau,Beras,15674.074074074075
2024-05,Riau,Cabai Merah,65911.11111111111
2024-05,Riau,Cabai Rawit,46670.37037037037
2024-05,Riau,Daging Ayam,31377.777777777777
2024-05,Riau,Daging Sapi,128327.77777777778
2024-05,Riau,Gula Pasir,18181.48148148148
2024-05,Riau,Minyak Goreng,17300.0
2024-05,Riau,Telur Ayam,30124.074074074073
2024-05,Sulawesi Barat,Bawang Merah,45157.40740740741
2024-05,Sulawesi Barat,Bawang Putih,42172.22222222222
2024-05,Sulawesi Barat,Beras,13781.481481481482
2024-05,Sulawesi Barat,Cabai Merah,29601.85185185185
2024-05,Sulawesi Barat,Cabai Rawit,35622.22222222222
2024-05,Sulawesi Barat,Daging Ayam,29155.555555555555
2024-05,Sulawesi Barat,Daging Sapi,125305.55555555556
2024-05,Sulawesi Barat,Gula Pasir,17694.444444444445
2024-05,Sulawesi Barat,Minyak Goreng,19100.0
2024-05,Sulawesi Barat,Telur Ayam,26472.222222222223
2024-05,Sulawesi Selatan,Bawang Merah,45433.333333333336
2024-05,Sulawesi Selatan,Bawang Putih,41327.77777777778
2024-05,Sulawesi Selatan,Beras,13768.518518518518
2024-05,Sulawesi Selatan,Cabai Merah,28955.555555555555
2024-05,Sulawesi Selatan,Cabai Rawit,35314.81481481482
2024-05,Sulawesi Selatan,Daging Ayam,26090.74074074074
2024-05,Sulawesi Selatan,Daging Sapi,123027.77777777778
2024-05,Sulawesi Selatan,Gula Pasir,17468.51851851852
2024-05,Sulawesi Selatan,Minyak Goreng,17955.555555555555
2024-05,Sulawesi Selatan,Telur Ayam,26961.11111111111
2024-05,Sulawesi Tengah,Bawang Merah,48295.65217391304
2024-05,Sulawesi Tengah,Bawang Putih,50465.217391304344
2024-05,Sulawesi Tengah,Beras,14730.434782608696
2024-05,Sulawesi Tengah,Cabai Merah,44978.260869565216
2024-05,Sulawesi Tengah,Cabai Rawit,57217.391304347824
2024-05,Sulawesi Tengah,Daging Ayam,31171.739130434784
2024-05,Sulawesi Tengah,Daging Sapi,143750.0
2024-05,Sulawesi Tengah,Gula Pasir,20002.17391304348
2024-05,Sulawesi Tengah,Minyak Goreng,18258.695652173912
2024-05,Sulawesi Tengah,Telur Ayam,32845.65217391304
2024-05,Sulawesi Tenggara,Bawang Merah,54525.92592592593
2024-05,Sulawesi Tenggara,Bawang Putih,52801.851851851854
2024-05,Sulawesi Tenggara,Beras,15212.962962962964
2024-05,Sulawesi Tenggara,Cabai Merah,46355.555555555555
2024-05,Sulawesi Tenggara,Cabai Rawit,60579.62962962963
2024-05,Sulawesi Tenggara,Daging Ayam,36381.48148148148
2024-05,Sulawesi Tenggara,Daging Sapi,138450.0
2024-05,Sulawesi Tenggara,Gula Pasir,20329.62962962963
2024-05,Sulawesi Tenggara,Minyak Goreng,20274.074074074073
2024-05,Sulawesi Tenggara,Telur Ayam,33200.0
2024-05,Sulawesi Utara,Bawang Merah,52994.444444444445
2024-05,Sulawesi Utara,Bawang Putih,53700.0
2024-05,Sulawesi Utara,Beras,14655.555555555555
2024-05,Sulawesi Utara,Cabai Merah,26461.11111111111
2024-05,Sulawesi Utara,Cabai Rawit,54775.92592592593
2024-05,Sulawesi Utara,Daging Ayam,37162.96296296296
2024-05,Sulawesi Utara,Daging Sapi,134511.11111111112
2024-05,Sulawesi Utara,Gula Pasir,18994.444444444445
2024-05,Sulawesi Utara,Minyak Goreng,17438.88888888889
2024-05,Sulawesi Utara,Telur Ayam,31785.185185185186
2024-05,Sumatera Barat,Bawang Merah,49120.37037037037
2024-05,Sumatera Barat,Bawang Putih,42027.77777777778
2024-05,Sumatera Barat,Beras,17583.333333333332
2024-05,Sumatera Barat,Cabai Merah,62329.62962962963
2024-05,Sumatera Barat,Cabai Rawit,48270.37037037037
2024-05,Sumatera Barat,Daging Ayam,50211.11111111111
2024-05,Sumatera Barat,Daging Sapi,150000.0
2024-05,Sumatera Barat,Gula Pasir,19061.11111111111
2024-05,Sumatera Barat,Minyak Goreng,18842.59259259259
2024-05,Sumatera Barat,Telur Ayam,29303.703703703704
2024-05,Sumatera Selatan,Bawang Merah,55235.18518518518
2024-05,Sumatera Selatan,Bawang Putih,43101.851851851854
2024-05,Sumatera Selatan,Beras,15114.814814814816
2024-05,Sumatera Selatan,Cabai Merah,54512.96296296296
2024-05,Sumatera Selatan,Cabai Rawit,59118.51851851852
2024-05,Sumatera Selatan,Daging Ayam,35394.444444444445
2024-05,Sumatera Selatan,Daging Sapi,138750.0
2024-05,Sumatera Selatan,Gula Pasir,18546.296296296296
2024-05,Sumatera Selatan,Minyak Goreng,18900.0
2024-05,Sumatera Selatan,Telur Ayam,28831.48148148148
2024-05,Sumatera Utara,Bawang Merah,53850.0
2024-05,Sumatera Utara,Bawang Putih,41738.88888888889
2024-05,Sumatera Utara,Beras,13862.962962962964
2024-05,Sumatera Utara,Cabai Merah,49492.59259259259
2024-05,Sumatera Utara,Cabai Rawit,38825.92592592593
2024-05,Sumatera Utara,Daging Ayam,39987.03703703704
2024-05,Sumatera Utara,Daging Sapi,136390.74074074073
2024-05,Sumatera Utara,Gula Pasir,18711.11111111111
2024-05,Sumatera Utara,Minyak Goreng,19398.14814814815
2024-05,Sumatera Utara,Telur Ayam,29833.333333333332
2024-06,Aceh,Bawang Merah,51953.333333333336
2024-06,Aceh,Bawang Putih,40461.666666666664
2024-06,Aceh,Beras,13733.333333333334
2024-06,Aceh,Cabai Merah,60640.0
2024-06,Aceh,Cabai Rawit,48845.0
2024-06,Aceh,Daging Ayam,32893.333333333336
2024-06,Aceh,Daging Sapi,146761.66666666666
2024-06,Aceh,Gula Pasir,18848.333333333332
2024-06,Aceh,Minyak Goreng,19051.666666666668
2024-06,Aceh,Telur Ayam,30233.333333333332
2024-06,Bali,Bawang Merah,31490.0
2024-06,Bali,Bawang Putih,36320.0
2024-06,Bali,Beras,14995.0
2024-06,Bali,Cabai Merah,45913.333333333336
2024-06,Bali,Cabai Rawit,35590.0
2024-06,Bali,Daging Ayam,38751.666666666664
2024-06,Bali,Daging Sapi,126300.0
2024-06,Bali,Gula Pasir,18490.0
2024-06,Bali,Minyak Goreng,18950.0
2024-06,Bali,Telur Ayam,28888.333333333332
2024-06,Banten,Bawang Merah,40940.0
2024-06,Banten,Bawang Putih,43336.666666666664
2024-06,Banten,Beras,14850.0
2024-06,Banten,Cabai Merah,54908.333333333336
2024-06,Banten,Cabai Rawit,47176.666666666664
2024-06,Banten,Daging Ayam,39128.333333333336
2024-06,Banten,Daging Sapi,133750.0
2024-06,Banten,Gula Pasir,18611.666666666668
2024-06,Banten,Minyak Goreng,17990.0
2024-06,Banten,Telur Ayam,28168.333333333332
2024-06,Bengkulu,Bawang Merah,45273.21428571428
2024-06,Bengkulu,Bawang Putih,42933.92857142857
2024-06,Bengkulu,Beras,15135.714285714286
2024-06,Bengkulu,Cabai Merah,57664.28571428572
2024-06,Bengkulu,Cabai Rawit,45421.42857142857
2024-06,Bengkulu,Daging Ayam,35233.92857142857
2024-06,Bengkulu,Daging Sapi,135300.0
2024-06,Bengkulu,Gula Pasir,18251.785714285714
2024-06,Bengkulu,Minyak Goreng,17801.785714285714
2024-06,Bengkulu,Telur Ayam,27833.928571428572
2024-06,DI Yogyakarta,Bawang Merah,43258.333333333336
2024-06,DI Yogyakarta,Bawang Putih,47950.0
2024-06,DI Yogyakarta,Beras,14265.0
2024-06,DI Yogyakarta,Cabai Merah,48388.333333333336
2024-06,DI Yogyakarta,Cabai Rawit,40145.0
2024-06,DI Yogyakarta,Daging Ayam,36366.666666666664
2024-06,DI Yogyakarta,Daging Sapi,136250.0
2024-06,DI Yogyakarta,Gula Pasir,17350.0
2024-06,DI Yogyakarta,Minyak Goreng,17403.333333333332
2024-06,DI Yogyakarta,Telur Ayam,28000.0
2024-06,DKI Jakarta,Bawang Merah,48516.666666666664
2024-06,DKI Jakarta,Bawang Putih,51246.666666666664
2024-06,DKI Jakarta,Beras,15460.0
2024-06,DKI Jakarta,Cabai Merah,64343.333333333336
2024-06,DKI Jakarta,Cabai Rawit,50620.0
2024-06,DKI Jakarta,Daging Ayam,37313.333333333336
2024-06,DKI Jakarta,Daging Sapi,140000.0
2024-06,DKI Jakarta,Gula Pasir,19456.666666666668
2024-06,DKI Jakarta,Minyak Goreng,19061.666666666668
2024-06,DKI Jakarta,Telur Ayam,28341.666666666668
2024-06,Gorontalo,Bawang Merah,49366.666666666664
2024-06,Gorontalo,Bawang Putih,50123.333333333336
2024-06,Gorontalo,Beras,14505.0
2024-06,Gorontalo,Cabai Merah,56636.666666666664
2024-06,Gorontalo,Cabai Rawit,74613.33333333333
2024-06,Gorontalo,Daging Ayam,29088.333333333332
2024-06,Gorontalo,Daging Sapi,135125.0
2024-06,Gorontalo,Gula Pasir,18945.0
2024-06,Gorontalo,Minyak Goreng,23171.666666666668
2024-06,Gorontalo,Telur Ayam,33963.333333333336
2024-06,Jambi,Bawang Merah,41041.666666666664
2024-06,Jambi,Bawang Putih,40838.333333333336
2024-06,Jambi,Beras,14593.333333333334
2024-06,Jambi,Cabai Merah,53925.0
2024-06,Jambi,Cabai Rawit,48468.333333333336
2024-06,Jambi,Daging Ayam,33583.333333333336
2024-06,Jambi,Daging Sapi,136900.0
2024-06,Jambi,Gula Pasir,18540.0
2024-06,Jambi,Minyak Goreng,18353.333333333332
2024-06,Jambi,Telur Ayam,27010.0
2024-06,Jawa Barat,Bawang Merah,42376.666666666664
2024-06,Jawa Barat,Bawang Putih,43751.666666666664
2024-06,Jawa Barat,Beras,14501.666666666666
2024-06,Jawa Barat,Cabai Merah,55483.333333333336
2024-06,Jawa Barat,Cabai Rawit,45400.0
2024-06,Jawa Barat,Daging Ayam,36653.333333333336
2024-06,Jawa Barat,Daging Sapi,140920.0
2024-06,Jawa Barat,Gula Pasir,18560.0
2024-06,Jawa Barat,Minyak Goreng,18490.0
2024-06,Jawa Barat,Telur Ayam,28466.666666666668
2024-06,Jawa Tengah,Bawang Merah,40320.0
2024-06,Jawa Tengah,Bawang Putih,42056.666666666664
2024-06,Jawa Tengah,Beras,14438.333333333334
2024-06,Jawa Tengah,Cabai Merah,45826.666666666664
2024-06,Jawa Tengah,Cabai Rawit,31871.666666666668
2024-06,Jawa Tengah,Daging Ayam,35255.0
2024-06,Jawa Tengah,Daging Sapi,128115.0
2024-06,Jawa Tengah,Gula Pasir,17941.666666666668
2024-06,Jawa Tengah,Minyak Goreng,17873.333333333332
2024-06,Jawa Tengah,Telur Ayam,27373.333333333332
2024-06,Jawa Timur,Bawang Merah,39176.666666666664
2024-06,Jawa Timur,Bawang Putih,36723.333333333336
2024-06,Jawa Timur,Beras,14011.666666666666
2024-06,Jawa Timur,Cabai Merah,44368.333333333336
2024-06,Jawa Timur,Cabai Rawit,28321.666666666668
2024-06,Jawa Timur,Daging Ayam,34145.0
2024-06,Jawa Timur,Daging Sapi,120388.33333333333
2024-06,Jawa Timur,Gula Pasir,17376.666666666668
2024-06,Jawa Timur,Minyak Goreng,17958.333333333332
2024-06,Jawa Timur,Telur Ayam,27236.666666666668
2024-06,Kalimantan Barat,Bawang Merah,41844.642857142855
2024-06,Kalimantan Barat,Bawang Putih,39867.857142857145
2024-06,Kalimantan Barat,Beras,16300.0
2024-06,Kalimantan Barat,Cabai Merah,60589.28571428572
2024-06,Kalimantan Barat,Cabai Rawit,63278.57142857143
2024-06,Kalimantan Barat,Daging Ayam,37305.357142857145
2024-06,Kalimantan Barat,Daging Sapi,150992.85714285713
2024-06,Kalimantan Barat,Gula Pasir,17966.071428571428
2024-06,Kalimantan Barat,Minyak Goreng,19323.214285714286
2024-06,Kalimantan Barat,Telur Ayam,30416.071428571428
2024-06,Kalimantan Selatan,Bawang Merah,40830.0
2024-06,Kalimantan Selatan,Bawang Putih,40515.0
2024-06,Kalimantan Selatan,Beras,18731.666666666668
2024-06,Kalimantan Selatan,Cabai Merah,53460.0
2024-06,Kalimantan Selatan,Cabai Rawit,41245.0
2024-06,Kalimantan Selatan,Daging Ayam,45328.333333333336
2024-06,Kalimantan Selatan,Daging Sapi,163471.66666666666
2024-06,Kalimantan Selatan,Gula Pasir,18636.666666666668
2024-06,Kalimantan Selatan,Minyak Goreng,19371.666666666668
2024-06,Kalimantan Selatan,Telur Ayam,32355.0
2024-06,Kalimantan Tengah,Bawang Merah,44005.0
2024-06,Kalimantan Tengah,Bawang Putih,42288.333333333336
2024-06,Kalimantan Tengah,Beras,19103.333333333332
2024-06,Kalimantan Tengah,Cabai Merah,78420.0
2024-06,Kalimantan Tengah,Cabai Rawit,51706.666666666664
2024-06,Kalimantan Tengah,Daging Ayam,41473.333333333336
2024-06,Kalimantan Tengah,Daging Sapi,155350.0
2024-06,Kalimantan Tengah,Gula Pasir,20013.333333333332
2024-06,Kalimantan Tengah,Minyak Goreng,19900.0
2024-06,Kalimantan Tengah,Telur Ayam,31786.666666666668
2024-06,Kalimantan Timur,Bawang Merah,44206.666666666664
2024-06,Kalimantan Timur,Bawang Putih,44996.666666666664
2024-06,Kalimantan Timur,Beras,16261.666666666666
2024-06,Kalimantan Timur,Cabai Merah,62593.333333333336
2024-06,Kalimantan Timur,Cabai Rawit,61350.0
2024-06,Kalimantan Timur,Daging Ayam,40286.666666666664
2024-06,Kalimantan Timur,Daging Sapi,152886.66666666666
2024-06,Kalimantan Timur,Gula Pasir,18545.0
2024-06,Kalimantan Timur,Minyak Goreng,19528.333333333332
2024-06,Kalimantan Timur,Telur Ayam,30566.666666666668
2024-06,Kalimantan Utara,Bawang Merah,49110.0
2024-06,Kalimantan Utara,Bawang Putih,47372.0
2024-06,Kalimantan Utara,Beras,16900.0
2024-06,Kalimantan Utara,Cabai Merah,87294.0
2024-06,Kalimantan Utara,Cabai Rawit,88702.0
2024-06,Kalimantan Utara,Daging Ayam,48010.0
2024-06,Kalimantan Utara,Daging Sapi,132144.0
2024-06,Kalimantan Utara,Gula Pasir,19430.0
2024-06,Kalimantan Utara,Minyak Goreng,19612.0
2024-06,Kalimantan Utara,Telur Ayam,32878.0
2024-06,Kepulauan Bangka Belitung,Bawang Merah,51251.666666666664
2024-06,Kepulauan Bangka Belitung,Bawang Putih,42095.0
2024-06,Kepulauan Bangka Belitung,Beras,15418.333333333334
2024-06,Kepulauan Bangka Belitung,Cabai Merah,61815.0
2024-06,Kepulauan Bangka Belitung,Cabai Rawit,55160.0
2024-06,Kepulauan Bangka Belitung,Daging Ayam,36676.666666666664
2024-06,Kepulauan Bangka Belitung,Daging Sapi,135458.33333333334
2024-06,Kepulauan Bangka Belitung,Gula Pasir,18058.333333333332
2024-06,Kepulauan Bangka Belitung,Minyak Goreng,17266.666666666668
2024-06,Kepulauan Bangka Belitung,Telur Ayam,31955.0
2024-06,Kepulauan Riau,Bawang Merah,39401.666666666664
2024-06,Kepulauan Riau,Bawang Putih,36396.666666666664
2024-06,Kepulauan Riau,Beras,14700.0
2024-06,Kepulauan Riau,Cabai Merah,68025.0
2024-06,Kepulauan Riau,Cabai Rawit,59203.333333333336
2024-06,Kepulauan Riau,Daging Ayam,40116.666666666664
2024-06,Kepulauan Riau,Daging Sapi,99500.0
2024-06,Kepulauan Riau,Gula Pasir,16835.0
2024-06,Kepulauan Riau,Minyak Goreng,17015.0
2024-06,Kepulauan Riau,Telur Ayam,30175.0
2024-06,Lampung,Bawang Merah,36496.666666666664
2024-06,Lampung,Bawang Putih,39213.333333333336
2024-06,Lampung,Beras,13960.0
2024-06,Lampung,Cabai Merah,51871.666666666664
2024-06,Lampung,Cabai Rawit,40911.666666666664
2024-06,Lampung,Daging Ayam,31978.333333333332
2024-06,Lampung,Daging Sapi,130368.33333333333
2024-06,Lampung,Gula Pasir,17770.0
2024-06,Lampung,Minyak Goreng,17531.666666666668
2024-06,Lampung,Telur Ayam,28716.666666666668
2024-06,Maluku,Bawang Merah,49488.333333333336
2024-06,Maluku,Bawang Putih,49998.333333333336
2024-06,Maluku,Beras,16200.0
2024-06,Maluku,Cabai Merah,88700.0
2024-06,Maluku,Cabai Rawit,79631.66666666667
2024-06,Maluku,Daging Ayam,43066.666666666664
2024-06,Maluku,Daging Sapi,137500.0
2024-06,Maluku,Gula Pasir,20666.666666666668
2024-06,Maluku,Minyak Goreng,21000.0
2024-06,Maluku,Telur Ayam,37400.0
2024-06,Maluku Utara,Bawang Merah,65215.51724137931
2024-06,Maluku Utara,Bawang Putih,63275.862068965514
2024-06,Maluku Utara,Beras,16675.862068965518
2024-06,Maluku Utara,Cabai Merah,58275.862068965514
2024-06,Maluku Utara,Cabai Rawit,84870.68965517242
2024-06,Maluku Utara,Daging Ayam,46379.31034482759
2024-06,Maluku Utara,Daging Sapi,137500.0
2024-06,Maluku Utara,Gula Pasir,20000.0
2024-06,Maluku Utara,Minyak Goreng,21000.0
2024-06,Maluku Utara,Telur Ayam,38758.620689655174
2024-06,Nusa Tenggara Barat,Bawang Merah,34383.333333333336
2024-06,Nusa Tenggara Barat,Bawang Putih,42403.333333333336
2024-06,Nusa Tenggara Barat,Beras,13433.333333333334
2024-06,Nusa Tenggara Barat,Cabai Merah,41740.0
2024-06,Nusa Tenggara Barat,Cabai Rawit,31006.666666666668
2024-06,Nusa Tenggara Barat,Daging Ayam,38755.0
2024-06,Nusa Tenggara Barat,Daging Sapi,118280.0
2024-06,Nusa Tenggara Barat,Gula Pasir,17616.666666666668
2024-06,Nusa Tenggara Barat,Minyak Goreng,19640.0
2024-06,Nusa Tenggara Barat,Telur Ayam,31576.666666666668
2024-06,Nusa Tenggara Timur,Bawang Merah,45078.333333333336
2024-06,Nusa Tenggara Timur,Bawang Putih,49396.666666666664
2024-06,Nusa Tenggara Timur,Beras,15740.0
2024-06,Nusa Tenggara Timur,Cabai Merah,57941.666666666664
2024-06,Nusa Tenggara Timur,Cabai Rawit,59198.333333333336
2024-06,Nusa Tenggara Timur,Daging Ayam,46308.333333333336
2024-06,Nusa Tenggara Timur,Daging Sapi,116143.33333333333
2024-06,Nusa Tenggara Timur,Gula Pasir,19385.0
2024-06,Nusa Tenggara Timur,Minyak Goreng,20755.0
2024-06,Nusa Tenggara Timur,Telur Ayam,33690.0
2024-06,Papua,Bawang Merah,60353.44827586207
2024-06,Papua,Bawang Putih,54520.68965517241
2024-06,Papua,Beras,16944.827586206895
2024-06,Papua,Cabai Merah,103158.62068965517
2024-06,Papua,Cabai Rawit,77677.58620689655
2024-06,Papua,Daging Ayam,43536.206896551725
2024-06,Papua,Daging Sapi,135813.7931034483
2024-06,Papua,Gula Pasir,20420.689655172413
2024-06,Papua,Minyak Goreng,21344.827586206895
2024-06,Papua,Telur Ayam,38031.03448275862
2024-06,Papua Barat,Bawang Merah,60208.333333333336
2024-06,Papua Barat,Bawang Putih,59250.0
2024-06,Papua Barat,Beras,16896.666666666668
2024-06,Papua Barat,Cabai Merah,72676.66666666667
2024-06,Papua Barat,Cabai Rawit,81083.33333333333
2024-06,Papua Barat,Daging Ayam,49913.333333333336
2024-06,Papua Barat,Daging Sapi,147500.0
2024-06,Papua Barat,Gula Pasir,19841.666666666668
2024-06,Papua Barat,Minyak Goreng,22373.333333333332
2024-06,Papua Barat,Telur Ayam,37065.0
2024-06,Riau,Bawang Merah,42966.666666666664
2024-06,Riau,Bawang Putih,39445.0
2024-06,Riau,Beras,15758.333333333334
2024-06,Riau,Cabai Merah,67251.66666666667
2024-06,Riau,Cabai Rawit,47400.0
2024-06,Riau,Daging Ayam,29001.666666666668
2024-06,Riau,Daging Sapi,128100.0
2024-06,Riau,Gula Pasir,17815.0
2024-06,Riau,Minyak Goreng,17330.0
2024-06,Riau,Telur Ayam,29320.0
2024-06,Sulawesi Barat,Bawang Merah,38575.0
2024-06,Sulawesi Barat,Bawang Putih,42370.0
2024-06,Sulawesi Barat,Beras,13780.0
2024-06,Sulawesi Barat,Cabai Merah,38705.0
2024-06,Sulawesi Barat,Cabai Rawit,40420.0
2024-06,Sulawesi Barat,Daging Ayam,27996.666666666668
2024-06,Sulawesi Barat,Daging Sapi,125000.0
2024-06,Sulawesi Barat,Gula Pasir,17635.0
2024-06,Sulawesi Barat,Minyak Goreng,19298.333333333332
2024-06,Sulawesi Barat,Telur Ayam,25405.0
2024-06,Sulawesi Selatan,Bawang Merah,39508.92857142857
2024-06,Sulawesi Selatan,Bawang Putih,41069.642857142855
2024-06,Sulawesi Selatan,Beras,13778.57142857143
2024-06,Sulawesi Selatan,Cabai Merah,34264.28571428572
2024-06,Sulawesi Selatan,Cabai Rawit,37721.42857142857
2024-06,Sulawesi Selatan,Daging Ayam,24903.571428571428
2024-06,Sulawesi Selatan,Daging Sapi,123000.0
2024-06,Sulawesi Selatan,Gula Pasir,17525.0
2024-06,Sulawesi Selatan,Minyak Goreng,18057.14285714286
2024-06,Sulawesi Selatan,Telur Ayam,26030.35714285714
2024-06,Sulawesi Tengah,Bawang Merah,44845.0
2024-06,Sulawesi Tengah,Bawang Putih,47145.0
2024-06,Sulawesi Tengah,Beras,14555.0
2024-06,Sulawesi Tengah,Cabai Merah,53548.333333333336
2024-06,Sulawesi Tengah,Cabai Rawit,62920.0
2024-06,Sulawesi Tengah,Daging Ayam,30235.0
2024-06,Sulawesi Tengah,Daging Sapi,141583.33333333334
2024-06,Sulawesi Tengah,Gula Pasir,19920.0
2024-06,Sulawesi Tengah,Minyak Goreng,18673.333333333332
2024-06,Sulawesi Tengah,Telur Ayam,32233.333333333332
2024-06,Sulawesi Tenggara,Bawang Merah,47606.666666666664
2024-06,Sulawesi Tenggara,Bawang Putih,50896.666666666664
2024-06,Sulawesi Tenggara,Beras,15030.0
2024-06,Sulawesi Tenggara,Cabai Merah,67660.0
2024-06,Sulawesi Tenggara,Cabai Rawit,69641.66666666667
2024-06,Sulawesi Tenggara,Daging Ayam,34696.666666666664
2024-06,Sulawesi Tenggara,Daging Sapi,138450.0
2024-06,Sulawesi Tenggara,Gula Pasir,20240.0
2024-06,Sulawesi Tenggara,Minyak Goreng,20106.666666666668
2024-06,Sulawesi Tenggara,Telur Ayam,32346.666666666668
2024-06,Sulawesi Utara,Bawang Merah,50781.666666666664
2024-06,Sulawesi Utara,Bawang Putih,49383.333333333336
2024-06,Sulawesi Utara,Beras,14348.333333333334
2024-06,Sulawesi Utara,Cabai Merah,41476.666666666664
2024-06,Sulawesi Utara,Cabai Rawit,61331.666666666664
2024-06,Sulawesi Utara,Daging Ayam,37723.333333333336
2024-06,Sulawesi Utara,Daging Sapi,134060.0
2024-06,Sulawesi Utara,Gula Pasir,18428.333333333332
2024-06,Sulawesi Utara,Minyak Goreng,17273.333333333332
2024-06,Sulawesi Utara,Telur Ayam,31535.0
2024-06,Sumatera Barat,Bawang Merah,45916.666666666664
2024-06,Sumatera Barat,Bawang Putih,41556.666666666664
2024-06,Sumatera Barat,Beras,17530.0
2024-06,Sumatera Barat,Cabai Merah,63271.666666666664
2024-06,Sumatera Barat,Cabai Rawit,51458.333333333336
2024-06,Sumatera Barat,Daging Ayam,46235.0
2024-06,Sumatera Barat,Daging Sapi,148000.0
2024-06,Sumatera Barat,Gula Pasir,18615.0
2024-06,Sumatera Barat,Minyak Goreng,18820.0
2024-06,Sumatera Barat,Telur Ayam,28866.666666666668
2024-06,Sumatera Selatan,Bawang Merah,45458.333333333336
2024-06,Sumatera Selatan,Bawang Putih,41500.0
2024-06,Sumatera Selatan,Beras,15100.0
2024-06,Sumatera Selatan,Cabai Merah,65515.0
2024-06,Sumatera Selatan,Cabai Rawit,59401.666666666664
2024-06,Sumatera Selatan,Daging Ayam,34395.0
2024-06,Sumatera Selatan,Daging Sapi,138750.0
2024-06,Sumatera Selatan,Gula Pasir,18506.666666666668
2024-06,Sumatera Selatan,Minyak Goreng,18900.0
2024-06,Sumatera Selatan,Telur Ayam,28450.0
2024-06,Sumatera Utara,Bawang Merah,50296.666666666664
2024-06,Sumatera Utara,Bawang Putih,41241.666666666664
2024-06,Sumatera Utara,Beras,13856.666666666666
2024-06,Sumatera Utara,Cabai Merah,52745.0
2024-06,Sumatera Utara,Cabai Rawit,44240.0
2024-06,Sumatera Utara,Daging Ayam,36655.0
2024-06,Sumatera Utara,Daging Sapi,135283.33333333334
2024-06,Sumatera Utara,Gula Pasir,18578.333333333332
2024-06,Sumatera Utara,Minyak Goreng,19250.0
2024-06,Sumatera Utara,Telur Ayam,29815.0
2024-07,Aceh,Bawang Merah,35959.67741935484
2024-07,Aceh,Bawang Putih,39077.41935483871
2024-07,Aceh,Beras,13895.161290322581
2024-07,Aceh,Cabai Merah,44167.74193548387
2024-07,Aceh,Cabai Rawit,45598.3870967742
2024-07,Aceh,Daging Ayam,26990.322580645163
2024-07,Aceh,Daging Sapi,146650.0
2024-07,Aceh,Gula Pasir,18714.516129032258
2024-07,Aceh,Minyak Goreng,19087.09677419355
2024-07,Aceh,Telur Ayam,29480.645161290322
2024-07,Bali,Bawang Merah,25462.90322580645
2024-07,Bali,Bawang Putih,35270.967741935485
2024-07,Bali,Beras,15148.387096774193
2024-07,Bali,Cabai Merah,34150.0
2024-07,Bali,Cabai Rawit,53374.1935483871
2024-07,Bali,Daging Ayam,38556.45161290323
2024-07,Bali,Daging Sapi,126300.0
2024-07,Bali,Gula Pasir,18625.8064516129
2024-07,Bali,Minyak Goreng,18996.774193548386
2024-07,Bali,Telur Ayam,28701.612903225807
2024-07,Banten,Bawang Merah,29645.16129032258
2024-07,Banten,Bawang Putih,41130.645161290326
2024-07,Banten,Beras,15198.387096774193
2024-07,Banten,Cabai Merah,44895.16129032258
2024-07,Banten,Cabai Rawit,65077.41935483871
2024-07,Banten,Daging Ayam,38127.41935483871
2024-07,Banten,Daging Sapi,133750.0
2024-07,Banten,Gula Pasir,17698.387096774193
2024-07,Banten,Minyak Goreng,18050.0
2024-07,Banten,Telur Ayam,28161.290322580644
2024-07,Bengkulu,Bawang Merah,33240.32258064516
2024-07,Bengkulu,Bawang Putih,40412.903225806454
2024-07,Bengkulu,Beras,15150.0
2024-07,Bengkulu,Cabai Merah,44170.967741935485
2024-07,Bengkulu,Cabai Rawit,52022.58064516129
2024-07,Bengkulu,Daging Ayam,32469.354838709678
2024-07,Bengkulu,Daging Sapi,135358.06451612903
2024-07,Bengkulu,Gula Pasir,17838.709677419356
2024-07,Bengkulu,Minyak Goreng,18059.677419354837
2024-07,Bengkulu,Telur Ayam,27727.41935483871
2024-07,DI Yogyakarta,Bawang Merah,30564.516129032258
2024-07,DI Yogyakarta,Bawang Putih,45903.22580645161
2024-07,DI Yogyakarta,Beras,14250.0
2024-07,DI Yogyakarta,Cabai Merah,39825.8064516129
2024-07,DI Yogyakarta,Cabai Rawit,51727.41935483871
2024-07,DI Yogyakarta,Daging Ayam,35451.6129032258
2024-07,DI Yogyakarta,Daging Sapi,134619.35483870967
2024-07,DI Yogyakarta,Gula Pasir,17350.0
2024-07,DI Yogyakarta,Minyak Goreng,17716.129032258064
2024-07,DI Yogyakarta,Telur Ayam,27258.064516129034
2024-07,DKI Jakarta,Bawang Merah,37385.0
2024-07,DKI Jakarta,Bawang Putih,47778.333333333336
2024-07,DKI Jakarta,Beras,15640.0
2024-07,DKI Jakarta,Cabai Merah,53826.666666666664
2024-07,DKI Jakarta,Cabai Rawit,67003.33333333333
2024-07,DKI Jakarta,Daging Ayam,37108.333333333336
2024-07,DKI Jakarta,Daging Sapi,140000.0
2024-07,DKI Jakarta,Gula Pasir,19473.333333333332
2024-07,DKI Jakarta,Minyak Goreng,19165.0
2024-07,DKI Jakarta,Telur Ayam,28236.666666666668
2024-07,Gorontalo,Bawang Merah,38746.77419354839
2024-07,Gorontalo,Bawang Putih,46319.354838709674
2024-07,Gorontalo,Beras,14422.58064516129
2024-07,Gorontalo,Cabai Merah,49419.354838709674
2024-07,Gorontalo,Cabai Rawit,54904.83870967742
2024-07,Gorontalo,Daging Ayam,29846.774193548386
2024-07,Gorontalo,Daging Sapi,132500.0
2024-07,Gorontalo,Gula Pasir,18872.58064516129
2024-07,Gorontalo,Minyak Goreng,23506.451612903227
2024-07,Gorontalo,Telur Ayam,31867.74193548387
2024-07,Jambi,Bawang Merah,27974.1935483871
2024-07,Jambi,Bawang Putih,39851.6129032258
2024-07,Jambi,Beras,14645.161290322581
2024-07,Jambi,Cabai Merah,38720.967741935485
2024-07,Jambi,Cabai Rawit,60030.645161290326
2024-07,Jambi,Daging Ayam,30164.516129032258
2024-07,Jambi,Daging Sapi,136900.0
2024-07,Jambi,Gula Pasir,18383.870967741936
2024-07,Jambi,Minyak Goreng,18395.16129032258
2024-07,Jambi,Telur Ayam,26566.129032258064
2024-07,Jawa Barat,Bawang Merah,31387.09677419355
2024-07,Jawa Barat,Bawang Putih,42095.16129032258
2024-07,Jawa Barat,Beras,14585.483870967742
2024-07,Jawa Barat,Cabai Merah,45050.0
2024-07,Jawa Barat,Cabai Rawit,60875.8064516129
2024-07,Jawa Barat,Daging Ayam,36541.93548387097
2024-07,Jawa Barat,Daging Sapi,140896.7741935484
2024-07,Jawa Barat,Gula Pasir,18306.451612903227
2024-07,Jawa Barat,Minyak Goreng,18541.935483870966
2024-07,Jawa Barat,Telur Ayam,27953.225806451614
2024-07,Jawa Tengah,Bawang Merah,28819.354838709678
2024-07,Jawa Tengah,Bawang Putih,40193.54838709677
2024-07,Jawa Tengah,Beras,14550.0
2024-07,Jawa Tengah,Cabai Merah,38504.83870967742
2024-07,Jawa Tengah,Cabai Rawit,48096.77419354839
2024-07,Jawa Tengah,Daging Ayam,35120.967741935485
2024-07,Jawa Tengah,Daging Sapi,128114.51612903226
2024-07,Jawa Tengah,Gula Pasir,17798.387096774193
2024-07,Jawa Tengah,Minyak Goreng,17996.774193548386
2024-07,Jawa Tengah,Telur Ayam,26954.83870967742
2024-07,Jawa Timur,Bawang Merah,26380.645161290322
2024-07,Jawa Timur,Bawang Putih,35827.41935483871
2024-07,Jawa Timur,Beras,14154.838709677419
2024-07,Jawa Timur,Cabai Merah,32475.8064516129
2024-07,Jawa Timur,Cabai Rawit,47508.06451612903
2024-07,Jawa Timur,Daging Ayam,33303.22580645161
2024-07,Jawa Timur,Daging Sapi,120140.32258064517
2024-07,Jawa Timur,Gula Pasir,17090.322580645163
2024-07,Jawa Timur,Minyak Goreng,18032.25806451613
2024-07,Jawa Timur,Telur Ayam,26808.064516129034
2024-07,Kalimantan Barat,Bawang Merah,36309.25925925926
2024-07,Kalimantan Barat,Bawang Putih,38179.62962962963
2024-07,Kalimantan Barat,Beras,16285.185185185184
2024-07,Kalimantan Barat,Cabai Merah,57418.51851851852
2024-07,Kalimantan Barat,Cabai Rawit,71490.74074074074
2024-07,Kalimantan Barat,Daging Ayam,34885.18518518518
2024-07,Kalimantan Barat,Daging Sapi,150000.0
2024-07,Kalimantan Barat,Gula Pasir,17744.444444444445
2024-07,Kalimantan Barat,Minyak Goreng,19609.25925925926
2024-07,Kalimantan Barat,Telur Ayam,31575.925925925927
2024-07,Kalimantan Selatan,Bawang Merah,32153.225806451614
2024-07,Kalimantan Selatan,Bawang Putih,38464.51612903226
2024-07,Kalimantan Selatan,Beras,18601.612903225807
2024-07,Kalimantan Selatan,Cabai Merah,41691.93548387097
2024-07,Kalimantan Selatan,Cabai Rawit,49020.967741935485
2024-07,Kalimantan Selatan,Daging Ayam,42816.12903225807
2024-07,Kalimantan Selatan,Daging Sapi,163950.0
2024-07,Kalimantan Selatan,Gula Pasir,18569.354838709678
2024-07,Kalimantan Selatan,Minyak Goreng,19382.25806451613
2024-07,Kalimantan Selatan,Telur Ayam,31920.967741935485
2024-07,Kalimantan Tengah,Bawang Merah,33922.58064516129
2024-07,Kalimantan Tengah,Bawang Putih,40098.3870967742
2024-07,Kalimantan Tengah,Beras,19020.967741935485
2024-07,Kalimantan Tengah,Cabai Merah,76867.74193548386
2024-07,Kalimantan Tengah,Cabai Rawit,62411.290322580644
2024-07,Kalimantan Tengah,Daging Ayam,36217.74193548387
2024-07,Kalimantan Tengah,Daging Sapi,155350.0
2024-07,Kalimantan Tengah,Gula Pasir,19783.870967741936
2024-07,Kalimantan Tengah,Minyak Goreng,19995.16129032258
2024-07,Kalimantan Tengah,Telur Ayam,30800.0
2024-07,Kalimantan Timur,Bawang Merah,36470.967741935485
2024-07,Kalimantan Timur,Bawang Putih,42982.25806451613
2024-07,Kalimantan Timur,Beras,16262.90322580645
2024-07,Kalimantan Timur,Cabai Merah,50972.58064516129
2024-07,Kalimantan Timur,Cabai Rawit,66909.67741935483
2024-07,Kalimantan Timur,Daging Ayam,37558.06451612903
2024-07,Kalimantan Timur,Daging Sapi,154253.2258064516
2024-07,Kalimantan Timur,Gula Pasir,18388.709677419356
2024-07,Kalimantan Timur,Minyak Goreng,19769.354838709678
2024-07,Kalimantan Timur,Telur Ayam,29996.774193548386
2024-07,Kalimantan Utara,Bawang Merah,42658.333333333336
2024-07,Kalimantan Utara,Bawang Putih,45383.333333333336
2024-07,Kalimantan Utara,Beras,16763.333333333332
2024-07,Kalimantan Utara,Cabai Merah,76658.33333333333
2024-07,Kalimantan Utara,Cabai Rawit,97178.33333333333
2024-07,Kalimantan Utara,Daging Ayam,45046.666666666664
2024-07,Kalimantan Utara,Daging Sapi,130291.66666666667
2024-07,Kalimantan Utara,Gula Pasir,19218.333333333332
2024-07,Kalimantan Utara,Minyak Goreng,20043.333333333332
2024-07,Kalimantan Utara,Telur Ayam,32265.0
2024-07,Kepulauan Bangka Belitung,Bawang Merah,36788.709677419356
2024-07,Kepulauan Bangka Belitung,Bawang Putih,40277.41935483871
2024-07,Kepulauan Bangka Belitung,Beras,15156.451612903225
2024-07,Kepulauan Bangka Belitung,Cabai Merah,53508.06451612903
2024-07,Kepulauan Bangka Belitung,Cabai Rawit,64377.41935483871
2024-07,Kepulauan Bangka Belitung,Daging Ayam,35866.12903225807
2024-07,Kepulauan Bangka Belitung,Daging Sapi,135337.09677419355
2024-07,Kepulauan Bangka Belitung,Gula Pasir,17883.870967741936
2024-07,Kepulauan Bangka Belitung,Minyak Goreng,17200.0
2024-07,Kepulauan Bangka Belitung,Telur Ayam,32093.548387096773
2024-07,Kepulauan Riau,Bawang Merah,40443.54838709677
2024-07,Kepulauan Riau,Bawang Putih,35420.967741935485
2024-07,Kepulauan Riau,Beras,14850.0
2024-07,Kepulauan Riau,Cabai Merah,54809.67741935484
2024-07,Kepulauan Riau,Cabai Rawit,64353.22580645161
2024-07,Kepulauan Riau,Daging Ayam,38272.58064516129
2024-07,Kepulauan Riau,Daging Sapi,99403.2258064516
2024-07,Kepulauan Riau,Gula Pasir,16270.967741935483
2024-07,Kepulauan Riau,Minyak Goreng,17054.83870967742
2024-07,Kepulauan Riau,Telur Ayam,29422.58064516129
2024-07,Lampung,Bawang Merah,26082.25806451613
2024-07,Lampung,Bawang Putih,38167.74193548387
2024-07,Lampung,Beras,14064.516129032258
2024-07,Lampung,Cabai Merah,43638.709677419356
2024-07,Lampung,Cabai Rawit,54235.48387096774
2024-07,Lampung,Daging Ayam,31337.09677419355
2024-07,Lampung,Daging Sapi,130650.0
2024-07,Lampung,Gula Pasir,17877.41935483871
2024-07,Lampung,Minyak Goreng,17591.935483870966
2024-07,Lampung,Telur Ayam,28482.25806451613
2024-07,Maluku,Bawang Merah,43583.87096774193
2024-07,Maluku,Bawang Putih,47662.903225806454
2024-07,Maluku,Beras,16169.354838709678
2024-07,Maluku,Cabai Merah,83251.6129032258
2024-07,Maluku,Cabai Rawit,73696.7741935484
2024-07,Maluku,Daging Ayam,44650.0
2024-07,Maluku,Daging Sapi,137620.96774193548
2024-07,Maluku,Gula Pasir,20630.645161290322
2024-07,Maluku,Minyak Goreng,21135.483870967742
2024-07,Maluku,Telur Ayam,37335.48387096774
2024-07,Maluku Utara,Bawang Merah,61375.0
2024-07,Maluku Utara,Bawang Putih,61333.333333333336
2024-07,Maluku Utara,Beras,16700.0
2024-07,Maluku Utara,Cabai Merah,67208.33333333333
2024-07,Maluku Utara,Cabai Rawit,78916.66666666667
2024-07,Maluku Utara,Daging Ayam,46250.0
2024-07,Maluku Utara,Daging Sapi,137416.66666666666
2024-07,Maluku Utara,Gula Pasir,20000.0
2024-07,Maluku Utara,Minyak Goreng,21000.0
2024-07,Maluku Utara,Telur Ayam,38400.0
2024-07,Nusa Tenggara Barat,Bawang Merah,21901.612903225807
2024-07,Nusa Tenggara Barat,Bawang Putih,39440.32258064516
2024-07,Nusa Tenggara Barat,Beras,13498.387096774193
2024-07,Nusa Tenggara Barat,Cabai Merah,37303.22580645161
2024-07,Nusa Tenggara Barat,Cabai Rawit,47008.06451612903
2024-07,Nusa Tenggara Barat,Daging Ayam,35459.67741935484
2024-07,Nusa Tenggara Barat,Daging Sapi,118420.96774193548
2024-07,Nusa Tenggara Barat,Gula Pasir,17230.645161290322
2024-07,Nusa Tenggara Barat,Minyak Goreng,19658.064516129034
2024-07,Nusa Tenggara Barat,Telur Ayam,30656.451612903227
2024-07,Nusa Tenggara Timur,Bawang Merah,32748.387096774193
2024-07,Nusa Tenggara Timur,Bawang Putih,47054.83870967742
2024-07,Nusa Tenggara Timur,Beras,15498.387096774193
2024-07,Nusa Tenggara Timur,Cabai Merah,57462.903225806454
2024-07,Nusa Tenggara Timur,Cabai Rawit,60075.8064516129
2024-07,Nusa Tenggara Timur,Daging Ayam,48448.3870967742
2024-07,Nusa Tenggara Timur,Daging Sapi,115850.0
2024-07,Nusa Tenggara Timur,Gula Pasir,19214.516129032258
2024-07,Nusa Tenggara Timur,Minyak Goreng,20761.290322580644
2024-07,Nusa Tenggara Timur,Telur Ayam,32946.77419354839
2024-07,Papua,Bawang Merah,54090.32258064516
2024-07,Papua,Bawang Putih,52140.32258064516
2024-07,Papua,Beras,17004.83870967742
2024-07,Papua,Cabai Merah,93985.48387096774
2024-07,Papua,Cabai Rawit,76595.16129032258
2024-07,Papua,Daging Ayam,43212.903225806454
2024-07,Papua,Daging Sapi,135156.4516129032
2024-07,Papua,Gula Pasir,20469.354838709678
2024-07,Papua,Minyak Goreng,20996.774193548386
2024-07,Papua,Telur Ayam,38093.54838709677
2024-07,Papua Barat,Bawang Merah,53266.12903225807
2024-07,Papua Barat,Bawang Putih,54112.903225806454
2024-07,Papua Barat,Beras,16745.16129032258
2024-07,Papua Barat,Cabai Merah,78201.6129032258
2024-07,Papua Barat,Cabai Rawit,109032.25806451614
2024-07,Papua Barat,Daging Ayam,50787.096774193546
2024-07,Papua Barat,Daging Sapi,147532.25806451612
2024-07,Papua Barat,Gula Pasir,20054.83870967742
2024-07,Papua Barat,Minyak Goreng,22350.0
2024-07,Papua Barat,Telur Ayam,36264.51612903226
2024-07,Riau,Bawang Merah,34740.32258064516
2024-07,Riau,Bawang Putih,38593.54838709677
2024-07,Riau,Beras,15850.0
2024-07,Riau,Cabai Merah,52014.51612903226
2024-07,Riau,Cabai Rawit,52596.77419354839
2024-07,Riau,Daging Ayam,26512.90322580645
2024-07,Riau,Daging Sapi,127903.2258064516
2024-07,Riau,Gula Pasir,17804.83870967742
2024-07,Riau,Minyak Goreng,17448.387096774193
2024-07,Riau,Telur Ayam,29266.129032258064
2024-07,Sulawesi Barat,Bawang Merah,30850.0
2024-07,Sulawesi Barat,Bawang Putih,41332.25806451613
2024-07,Sulawesi Barat,Beras,13885.483870967742
2024-07,Sulawesi Barat,Cabai Merah,33762.903225806454
2024-07,Sulawesi Barat,Cabai Rawit,41246.77419354839
2024-07,Sulawesi Barat,Daging Ayam,25617.74193548387
2024-07,Sulawesi Barat,Daging Sapi,124840.32258064517
2024-07,Sulawesi Barat,Gula Pasir,17650.0
2024-07,Sulawesi Barat,Minyak Goreng,19490.322580645163
2024-07,Sulawesi Barat,Telur Ayam,24559.677419354837
2024-07,Sulawesi Selatan,Bawang Merah,31964.516129032258
2024-07,Sulawesi Selatan,Bawang Putih,39819.354838709674
2024-07,Sulawesi Selatan,Beras,13825.806451612903
2024-07,Sulawesi Selatan,Cabai Merah,27091.935483870966
2024-07,Sulawesi Selatan,Cabai Rawit,38682.25806451613
2024-07,Sulawesi Selatan,Daging Ayam,23116.129032258064
2024-07,Sulawesi Selatan,Daging Sapi,123000.0
2024-07,Sulawesi Selatan,Gula Pasir,17503.225806451614
2024-07,Sulawesi Selatan,Minyak Goreng,18056.451612903227
2024-07,Sulawesi Selatan,Telur Ayam,25253.225806451614
2024-07,Sulawesi Tengah,Bawang Merah,38293.54838709677
2024-07,Sulawesi Tengah,Bawang Putih,44524.1935483871
2024-07,Sulawesi Tengah,Beras,14917.741935483871
2024-07,Sulawesi Tengah,Cabai Merah,44677.41935483871
2024-07,Sulawesi Tengah,Cabai Rawit,63193.54838709677
2024-07,Sulawesi Tengah,Daging Ayam,29275.8064516129
2024-07,Sulawesi Tengah,Daging Sapi,143750.0
2024-07,Sulawesi Tengah,Gula Pasir,20024.1935483871
2024-07,Sulawesi Tengah,Minyak Goreng,18517.74193548387
2024-07,Sulawesi Tengah,Telur Ayam,30753.225806451614
2024-07,Sulawesi Tenggara,Bawang Merah,38532.25806451613
2024-07,Sulawesi Tenggara,Bawang Putih,49720.967741935485
2024-07,Sulawesi Tenggara,Beras,15143.548387096775
2024-07,Sulawesi Tenggara,Cabai Merah,51020.967741935485
2024-07,Sulawesi Tenggara,Cabai Rawit,63830.645161290326
2024-07,Sulawesi Tenggara,Daging Ayam,33714.51612903226
2024-07,Sulawesi Tenggara,Daging Sapi,138450.0
2024-07,Sulawesi Tenggara,Gula Pasir,20012.90322580645
2024-07,Sulawesi Tenggara,Minyak Goreng,20050.0
2024-07,Sulawesi Tenggara,Telur Ayam,31483.870967741936
2024-07,Sulawesi Utara,Bawang Merah,40487.096774193546
2024-07,Sulawesi Utara,Bawang Putih,47238.709677419356
2024-07,Sulawesi Utara,Beras,14325.806451612903
2024-07,Sulawesi Utara,Cabai Merah,46106.45161290323
2024-07,Sulawesi Utara,Cabai Rawit,44709.67741935484
2024-07,Sulawesi Utara,Daging Ayam,38674.1935483871
2024-07,Sulawesi Utara,Daging Sapi,133682.25806451612
2024-07,Sulawesi Utara,Gula Pasir,17833.870967741936
2024-07,Sulawesi Utara,Minyak Goreng,17558.064516129034
2024-07,Sulawesi Utara,Telur Ayam,30917.74193548387
2024-07,Sumatera Barat,Bawang Merah,30638.333333333332
2024-07,Sumatera Barat,Bawang Putih,38843.333333333336
2024-07,Sumatera Barat,Beras,17200.0
2024-07,Sumatera Barat,Cabai Merah,46398.333333333336
2024-07,Sumatera Barat,Cabai Rawit,52720.0
2024-07,Sumatera Barat,Daging Ayam,43131.666666666664
2024-07,Sumatera Barat,Daging Sapi,147500.0
2024-07,Sumatera Barat,Gula Pasir,18371.666666666668
2024-07,Sumatera Barat,Minyak Goreng,18688.333333333332
2024-07,Sumatera Barat,Telur Ayam,28200.0
2024-07,Sumatera Selatan,Bawang Merah,34019.354838709674
2024-07,Sumatera Selatan,Bawang Putih,38703.22580645161
2024-07,Sumatera Selatan,Beras,14969.354838709678
2024-07,Sumatera Selatan,Cabai Merah,60059.67741935484
2024-07,Sumatera Selatan,Cabai Rawit,70235.48387096774
2024-07,Sumatera Selatan,Daging Ayam,32069.354838709678
2024-07,Sumatera Selatan,Daging Sapi,138750.0
2024-07,Sumatera Selatan,Gula Pasir,18314.516129032258
2024-07,Sumatera Selatan,Minyak Goreng,18920.967741935485
2024-07,Sumatera Selatan,Telur Ayam,28040.322580645163
2024-07,Sumatera Utara,Bawang Merah,38937.096774193546
2024-07,Sumatera Utara,Bawang Putih,40020.967741935485
2024-07,Sumatera Utara,Beras,13854.838709677419
2024-07,Sumatera Utara,Cabai Merah,39561.290322580644
2024-07,Sumatera Utara,Cabai Rawit,46262.903225806454
2024-07,Sumatera Utara,Daging Ayam,33604.83870967742
2024-07,Sumatera Utara,Daging Sapi,134900.0
2024-07,Sumatera Utara,Gula Pasir,18550.0
2024-07,Sumatera Utara,Minyak Goreng,19238.709677419356
2024-07,Sumatera Utara,Telur Ayam,29614.516129032258
2024-08,Aceh,Bawang Merah,26743.103448275862
2024-08,Aceh,Bawang Putih,39444.8275862069
2024-08,Aceh,Beras,13920.689655172413
2024-08,Aceh,Cabai Merah,44593.10344827586
2024-08,Aceh,Cabai Rawit,53224.137931034486
2024-08,Aceh,Daging Ayam,27396.55172413793
2024-08,Aceh,Daging Sapi,146996.55172413794
2024-08,Aceh,Gula Pasir,18800.0
2024-08,Aceh,Minyak Goreng,19141.379310344826
2024-08,Aceh,Telur Ayam,29041.379310344826
2024-08,Bali,Bawang Merah,22037.931034482757
2024-08,Bali,Bawang Putih,35243.10344827586
2024-08,Bali,Beras,15187.931034482759
2024-08,Bali,Cabai Merah,31427.58620689655
2024-08,Bali,Cabai Rawit,52620.68965517241
2024-08,Bali,Daging Ayam,36827.58620689655
2024-08,Bali,Daging Sapi,126300.0
2024-08,Bali,Gula Pasir,18508.620689655174
2024-08,Bali,Minyak Goreng,19015.51724137931
2024-08,Bali,Telur Ayam,28513.793103448275
2024-08,Banten,Bawang Merah,25550.0
2024-08,Banten,Bawang Putih,41053.44827586207
2024-08,Banten,Beras,15013.793103448275
2024-08,Banten,Cabai Merah,42381.03448275862
2024-08,Banten,Cabai Rawit,56898.275862068964
2024-08,Banten,Daging Ayam,36970.68965517241
2024-08,Banten,Daging Sapi,133998.27586206896
2024-08,Banten,Gula Pasir,17917.241379310344
2024-08,Banten,Minyak Goreng,18060.344827586207
2024-08,Banten,Telur Ayam,26731.03448275862
2024-08,Bengkulu,Bawang Merah,26272.41379310345
2024-08,Bengkulu,Bawang Putih,41146.55172413793
2024-08,Bengkulu,Beras,15203.448275862069
2024-08,Bengkulu,Cabai Merah,42231.03448275862
2024-08,Bengkulu,Cabai Rawit,47610.34482758621
2024-08,Bengkulu,Daging Ayam,31548.275862068964
2024-08,Bengkulu,Daging Sapi,135300.0
2024-08,Bengkulu,Gula Pasir,17875.862068965518
2024-08,Bengkulu,Minyak Goreng,18150.0
2024-08,Bengkulu,Telur Ayam,27406.896551724138
2024-08,DI Yogyakarta,Bawang Merah,24784.48275862069
2024-08,DI Yogyakarta,Bawang Putih,41948.275862068964
2024-08,DI Yogyakarta,Beras,14250.0
2024-08,DI Yogyakarta,Cabai Merah,38136.206896551725
2024-08,DI Yogyakarta,Cabai Rawit,48241.379310344826
2024-08,DI Yogyakarta,Daging Ayam,33663.793103448275
2024-08,DI Yogyakarta,Daging Sapi,136250.0
2024-08,DI Yogyakarta,Gula Pasir,17350.0
2024-08,DI Yogyakarta,Minyak Goreng,17836.206896551725
2024-08,DI Yogyakarta,Telur Ayam,26241.379310344826
2024-08,DKI Jakarta,Bawang Merah,31843.103448275862
2024-08,DKI Jakarta,Bawang Putih,48248.275862068964
2024-08,DKI Jakarta,Beras,15629.310344827587
2024-08,DKI Jakarta,Cabai Merah,49736.206896551725
2024-08,DKI Jakarta,Cabai Rawit,67820.68965517242
2024-08,DKI Jakarta,Daging Ayam,35153.44827586207
2024-08,DKI Jakarta,Daging Sapi,140000.0
2024-08,DKI Jakarta,Gula Pasir,19429.310344827587
2024-08,DKI Jakarta,Minyak Goreng,19087.931034482757
2024-08,DKI Jakarta,Telur Ayam,27184.48275862069
2024-08,Gorontalo,Bawang Merah,30584.48275862069
2024-08,Gorontalo,Bawang Putih,45500.0
2024-08,Gorontalo,Beras,14698.275862068966
2024-08,Gorontalo,Cabai Merah,55315.51724137931
2024-08,Gorontalo,Cabai Rawit,71881.03448275862
2024-08,Gorontalo,Daging Ayam,27937.931034482757
2024-08,Gorontalo,Daging Sapi,132500.0
2024-08,Gorontalo,Gula Pasir,18768.96551724138
2024-08,Gorontalo,Minyak Goreng,23555.172413793105
2024-08,Gorontalo,Telur Ayam,31482.758620689656
2024-08,Jambi,Bawang Merah,21458.620689655174
2024-08,Jambi,Bawang Putih,40082.75862068965
2024-08,Jambi,Beras,14743.103448275862
2024-08,Jambi,Cabai Merah,36843.10344827586
2024-08,Jambi,Cabai Rawit,55518.96551724138
2024-08,Jambi,Daging Ayam,30510.344827586207
2024-08,Jambi,Daging Sapi,136900.0
2024-08,Jambi,Gula Pasir,18170.689655172413
2024-08,Jambi,Minyak Goreng,18501.724137931036
2024-08,Jambi,Telur Ayam,26143.103448275862
2024-08,Jawa Barat,Bawang Merah,26787.931034482757
2024-08,Jawa Barat,Bawang Putih,41810.34482758621
2024-08,Jawa Barat,Beras,14589.655172413793
2024-08,Jawa Barat,Cabai Merah,43598.275862068964
2024-08,Jawa Barat,Cabai Rawit,59341.379310344826
2024-08,Jawa Barat,Daging Ayam,34663.793103448275
2024-08,Jawa Barat,Daging Sapi,140803.44827586206
2024-08,Jawa Barat,Gula Pasir,18260.344827586207
2024-08,Jawa Barat,Minyak Goreng,18641.379310344826
2024-08,Jawa Barat,Telur Ayam,27131.03448275862
2024-08,Jawa Tengah,Bawang Merah,23522.41379310345
2024-08,Jawa Tengah,Bawang Putih,39693.10344827586
2024-08,Jawa Tengah,Beras,14567.241379310344
2024-08,Jawa Tengah,Cabai Merah,36577.58620689655
2024-08,Jawa Tengah,Cabai Rawit,45143.10344827586
2024-08,Jawa Tengah,Daging Ayam,34087.93103448276
2024-08,Jawa Tengah,Daging Sapi,128231.03448275862
2024-08,Jawa Tengah,Gula Pasir,17715.51724137931
2024-08,Jawa Tengah,Minyak Goreng,18087.931034482757
2024-08,Jawa Tengah,Telur Ayam,26005.172413793105
2024-08,Jawa Timur,Bawang Merah,21506.666666666668
2024-08,Jawa Timur,Bawang Putih,36351.666666666664
2024-08,Jawa Timur,Beras,14060.0
2024-08,Jawa Timur,Cabai Merah,32046.666666666668
2024-08,Jawa Timur,Cabai Rawit,41346.666666666664
2024-08,Jawa Timur,Daging Ayam,32830.0
2024-08,Jawa Timur,Daging Sapi,119908.33333333333
2024-08,Jawa Timur,Gula Pasir,17128.333333333332
2024-08,Jawa Timur,Minyak Goreng,18140.0
2024-08,Jawa Timur,Telur Ayam,25901.666666666668
2024-08,Kalimantan Barat,Bawang Merah,28244.64285714286
2024-08,Kalimantan Barat,Bawang Putih,37201.78571428572
2024-08,Kalimantan Barat,Beras,16321.42857142857
2024-08,Kalimantan Barat,Cabai Merah,51648.21428571428
2024-08,Kalimantan Barat,Cabai Rawit,76587.5
2024-08,Kalimantan Barat,Daging Ayam,32948.21428571428
2024-08,Kalimantan Barat,Daging Sapi,150678.57142857142
2024-08,Kalimantan Barat,Gula Pasir,17719.64285714286
2024-08,Kalimantan Barat,Minyak Goreng,19430.35714285714
2024-08,Kalimantan Barat,Telur Ayam,30950.0
2024-08,Kalimantan Selatan,Bawang Merah,24025.862068965518
2024-08,Kalimantan Selatan,Bawang Putih,38803.44827586207
2024-08,Kalimantan Selatan,Beras,18567.241379310344
2024-08,Kalimantan Selatan,Cabai Merah,36615.51724137931
2024-08,Kalimantan Selatan,Cabai Rawit,49660.34482758621
2024-08,Kalimantan Selatan,Daging Ayam,41168.96551724138
2024-08,Kalimantan Selatan,Daging Sapi,164493.10344827586
2024-08,Kalimantan Selatan,Gula Pasir,18408.620689655174
2024-08,Kalimantan Selatan,Minyak Goreng,19537.931034482757
2024-08,Kalimantan Selatan,Telur Ayam,30450.0
2024-08,Kalimantan Tengah,Bawang Merah,26477.58620689655
2024-08,Kalimantan Tengah,Bawang Putih,40098.275862068964
2024-08,Kalimantan Tengah,Beras,19050.0
2024-08,Kalimantan Tengah,Cabai Merah,65889.6551724138
2024-08,Kalimantan Tengah,Cabai Rawit,69453.44827586207
2024-08,Kalimantan Tengah,Daging Ayam,34787.93103448276
2024-08,Kalimantan Tengah,Daging Sapi,155350.0
2024-08,Kalimantan Tengah,Gula Pasir,19681.03448275862
2024-08,Kalimantan Tengah,Minyak Goreng,19950.0
2024-08,Kalimantan Tengah,Telur Ayam,30589.655172413793
2024-08,Kalimantan Timur,Bawang Merah,29475.862068965518
2024-08,Kalimantan Timur,Bawang Putih,41953.44827586207
2024-08,Kalimantan Timur,Beras,16181.034482758621
2024-08,Kalimantan Timur,Cabai Merah,46274.137931034486
2024-08,Kalimantan Timur,Cabai Rawit,67670.68965517242
2024-08,Kalimantan Timur,Daging Ayam,36677.58620689655
2024-08,Kalimantan Timur,Daging Sapi,153867.24137931035
2024-08,Kalimantan Timur,Gula Pasir,18468.96551724138
2024-08,Kalimantan Timur,Minyak Goreng,19637.931034482757
2024-08,Kalimantan Timur,Telur Ayam,29429.310344827587
2024-08,Kalimantan Utara,Bawang Merah,34233.333333333336
2024-08,Kalimantan Utara,Bawang Putih,43933.333333333336
2024-08,Kalimantan Utara,Beras,16750.0
2024-08,Kalimantan Utara,Cabai Merah,71461.90476190476
2024-08,Kalimantan Utara,Cabai Rawit,96559.52380952382
2024-08,Kalimantan Utara,Daging Ayam,46390.47619047619
2024-08,Kalimantan Utara,Daging Sapi,129064.28571428571
2024-08,Kalimantan Utara,Gula Pasir,19116.666666666668
2024-08,Kalimantan Utara,Minyak Goreng,20152.380952380954
2024-08,Kalimantan Utara,Telur Ayam,31002.380952380954
2024-08,Kepulauan Bangka Belitung,Bawang Merah,29694.64285714286
2024-08,Kepulauan Bangka Belitung,Bawang Putih,40005.357142857145
2024-08,Kepulauan Bangka Belitung,Beras,15023.214285714286
2024-08,Kepulauan Bangka Belitung,Cabai Merah,51792.857142857145
2024-08,Kepulauan Bangka Belitung,Cabai Rawit,70598.21428571429
2024-08,Kepulauan Bangka Belitung,Daging Ayam,38441.07142857143
2024-08,Kepulauan Bangka Belitung,Daging Sapi,135067.85714285713
2024-08,Kepulauan Bangka Belitung,Gula Pasir,17860.714285714286
2024-08,Kepulauan Bangka Belitung,Minyak Goreng,17241.071428571428
2024-08,Kepulauan Bangka Belitung,Telur Ayam,32414.285714285714
2024-08,Kepulauan Riau,Bawang Merah,36116.07142857143
2024-08,Kepulauan Riau,Bawang Putih,34475.0
2024-08,Kepulauan Riau,Beras,14950.0
2024-08,Kepulauan Riau,Cabai Merah,53830.357142857145
2024-08,Kepulauan Riau,Cabai Rawit,57426.78571428572
2024-08,Kepulauan Riau,Daging Ayam,39005.357142857145
2024-08,Kepulauan Riau,Daging Sapi,99200.0
2024-08,Kepulauan Riau,Gula Pasir,16080.357142857143
2024-08,Kepulauan Riau,Minyak Goreng,17078.571428571428
2024-08,Kepulauan Riau,Telur Ayam,29560.714285714286
2024-08,Lampung,Bawang Merah,21006.896551724138
2024-08,Lampung,Bawang Putih,38305.1724137931
2024-08,Lampung,Beras,14220.689655172413
2024-08,Lampung,Cabai Merah,41865.51724137931
2024-08,Lampung,Cabai Rawit,55025.862068965514
2024-08,Lampung,Daging Ayam,29841.379310344826
2024-08,Lampung,Daging Sapi,130650.0
2024-08,Lampung,Gula Pasir,17887.931034482757
2024-08,Lampung,Minyak Goreng,17755.172413793105
2024-08,Lampung,Telur Ayam,27394.827586206895
2024-08,Maluku,Bawang Merah,38562.96296296296
2024-08,Maluku,Bawang Putih,47746.2962962963
2024-08,Maluku,Beras,16179.62962962963
2024-08,Maluku,Cabai Merah,85198.14814814815
2024-08,Maluku,Cabai Rawit,90787.03703703704
2024-08,Maluku,Daging Ayam,44185.18518518518
2024-08,Maluku,Daging Sapi,138416.66666666666
2024-08,Maluku,Gula Pasir,20368.51851851852
2024-08,Maluku,Minyak Goreng,21248.14814814815
2024-08,Maluku,Telur Ayam,36222.22222222222
2024-08,Maluku Utara,Bawang Merah,56810.34482758621
2024-08,Maluku Utara,Bawang Putih,59482.75862068965
2024-08,Maluku Utara,Beras,16724.137931034482
2024-08,Maluku Utara,Cabai Merah,61379.31034482759
2024-08,Maluku Utara,Cabai Rawit,76853.44827586207
2024-08,Maluku Utara,Daging Ayam,45913.793103448275
2024-08,Maluku Utara,Daging Sapi,137500.0
2024-08,Maluku Utara,Gula Pasir,18560.344827586207
2024-08,Maluku Utara,Minyak Goreng,21000.0
2024-08,Maluku Utara,Telur Ayam,38382.75862068965
2024-08,Nusa Tenggara Barat,Bawang Merah,18196.55172413793
2024-08,Nusa Tenggara Barat,Bawang Putih,39617.24137931035
2024-08,Nusa Tenggara Barat,Beras,13456.896551724138
2024-08,Nusa Tenggara Barat,Cabai Merah,32117.241379310344
2024-08,Nusa Tenggara Barat,Cabai Rawit,42815.51724137931
2024-08,Nusa Tenggara Barat,Daging Ayam,37544.8275862069
2024-08,Nusa Tenggara Barat,Daging Sapi,118439.6551724138
2024-08,Nusa Tenggara Barat,Gula Pasir,17037.931034482757
2024-08,Nusa Tenggara Barat,Minyak Goreng,19608.620689655174
2024-08,Nusa Tenggara Barat,Telur Ayam,30565.51724137931
2024-08,Nusa Tenggara Timur,Bawang Merah,22403.44827586207
2024-08,Nusa Tenggara Timur,Bawang Putih,46412.06896551724
2024-08,Nusa Tenggara Timur,Beras,15415.51724137931
2024-08,Nusa Tenggara Timur,Cabai Merah,55736.206896551725
2024-08,Nusa Tenggara Timur,Cabai Rawit,65160.34482758621
2024-08,Nusa Tenggara Timur,Daging Ayam,47943.10344827586
2024-08,Nusa Tenggara Timur,Daging Sapi,115351.72413793103
2024-08,Nusa Tenggara Timur,Gula Pasir,19018.96551724138
2024-08,Nusa Tenggara Timur,Minyak Goreng,21015.51724137931
2024-08,Nusa Tenggara Timur,Telur Ayam,32298.275862068964
2024-08,Papua,Bawang Merah,46584.48275862069
2024-08,Papua,Bawang Putih,50022.41379310345
2024-08,Papua,Beras,17050.0
2024-08,Papua,Cabai Merah,96610.3448275862
2024-08,Papua,Cabai Rawit,88912.06896551725
2024-08,Papua,Daging Ayam,43375.862068965514
2024-08,Papua,Daging Sapi,135025.8620689655
2024-08,Papua,Gula Pasir,20443.103448275862
2024-08,Papua,Minyak Goreng,21060.344827586207
2024-08,Papua,Telur Ayam,37836.206896551725
2024-08,Papua Barat,Bawang Merah,43318.96551724138
2024-08,Papua Barat,Bawang Putih,50948.275862068964
2024-08,Papua Barat,Beras,16562.068965517243
2024-08,Papua Barat,Cabai Merah,70424.13793103448
2024-08,Papua Barat,Cabai Rawit,100258.62068965517
2024-08,Papua Barat,Daging Ayam,52067.24137931035
2024-08,Papua Barat,Daging Sapi,147500.0
2024-08,Papua Barat,Gula Pasir,20150.0
2024-08,Papua Barat,Minyak Goreng,22350.0
2024-08,Papua Barat,Telur Ayam,36000.0
2024-08,Riau,Bawang Merah,27001.724137931036
2024-08,Riau,Bawang Putih,38162.06896551724
2024-08,Riau,Beras,15855.172413793103
2024-08,Riau,Cabai Merah,50703.44827586207
2024-08,Riau,Cabai Rawit,58256.89655172414
2024-08,Riau,Daging Ayam,26222.41379310345
2024-08,Riau,Daging Sapi,128150.0
2024-08,Riau,Gula Pasir,17808.620689655174
2024-08,Riau,Minyak Goreng,17491.379310344826
2024-08,Riau,Telur Ayam,28698.275862068964
2024-08,Sulawesi Barat,Bawang Merah,25208.620689655174
2024-08,Sulawesi Barat,Bawang Putih,39687.93103448276
2024-08,Sulawesi Barat,Beras,13787.931034482759
2024-08,Sulawesi Barat,Cabai Merah,32901.724137931036
2024-08,Sulawesi Barat,Cabai Rawit,45594.8275862069
2024-08,Sulawesi Barat,Daging Ayam,24031.03448275862
2024-08,Sulawesi Barat,Daging Sapi,125341.37931034483
2024-08,Sulawesi Barat,Gula Pasir,17650.0
2024-08,Sulawesi Barat,Minyak Goreng,19537.931034482757
2024-08,Sulawesi Barat,Telur Ayam,24491.379310344826
2024-08,Sulawesi Selatan,Bawang Merah,24824.137931034482
2024-08,Sulawesi Selatan,Bawang Putih,39212.06896551724
2024-08,Sulawesi Selatan,Beras,13720.689655172413
2024-08,Sulawesi Selatan,Cabai Merah,29186.206896551725
2024-08,Sulawesi Selatan,Cabai Rawit,42262.06896551724
2024-08,Sulawesi Selatan,Daging Ayam,22832.758620689656
2024-08,Sulawesi Selatan,Daging Sapi,123551.72413793103
2024-08,Sulawesi Selatan,Gula Pasir,17450.0
2024-08,Sulawesi Selatan,Minyak Goreng,18096.55172413793
2024-08,Sulawesi Selatan,Telur Ayam,24017.241379310344
2024-08,Sulawesi Tengah,Bawang Merah,29362.068965517243
2024-08,Sulawesi Tengah,Bawang Putih,42775.862068965514
2024-08,Sulawesi Tengah,Beras,14946.551724137931
2024-08,Sulawesi Tengah,Cabai Merah,47703.44827586207
2024-08,Sulawesi Tengah,Cabai Rawit,67201.72413793103
2024-08,Sulawesi Tengah,Daging Ayam,28917.241379310344
2024-08,Sulawesi Tengah,Daging Sapi,143750.0
2024-08,Sulawesi Tengah,Gula Pasir,19950.0
2024-08,Sulawesi Tengah,Minyak Goreng,18629.310344827587
2024-08,Sulawesi Tengah,Telur Ayam,30105.172413793105
2024-08,Sulawesi Tenggara,Bawang Merah,33094.8275862069
2024-08,Sulawesi Tenggara,Bawang Putih,48720.68965517241
2024-08,Sulawesi Tenggara,Beras,15022.413793103447
2024-08,Sulawesi Tenggara,Cabai Merah,42393.10344827586
2024-08,Sulawesi Tenggara,Cabai Rawit,64625.862068965514
2024-08,Sulawesi Tenggara,Daging Ayam,32903.44827586207
2024-08,Sulawesi Tenggara,Daging Sapi,138450.0
2024-08,Sulawesi Tenggara,Gula Pasir,19772.41379310345
2024-08,Sulawesi Tenggara,Minyak Goreng,20101.724137931036
2024-08,Sulawesi Tenggara,Telur Ayam,30950.0
2024-08,Sulawesi Utara,Bawang Merah,30715.51724137931
2024-08,Sulawesi Utara,Bawang Putih,47568.96551724138
2024-08,Sulawesi Utara,Beras,14386.206896551725
2024-08,Sulawesi Utara,Cabai Merah,43924.137931034486
2024-08,Sulawesi Utara,Cabai Rawit,58889.65517241379
2024-08,Sulawesi Utara,Daging Ayam,35998.275862068964
2024-08,Sulawesi Utara,Daging Sapi,133450.0
2024-08,Sulawesi Utara,Gula Pasir,17750.0
2024-08,Sulawesi Utara,Minyak Goreng,17505.172413793105
2024-08,Sulawesi Utara,Telur Ayam,30613.793103448275
2024-08,Sumatera Barat,Bawang Merah,23272.222222222223
2024-08,Sumatera Barat,Bawang Putih,38590.74074074074
2024-08,Sumatera Barat,Beras,17248.14814814815
2024-08,Sumatera Barat,Cabai Merah,47116.666666666664
2024-08,Sumatera Barat,Cabai Rawit,50825.92592592593
2024-08,Sumatera Barat,Daging Ayam,43525.92592592593
2024-08,Sumatera Barat,Daging Sapi,147777.77777777778
2024-08,Sumatera Barat,Gula Pasir,18244.444444444445
2024-08,Sumatera Barat,Minyak Goreng,18794.444444444445
2024-08,Sumatera Barat,Telur Ayam,28088.88888888889
2024-08,Sumatera Selatan,Bawang Merah,29267.241379310344
2024-08,Sumatera Selatan,Bawang Putih,39277.58620689655
2024-08,Sumatera Selatan,Beras,14850.0
2024-08,Sumatera Selatan,Cabai Merah,52601.724137931036
2024-08,Sumatera Selatan,Cabai Rawit,64593.10344827586
2024-08,Sumatera Selatan,Daging Ayam,31124.137931034482
2024-08,Sumatera Selatan,Daging Sapi,137239.6551724138
2024-08,Sumatera Selatan,Gula Pasir,18100.0
2024-08,Sumatera Selatan,Minyak Goreng,19000.0
2024-08,Sumatera Selatan,Telur Ayam,27350.0
2024-08,Sumatera Utara,Bawang Merah,29705.172413793105
2024-08,Sumatera Utara,Bawang Putih,39660.34482758621
2024-08,Sumatera Utara,Beras,13860.344827586207
2024-08,Sumatera Utara,Cabai Merah,38577.58620689655
2024-08,Sumatera Utara,Cabai Rawit,47506.89655172414
2024-08,Sumatera Utara,Daging Ayam,32582.758620689656
2024-08,Sumatera Utara,Daging Sapi,134855.1724137931
2024-08,Sumatera Utara,Gula Pasir,18543.103448275862
2024-08,Sumatera Utara,Minyak Goreng,19284.48275862069
2024-08,Sumatera Utara,Telur Ayam,30096.55172413793
2024-09,Aceh,Bawang Merah,28063.333333333332
2024-09,Aceh,Bawang Putih,39755.0
2024-09,Aceh,Beras,13865.0
2024-09,Aceh,Cabai Merah,32645.0
2024-09,Aceh,Cabai Rawit,59451.666666666664
2024-09,Aceh,Daging Ayam,29641.666666666668
2024-09,Aceh,Daging Sapi,146761.66666666666
2024-09,Aceh,Gula Pasir,18780.0
2024-09,Aceh,Minyak Goreng,19345.0
2024-09,Aceh,Telur Ayam,29116.666666666668
2024-09,Bali,Bawang Merah,24006.666666666668
2024-09,Bali,Bawang Putih,35465.0
2024-09,Bali,Beras,15200.0
2024-09,Bali,Cabai Merah,21080.0
2024-09,Bali,Cabai Rawit,39400.0
2024-09,Bali,Daging Ayam,37320.0
2024-09,Bali,Daging Sapi,126231.66666666667
2024-09,Bali,Gula Pasir,18525.0
2024-09,Bali,Minyak Goreng,19055.0
2024-09,Bali,Telur Ayam,27840.0
2024-09,Banten,Bawang Merah,26816.666666666668
2024-09,Banten,Bawang Putih,41198.333333333336
2024-09,Banten,Beras,14650.0
2024-09,Banten,Cabai Merah,33293.333333333336
2024-09,Banten,Cabai Rawit,42475.0
2024-09,Banten,Daging Ayam,37081.666666666664
2024-09,Banten,Daging Sapi,134150.0
2024-09,Banten,Gula Pasir,18135.0
2024-09,Banten,Minyak Goreng,18483.333333333332
2024-09,Banten,Telur Ayam,26121.666666666668
2024-09,Bengkulu,Bawang Merah,27918.333333333332
2024-09,Bengkulu,Bawang Putih,40581.666666666664
2024-09,Bengkulu,Beras,15250.0
2024-09,Bengkulu,Cabai Merah,31618.333333333332
2024-09,Bengkulu,Cabai Rawit,37226.666666666664
2024-09,Bengkulu,Daging Ayam,31510.0
2024-09,Bengkulu,Daging Sapi,135300.0
2024-09,Bengkulu,Gula Pasir,17950.0
2024-09,Bengkulu,Minyak Goreng,18218.333333333332
2024-09,Bengkulu,Telur Ayam,28341.666666666668
2024-09,DI Yogyakarta,Bawang Merah,24500.0
2024-09,DI Yogyakarta,Bawang Putih,41250.0
2024-09,DI Yogyakarta,Beras,14250.0
2024-09,DI Yogyakarta,Cabai Merah,27774.137931034482
2024-09,DI Yogyakarta,Cabai Rawit,32810.34482758621
2024-09,DI Yogyakarta,Daging Ayam,33887.93103448276
2024-09,DI Yogyakarta,Daging Sapi,136250.0
2024-09,DI Yogyakarta,Gula Pasir,17350.0
2024-09,DI Yogyakarta,Minyak Goreng,17850.0
2024-09,DI Yogyakarta,Telur Ayam,25732.758620689656
2024-09,DKI Jakarta,Bawang Merah,31848.333333333332
2024-09,DKI Jakarta,Bawang Putih,48123.333333333336
2024-09,DKI Jakarta,Beras,15571.666666666666
2024-09,DKI Jakarta,Cabai Merah,43588.333333333336
2024-09,DKI Jakarta,Cabai Rawit,48581.666666666664
2024-09,DKI Jakarta,Daging Ayam,35125.0
2024-09,DKI Jakarta,Daging Sapi,140000.0
2024-09,DKI Jakarta,Gula Pasir,19235.0
2024-09,DKI Jakarta,Minyak Goreng,19208.333333333332
2024-09,DKI Jakarta,Telur Ayam,26376.666666666668
2024-09,Gorontalo,Bawang Merah,36483.333333333336
2024-09,Gorontalo,Bawang Putih,45561.666666666664
2024-09,Gorontalo,Beras,14746.666666666666
2024-09,Gorontalo,Cabai Merah,52650.0
2024-09,Gorontalo,Cabai Rawit,71756.66666666667
2024-09,Gorontalo,Daging Ayam,26181.666666666668
2024-09,Gorontalo,Daging Sapi,132500.0
2024-09,Gorontalo,Gula Pasir,18796.666666666668
2024-09,Gorontalo,Minyak Goreng,23600.0
2024-09,Gorontalo,Telur Ayam,32446.666666666668
2024-09,Jambi,Bawang Merah,24126.666666666668
2024-09,Jambi,Bawang Putih,40138.333333333336
2024-09,Jambi,Beras,15013.333333333334
2024-09,Jambi,Cabai Merah,24166.666666666668
2024-09,Jambi,Cabai Rawit,41248.333333333336
2024-09,Jambi,Daging Ayam,31420.0
2024-09,Jambi,Daging Sapi,136900.0
2024-09,Jambi,Gula Pasir,18076.666666666668
2024-09,Jambi,Minyak Goreng,18526.666666666668
2024-09,Jambi,Telur Ayam,25448.333333333332
2024-09,Jawa Barat,Bawang Merah,27023.333333333332
2024-09,Jawa Barat,Bawang Putih,41746.666666666664
2024-09,Jawa Barat,Beras,14590.0
2024-09,Jawa Barat,Cabai Merah,33946.666666666664
2024-09,Jawa Barat,Cabai Rawit,40926.666666666664
2024-09,Jawa Barat,Daging Ayam,34273.333333333336
2024-09,Jawa Barat,Daging Sapi,140353.33333333334
2024-09,Jawa Barat,Gula Pasir,18258.333333333332
2024-09,Jawa Barat,Minyak Goreng,18725.0
2024-09,Jawa Barat,Telur Ayam,26386.666666666668
2024-09,Jawa Tengah,Bawang Merah,24855.0
2024-09,Jawa Tengah,Bawang Putih,39233.333333333336
2024-09,Jawa Tengah,Beras,14621.666666666666
2024-09,Jawa Tengah,Cabai Merah,25090.0
2024-09,Jawa Tengah,Cabai Rawit,31525.0
2024-09,Jawa Tengah,Daging Ayam,33620.0
2024-09,Jawa Tengah,Daging Sapi,127893.33333333333
2024-09,Jawa Tengah,Gula Pasir,17825.0
2024-09,Jawa Tengah,Minyak Goreng,18270.0
2024-09,Jawa Tengah,Telur Ayam,25240.0
2024-09,Jawa Timur,Bawang Merah,23481.666666666668
2024-09,Jawa Timur,Bawang Putih,36136.666666666664
2024-09,Jawa Timur,Beras,14076.666666666666
2024-09,Jawa Timur,Cabai Merah,19371.666666666668
2024-09,Jawa Timur,Cabai Rawit,27506.666666666668
2024-09,Jawa Timur,Daging Ayam,32428.333333333332
2024-09,Jawa Timur,Daging Sapi,120691.66666666667
2024-09,Jawa Timur,Gula Pasir,17201.666666666668
2024-09,Jawa Timur,Minyak Goreng,18216.666666666668
2024-09,Jawa Timur,Telur Ayam,25311.666666666668
2024-09,Kalimantan Barat,Bawang Merah,28287.931034482757
2024-09,Kalimantan Barat,Bawang Putih,37406.89655172414
2024-09,Kalimantan Barat,Beras,16346.551724137931
2024-09,Kalimantan Barat,Cabai Merah,51056.89655172414
2024-09,Kalimantan Barat,Cabai Rawit,67239.6551724138
2024-09,Kalimantan Barat,Daging Ayam,35091.379310344826
2024-09,Kalimantan Barat,Daging Sapi,150848.27586206896
2024-09,Kalimantan Barat,Gula Pasir,17836.206896551725
2024-09,Kalimantan Barat,Minyak Goreng,19418.96551724138
2024-09,Kalimantan Barat,Telur Ayam,29551.724137931036
2024-09,Kalimantan Selatan,Bawang Merah,27989.655172413793
2024-09,Kalimantan Selatan,Bawang Putih,39025.862068965514
2024-09,Kalimantan Selatan,Beras,18362.068965517243
2024-09,Kalimantan Selatan,Cabai Merah,32901.724137931036
2024-09,Kalimantan Selatan,Cabai Rawit,36522.41379310345
2024-09,Kalimantan Selatan,Daging Ayam,41043.10344827586
2024-09,Kalimantan Selatan,Daging Sapi,163281.0344827586
2024-09,Kalimantan Selatan,Gula Pasir,18500.0
2024-09,Kalimantan Selatan,Minyak Goreng,19550.0
2024-09,Kalimantan Selatan,Telur Ayam,29179.310344827587
2024-09,Kalimantan Tengah,Bawang Merah,29084.48275862069
2024-09,Kalimantan Tengah,Bawang Putih,40115.51724137931
2024-09,Kalimantan Tengah,Beras,18665.51724137931
2024-09,Kalimantan Tengah,Cabai Merah,61470.68965517241
2024-09,Kalimantan Tengah,Cabai Rawit,54684.48275862069
2024-09,Kalimantan Tengah,Daging Ayam,34325.862068965514
2024-09,Kalimantan Tengah,Daging Sapi,155350.0
2024-09,Kalimantan Tengah,Gula Pasir,19751.724137931036
2024-09,Kalimantan Tengah,Minyak Goreng,20160.344827586207
2024-09,Kalimantan Tengah,Telur Ayam,30082.758620689656
2024-09,Kalimantan Timur,Bawang Merah,29223.333333333332
2024-09,Kalimantan Timur,Bawang Putih,40866.666666666664
2024-09,Kalimantan Timur,Beras,16026.666666666666
2024-09,Kalimantan Timur,Cabai Merah,43305.0
2024-09,Kalimantan Timur,Cabai Rawit,52338.333333333336
2024-09,Kalimantan Timur,Daging Ayam,36620.0
2024-09,Kalimantan Timur,Daging Sapi,153245.0
2024-09,Kalimantan Timur,Gula Pasir,18488.333333333332
2024-09,Kalimantan Timur,Minyak Goreng,19521.666666666668
2024-09,Kalimantan Timur,Telur Ayam,28316.666666666668
2024-09,Kalimantan Utara,Bawang Merah,35615.0
2024-09,Kalimantan Utara,Bawang Putih,43861.666666666664
2024-09,Kalimantan Utara,Beras,16713.333333333332
2024-09,Kalimantan Utara,Cabai Merah,65451.666666666664
2024-09,Kalimantan Utara,Cabai Rawit,87091.66666666667
2024-09,Kalimantan Utara,Daging Ayam,44836.666666666664
2024-09,Kalimantan Utara,Daging Sapi,128433.33333333333
2024-09,Kalimantan Utara,Gula Pasir,18950.0
2024-09,Kalimantan Utara,Minyak Goreng,20450.0
2024-09,Kalimantan Utara,Telur Ayam,30311.666666666668
2024-09,Kepulauan Bangka Belitung,Bawang Merah,29743.103448275862
2024-09,Kepulauan Bangka Belitung,Bawang Putih,40287.93103448276
2024-09,Kepulauan Bangka Belitung,Beras,15003.448275862069
2024-09,Kepulauan Bangka Belitung,Cabai Merah,39200.0
2024-09,Kepulauan Bangka Belitung,Cabai Rawit,53479.31034482759
2024-09,Kepulauan Bangka Belitung,Daging Ayam,36222.41379310345
2024-09,Kepulauan Bangka Belitung,Daging Sapi,135000.0
2024-09,Kepulauan Bangka Belitung,Gula Pasir,17784.48275862069
2024-09,Kepulauan Bangka Belitung,Minyak Goreng,17484.48275862069
2024-09,Kepulauan Bangka Belitung,Telur Ayam,32486.206896551725
2024-09,Kepulauan Riau,Bawang Merah,35969.642857142855
2024-09,Kepulauan Riau,Bawang Putih,34503.57142857143
2024-09,Kepulauan Riau,Beras,14983.92857142857
2024-09,Kepulauan Riau,Cabai Merah,43271.42857142857
2024-09,Kepulauan Riau,Cabai Rawit,46605.357142857145
2024-09,Kepulauan Riau,Daging Ayam,37892.857142857145
2024-09,Kepulauan Riau,Daging Sapi,99200.0
2024-09,Kepulauan Riau,Gula Pasir,16139.285714285714
2024-09,Kepulauan Riau,Minyak Goreng,17758.928571428572
2024-09,Kepulauan Riau,Telur Ayam,29739.285714285714
2024-09,Lampung,Bawang Merah,22701.666666666668
2024-09,Lampung,Bawang Putih,38440.0
2024-09,Lampung,Beras,14346.666666666666
2024-09,Lampung,Cabai Merah,29565.0
2024-09,Lampung,Cabai Rawit,39995.0
2024-09,Lampung,Daging Ayam,29490.0
2024-09,Lampung,Daging Sapi,130650.0
2024-09,Lampung,Gula Pasir,17836.666666666668
2024-09,Lampung,Minyak Goreng,17731.666666666668
2024-09,Lampung,Telur Ayam,26043.333333333332
2024-09,Maluku,Bawang Merah,36394.8275862069
2024-09,Maluku,Bawang Putih,45189.65517241379
2024-09,Maluku,Beras,16187.931034482759
2024-09,Maluku,Cabai Merah,79431.03448275862
2024-09,Maluku,Cabai Rawit,77331.03448275862
2024-09,Maluku,Daging Ayam,42074.137931034486
2024-09,Maluku,Daging Sapi,138137.93103448275
2024-09,Maluku,Gula Pasir,20115.51724137931
2024-09,Maluku,Minyak Goreng,21227.58620689655
2024-09,Maluku,Telur Ayam,36062.06896551724
2024-09,Maluku Utara,Bawang Merah,47801.724137931036
2024-09,Maluku Utara,Bawang Putih,56336.206896551725
2024-09,Maluku Utara,Beras,16700.0
2024-09,Maluku Utara,Cabai Merah,54396.55172413793
2024-09,Maluku Utara,Cabai Rawit,78534.4827586207
2024-09,Maluku Utara,Daging Ayam,43853.44827586207
2024-09,Maluku Utara,Daging Sapi,137500.0
2024-09,Maluku Utara,Gula Pasir,19534.48275862069
2024-09,Maluku Utara,Minyak Goreng,21000.0
2024-09,Maluku Utara,Telur Ayam,37412.06896551724
2024-09,Nusa Tenggara Barat,Bawang Merah,18640.0
2024-09,Nusa Tenggara Barat,Bawang Putih,41191.666666666664
2024-09,Nusa Tenggara Barat,Beras,13515.0
2024-09,Nusa Tenggara Barat,Cabai Merah,24673.333333333332
2024-09,Nusa Tenggara Barat,Cabai Rawit,27296.666666666668
2024-09,Nusa Tenggara Barat,Daging Ayam,36296.666666666664
2024-09,Nusa Tenggara Barat,Daging Sapi,119545.0
2024-09,Nusa Tenggara Barat,Gula Pasir,16973.333333333332
2024-09,Nusa Tenggara Barat,Minyak Goreng,19711.666666666668
2024-09,Nusa Tenggara Barat,Telur Ayam,30190.0
2024-09,Nusa Tenggara Timur,Bawang Merah,20795.0
2024-09,Nusa Tenggara Timur,Bawang Putih,46886.666666666664
2024-09,Nusa Tenggara Timur,Beras,15413.333333333334
2024-09,Nusa Tenggara Timur,Cabai Merah,50656.666666666664
2024-09,Nusa Tenggara Timur,Cabai Rawit,54483.333333333336
2024-09,Nusa Tenggara Timur,Daging Ayam,45981.666666666664
2024-09,Nusa Tenggara Timur,Daging Sapi,115000.0
2024-09,Nusa Tenggara Timur,Gula Pasir,18975.0
2024-09,Nusa Tenggara Timur,Minyak Goreng,21558.333333333332
2024-09,Nusa Tenggara Timur,Telur Ayam,31526.666666666668
2024-09,Papua,Bawang Merah,43611.666666666664
2024-09,Papua,Bawang Putih,49693.333333333336
2024-09,Papua,Beras,17058.333333333332
2024-09,Papua,Cabai Merah,71663.33333333333
2024-09,Papua,Cabai Rawit,67175.0
2024-09,Papua,Daging Ayam,43093.333333333336
2024-09,Papua,Daging Sapi,134896.66666666666
2024-09,Papua,Gula Pasir,20833.333333333332
2024-09,Papua,Minyak Goreng,21276.666666666668
2024-09,Papua,Telur Ayam,37891.666666666664
2024-09,Papua Barat,Bawang Merah,43916.666666666664
2024-09,Papua Barat,Bawang Putih,51958.333333333336
2024-09,Papua Barat,Beras,16666.666666666668
2024-09,Papua Barat,Cabai Merah,54120.0
2024-09,Papua Barat,Cabai Rawit,82416.66666666667
2024-09,Papua Barat,Daging Ayam,49130.0
2024-09,Papua Barat,Daging Sapi,147500.0
2024-09,Papua Barat,Gula Pasir,20150.0
2024-09,Papua Barat,Minyak Goreng,22298.333333333332
2024-09,Papua Barat,Telur Ayam,35166.666666666664
2024-09,Riau,Bawang Merah,25766.666666666668
2024-09,Riau,Bawang Putih,38078.333333333336
2024-09,Riau,Beras,15863.333333333334
2024-09,Riau,Cabai Merah,39920.0
2024-09,Riau,Cabai Rawit,50528.333333333336
2024-09,Riau,Daging Ayam,26558.333333333332
2024-09,Riau,Daging Sapi,127073.33333333333
2024-09,Riau,Gula Pasir,17900.0
2024-09,Riau,Minyak Goreng,17551.666666666668
2024-09,Riau,Telur Ayam,28255.0
2024-09,Sulawesi Barat,Bawang Merah,26386.206896551725
2024-09,Sulawesi Barat,Bawang Putih,39962.06896551724
2024-09,Sulawesi Barat,Beras,13667.241379310344
2024-09,Sulawesi Barat,Cabai Merah,25643.103448275862
2024-09,Sulawesi Barat,Cabai Rawit,33063.793103448275
2024-09,Sulawesi Barat,Daging Ayam,23763.793103448275
2024-09,Sulawesi Barat,Daging Sapi,126679.31034482758
2024-09,Sulawesi Barat,Gula Pasir,17643.103448275862
2024-09,Sulawesi Barat,Minyak Goreng,19898.275862068964
2024-09,Sulawesi Barat,Telur Ayam,25894.827586206895
2024-09,Sulawesi Selatan,Bawang Merah,26333.333333333332
2024-09,Sulawesi Selatan,Bawang Putih,39661.666666666664
2024-09,Sulawesi Selatan,Beras,13700.0
2024-09,Sulawesi Selatan,Cabai Merah,24055.0
2024-09,Sulawesi Selatan,Cabai Rawit,27073.333333333332
2024-09,Sulawesi Selatan,Daging Ayam,22631.666666666668
2024-09,Sulawesi Selatan,Daging Sapi,125000.0
2024-09,Sulawesi Selatan,Gula Pasir,17450.0
2024-09,Sulawesi Selatan,Minyak Goreng,18216.666666666668
2024-09,Sulawesi Selatan,Telur Ayam,24693.333333333332
2024-09,Sulawesi Tengah,Bawang Merah,30135.0
2024-09,Sulawesi Tengah,Bawang Putih,44608.333333333336
2024-09,Sulawesi Tengah,Beras,14805.0
2024-09,Sulawesi Tengah,Cabai Merah,38005.0
2024-09,Sulawesi Tengah,Cabai Rawit,50485.0
2024-09,Sulawesi Tengah,Daging Ayam,28363.333333333332
2024-09,Sulawesi Tengah,Daging Sapi,143208.33333333334
2024-09,Sulawesi Tengah,Gula Pasir,19818.333333333332
2024-09,Sulawesi Tengah,Minyak Goreng,18930.0
2024-09,Sulawesi Tengah,Telur Ayam,29863.333333333332
2024-09,Sulawesi Tenggara,Bawang Merah,31580.0
2024-09,Sulawesi Tenggara,Bawang Putih,49150.0
2024-09,Sulawesi Tenggara,Beras,14800.0
2024-09,Sulawesi Tenggara,Cabai Merah,38050.0
2024-09,Sulawesi Tenggara,Cabai Rawit,52838.333333333336
2024-09,Sulawesi Tenggara,Daging Ayam,33538.333333333336
2024-09,Sulawesi Tenggara,Daging Sapi,138450.0
2024-09,Sulawesi Tenggara,Gula Pasir,19813.333333333332
2024-09,Sulawesi Tenggara,Minyak Goreng,20281.666666666668
2024-09,Sulawesi Tenggara,Telur Ayam,31183.333333333332
2024-09,Sulawesi Utara,Bawang Merah,33435.0
2024-09,Sulawesi Utara,Bawang Putih,46050.0
2024-09,Sulawesi Utara,Beras,14441.666666666666
2024-09,Sulawesi Utara,Cabai Merah,37516.666666666664
2024-09,Sulawesi Utara,Cabai Rawit,69955.0
2024-09,Sulawesi Utara,Daging Ayam,33423.333333333336
2024-09,Sulawesi Utara,Daging Sapi,133450.0
2024-09,Sulawesi Utara,Gula Pasir,17750.0
2024-09,Sulawesi Utara,Minyak Goreng,17758.333333333332
2024-09,Sulawesi Utara,Telur Ayam,30616.666666666668
2024-09,Sumatera Barat,Bawang Merah,24939.655172413793
2024-09,Sumatera Barat,Bawang Putih,38500.0
2024-09,Sumatera Barat,Beras,17618.96551724138
2024-09,Sumatera Barat,Cabai Merah,33491.379310344826
2024-09,Sumatera Barat,Cabai Rawit,50155.1724137931
2024-09,Sumatera Barat,Daging Ayam,44317.24137931035
2024-09,Sumatera Barat,Daging Sapi,147155.1724137931
2024-09,Sumatera Barat,Gula Pasir,18179.310344827587
2024-09,Sumatera Barat,Minyak Goreng,18887.931034482757
2024-09,Sumatera Barat,Telur Ayam,28079.310344827587
2024-09,Sumatera Selatan,Bawang Merah,28008.333333333332
2024-09,Sumatera Selatan,Bawang Putih,38481.666666666664
2024-09,Sumatera Selatan,Beras,14818.333333333334
2024-09,Sumatera Selatan,Cabai Merah,36878.333333333336
2024-09,Sumatera Selatan,Cabai Rawit,52105.0
2024-09,Sumatera Selatan,Daging Ayam,30685.0
2024-09,Sumatera Selatan,Daging Sapi,138625.0
2024-09,Sumatera Selatan,Gula Pasir,17928.333333333332
2024-09,Sumatera Selatan,Minyak Goreng,18815.0
2024-09,Sumatera Selatan,Telur Ayam,26666.666666666668
2024-09,Sumatera Utara,Bawang Merah,28920.0
2024-09,Sumatera Utara,Bawang Putih,39530.0
2024-09,Sumatera Utara,Beras,13866.666666666666
2024-09,Sumatera Utara,Cabai Merah,28913.333333333332
2024-09,Sumatera Utara,Cabai Rawit,51498.333333333336
2024-09,Sumatera Utara,Daging Ayam,32936.666666666664
2024-09,Sumatera Utara,Daging Sapi,134888.33333333334
2024-09,Sumatera Utara,Gula Pasir,18705.0
2024-09,Sumatera Utara,Minyak Goreng,19300.0
2024-09,Sumatera Utara,Telur Ayam,31663.333333333332
2024-10,Aceh,Bawang Merah,31858.064516129034
2024-10,Aceh,Bawang Putih,40025.8064516129
2024-10,Aceh,Beras,13753.225806451614
2024-10,Aceh,Cabai Merah,28741.935483870966
2024-10,Aceh,Cabai Rawit,43245.16129032258
2024-10,Aceh,Daging Ayam,32969.354838709674
2024-10,Aceh,Daging Sapi,146758.06451612903
2024-10,Aceh,Gula Pasir,18843.548387096773
2024-10,Aceh,Minyak Goreng,20001.612903225807
2024-10,Aceh,Telur Ayam,28335.483870967742
2024-10,Bali,Bawang Merah,24304.83870967742
2024-10,Bali,Bawang Putih,35911.290322580644
2024-10,Bali,Beras,15198.387096774193
2024-10,Bali,Cabai Merah,18414.516129032258
2024-10,Bali,Cabai Rawit,37248.3870967742
2024-10,Bali,Daging Ayam,37911.290322580644
2024-10,Bali,Daging Sapi,127200.0
2024-10,Bali,Gula Pasir,18561.290322580644
2024-10,Bali,Minyak Goreng,19359.677419354837
2024-10,Bali,Telur Ayam,27432.25806451613
2024-10,Banten,Bawang Merah,30345.16129032258
2024-10,Banten,Bawang Putih,41225.8064516129
2024-10,Banten,Beras,14643.548387096775
2024-10,Banten,Cabai Merah,29469.354838709678
2024-10,Banten,Cabai Rawit,40538.709677419356
2024-10,Banten,Daging Ayam,37620.967741935485
2024-10,Banten,Daging Sapi,134117.74193548388
2024-10,Banten,Gula Pasir,17843.548387096773
2024-10,Banten,Minyak Goreng,18753.225806451614
2024-10,Banten,Telur Ayam,26393.548387096773
2024-10,Bengkulu,Bawang Merah,30643.548387096773
2024-10,Bengkulu,Bawang Putih,40591.93548387097
2024-10,Bengkulu,Beras,15214.516129032258
2024-10,Bengkulu,Cabai Merah,24416.129032258064
2024-10,Bengkulu,Cabai Rawit,36148.3870967742
2024-10,Bengkulu,Daging Ayam,35137.096774193546
2024-10,Bengkulu,Daging Sapi,135300.0
2024-10,Bengkulu,Gula Pasir,17909.677419354837
2024-10,Bengkulu,Minyak Goreng,18266.129032258064
2024-10,Bengkulu,Telur Ayam,27932.25806451613
2024-10,DI Yogyakarta,Bawang Merah,25274.1935483871
2024-10,DI Yogyakarta,Bawang Putih,42096.77419354839
2024-10,DI Yogyakarta,Beras,14250.0
2024-10,DI Yogyakarta,Cabai Merah,22980.645161290322
2024-10,DI Yogyakarta,Cabai Rawit,33580.645161290326
2024-10,DI Yogyakarta,Daging Ayam,34620.967741935485
2024-10,DI Yogyakarta,Daging Sapi,136250.0
2024-10,DI Yogyakarta,Gula Pasir,17350.0
2024-10,DI Yogyakarta,Minyak Goreng,17850.0
2024-10,DI Yogyakarta,Telur Ayam,25927.41935483871
2024-10,DKI Jakarta,Bawang Merah,33232.25806451613
2024-10,DKI Jakarta,Bawang Putih,48995.16129032258
2024-10,DKI Jakarta,Beras,15550.0
2024-10,DKI Jakarta,Cabai Merah,39711.290322580644
2024-10,DKI Jakarta,Cabai Rawit,46261.290322580644
2024-10,DKI Jakarta,Daging Ayam,37472.58064516129
2024-10,DKI Jakarta,Daging Sapi,138680.64516129033
2024-10,DKI Jakarta,Gula Pasir,19203.225806451614
2024-10,DKI Jakarta,Minyak Goreng,19422.58064516129
2024-10,DKI Jakarta,Telur Ayam,26879.032258064515
2024-10,Gorontalo,Bawang Merah,38275.8064516129
2024-10,Gorontalo,Bawang Putih,46014.51612903226
2024-10,Gorontalo,Beras,14590.322580645161
2024-10,Gorontalo,Cabai Merah,48519.354838709674
2024-10,Gorontalo,Cabai Rawit,61380.645161290326
2024-10,Gorontalo,Daging Ayam,28583.870967741936
2024-10,Gorontalo,Daging Sapi,132500.0
2024-10,Gorontalo,Gula Pasir,19170.967741935485
2024-10,Gorontalo,Minyak Goreng,24396.774193548386
2024-10,Gorontalo,Telur Ayam,33372.58064516129
2024-10,Jambi,Bawang Merah,27429.032258064515
2024-10,Jambi,Bawang Putih,40112.903225806454
2024-10,Jambi,Beras,15050.0
2024-10,Jambi,Cabai Merah,21795.16129032258
2024-10,Jambi,Cabai Rawit,38779.032258064515
2024-10,Jambi,Daging Ayam,35140.32258064516
2024-10,Jambi,Daging Sapi,136409.67741935485
2024-10,Jambi,Gula Pasir,18050.0
2024-10,Jambi,Minyak Goreng,18745.16129032258
2024-10,Jambi,Telur Ayam,25243.548387096773
2024-10,Jawa Barat,Bawang Merah,29667.74193548387
2024-10,Jawa Barat,Bawang Putih,42416.12903225807
2024-10,Jawa Barat,Beras,14550.0
2024-10,Jawa Barat,Cabai Merah,30611.290322580644
2024-10,Jawa Barat,Cabai Rawit,42259.67741935484
2024-10,Jawa Barat,Daging Ayam,36329.032258064515
2024-10,Jawa Barat,Daging Sapi,140017.74193548388
2024-10,Jawa Barat,Gula Pasir,18337.09677419355
2024-10,Jawa Barat,Minyak Goreng,18922.58064516129
2024-10,Jawa Barat,Telur Ayam,26719.354838709678
2024-10,Jawa Tengah,Bawang Merah,27522.58064516129
2024-10,Jawa Tengah,Bawang Putih,40272.58064516129
2024-10,Jawa Tengah,Beras,14633.870967741936
2024-10,Jawa Tengah,Cabai Merah,23024.1935483871
2024-10,Jawa Tengah,Cabai Rawit,34440.32258064516
2024-10,Jawa Tengah,Daging Ayam,35132.25806451613
2024-10,Jawa Tengah,Daging Sapi,128054.83870967742
2024-10,Jawa Tengah,Gula Pasir,17891.935483870966
2024-10,Jawa Tengah,Minyak Goreng,18488.709677419356
2024-10,Jawa Tengah,Telur Ayam,25462.90322580645
2024-10,Jawa Timur,Bawang Merah,26246.774193548386
2024-10,Jawa Timur,Bawang Putih,36454.83870967742
2024-10,Jawa Timur,Beras,14108.064516129032
2024-10,Jawa Timur,Cabai Merah,16195.161290322581
2024-10,Jawa Timur,Cabai Rawit,27909.677419354837
2024-10,Jawa Timur,Daging Ayam,33970.967741935485
2024-10,Jawa Timur,Daging Sapi,121243.54838709677
2024-10,Jawa Timur,Gula Pasir,17353.225806451614
2024-10,Jawa Timur,Minyak Goreng,18408.064516129034
2024-10,Jawa Timur,Telur Ayam,25608.064516129034
2024-10,Kalimantan Barat,Bawang Merah,30993.333333333332
2024-10,Kalimantan Barat,Bawang Putih,37993.333333333336
2024-10,Kalimantan Barat,Beras,16373.333333333334
2024-10,Kalimantan Barat,Cabai Merah,43325.0
2024-10,Kalimantan Barat,Cabai Rawit,52583.333333333336
2024-10,Kalimantan Barat,Daging Ayam,35965.0
2024-10,Kalimantan Barat,Daging Sapi,150151.66666666666
2024-10,Kalimantan Barat,Gula Pasir,17878.333333333332
2024-10,Kalimantan Barat,Minyak Goreng,19740.0
2024-10,Kalimantan Barat,Telur Ayam,29341.666666666668
2024-10,Kalimantan Selatan,Bawang Merah,27572.58064516129
2024-10,Kalimantan Selatan,Bawang Putih,39135.48387096774
2024-10,Kalimantan Selatan,Beras,18327.41935483871
2024-10,Kalimantan Selatan,Cabai Merah,28135.483870967742
2024-10,Kalimantan Selatan,Cabai Rawit,32367.74193548387
2024-10,Kalimantan Selatan,Daging Ayam,41201.6129032258
2024-10,Kalimantan Selatan,Daging Sapi,164150.0
2024-10,Kalimantan Selatan,Gula Pasir,18650.0
2024-10,Kalimantan Selatan,Minyak Goreng,19624.1935483871
2024-10,Kalimantan Selatan,Telur Ayam,29846.774193548386
2024-10,Kalimantan Tengah,Bawang Merah,30441.666666666668
2024-10,Kalimantan Tengah,Bawang Putih,40033.333333333336
2024-10,Kalimantan Tengah,Beras,18205.0
2024-10,Kalimantan Tengah,Cabai Merah,58645.0
2024-10,Kalimantan Tengah,Cabai Rawit,46830.0
2024-10,Kalimantan Tengah,Daging Ayam,37530.0
2024-10,Kalimantan Tengah,Daging Sapi,155350.0
2024-10,Kalimantan Tengah,Gula Pasir,20001.666666666668
2024-10,Kalimantan Tengah,Minyak Goreng,20435.0
2024-10,Kalimantan Tengah,Telur Ayam,30986.666666666668
2024-10,Kalimantan Timur,Bawang Merah,31914.516129032258
2024-10,Kalimantan Timur,Bawang Putih,40037.096774193546
2024-10,Kalimantan Timur,Beras,16093.548387096775
2024-10,Kalimantan Timur,Cabai Merah,34529.032258064515
2024-10,Kalimantan Timur,Cabai Rawit,49201.6129032258
2024-10,Kalimantan Timur,Daging Ayam,40682.25806451613
2024-10,Kalimantan Timur,Daging Sapi,155117.74193548388
2024-10,Kalimantan Timur,Gula Pasir,18337.09677419355
2024-10,Kalimantan Timur,Minyak Goreng,20004.83870967742
2024-10,Kalimantan Timur,Telur Ayam,30156.451612903227
2024-10,Kalimantan Utara,Bawang Merah,36775.0
2024-10,Kalimantan Utara,Bawang Putih,43545.0
2024-10,Kalimantan Utara,Beras,16666.666666666668
2024-10,Kalimantan Utara,Cabai Merah,63521.666666666664
2024-10,Kalimantan Utara,Cabai Rawit,82525.0
2024-10,Kalimantan Utara,Daging Ayam,46313.333333333336
2024-10,Kalimantan Utara,Daging Sapi,130335.0
2024-10,Kalimantan Utara,Gula Pasir,18823.333333333332
2024-10,Kalimantan Utara,Minyak Goreng,20578.333333333332
2024-10,Kalimantan Utara,Telur Ayam,31033.333333333332
2024-10,Kepulauan Bangka Belitung,Bawang Merah,31964.516129032258
2024-10,Kepulauan Bangka Belitung,Bawang Putih,39958.06451612903
2024-10,Kepulauan Bangka Belitung,Beras,15000.0
2024-10,Kepulauan Bangka Belitung,Cabai Merah,33474.1935483871
2024-10,Kepulauan Bangka Belitung,Cabai Rawit,51932.25806451613
2024-10,Kepulauan Bangka Belitung,Daging Ayam,36340.32258064516
2024-10,Kepulauan Bangka Belitung,Daging Sapi,135000.0
2024-10,Kepulauan Bangka Belitung,Gula Pasir,17783.870967741936
2024-10,Kepulauan Bangka Belitung,Minyak Goreng,17611.290322580644
2024-10,Kepulauan Bangka Belitung,Telur Ayam,32351.612903225807
2024-10,Kepulauan Riau,Bawang Merah,36789.65517241379
2024-10,Kepulauan Riau,Bawang Putih,34636.206896551725
2024-10,Kepulauan Riau,Beras,14987.931034482759
2024-10,Kepulauan Riau,Cabai Merah,39801.724137931036
2024-10,Kepulauan Riau,Cabai Rawit,41239.65517241379
2024-10,Kepulauan Riau,Daging Ayam,38741.379310344826
2024-10,Kepulauan Riau,Daging Sapi,99200.0
2024-10,Kepulauan Riau,Gula Pasir,16068.965517241379
2024-10,Kepulauan Riau,Minyak Goreng,17850.0
2024-10,Kepulauan Riau,Telur Ayam,28963.793103448275
2024-10,Lampung,Bawang Merah,25588.709677419356
2024-10,Lampung,Bawang Putih,38683.87096774193
2024-10,Lampung,Beras,14414.516129032258
2024-10,Lampung,Cabai Merah,25000.0
2024-10,Lampung,Cabai Rawit,40688.709677419356
2024-10,Lampung,Daging Ayam,31493.548387096773
2024-10,Lampung,Daging Sapi,130466.12903225806
2024-10,Lampung,Gula Pasir,17940.322580645163
2024-10,Lampung,Minyak Goreng,17901.612903225807
2024-10,Lampung,Telur Ayam,26522.58064516129
2024-10,Maluku,Bawang Merah,36250.0
2024-10,Maluku,Bawang Putih,43803.333333333336
2024-10,Maluku,Beras,16178.333333333334
2024-10,Maluku,Cabai Merah,63675.0
2024-10,Maluku,Cabai Rawit,64600.0
2024-10,Maluku,Daging Ayam,42181.666666666664
2024-10,Maluku,Daging Sapi,138330.0
2024-10,Maluku,Gula Pasir,20235.0
2024-10,Maluku,Minyak Goreng,21406.666666666668
2024-10,Maluku,Telur Ayam,35273.333333333336
2024-10,Maluku Utara,Bawang Merah,48306.45161290323
2024-10,Maluku Utara,Bawang Putih,55443.54838709677
2024-10,Maluku Utara,Beras,16700.0
2024-10,Maluku Utara,Cabai Merah,54677.41935483871
2024-10,Maluku Utara,Cabai Rawit,79838.70967741935
2024-10,Maluku Utara,Daging Ayam,43701.6129032258
2024-10,Maluku Utara,Daging Sapi,137258.06451612903
2024-10,Maluku Utara,Gula Pasir,19548.387096774193
2024-10,Maluku Utara,Minyak Goreng,20995.16129032258
2024-10,Maluku Utara,Telur Ayam,37088.709677419356
2024-10,Nusa Tenggara Barat,Bawang Merah,20066.129032258064
2024-10,Nusa Tenggara Barat,Bawang Putih,40985.48387096774
2024-10,Nusa Tenggara Barat,Beras,13750.0
2024-10,Nusa Tenggara Barat,Cabai Merah,21938.709677419356
2024-10,Nusa Tenggara Barat,Cabai Rawit,26559.677419354837
2024-10,Nusa Tenggara Barat,Daging Ayam,36714.51612903226
2024-10,Nusa Tenggara Barat,Daging Sapi,119482.25806451614
2024-10,Nusa Tenggara Barat,Gula Pasir,17085.483870967742
2024-10,Nusa Tenggara Barat,Minyak Goreng,19809.677419354837
2024-10,Nusa Tenggara Barat,Telur Ayam,30498.387096774193
2024-10,Nusa Tenggara Timur,Bawang Merah,24096.774193548386
2024-10,Nusa Tenggara Timur,Bawang Putih,46559.67741935484
2024-10,Nusa Tenggara Timur,Beras,15400.0
2024-10,Nusa Tenggara Timur,Cabai Merah,44801.6129032258
2024-10,Nusa Tenggara Timur,Cabai Rawit,52350.0
2024-10,Nusa Tenggara Timur,Daging Ayam,44911.290322580644
2024-10,Nusa Tenggara Timur,Daging Sapi,115000.0
2024-10,Nusa Tenggara Timur,Gula Pasir,19074.1935483871
2024-10,Nusa Tenggara Timur,Minyak Goreng,21595.16129032258
2024-10,Nusa Tenggara Timur,Telur Ayam,31656.451612903227
2024-10,Papua,Bawang Merah,43825.8064516129
2024-10,Papua,Bawang Putih,48746.77419354839
2024-10,Papua,Beras,16879.032258064515
2024-10,Papua,Cabai Merah,55320.967741935485
2024-10,Papua,Cabai Rawit,51629.032258064515
2024-10,Papua,Daging Ayam,42774.1935483871
2024-10,Papua,Daging Sapi,134819.35483870967
2024-10,Papua,Gula Pasir,21230.645161290322
2024-10,Papua,Minyak Goreng,21324.1935483871
2024-10,Papua,Telur Ayam,37925.8064516129
2024-10,Papua Barat,Bawang Merah,45241.93548387097
2024-10,Papua Barat,Bawang Putih,51491.93548387097
2024-10,Papua Barat,Beras,16446.774193548386
2024-10,Papua Barat,Cabai Merah,45837.096774193546
2024-10,Papua Barat,Cabai Rawit,77217.74193548386
2024-10,Papua Barat,Daging Ayam,49495.16129032258
2024-10,Papua Barat,Daging Sapi,147500.0
2024-10,Papua Barat,Gula Pasir,20220.967741935485
2024-10,Papua Barat,Minyak Goreng,22550.0
2024-10,Papua Barat,Telur Ayam,35041.93548387097
2024-10,Riau,Bawang Merah,30041.935483870966
2024-10,Riau,Bawang Putih,38400.0
2024-10,Riau,Beras,15900.0
2024-10,Riau,Cabai Merah,39024.1935483871
2024-10,Riau,Cabai Rawit,41588.709677419356
2024-10,Riau,Daging Ayam,28585.483870967742
2024-10,Riau,Daging Sapi,126450.0
2024-10,Riau,Gula Pasir,17900.0
2024-10,Riau,Minyak Goreng,17779.032258064515
2024-10,Riau,Telur Ayam,27682.25806451613
2024-10,Sulawesi Barat,Bawang Merah,31501.612903225807
2024-10,Sulawesi Barat,Bawang Putih,41198.3870967742
2024-10,Sulawesi Barat,Beras,13317.741935483871
2024-10,Sulawesi Barat,Cabai Merah,19587.09677419355
2024-10,Sulawesi Barat,Cabai Rawit,31033.870967741936
2024-10,Sulawesi Barat,Daging Ayam,25574.1935483871
2024-10,Sulawesi Barat,Daging Sapi,125745.16129032258
2024-10,Sulawesi Barat,Gula Pasir,17650.0
2024-10,Sulawesi Barat,Minyak Goreng,20145.16129032258
2024-10,Sulawesi Barat,Telur Ayam,27083.870967741936
2024-10,Sulawesi Selatan,Bawang Merah,28880.645161290322
2024-10,Sulawesi Selatan,Bawang Putih,39858.06451612903
2024-10,Sulawesi Selatan,Beras,13700.0
2024-10,Sulawesi Selatan,Cabai Merah,19951.612903225807
2024-10,Sulawesi Selatan,Cabai Rawit,29119.354838709678
2024-10,Sulawesi Selatan,Daging Ayam,24890.322580645163
2024-10,Sulawesi Selatan,Daging Sapi,125000.0
2024-10,Sulawesi Selatan,Gula Pasir,17535.483870967742
2024-10,Sulawesi Selatan,Minyak Goreng,18501.612903225807
2024-10,Sulawesi Selatan,Telur Ayam,25698.387096774193
2024-10,Sulawesi Tengah,Bawang Merah,33932.25806451613
2024-10,Sulawesi Tengah,Bawang Putih,45967.74193548387
2024-10,Sulawesi Tengah,Beras,14750.0
2024-10,Sulawesi Tengah,Cabai Merah,32632.25806451613
2024-10,Sulawesi Tengah,Cabai Rawit,50750.0
2024-10,Sulawesi Tengah,Daging Ayam,29661.290322580644
2024-10,Sulawesi Tengah,Daging Sapi,143750.0
2024-10,Sulawesi Tengah,Gula Pasir,19822.58064516129
2024-10,Sulawesi Tengah,Minyak Goreng,19112.90322580645
2024-10,Sulawesi Tengah,Telur Ayam,30829.032258064515
2024-10,Sulawesi Tenggara,Bawang Merah,32654.83870967742
2024-10,Sulawesi Tenggara,Bawang Putih,48948.3870967742
2024-10,Sulawesi Tenggara,Beras,14800.0
2024-10,Sulawesi Tenggara,Cabai Merah,28900.0
2024-10,Sulawesi Tenggara,Cabai Rawit,48332.25806451613
2024-10,Sulawesi Tenggara,Daging Ayam,33650.0
2024-10,Sulawesi Tenggara,Daging Sapi,138450.0
2024-10,Sulawesi Tenggara,Gula Pasir,19850.0
2024-10,Sulawesi Tenggara,Minyak Goreng,20470.967741935485
2024-10,Sulawesi Tenggara,Telur Ayam,31585.483870967742
2024-10,Sulawesi Utara,Bawang Merah,36377.41935483871
2024-10,Sulawesi Utara,Bawang Putih,45451.6129032258
2024-10,Sulawesi Utara,Beras,14445.161290322581
2024-10,Sulawesi Utara,Cabai Merah,39546.77419354839
2024-10,Sulawesi Utara,Cabai Rawit,67691.93548387097
2024-10,Sulawesi Utara,Daging Ayam,35093.54838709677
2024-10,Sulawesi Utara,Daging Sapi,133169.35483870967
2024-10,Sulawesi Utara,Gula Pasir,17796.774193548386
2024-10,Sulawesi Utara,Minyak Goreng,18267.74193548387
2024-10,Sulawesi Utara,Telur Ayam,30361.290322580644
2024-10,Sumatera Barat,Bawang Merah,31056.451612903227
2024-10,Sumatera Barat,Bawang Putih,39188.709677419356
2024-10,Sumatera Barat,Beras,17604.83870967742
2024-10,Sumatera Barat,Cabai Merah,33511.290322580644
2024-10,Sumatera Barat,Cabai Rawit,41543.54838709677
2024-10,Sumatera Barat,Daging Ayam,46914.51612903226
2024-10,Sumatera Barat,Daging Sapi,145000.0
2024-10,Sumatera Barat,Gula Pasir,18290.322580645163
2024-10,Sumatera Barat,Minyak Goreng,19164.516129032258
2024-10,Sumatera Barat,Telur Ayam,28104.83870967742
2024-10,Sumatera Selatan,Bawang Merah,30766.129032258064
2024-10,Sumatera Selatan,Bawang Putih,39479.032258064515
2024-10,Sumatera Selatan,Beras,14875.806451612903
2024-10,Sumatera Selatan,Cabai Merah,32072.58064516129
2024-10,Sumatera Selatan,Cabai Rawit,53941.93548387097
2024-10,Sumatera Selatan,Daging Ayam,34432.25806451613
2024-10,Sumatera Selatan,Daging Sapi,138750.0
2024-10,Sumatera Selatan,Gula Pasir,17875.8064516129
2024-10,Sumatera Selatan,Minyak Goreng,18666.129032258064
2024-10,Sumatera Selatan,Telur Ayam,27088.709677419356
2024-10,Sumatera Utara,Bawang Merah,32548.387096774193
2024-10,Sumatera Utara,Bawang Putih,39651.6129032258
2024-10,Sumatera Utara,Beras,13790.322580645161
2024-10,Sumatera Utara,Cabai Merah,29559.677419354837
2024-10,Sumatera Utara,Cabai Rawit,35624.1935483871
2024-10,Sumatera Utara,Daging Ayam,35322.58064516129
2024-10,Sumatera Utara,Daging Sapi,135550.0
2024-10,Sumatera Utara,Gula Pasir,18912.90322580645
2024-10,Sumatera Utara,Minyak Goreng,19600.0
2024-10,Sumatera Utara,Telur Ayam,29393.548387096773
2024-11,Aceh,Bawang Merah,37321.666666666664
2024-11,Aceh,Bawang Putih,41968.333333333336
2024-11,Aceh,Beras,13676.666666666666
2024-11,Aceh,Cabai Merah,26556.666666666668
2024-11,Aceh,Cabai Rawit,38606.666666666664
2024-11,Aceh,Daging Ayam,32686.666666666668
2024-11,Aceh,Daging Sapi,147096.66666666666
2024-11,Aceh,Gula Pasir,18836.666666666668
2024-11,Aceh,Minyak Goreng,20698.333333333332
2024-11,Aceh,Telur Ayam,28221.666666666668
2024-11,Bali,Bawang Merah,33186.666666666664
2024-11,Bali,Bawang Putih,37361.666666666664
2024-11,Bali,Beras,14995.0
2024-11,Bali,Cabai Merah,18600.0
2024-11,Bali,Cabai Rawit,28283.333333333332
2024-11,Bali,Daging Ayam,41615.0
2024-11,Bali,Daging Sapi,128021.66666666667
2024-11,Bali,Gula Pasir,18700.0
2024-11,Bali,Minyak Goreng,19868.333333333332
2024-11,Bali,Telur Ayam,27006.666666666668
2024-11,Banten,Bawang Merah,41250.0
2024-11,Banten,Bawang Putih,42116.666666666664
2024-11,Banten,Beras,14693.333333333334
2024-11,Banten,Cabai Merah,29375.0
2024-11,Banten,Cabai Rawit,33251.666666666664
2024-11,Banten,Daging Ayam,38135.0
2024-11,Banten,Daging Sapi,131316.66666666666
2024-11,Banten,Gula Pasir,17960.0
2024-11,Banten,Minyak Goreng,19373.333333333332
2024-11,Banten,Telur Ayam,26350.0
2024-11,Bengkulu,Bawang Merah,39526.92307692308
2024-11,Bengkulu,Bawang Putih,42425.0
2024-11,Bengkulu,Beras,15175.0
2024-11,Bengkulu,Cabai Merah,23801.923076923078
2024-11,Bengkulu,Cabai Rawit,27900.0
2024-11,Bengkulu,Daging Ayam,35250.0
2024-11,Bengkulu,Daging Sapi,135550.0
2024-11,Bengkulu,Gula Pasir,18253.846153846152
2024-11,Bengkulu,Minyak Goreng,18513.46153846154
2024-11,Bengkulu,Telur Ayam,27359.615384615383
2024-11,DI Yogyakarta,Bawang Merah,36308.333333333336
2024-11,DI Yogyakarta,Bawang Putih,42691.666666666664
2024-11,DI Yogyakarta,Beras,14186.666666666666
2024-11,DI Yogyakarta,Cabai Merah,24431.666666666668
2024-11,DI Yogyakarta,Cabai Rawit,29640.0
2024-11,DI Yogyakarta,Daging Ayam,36116.666666666664
2024-11,DI Yogyakarta,Daging Sapi,136250.0
2024-11,DI Yogyakarta,Gula Pasir,17350.0
2024-11,DI Yogyakarta,Minyak Goreng,18868.333333333332
2024-11,DI Yogyakarta,Telur Ayam,26213.333333333332
2024-11,DKI Jakarta,Bawang Merah,45468.333333333336
2024-11,DKI Jakarta,Bawang Putih,48918.333333333336
2024-11,DKI Jakarta,Beras,15463.333333333334
2024-11,DKI Jakarta,Cabai Merah,36538.333333333336
2024-11,DKI Jakarta,Cabai Rawit,40098.333333333336
2024-11,DKI Jakarta,Daging Ayam,37150.0
2024-11,DKI Jakarta,Daging Sapi,135736.66666666666
2024-11,DKI Jakarta,Gula Pasir,19293.333333333332
2024-11,DKI Jakarta,Minyak Goreng,19848.333333333332
2024-11,DKI Jakarta,Telur Ayam,26635.0
2024-11,Gorontalo,Bawang Merah,47950.0
2024-11,Gorontalo,Bawang Putih,47625.0
2024-11,Gorontalo,Beras,14518.333333333334
2024-11,Gorontalo,Cabai Merah,35100.0
2024-11,Gorontalo,Cabai Rawit,60691.666666666664
2024-11,Gorontalo,Daging Ayam,30346.666666666668
2024-11,Gorontalo,Daging Sapi,132500.0
2024-11,Gorontalo,Gula Pasir,19300.0
2024-11,Gorontalo,Minyak Goreng,24723.333333333332
2024-11,Gorontalo,Telur Ayam,32060.0
2024-11,Jambi,Bawang Merah,32425.0
2024-11,Jambi,Bawang Putih,40701.666666666664
2024-11,Jambi,Beras,15050.0
2024-11,Jambi,Cabai Merah,23396.666666666668
2024-11,Jambi,Cabai Rawit,30268.333333333332
2024-11,Jambi,Daging Ayam,35713.333333333336
2024-11,Jambi,Daging Sapi,136900.0
2024-11,Jambi,Gula Pasir,18133.333333333332
2024-11,Jambi,Minyak Goreng,19718.333333333332
2024-11,Jambi,Telur Ayam,25200.0
2024-11,Jawa Barat,Bawang Merah,39738.333333333336
2024-11,Jawa Barat,Bawang Putih,43245.0
2024-11,Jawa Barat,Beras,14535.0
2024-11,Jawa Barat,Cabai Merah,31165.0
2024-11,Jawa Barat,Cabai Rawit,35970.0
2024-11,Jawa Barat,Daging Ayam,36538.333333333336
2024-11,Jawa Barat,Daging Sapi,139983.33333333334
2024-11,Jawa Barat,Gula Pasir,18366.666666666668
2024-11,Jawa Barat,Minyak Goreng,19615.0
2024-11,Jawa Barat,Telur Ayam,26418.333333333332
2024-11,Jawa Tengah,Bawang Merah,37133.333333333336
2024-11,Jawa Tengah,Bawang Putih,41873.333333333336
2024-11,Jawa Tengah,Beras,14516.666666666666
2024-11,Jawa Tengah,Cabai Merah,22416.666666666668
2024-11,Jawa Tengah,Cabai Rawit,28108.333333333332
2024-11,Jawa Tengah,Daging Ayam,35736.666666666664
2024-11,Jawa Tengah,Daging Sapi,127956.66666666667
2024-11,Jawa Tengah,Gula Pasir,17895.0
2024-11,Jawa Tengah,Minyak Goreng,19286.666666666668
2024-11,Jawa Tengah,Telur Ayam,25523.333333333332
2024-11,Jawa Timur,Bawang Merah,36188.333333333336
2024-11,Jawa Timur,Bawang Putih,37493.333333333336
2024-11,Jawa Timur,Beras,14021.666666666666
2024-11,Jawa Timur,Cabai Merah,17248.333333333332
2024-11,Jawa Timur,Cabai Rawit,23518.333333333332
2024-11,Jawa Timur,Daging Ayam,35101.666666666664
2024-11,Jawa Timur,Daging Sapi,121641.66666666667
2024-11,Jawa Timur,Gula Pasir,17363.333333333332
2024-11,Jawa Timur,Minyak Goreng,18645.0
2024-11,Jawa Timur,Telur Ayam,25506.666666666668
2024-11,Kalimantan Barat,Bawang Merah,42136.666666666664
2024-11,Kalimantan Barat,Bawang Putih,42568.333333333336
2024-11,Kalimantan Barat,Beras,16436.666666666668
2024-11,Kalimantan Barat,Cabai Merah,48228.333333333336
2024-11,Kalimantan Barat,Cabai Rawit,51838.333333333336
2024-11,Kalimantan Barat,Daging Ayam,34378.333333333336
2024-11,Kalimantan Barat,Daging Sapi,149870.0
2024-11,Kalimantan Barat,Gula Pasir,17911.666666666668
2024-11,Kalimantan Barat,Minyak Goreng,20111.666666666668
2024-11,Kalimantan Barat,Telur Ayam,28776.666666666668
2024-11,Kalimantan Selatan,Bawang Merah,37628.846153846156
2024-11,Kalimantan Selatan,Bawang Putih,39988.46153846154
2024-11,Kalimantan Selatan,Beras,18015.384615384617
2024-11,Kalimantan Selatan,Cabai Merah,26198.076923076922
2024-11,Kalimantan Selatan,Cabai Rawit,32838.46153846154
2024-11,Kalimantan Selatan,Daging Ayam,42942.307692307695
2024-11,Kalimantan Selatan,Daging Sapi,164150.0
2024-11,Kalimantan Selatan,Gula Pasir,18650.0
2024-11,Kalimantan Selatan,Minyak Goreng,19775.0
2024-11,Kalimantan Selatan,Telur Ayam,29732.69230769231
2024-11,Kalimantan Tengah,Bawang Merah,41450.0
2024-11,Kalimantan Tengah,Bawang Putih,42558.620689655174
2024-11,Kalimantan Tengah,Beras,18106.896551724138
2024-11,Kalimantan Tengah,Cabai Merah,55529.31034482759
2024-11,Kalimantan Tengah,Cabai Rawit,46141.379310344826
2024-11,Kalimantan Tengah,Daging Ayam,38531.03448275862
2024-11,Kalimantan Tengah,Daging Sapi,155350.0
2024-11,Kalimantan Tengah,Gula Pasir,20050.0
2024-11,Kalimantan Tengah,Minyak Goreng,20322.41379310345
2024-11,Kalimantan Tengah,Telur Ayam,30900.0
2024-11,Kalimantan Timur,Bawang Merah,40666.666666666664
2024-11,Kalimantan Timur,Bawang Putih,42891.666666666664
2024-11,Kalimantan Timur,Beras,16033.333333333334
2024-11,Kalimantan Timur,Cabai Merah,33096.666666666664
2024-11,Kalimantan Timur,Cabai Rawit,44040.0
2024-11,Kalimantan Timur,Daging Ayam,38503.333333333336
2024-11,Kalimantan Timur,Daging Sapi,155315.0
2024-11,Kalimantan Timur,Gula Pasir,18480.0
2024-11,Kalimantan Timur,Minyak Goreng,20401.666666666668
2024-11,Kalimantan Timur,Telur Ayam,30381.666666666668
2024-11,Kalimantan Utara,Bawang Merah,45244.8275862069
2024-11,Kalimantan Utara,Bawang Putih,45106.89655172414
2024-11,Kalimantan Utara,Beras,16639.655172413793
2024-11,Kalimantan Utara,Cabai Merah,62370.68965517241
2024-11,Kalimantan Utara,Cabai Rawit,80713.79310344828
2024-11,Kalimantan Utara,Daging Ayam,43682.75862068965
2024-11,Kalimantan Utara,Daging Sapi,126887.93103448275
2024-11,Kalimantan Utara,Gula Pasir,18508.620689655174
2024-11,Kalimantan Utara,Minyak Goreng,20827.58620689655
2024-11,Kalimantan Utara,Telur Ayam,30855.172413793105
2024-11,Kepulauan Bangka Belitung,Bawang Merah,39605.0
2024-11,Kepulauan Bangka Belitung,Bawang Putih,40410.0
2024-11,Kepulauan Bangka Belitung,Beras,15000.0
2024-11,Kepulauan Bangka Belitung,Cabai Merah,32963.333333333336
2024-11,Kepulauan Bangka Belitung,Cabai Rawit,46655.0
2024-11,Kepulauan Bangka Belitung,Daging Ayam,38001.666666666664
2024-11,Kepulauan Bangka Belitung,Daging Sapi,135000.0
2024-11,Kepulauan Bangka Belitung,Gula Pasir,17850.0
2024-11,Kepulauan Bangka Belitung,Minyak Goreng,17755.0
2024-11,Kepulauan Bangka Belitung,Telur Ayam,32473.333333333332
2024-11,Kepulauan Riau,Bawang Merah,44301.78571428572
2024-11,Kepulauan Riau,Bawang Putih,35957.142857142855
2024-11,Kepulauan Riau,Beras,14914.285714285714
2024-11,Kepulauan Riau,Cabai Merah,40837.5
2024-11,Kepulauan Riau,Cabai Rawit,37698.21428571428
2024-11,Kepulauan Riau,Daging Ayam,39189.28571428572
2024-11,Kepulauan Riau,Daging Sapi,99200.0
2024-11,Kepulauan Riau,Gula Pasir,15942.857142857143
2024-11,Kepulauan Riau,Minyak Goreng,17883.928571428572
2024-11,Kepulauan Riau,Telur Ayam,29308.928571428572
2024-11,Lampung,Bawang Merah,34813.333333333336
2024-11,Lampung,Bawang Putih,39665.0
2024-11,Lampung,Beras,14500.0
2024-11,Lampung,Cabai Merah,25076.666666666668
2024-11,Lampung,Cabai Rawit,32878.333333333336
2024-11,Lampung,Daging Ayam,31870.0
2024-11,Lampung,Daging Sapi,130650.0
2024-11,Lampung,Gula Pasir,17925.0
2024-11,Lampung,Minyak Goreng,18680.0
2024-11,Lampung,Telur Ayam,26706.666666666668
2024-11,Maluku,Bawang Merah,42232.75862068965
2024-11,Maluku,Bawang Putih,44825.862068965514
2024-11,Maluku,Beras,16144.827586206897
2024-11,Maluku,Cabai Merah,54681.03448275862
2024-11,Maluku,Cabai Rawit,55101.724137931036
2024-11,Maluku,Daging Ayam,42250.0
2024-11,Maluku,Daging Sapi,138031.0344827586
2024-11,Maluku,Gula Pasir,20365.51724137931
2024-11,Maluku,Minyak Goreng,21522.41379310345
2024-11,Maluku,Telur Ayam,35000.0
2024-11,Maluku Utara,Bawang Merah,52068.96551724138
2024-11,Maluku Utara,Bawang Putih,59827.58620689655
2024-11,Maluku Utara,Beras,16700.0
2024-11,Maluku Utara,Cabai Merah,54439.65517241379
2024-11,Maluku Utara,Cabai Rawit,84137.93103448275
2024-11,Maluku Utara,Daging Ayam,43663.793103448275
2024-11,Maluku Utara,Daging Sapi,137500.0
2024-11,Maluku Utara,Gula Pasir,20000.0
2024-11,Maluku Utara,Minyak Goreng,20950.0
2024-11,Maluku Utara,Telur Ayam,36050.0
2024-11,Nusa Tenggara Barat,Bawang Merah,29183.333333333332
2024-11,Nusa Tenggara Barat,Bawang Putih,41201.666666666664
2024-11,Nusa Tenggara Barat,Beras,13750.0
2024-11,Nusa Tenggara Barat,Cabai Merah,22666.666666666668
2024-11,Nusa Tenggara Barat,Cabai Rawit,23853.333333333332
2024-11,Nusa Tenggara Barat,Daging Ayam,38380.0
2024-11,Nusa Tenggara Barat,Daging Sapi,119315.0
2024-11,Nusa Tenggara Barat,Gula Pasir,17100.0
2024-11,Nusa Tenggara Barat,Minyak Goreng,20076.666666666668
2024-11,Nusa Tenggara Barat,Telur Ayam,29945.0
2024-11,Nusa Tenggara Timur,Bawang Merah,27930.0
2024-11,Nusa Tenggara Timur,Bawang Putih,45891.666666666664
2024-11,Nusa Tenggara Timur,Beras,15443.333333333334
2024-11,Nusa Tenggara Timur,Cabai Merah,42950.0
2024-11,Nusa Tenggara Timur,Cabai Rawit,51088.333333333336
2024-11,Nusa Tenggara Timur,Daging Ayam,45713.333333333336
2024-11,Nusa Tenggara Timur,Daging Sapi,115000.0
2024-11,Nusa Tenggara Timur,Gula Pasir,19073.333333333332
2024-11,Nusa Tenggara Timur,Minyak Goreng,21443.333333333332
2024-11,Nusa Tenggara Timur,Telur Ayam,31640.0
2024-11,Papua,Bawang Merah,50536.206896551725
2024-11,Papua,Bawang Putih,49717.24137931035
2024-11,Papua,Beras,16820.689655172413
2024-11,Papua,Cabai Merah,55253.44827586207
2024-11,Papua,Cabai Rawit,51558.620689655174
2024-11,Papua,Daging Ayam,42606.89655172414
2024-11,Papua,Daging Sapi,135444.8275862069
2024-11,Papua,Gula Pasir,21189.655172413793
2024-11,Papua,Minyak Goreng,21475.862068965518
2024-11,Papua,Telur Ayam,37375.862068965514
2024-11,Papua Barat,Bawang Merah,52291.666666666664
2024-11,Papua Barat,Bawang Putih,51916.666666666664
2024-11,Papua Barat,Beras,16350.0
2024-11,Papua Barat,Cabai Merah,39593.333333333336
2024-11,Papua Barat,Cabai Rawit,73291.66666666667
2024-11,Papua Barat,Daging Ayam,49155.0
2024-11,Papua Barat,Daging Sapi,147500.0
2024-11,Papua Barat,Gula Pasir,20420.0
2024-11,Papua Barat,Minyak Goreng,23368.333333333332
2024-11,Papua Barat,Telur Ayam,35811.666666666664
2024-11,Riau,Bawang Merah,34145.0
2024-11,Riau,Bawang Putih,39675.0
2024-11,Riau,Beras,15895.0
2024-11,Riau,Cabai Merah,39135.0
2024-11,Riau,Cabai Rawit,36583.333333333336
2024-11,Riau,Daging Ayam,30210.0
2024-11,Riau,Daging Sapi,126333.33333333333
2024-11,Riau,Gula Pasir,17880.0
2024-11,Riau,Minyak Goreng,18328.333333333332
2024-11,Riau,Telur Ayam,27750.0
2024-11,Sulawesi Barat,Bawang Merah,39661.666666666664
2024-11,Sulawesi Barat,Bawang Putih,41508.333333333336
2024-11,Sulawesi Barat,Beras,13258.333333333334
2024-11,Sulawesi Barat,Cabai Merah,20003.333333333332
2024-11,Sulawesi Barat,Cabai Rawit,30201.666666666668
2024-11,Sulawesi Barat,Daging Ayam,27576.666666666668
2024-11,Sulawesi Barat,Daging Sapi,125166.66666666667
2024-11,Sulawesi Barat,Gula Pasir,17808.333333333332
2024-11,Sulawesi Barat,Minyak Goreng,20513.333333333332
2024-11,Sulawesi Barat,Telur Ayam,26630.0
2024-11,Sulawesi Selatan,Bawang Merah,38357.40740740741
2024-11,Sulawesi Selatan,Bawang Putih,40114.81481481482
2024-11,Sulawesi Selatan,Beras,13525.925925925925
2024-11,Sulawesi Selatan,Cabai Merah,18662.962962962964
2024-11,Sulawesi Selatan,Cabai Rawit,28331.48148148148
2024-11,Sulawesi Selatan,Daging Ayam,27444.444444444445
2024-11,Sulawesi Selatan,Daging Sapi,125000.0
2024-11,Sulawesi Selatan,Gula Pasir,17403.703703703704
2024-11,Sulawesi Selatan,Minyak Goreng,18766.666666666668
2024-11,Sulawesi Selatan,Telur Ayam,24548.14814814815
2024-11,Sulawesi Tengah,Bawang Merah,42158.333333333336
2024-11,Sulawesi Tengah,Bawang Putih,46353.333333333336
2024-11,Sulawesi Tengah,Beras,14716.666666666666
2024-11,Sulawesi Tengah,Cabai Merah,28226.666666666668
2024-11,Sulawesi Tengah,Cabai Rawit,48656.666666666664
2024-11,Sulawesi Tengah,Daging Ayam,30626.666666666668
2024-11,Sulawesi Tengah,Daging Sapi,143750.0
2024-11,Sulawesi Tengah,Gula Pasir,19810.0
2024-11,Sulawesi Tengah,Minyak Goreng,19305.0
2024-11,Sulawesi Tengah,Telur Ayam,29980.0
2024-11,Sulawesi Tenggara,Bawang Merah,40424.137931034486
2024-11,Sulawesi Tenggara,Bawang Putih,48210.34482758621
2024-11,Sulawesi Tenggara,Beras,14715.51724137931
2024-11,Sulawesi Tenggara,Cabai Merah,26224.137931034482
2024-11,Sulawesi Tenggara,Cabai Rawit,49060.34482758621
2024-11,Sulawesi Tenggara,Daging Ayam,34922.41379310345
2024-11,Sulawesi Tenggara,Daging Sapi,138450.0
2024-11,Sulawesi Tenggara,Gula Pasir,19820.689655172413
2024-11,Sulawesi Tenggara,Minyak Goreng,20622.41379310345
2024-11,Sulawesi Tenggara,Telur Ayam,30243.103448275862
2024-11,Sulawesi Utara,Bawang Merah,44356.666666666664
2024-11,Sulawesi Utara,Bawang Putih,46480.0
2024-11,Sulawesi Utara,Beras,14193.333333333334
2024-11,Sulawesi Utara,Cabai Merah,28170.0
2024-11,Sulawesi Utara,Cabai Rawit,60481.666666666664
2024-11,Sulawesi Utara,Daging Ayam,38460.0
2024-11,Sulawesi Utara,Daging Sapi,133150.0
2024-11,Sulawesi Utara,Gula Pasir,17800.0
2024-11,Sulawesi Utara,Minyak Goreng,18748.333333333332
2024-11,Sulawesi Utara,Telur Ayam,30650.0
2024-11,Sumatera Barat,Bawang Merah,33883.92857142857
2024-11,Sumatera Barat,Bawang Putih,39489.28571428572
2024-11,Sumatera Barat,Beras,17437.5
2024-11,Sumatera Barat,Cabai Merah,30535.714285714286
2024-11,Sumatera Barat,Cabai Rawit,36792.857142857145
2024-11,Sumatera Barat,Daging Ayam,48405.357142857145
2024-11,Sumatera Barat,Daging Sapi,145000.0
2024-11,Sumatera Barat,Gula Pasir,18391.071428571428
2024-11,Sumatera Barat,Minyak Goreng,19850.0
2024-11,Sumatera Barat,Telur Ayam,28150.0
2024-11,Sumatera Selatan,Bawang Merah,36298.275862068964
2024-11,Sumatera Selatan,Bawang Putih,41367.24137931035
2024-11,Sumatera Selatan,Beras,14900.0
2024-11,Sumatera Selatan,Cabai Merah,30377.58620689655
2024-11,Sumatera Selatan,Cabai Rawit,43487.93103448276
2024-11,Sumatera Selatan,Daging Ayam,34313.793103448275
2024-11,Sumatera Selatan,Daging Sapi,138750.0
2024-11,Sumatera Selatan,Gula Pasir,17893.103448275862
2024-11,Sumatera Selatan,Minyak Goreng,19058.620689655174
2024-11,Sumatera Selatan,Telur Ayam,27050.0
2024-11,Sumatera Utara,Bawang Merah,35806.666666666664
2024-11,Sumatera Utara,Bawang Putih,41621.666666666664
2024-11,Sumatera Utara,Beras,13713.333333333334
2024-11,Sumatera Utara,Cabai Merah,26825.0
2024-11,Sumatera Utara,Cabai Rawit,30525.0
2024-11,Sumatera Utara,Daging Ayam,36126.666666666664
2024-11,Sumatera Utara,Daging Sapi,136243.33333333334
2024-11,Sumatera Utara,Gula Pasir,18930.0
2024-11,Sumatera Utara,Minyak Goreng,20133.333333333332
2024-11,Sumatera Utara,Telur Ayam,29486.666666666668
2024-12,Aceh,Bawang Merah,38446.77419354839
2024-12,Aceh,Bawang Putih,42527.41935483871
2024-12,Aceh,Beras,13701.612903225807
2024-12,Aceh,Cabai Merah,31259.677419354837
2024-12,Aceh,Cabai Rawit,41409.67741935484
2024-12,Aceh,Daging Ayam,33720.967741935485
2024-12,Aceh,Daging Sapi,146650.0
2024-12,Aceh,Gula Pasir,18746.774193548386
2024-12,Aceh,Minyak Goreng,20979.032258064515
2024-12,Aceh,Telur Ayam,30522.58064516129
2024-12,Bali,Bawang Merah,36004.83870967742
2024-12,Bali,Bawang Putih,38191.93548387097
2024-12,Bali,Beras,14998.387096774193
2024-12,Bali,Cabai Merah,32277.41935483871
2024-12,Bali,Cabai Rawit,37458.06451612903
2024-12,Bali,Daging Ayam,39458.06451612903
2024-12,Bali,Daging Sapi,132433.87096774194
2024-12,Bali,Gula Pasir,18658.064516129034
2024-12,Bali,Minyak Goreng,20332.25806451613
2024-12,Bali,Telur Ayam,27746.774193548386
2024-12,Banten,Bawang Merah,42864.51612903226
2024-12,Banten,Bawang Putih,42920.967741935485
2024-12,Banten,Beras,14800.0
2024-12,Banten,Cabai Merah,46145.16129032258
2024-12,Banten,Cabai Rawit,47606.45161290323
2024-12,Banten,Daging Ayam,38185.48387096774
2024-12,Banten,Daging Sapi,129150.0
2024-12,Banten,Gula Pasir,18070.967741935485
2024-12,Banten,Minyak Goreng,19162.90322580645
2024-12,Banten,Telur Ayam,30100.0
2024-12,Bengkulu,Bawang Merah,42553.44827586207
2024-12,Bengkulu,Bawang Putih,43013.793103448275
2024-12,Bengkulu,Beras,15150.0
2024-12,Bengkulu,Cabai Merah,30774.137931034482
2024-12,Bengkulu,Cabai Rawit,30579.310344827587
2024-12,Bengkulu,Daging Ayam,36406.89655172414
2024-12,Bengkulu,Daging Sapi,135300.0
2024-12,Bengkulu,Gula Pasir,18250.0
2024-12,Bengkulu,Minyak Goreng,18994.827586206895
2024-12,Bengkulu,Telur Ayam,28124.137931034482
2024-12,DI Yogyakarta,Bawang Merah,39306.45161290323
2024-12,DI Yogyakarta,Bawang Putih,44491.93548387097
2024-12,DI Yogyakarta,Beras,14150.0
2024-12,DI Yogyakarta,Cabai Merah,43090.32258064516
2024-12,DI Yogyakarta,Cabai Rawit,43038.709677419356
2024-12,DI Yogyakarta,Daging Ayam,35362.903225806454
2024-12,DI Yogyakarta,Daging Sapi,136250.0
2024-12,DI Yogyakarta,Gula Pasir,17390.322580645163
2024-12,DI Yogyakarta,Minyak Goreng,19732.25806451613
2024-12,DI Yogyakarta,Telur Ayam,29116.129032258064
2024-12,DKI Jakarta,Bawang Merah,45219.354838709674
2024-12,DKI Jakarta,Bawang Putih,51574.1935483871
2024-12,DKI Jakarta,Beras,15480.645161290322
2024-12,DKI Jakarta,Cabai Merah,49940.32258064516
2024-12,DKI Jakarta,Cabai Rawit,55132.25806451613
2024-12,DKI Jakarta,Daging Ayam,36590.32258064516
2024-12,DKI Jakarta,Daging Sapi,134625.8064516129
2024-12,DKI Jakarta,Gula Pasir,19320.967741935485
2024-12,DKI Jakarta,Minyak Goreng,20461.290322580644
2024-12,DKI Jakarta,Telur Ayam,29751.612903225807
2024-12,Gorontalo,Bawang Merah,48888.709677419356
2024-12,Gorontalo,Bawang Putih,48161.290322580644
2024-12,Gorontalo,Beras,14550.0
2024-12,Gorontalo,Cabai Merah,31327.41935483871
2024-12,Gorontalo,Cabai Rawit,50791.93548387097
2024-12,Gorontalo,Daging Ayam,32624.1935483871
2024-12,Gorontalo,Daging Sapi,132500.0
2024-12,Gorontalo,Gula Pasir,19372.58064516129
2024-12,Gorontalo,Minyak Goreng,25070.967741935485
2024-12,Gorontalo,Telur Ayam,32319.354838709678
2024-12,Jambi,Bawang Merah,34720.967741935485
2024-12,Jambi,Bawang Putih,41656.45161290323
2024-12,Jambi,Beras,15050.0
2024-12,Jambi,Cabai Merah,35012.903225806454
2024-12,Jambi,Cabai Rawit,41288.709677419356
2024-12,Jambi,Daging Ayam,36546.77419354839
2024-12,Jambi,Daging Sapi,136900.0
2024-12,Jambi,Gula Pasir,18150.0
2024-12,Jambi,Minyak Goreng,20051.612903225807
2024-12,Jambi,Telur Ayam,25683.870967741936
2024-12,Jawa Barat,Bawang Merah,41477.41935483871
2024-12,Jawa Barat,Bawang Putih,43969.354838709674
2024-12,Jawa Barat,Beras,14572.58064516129
2024-12,Jawa Barat,Cabai Merah,44937.096774193546
2024-12,Jawa Barat,Cabai Rawit,46546.77419354839
2024-12,Jawa Barat,Daging Ayam,36495.16129032258
2024-12,Jawa Barat,Daging Sapi,139943.5483870968
2024-12,Jawa Barat,Gula Pasir,18408.064516129034
2024-12,Jawa Barat,Minyak Goreng,20435.483870967742
2024-12,Jawa Barat,Telur Ayam,29590.322580645163
2024-12,Jawa Tengah,Bawang Merah,39188.709677419356
2024-12,Jawa Tengah,Bawang Putih,42787.096774193546
2024-12,Jawa Tengah,Beras,14533.870967741936
2024-12,Jawa Tengah,Cabai Merah,37119.354838709674
2024-12,Jawa Tengah,Cabai Rawit,35240.32258064516
2024-12,Jawa Tengah,Daging Ayam,35325.8064516129
2024-12,Jawa Tengah,Daging Sapi,127737.09677419355
2024-12,Jawa Tengah,Gula Pasir,17959.677419354837
2024-12,Jawa Tengah,Minyak Goreng,19735.483870967742
2024-12,Jawa Tengah,Telur Ayam,28641.935483870966
2024-12,Jawa Timur,Bawang Merah,39267.74193548387
2024-12,Jawa Timur,Bawang Putih,38683.87096774193
2024-12,Jawa Timur,Beras,14040.322580645161
2024-12,Jawa Timur,Cabai Merah,30593.548387096773
2024-12,Jawa Timur,Cabai Rawit,31341.935483870966
2024-12,Jawa Timur,Daging Ayam,34675.8064516129
2024-12,Jawa Timur,Daging Sapi,121690.32258064517
2024-12,Jawa Timur,Gula Pasir,17345.16129032258
2024-12,Jawa Timur,Minyak Goreng,19275.8064516129
2024-12,Jawa Timur,Telur Ayam,28185.483870967742
2024-12,Kalimantan Barat,Bawang Merah,47427.41935483871
2024-12,Kalimantan Barat,Bawang Putih,41456.45161290323
2024-12,Kalimantan Barat,Beras,16482.25806451613
2024-12,Kalimantan Barat,Cabai Merah,52425.8064516129
2024-12,Kalimantan Barat,Cabai Rawit,55056.45161290323
2024-12,Kalimantan Barat,Daging Ayam,35009.67741935484
2024-12,Kalimantan Barat,Daging Sapi,150556.4516129032
2024-12,Kalimantan Barat,Gula Pasir,17804.83870967742
2024-12,Kalimantan Barat,Minyak Goreng,20114.516129032258
2024-12,Kalimantan Barat,Telur Ayam,31780.645161290322
2024-12,Kalimantan Selatan,Bawang Merah,41656.45161290323
2024-12,Kalimantan Selatan,Bawang Putih,40667.74193548387
2024-12,Kalimantan Selatan,Beras,17598.387096774193
2024-12,Kalimantan Selatan,Cabai Merah,42077.41935483871
2024-12,Kalimantan Selatan,Cabai Rawit,36780.645161290326
2024-12,Kalimantan Selatan,Daging Ayam,43440.32258064516
2024-12,Kalimantan Selatan,Daging Sapi,163935.48387096773
2024-12,Kalimantan Selatan,Gula Pasir,18546.774193548386
2024-12,Kalimantan Selatan,Minyak Goreng,20085.483870967742
2024-12,Kalimantan Selatan,Telur Ayam,30129.032258064515
2024-12,Kalimantan Tengah,Bawang Merah,44806.45161290323
2024-12,Kalimantan Tengah,Bawang Putih,43741.93548387097
2024-12,Kalimantan Tengah,Beras,18114.516129032258
2024-12,Kalimantan Tengah,Cabai Merah,66051.6129032258
2024-12,Kalimantan Tengah,Cabai Rawit,49541.93548387097
2024-12,Kalimantan Tengah,Daging Ayam,39161.290322580644
2024-12,Kalimantan Tengah,Daging Sapi,155350.0
2024-12,Kalimantan Tengah,Gula Pasir,20001.612903225807
2024-12,Kalimantan Tengah,Minyak Goreng,20354.83870967742
2024-12,Kalimantan Tengah,Telur Ayam,32054.83870967742
2024-12,Kalimantan Timur,Bawang Merah,46567.74193548387
2024-12,Kalimantan Timur,Bawang Putih,45562.903225806454
2024-12,Kalimantan Timur,Beras,15982.258064516129
2024-12,Kalimantan Timur,Cabai Merah,44209.67741935484
2024-12,Kalimantan Timur,Cabai Rawit,49638.709677419356
2024-12,Kalimantan Timur,Daging Ayam,39324.1935483871
2024-12,Kalimantan Timur,Daging Sapi,155138.70967741936
2024-12,Kalimantan Timur,Gula Pasir,18638.709677419356
2024-12,Kalimantan Timur,Minyak Goreng,20829.032258064515
2024-12,Kalimantan Timur,Telur Ayam,30490.322580645163
2024-12,Kalimantan Utara,Bawang Merah,50814.51612903226
2024-12,Kalimantan Utara,Bawang Putih,47170.967741935485
2024-12,Kalimantan Utara,Beras,16650.0
2024-12,Kalimantan Utara,Cabai Merah,65145.16129032258
2024-12,Kalimantan Utara,Cabai Rawit,89196.7741935484
2024-12,Kalimantan Utara,Daging Ayam,43741.93548387097
2024-12,Kalimantan Utara,Daging Sapi,129735.48387096774
2024-12,Kalimantan Utara,Gula Pasir,18500.0
2024-12,Kalimantan Utara,Minyak Goreng,20903.225806451614
2024-12,Kalimantan Utara,Telur Ayam,31559.677419354837
2024-12,Kepulauan Bangka Belitung,Bawang Merah,42493.54838709677
2024-12,Kepulauan Bangka Belitung,Bawang Putih,41991.93548387097
2024-12,Kepulauan Bangka Belitung,Beras,15000.0
2024-12,Kepulauan Bangka Belitung,Cabai Merah,41616.12903225807
2024-12,Kepulauan Bangka Belitung,Cabai Rawit,43435.48387096774
2024-12,Kepulauan Bangka Belitung,Daging Ayam,39109.67741935484
2024-12,Kepulauan Bangka Belitung,Daging Sapi,135000.0
2024-12,Kepulauan Bangka Belitung,Gula Pasir,17850.0
2024-12,Kepulauan Bangka Belitung,Minyak Goreng,18109.677419354837
2024-12,Kepulauan Bangka Belitung,Telur Ayam,32830.645161290326
2024-12,Kepulauan Riau,Bawang Merah,48593.54838709677
2024-12,Kepulauan Riau,Bawang Putih,36722.58064516129
2024-12,Kepulauan Riau,Beras,15080.645161290322
2024-12,Kepulauan Riau,Cabai Merah,50366.12903225807
2024-12,Kepulauan Riau,Cabai Rawit,51335.48387096774
2024-12,Kepulauan Riau,Daging Ayam,39138.709677419356
2024-12,Kepulauan Riau,Daging Sapi,99361.29032258065
2024-12,Kepulauan Riau,Gula Pasir,16869.354838709678
2024-12,Kepulauan Riau,Minyak Goreng,18719.354838709678
2024-12,Kepulauan Riau,Telur Ayam,30448.387096774193
2024-12,Lampung,Bawang Merah,36724.1935483871
2024-12,Lampung,Bawang Putih,41208.06451612903
2024-12,Lampung,Beras,14501.612903225807
2024-12,Lampung,Cabai Merah,41317.74193548387
2024-12,Lampung,Cabai Rawit,38490.32258064516
2024-12,Lampung,Daging Ayam,31425.8064516129
2024-12,Lampung,Daging Sapi,130650.0
2024-12,Lampung,Gula Pasir,17975.8064516129
2024-12,Lampung,Minyak Goreng,19732.25806451613
2024-12,Lampung,Telur Ayam,28066.129032258064
2024-12,Maluku,Bawang Merah,50532.142857142855
2024-12,Maluku,Bawang Putih,47355.357142857145
2024-12,Maluku,Beras,16100.0
2024-12,Maluku,Cabai Merah,69521.42857142857
2024-12,Maluku,Cabai Rawit,72980.35714285714
2024-12,Maluku,Daging Ayam,40923.21428571428
2024-12,Maluku,Daging Sapi,138183.92857142858
2024-12,Maluku,Gula Pasir,20350.0
2024-12,Maluku,Minyak Goreng,21771.428571428572
2024-12,Maluku,Telur Ayam,36285.71428571428
2024-12,Maluku Utara,Bawang Merah,54956.89655172414
2024-12,Maluku Utara,Bawang Putih,61077.58620689655
2024-12,Maluku Utara,Beras,16700.0
2024-12,Maluku Utara,Cabai Merah,52241.379310344826
2024-12,Maluku Utara,Cabai Rawit,77844.8275862069
2024-12,Maluku Utara,Daging Ayam,44000.0
2024-12,Maluku Utara,Daging Sapi,138534.4827586207
2024-12,Maluku Utara,Gula Pasir,20241.379310344826
2024-12,Maluku Utara,Minyak Goreng,21325.862068965518
2024-12,Maluku Utara,Telur Ayam,36050.0
2024-12,Nusa Tenggara Barat,Bawang Merah,36553.22580645161
2024-12,Nusa Tenggara Barat,Bawang Putih,41390.32258064516
2024-12,Nusa Tenggara Barat,Beras,13750.0
2024-12,Nusa Tenggara Barat,Cabai Merah,36801.6129032258
2024-12,Nusa Tenggara Barat,Cabai Rawit,28783.870967741936
2024-12,Nusa Tenggara Barat,Daging Ayam,39666.12903225807
2024-12,Nusa Tenggara Barat,Daging Sapi,119400.0
2024-12,Nusa Tenggara Barat,Gula Pasir,17114.516129032258
2024-12,Nusa Tenggara Barat,Minyak Goreng,20495.16129032258
2024-12,Nusa Tenggara Barat,Telur Ayam,30548.387096774193
2024-12,Nusa Tenggara Timur,Bawang Merah,36572.58064516129
2024-12,Nusa Tenggara Timur,Bawang Putih,48253.22580645161
2024-12,Nusa Tenggara Timur,Beras,15454.838709677419
2024-12,Nusa Tenggara Timur,Cabai Merah,41054.83870967742
2024-12,Nusa Tenggara Timur,Cabai Rawit,53335.48387096774
2024-12,Nusa Tenggara Timur,Daging Ayam,47062.903225806454
2024-12,Nusa Tenggara Timur,Daging Sapi,115000.0
2024-12,Nusa Tenggara Timur,Gula Pasir,19127.41935483871
2024-12,Nusa Tenggara Timur,Minyak Goreng,21512.90322580645
2024-12,Nusa Tenggara Timur,Telur Ayam,32795.16129032258
2024-12,Papua,Bawang Merah,58093.54838709677
2024-12,Papua,Bawang Putih,55224.1935483871
2024-12,Papua,Beras,16809.677419354837
2024-12,Papua,Cabai Merah,55558.06451612903
2024-12,Papua,Cabai Rawit,54401.6129032258
2024-12,Papua,Daging Ayam,43337.096774193546
2024-12,Papua,Daging Sapi,134850.0
2024-12,Papua,Gula Pasir,21493.548387096773
2024-12,Papua,Minyak Goreng,21561.290322580644
2024-12,Papua,Telur Ayam,40301.6129032258
2024-12,Papua Barat,Bawang Merah,58427.41935483871
2024-12,Papua Barat,Bawang Putih,52716.12903225807
2024-12,Papua Barat,Beras,16375.806451612903
2024-12,Papua Barat,Cabai Merah,47430.645161290326
2024-12,Papua Barat,Cabai Rawit,77338.70967741935
2024-12,Papua Barat,Daging Ayam,50940.32258064516
2024-12,Papua Barat,Daging Sapi,148951.61290322582
2024-12,Papua Barat,Gula Pasir,20591.935483870966
2024-12,Papua Barat,Minyak Goreng,23466.129032258064
2024-12,Papua Barat,Telur Ayam,36798.3870967742
2024-12,Riau,Bawang Merah,33800.0
2024-12,Riau,Bawang Putih,40806.45161290323
2024-12,Riau,Beras,15903.225806451614
2024-12,Riau,Cabai Merah,41777.41935483871
2024-12,Riau,Cabai Rawit,41106.45161290323
2024-12,Riau,Daging Ayam,31972.58064516129
2024-12,Riau,Daging Sapi,125719.35483870968
2024-12,Riau,Gula Pasir,17911.290322580644
2024-12,Riau,Minyak Goreng,19445.16129032258
2024-12,Riau,Telur Ayam,29346.774193548386
2024-12,Sulawesi Barat,Bawang Merah,41822.58064516129
2024-12,Sulawesi Barat,Bawang Putih,41969.354838709674
2024-12,Sulawesi Barat,Beras,13198.387096774193
2024-12,Sulawesi Barat,Cabai Merah,22566.129032258064
2024-12,Sulawesi Barat,Cabai Rawit,30251.612903225807
2024-12,Sulawesi Barat,Daging Ayam,28354.83870967742
2024-12,Sulawesi Barat,Daging Sapi,125000.0
2024-12,Sulawesi Barat,Gula Pasir,17556.451612903227
2024-12,Sulawesi Barat,Minyak Goreng,20577.41935483871
2024-12,Sulawesi Barat,Telur Ayam,27179.032258064515
2024-12,Sulawesi Selatan,Bawang Merah,42072.58064516129
2024-12,Sulawesi Selatan,Bawang Putih,41458.06451612903
2024-12,Sulawesi Selatan,Beras,13400.0
2024-12,Sulawesi Selatan,Cabai Merah,21351.612903225807
2024-12,Sulawesi Selatan,Cabai Rawit,30491.935483870966
2024-12,Sulawesi Selatan,Daging Ayam,29312.90322580645
2024-12,Sulawesi Selatan,Daging Sapi,125000.0
2024-12,Sulawesi Selatan,Gula Pasir,17345.16129032258
2024-12,Sulawesi Selatan,Minyak Goreng,18872.58064516129
2024-12,Sulawesi Selatan,Telur Ayam,25264.516129032258
2024-12,Sulawesi Tengah,Bawang Merah,45104.83870967742
2024-12,Sulawesi Tengah,Bawang Putih,47972.58064516129
2024-12,Sulawesi Tengah,Beras,14751.612903225807
2024-12,Sulawesi Tengah,Cabai Merah,25650.0
2024-12,Sulawesi Tengah,Cabai Rawit,52824.1935483871
2024-12,Sulawesi Tengah,Daging Ayam,33895.16129032258
2024-12,Sulawesi Tengah,Daging Sapi,143750.0
2024-12,Sulawesi Tengah,Gula Pasir,19911.290322580644
2024-12,Sulawesi Tengah,Minyak Goreng,19288.709677419356
2024-12,Sulawesi Tengah,Telur Ayam,30193.548387096773
2024-12,Sulawesi Tenggara,Bawang Merah,45214.51612903226
2024-12,Sulawesi Tenggara,Bawang Putih,48446.77419354839
2024-12,Sulawesi Tenggara,Beras,14698.387096774193
2024-12,Sulawesi Tenggara,Cabai Merah,32032.25806451613
2024-12,Sulawesi Tenggara,Cabai Rawit,48179.032258064515
2024-12,Sulawesi Tenggara,Daging Ayam,39000.0
2024-12,Sulawesi Tenggara,Daging Sapi,138450.0
2024-12,Sulawesi Tenggara,Gula Pasir,19853.225806451614
2024-12,Sulawesi Tenggara,Minyak Goreng,20943.548387096773
2024-12,Sulawesi Tenggara,Telur Ayam,30608.064516129034
2024-12,Sulawesi Utara,Bawang Merah,47596.77419354839
2024-12,Sulawesi Utara,Bawang Putih,46672.58064516129
2024-12,Sulawesi Utara,Beras,14125.806451612903
2024-12,Sulawesi Utara,Cabai Merah,32393.548387096773
2024-12,Sulawesi Utara,Cabai Rawit,51474.1935483871
2024-12,Sulawesi Utara,Daging Ayam,38569.354838709674
2024-12,Sulawesi Utara,Daging Sapi,133304.83870967742
2024-12,Sulawesi Utara,Gula Pasir,17798.387096774193
2024-12,Sulawesi Utara,Minyak Goreng,18788.709677419356
2024-12,Sulawesi Utara,Telur Ayam,31267.74193548387
2024-12,Sumatera Barat,Bawang Merah,32808.92857142857
2024-12,Sumatera Barat,Bawang Putih,40653.57142857143
2024-12,Sumatera Barat,Beras,17285.714285714286
2024-12,Sumatera Barat,Cabai Merah,37728.57142857143
2024-12,Sumatera Barat,Cabai Rawit,44235.71428571428
2024-12,Sumatera Barat,Daging Ayam,48848.21428571428
2024-12,Sumatera Barat,Daging Sapi,145000.0
2024-12,Sumatera Barat,Gula Pasir,18487.5
2024-12,Sumatera Barat,Minyak Goreng,20462.5
2024-12,Sumatera Barat,Telur Ayam,29057.14285714286
2024-12,Sumatera Selatan,Bawang Merah,38393.333333333336
2024-12,Sumatera Selatan,Bawang Putih,41796.666666666664
2024-12,Sumatera Selatan,Beras,14880.0
2024-12,Sumatera Selatan,Cabai Merah,37916.666666666664
2024-12,Sumatera Selatan,Cabai Rawit,46616.666666666664
2024-12,Sumatera Selatan,Daging Ayam,34311.666666666664
2024-12,Sumatera Selatan,Daging Sapi,138750.0
2024-12,Sumatera Selatan,Gula Pasir,18100.0
2024-12,Sumatera Selatan,Minyak Goreng,19885.0
2024-12,Sumatera Selatan,Telur Ayam,28250.0
2024-12,Sumatera Utara,Bawang Merah,38161.290322580644
2024-12,Sumatera Utara,Bawang Putih,43027.41935483871
2024-12,Sumatera Utara,Beras,13685.483870967742
2024-12,Sumatera Utara,Cabai Merah,38200.0
2024-12,Sumatera Utara,Cabai Rawit,46141.93548387097
2024-12,Sumatera Utara,Daging Ayam,38517.74193548387
2024-12,Sumatera Utara,Daging Sapi,136322.5806451613
2024-12,Sumatera Utara,Gula Pasir,18930.645161290322
2024-12,Sumatera Utara,Minyak Goreng,20361.290322580644
2024-12,Sumatera Utara,Telur Ayam,31079.032258064515
