bulan,provinsi,komoditas,rata_rata_harga
2025-01,Aceh,Bawang Merah,44809.25925925926
2025-01,Aceh,Bawang Putih,43451.851851851854
2025-01,Aceh,Beras,13751.851851851852
2025-01,Aceh,Cabai Merah,51353.7037037037
2025-01,Aceh,Cabai Rawit,52685.18518518518
2025-01,Aceh,Daging Ayam,35200.0
2025-01,Aceh,Daging Sapi,144983.33333333334
2025-01,Aceh,Gula Pasir,19366.666666666668
2025-01,Aceh,Minyak Goreng,21024.074074074073
2025-01,Aceh,Telur Ayam,31331.48148148148
2025-01,Bali,Bawang Merah,36196.2962962963
2025-01,Bali,Bawang Putih,38370.37037037037
2025-01,Bali,Beras,15116.666666666666
2025-01,Bali,Cabai Merah,63248.148148148146
2025-01,Bali,Cabai Rawit,68718.51851851853
2025-01,Bali,Daging Ayam,40429.62962962963
2025-01,Bali,Daging Sapi,132850.0
2025-01,Bali,Gula Pasir,18688.88888888889
2025-01,Bali,Minyak Goreng,20525.925925925927
2025-01,Bali,Telur Ayam,28850.0
2025-01,Banten,Bawang Merah,36531.48148148148
2025-01,Banten,Bawang Putih,43500.0
2025-01,Banten,Beras,14942.592592592593
2025-01,Banten,Cabai Merah,64994.444444444445
2025-01,Banten,Cabai Rawit,86264.81481481482
2025-01,Banten,Daging Ayam,37761.11111111111
2025-01,Banten,Daging Sapi,129150.0
2025-01,Banten,Gula Pasir,18281.48148148148
2025-01,Banten,Minyak Goreng,18938.88888888889
2025-01,Banten,Telur Ayam,28540.74074074074
2025-01,Bengkulu,Bawang Merah,40707.40740740741
2025-01,Bengkulu,Bawang Putih,42966.666666666664
2025-01,Bengkulu,Beras,15144.444444444445
2025-01,Bengkulu,Cabai Merah,50814.81481481482
2025-01,Bengkulu,Cabai Rawit,49901.851851851854
2025-01,Bengkulu,Daging Ayam,36574.07407407407
2025-01,Bengkulu,Daging Sapi,135242.59259259258
2025-01,Bengkulu,Gula Pasir,18638.88888888889
2025-01,Bengkulu,Minyak Goreng,19907.40740740741
2025-01,Bengkulu,Telur Ayam,29390.74074074074
2025-01,DI Yogyakarta,Bawang Merah,39861.11111111111
2025-01,DI Yogyakarta,Bawang Putih,44500.0
2025-01,DI Yogyakarta,Beras,14150.0
2025-01,DI Yogyakarta,Cabai Merah,68562.96296296296
2025-01,DI Yogyakarta,Cabai Rawit,72488.88888888889
2025-01,DI Yogyakarta,Daging Ayam,35638.88888888889
2025-01,DI Yogyakarta,Daging Sapi,136250.0
2025-01,DI Yogyakarta,Gula Pasir,17740.74074074074
2025-01,DI Yogyakarta,Minyak Goreng,20083.333333333332
2025-01,DI Yogyakarta,Telur Ayam,27970.37037037037
2025-01,DKI Jakarta,Bawang Merah,42009.61538461538
2025-01,DKI Jakarta,Bawang Putih,50455.769230769234
2025-01,DKI Jakarta,Beras,15671.153846153846
2025-01,DKI Jakarta,Cabai Merah,67015.38461538461
2025-01,DKI Jakarta,Cabai Rawit,93517.30769230769
2025-01,DKI Jakarta,Daging Ayam,36994.230769230766
2025-01,DKI Jakarta,Daging Sapi,134600.0
2025-01,DKI Jakarta,Gula Pasir,19480.76923076923
2025-01,DKI Jakarta,Minyak Goreng,20598.076923076922
2025-01,DKI Jakarta,Telur Ayam,28880.76923076923
2025-01,Gorontalo,Bawang Merah,42183.333333333336
2025-01,Gorontalo,Bawang Putih,47772.22222222222
2025-01,Gorontalo,Beras,14546.296296296296
2025-01,Gorontalo,Cabai Merah,37681.48148148148
2025-01,Gorontalo,Cabai Rawit,63625.92592592593
2025-01,Gorontalo,Daging Ayam,33907.40740740741
2025-01,Gorontalo,Daging Sapi,132500.0
2025-01,Gorontalo,Gula Pasir,19751.85185185185
2025-01,Gorontalo,Minyak Goreng,25053.703703703704
2025-01,Gorontalo,Telur Ayam,33331.48148148148
2025-01,Jambi,Bawang Merah,39135.18518518518
2025-01,Jambi,Bawang Putih,41453.7037037037
2025-01,Jambi,Beras,15050.0
2025-01,Jambi,Cabai Merah,51703.7037037037
2025-01,Jambi,Cabai Rawit,73514.81481481482
2025-01,Jambi,Daging Ayam,36533.333333333336
2025-01,Jambi,Daging Sapi,136900.0
2025-01,Jambi,Gula Pasir,18483.333333333332
2025-01,Jambi,Minyak Goreng,20235.185185185186
2025-01,Jambi,Telur Ayam,26062.962962962964
2025-01,Jawa Barat,Bawang Merah,38066.666666666664
2025-01,Jawa Barat,Bawang Putih,43766.666666666664
2025-01,Jawa Barat,Beras,14625.925925925925
2025-01,Jawa Barat,Cabai Merah,66892.5925925926
2025-01,Jawa Barat,Cabai Rawit,84057.4074074074
2025-01,Jawa Barat,Daging Ayam,36570.37037037037
2025-01,Jawa Barat,Daging Sapi,140066.66666666666
2025-01,Jawa Barat,Gula Pasir,18596.296296296296
2025-01,Jawa Barat,Minyak Goreng,20892.59259259259
2025-01,Jawa Barat,Telur Ayam,28701.85185185185
2025-01,Jawa Tengah,Bawang Merah,37342.59259259259
2025-01,Jawa Tengah,Bawang Putih,42990.74074074074
2025-01,Jawa Tengah,Beras,14538.888888888889
2025-01,Jawa Tengah,Cabai Merah,55925.92592592593
2025-01,Jawa Tengah,Cabai Rawit,60459.25925925926
2025-01,Jawa Tengah,Daging Ayam,35105.555555555555
2025-01,Jawa Tengah,Daging Sapi,128075.92592592593
2025-01,Jawa Tengah,Gula Pasir,18292.59259259259
2025-01,Jawa Tengah,Minyak Goreng,20096.296296296296
2025-01,Jawa Tengah,Telur Ayam,27603.703703703704
2025-01,Jawa Timur,Bawang Merah,37133.333333333336
2025-01,Jawa Timur,Bawang Putih,38787.03703703704
2025-01,Jawa Timur,Beras,14098.148148148148
2025-01,Jawa Timur,Cabai Merah,51520.37037037037
2025-01,Jawa Timur,Cabai Rawit,55927.77777777778
2025-01,Jawa Timur,Daging Ayam,34775.92592592593
2025-01,Jawa Timur,Daging Sapi,120961.11111111111
2025-01,Jawa Timur,Gula Pasir,17696.296296296296
2025-01,Jawa Timur,Minyak Goreng,19827.777777777777
2025-01,Jawa Timur,Telur Ayam,27396.296296296296
2025-01,Kalimantan Barat,Bawang Merah,41447.916666666664
2025-01,Kalimantan Barat,Bawang Putih,40800.0
2025-01,Kalimantan Barat,Beras,16500.0
2025-01,Kalimantan Barat,Cabai Merah,55727.083333333336
2025-01,Kalimantan Barat,Cabai Rawit,77645.83333333333
2025-01,Kalimantan Barat,Daging Ayam,38333.333333333336
2025-01,Kalimantan Barat,Daging Sapi,150404.16666666666
2025-01,Kalimantan Barat,Gula Pasir,18300.0
2025-01,Kalimantan Barat,Minyak Goreng,20364.583333333332
2025-01,Kalimantan Barat,Telur Ayam,32550.0
2025-01,Kalimantan Selatan,Bawang Merah,36564.81481481482
2025-01,Kalimantan Selatan,Bawang Putih,40624.07407407407
2025-01,Kalimantan Selatan,Beras,17318.51851851852
2025-01,Kalimantan Selatan,Cabai Merah,63392.59259259259
2025-01,Kalimantan Selatan,Cabai Rawit,57850.0
2025-01,Kalimantan Selatan,Daging Ayam,44912.96296296296
2025-01,Kalimantan Selatan,Daging Sapi,163950.0
2025-01,Kalimantan Selatan,Gula Pasir,18605.555555555555
2025-01,Kalimantan Selatan,Minyak Goreng,19940.74074074074
2025-01,Kalimantan Selatan,Telur Ayam,31162.962962962964
2025-01,Kalimantan Tengah,Bawang Merah,41242.59259259259
2025-01,Kalimantan Tengah,Bawang Putih,42631.48148148148
2025-01,Kalimantan Tengah,Beras,17614.814814814814
2025-01,Kalimantan Tengah,Cabai Merah,96640.74074074074
2025-01,Kalimantan Tengah,Cabai Rawit,75983.33333333333
2025-01,Kalimantan Tengah,Daging Ayam,42029.62962962963
2025-01,Kalimantan Tengah,Daging Sapi,155350.0
2025-01,Kalimantan Tengah,Gula Pasir,20142.59259259259
2025-01,Kalimantan Tengah,Minyak Goreng,20477.777777777777
2025-01,Kalimantan Tengah,Telur Ayam,32059.25925925926
2025-01,Kalimantan Timur,Bawang Merah,42750.0
2025-01,Kalimantan Timur,Bawang Putih,45381.48148148148
2025-01,Kalimantan Timur,Beras,15950.0
2025-01,Kalimantan Timur,Cabai Merah,55412.96296296296
2025-01,Kalimantan Timur,Cabai Rawit,70451.85185185185
2025-01,Kalimantan Timur,Daging Ayam,40214.81481481482
2025-01,Kalimantan Timur,Daging Sapi,155411.11111111112
2025-01,Kalimantan Timur,Gula Pasir,18575.925925925927
2025-01,Kalimantan Timur,Minyak Goreng,20948.14814814815
2025-01,Kalimantan Timur,Telur Ayam,31040.74074074074
2025-01,Kalimantan Utara,Bawang Merah,46351.92307692308
2025-01,Kalimantan Utara,Bawang Putih,46655.769230769234
2025-01,Kalimantan Utara,Beras,16563.46153846154
2025-01,Kalimantan Utara,Cabai Merah,72211.53846153847
2025-01,Kalimantan Utara,Cabai Rawit,111300.0
2025-01,Kalimantan Utara,Daging Ayam,48107.692307692305
2025-01,Kalimantan Utara,Daging Sapi,127219.23076923077
2025-01,Kalimantan Utara,Gula Pasir,18805.76923076923
2025-01,Kalimantan Utara,Minyak Goreng,21032.69230769231
2025-01,Kalimantan Utara,Telur Ayam,32911.53846153846
2025-01,Kepulauan Bangka Belitung,Bawang Merah,44050.0
2025-01,Kepulauan Bangka Belitung,Bawang Putih,42048.07692307692
2025-01,Kepulauan Bangka Belitung,Beras,15019.23076923077
2025-01,Kepulauan Bangka Belitung,Cabai Merah,76396.15384615384
2025-01,Kepulauan Bangka Belitung,Cabai Rawit,81134.61538461539
2025-01,Kepulauan Bangka Belitung,Daging Ayam,40217.307692307695
2025-01,Kepulauan Bangka Belitung,Daging Sapi,134948.07692307694
2025-01,Kepulauan Bangka Belitung,Gula Pasir,18001.923076923078
2025-01,Kepulauan Bangka Belitung,Minyak Goreng,18565.384615384617
2025-01,Kepulauan Bangka Belitung,Telur Ayam,33378.846153846156
2025-01,Kepulauan Riau,Bawang Merah,39214.81481481482
2025-01,Kepulauan Riau,Bawang Putih,36109.25925925926
2025-01,Kepulauan Riau,Beras,15209.25925925926
2025-01,Kepulauan Riau,Cabai Merah,77255.55555555556
2025-01,Kepulauan Riau,Cabai Rawit,88307.4074074074
2025-01,Kepulauan Riau,Daging Ayam,39964.81481481482
2025-01,Kepulauan Riau,Daging Sapi,99200.0
2025-01,Kepulauan Riau,Gula Pasir,15981.481481481482
2025-01,Kepulauan Riau,Minyak Goreng,18961.11111111111
2025-01,Kepulauan Riau,Telur Ayam,30731.48148148148
2025-01,Lampung,Bawang Merah,33355.555555555555
2025-01,Lampung,Bawang Putih,41437.03703703704
2025-01,Lampung,Beras,14533.333333333334
2025-01,Lampung,Cabai Merah,63809.25925925926
2025-01,Lampung,Cabai Rawit,72898.14814814815
2025-01,Lampung,Daging Ayam,31538.88888888889
2025-01,Lampung,Daging Sapi,130650.0
2025-01,Lampung,Gula Pasir,18225.925925925927
2025-01,Lampung,Minyak Goreng,20324.074074074073
2025-01,Lampung,Telur Ayam,28457.40740740741
2025-01,Maluku,Bawang Merah,47346.2962962963
2025-01,Maluku,Bawang Putih,49122.22222222222
2025-01,Maluku,Beras,16096.296296296296
2025-01,Maluku,Cabai Merah,91766.66666666667
2025-01,Maluku,Cabai Rawit,114592.5925925926
2025-01,Maluku,Daging Ayam,41264.81481481482
2025-01,Maluku,Daging Sapi,140050.0
2025-01,Maluku,Gula Pasir,20598.14814814815
2025-01,Maluku,Minyak Goreng,22196.296296296296
2025-01,Maluku,Telur Ayam,37385.18518518518
2025-01,Maluku Utara,Bawang Merah,54706.52173913043
2025-01,Maluku Utara,Bawang Putih,61902.17391304348
2025-01,Maluku Utara,Beras,16700.0
2025-01,Maluku Utara,Cabai Merah,52826.086956521736
2025-01,Maluku Utara,Cabai Rawit,78858.69565217392
2025-01,Maluku Utara,Daging Ayam,44000.0
2025-01,Maluku Utara,Daging Sapi,142608.69565217392
2025-01,Maluku Utara,Gula Pasir,20500.0
2025-01,Maluku Utara,Minyak Goreng,21780.434782608696
2025-01,Maluku Utara,Telur Ayam,36050.0
2025-01,Nusa Tenggara Barat,Bawang Merah,37731.48148148148
2025-01,Nusa Tenggara Barat,Bawang Putih,42070.37037037037
2025-01,Nusa Tenggara Barat,Beras,13877.777777777777
2025-01,Nusa Tenggara Barat,Cabai Merah,68992.5925925926
2025-01,Nusa Tenggara Barat,Cabai Rawit,59083.333333333336
2025-01,Nusa Tenggara Barat,Daging Ayam,39687.03703703704
2025-01,Nusa Tenggara Barat,Daging Sapi,117892.5925925926
2025-01,Nusa Tenggara Barat,Gula Pasir,17342.59259259259
2025-01,Nusa Tenggara Barat,Minyak Goreng,20975.925925925927
2025-01,Nusa Tenggara Barat,Telur Ayam,30140.74074074074
2025-01,Nusa Tenggara Timur,Bawang Merah,39907.40740740741
2025-01,Nusa Tenggara Timur,Bawang Putih,50116.666666666664
2025-01,Nusa Tenggara Timur,Beras,15420.37037037037
2025-01,Nusa Tenggara Timur,Cabai Merah,56894.444444444445
2025-01,Nusa Tenggara Timur,Cabai Rawit,75620.37037037036
2025-01,Nusa Tenggara Timur,Daging Ayam,48244.444444444445
2025-01,Nusa Tenggara Timur,Daging Sapi,115000.0
2025-01,Nusa Tenggara Timur,Gula Pasir,19429.62962962963
2025-01,Nusa Tenggara Timur,Minyak Goreng,21707.40740740741
2025-01,Nusa Tenggara Timur,Telur Ayam,34616.666666666664
2025-01,Papua,Bawang Merah,57938.88888888889
2025-01,Papua,Bawang Putih,54014.81481481482
2025-01,Papua,Beras,16685.185185185186
2025-01,Papua,Cabai Merah,62314.81481481482
2025-01,Papua,Cabai Rawit,57748.148148148146
2025-01,Papua,Daging Ayam,43705.555555555555
2025-01,Papua,Daging Sapi,135811.11111111112
2025-01,Papua,Gula Pasir,21518.51851851852
2025-01,Papua,Minyak Goreng,21694.444444444445
2025-01,Papua,Telur Ayam,39775.92592592593
2025-01,Papua Barat,Bawang Merah,56759.25925925926
2025-01,Papua Barat,Bawang Putih,54722.22222222222
2025-01,Papua Barat,Beras,16409.25925925926
2025-01,Papua Barat,Cabai Merah,53366.666666666664
2025-01,Papua Barat,Cabai Rawit,81435.18518518518
2025-01,Papua Barat,Daging Ayam,50359.25925925926
2025-01,Papua Barat,Daging Sapi,147870.37037037036
2025-01,Papua Barat,Gula Pasir,20770.37037037037
2025-01,Papua Barat,Minyak Goreng,23422.222222222223
2025-01,Papua Barat,Telur Ayam,37875.92592592593
2025-01,Riau,Bawang Merah,39784.61538461538
2025-01,Riau,Bawang Putih,41226.92307692308
2025-01,Riau,Beras,15919.23076923077
2025-01,Riau,Cabai Merah,62136.53846153846
2025-01,Riau,Cabai Rawit,63298.07692307692
2025-01,Riau,Daging Ayam,31936.53846153846
2025-01,Riau,Daging Sapi,124769.23076923077
2025-01,Riau,Gula Pasir,18357.69230769231
2025-01,Riau,Minyak Goreng,19740.384615384617
2025-01,Riau,Telur Ayam,31144.23076923077
2025-01,Sulawesi Barat,Bawang Merah,37520.37037037037
2025-01,Sulawesi Barat,Bawang Putih,42320.37037037037
2025-01,Sulawesi Barat,Beras,13288.888888888889
2025-01,Sulawesi Barat,Cabai Merah,31490.74074074074
2025-01,Sulawesi Barat,Cabai Rawit,46846.2962962963
2025-01,Sulawesi Barat,Daging Ayam,29414.814814814814
2025-01,Sulawesi Barat,Daging Sapi,125520.37037037036
2025-01,Sulawesi Barat,Gula Pasir,17931.48148148148
2025-01,Sulawesi Barat,Minyak Goreng,20800.0
2025-01,Sulawesi Barat,Telur Ayam,27114.814814814814
2025-01,Sulawesi Selatan,Bawang Merah,35977.77777777778
2025-01,Sulawesi Selatan,Bawang Putih,40601.851851851854
2025-01,Sulawesi Selatan,Beras,13398.148148148148
2025-01,Sulawesi Selatan,Cabai Merah,30346.296296296296
2025-01,Sulawesi Selatan,Cabai Rawit,49907.40740740741
2025-01,Sulawesi Selatan,Daging Ayam,31507.40740740741
2025-01,Sulawesi Selatan,Daging Sapi,125000.0
2025-01,Sulawesi Selatan,Gula Pasir,17570.37037037037
2025-01,Sulawesi Selatan,Minyak Goreng,19061.11111111111
2025-01,Sulawesi Selatan,Telur Ayam,25755.555555555555
2025-01,Sulawesi Tengah,Bawang Merah,39416.666666666664
2025-01,Sulawesi Tengah,Bawang Putih,48585.18518518518
2025-01,Sulawesi Tengah,Beras,14542.592592592593
2025-01,Sulawesi Tengah,Cabai Merah,32114.814814814814
2025-01,Sulawesi Tengah,Cabai Rawit,58651.851851851854
2025-01,Sulawesi Tengah,Daging Ayam,35088.88888888889
2025-01,Sulawesi Tengah,Daging Sapi,143148.14814814815
2025-01,Sulawesi Tengah,Gula Pasir,19861.11111111111
2025-01,Sulawesi Tengah,Minyak Goreng,19383.333333333332
2025-01,Sulawesi Tengah,Telur Ayam,31566.666666666668
2025-01,Sulawesi Tenggara,Bawang Merah,44568.51851851852
2025-01,Sulawesi Tenggara,Bawang Putih,49746.2962962963
2025-01,Sulawesi Tenggara,Beras,14816.666666666666
2025-01,Sulawesi Tenggara,Cabai Merah,44755.555555555555
2025-01,Sulawesi Tenggara,Cabai Rawit,55053.7037037037
2025-01,Sulawesi Tenggara,Daging Ayam,37894.444444444445
2025-01,Sulawesi Tenggara,Daging Sapi,138450.0
2025-01,Sulawesi Tenggara,Gula Pasir,20270.37037037037
2025-01,Sulawesi Tenggara,Minyak Goreng,21103.703703703704
2025-01,Sulawesi Tenggara,Telur Ayam,30703.703703703704
2025-01,Sulawesi Utara,Bawang Merah,45018.51851851852
2025-01,Sulawesi Utara,Bawang Putih,47098.148148148146
2025-01,Sulawesi Utara,Beras,14048.148148148148
2025-01,Sulawesi Utara,Cabai Merah,29779.62962962963
2025-01,Sulawesi Utara,Cabai Rawit,51292.59259259259
2025-01,Sulawesi Utara,Daging Ayam,41533.333333333336
2025-01,Sulawesi Utara,Daging Sapi,133750.0
2025-01,Sulawesi Utara,Gula Pasir,17935.185185185186
2025-01,Sulawesi Utara,Minyak Goreng,18807.40740740741
2025-01,Sulawesi Utara,Telur Ayam,31551.85185185185
2025-01,Sumatera Barat,Bawang Merah,40067.307692307695
2025-01,Sumatera Barat,Bawang Putih,42436.53846153846
2025-01,Sumatera Barat,Beras,17219.23076923077
2025-01,Sumatera Barat,Cabai Merah,60232.692307692305
2025-01,Sumatera Barat,Cabai Rawit,54798.07692307692
2025-01,Sumatera Barat,Daging Ayam,50217.307692307695
2025-01,Sumatera Barat,Daging Sapi,145000.0
2025-01,Sumatera Barat,Gula Pasir,18975.0
2025-01,Sumatera Barat,Minyak Goreng,20459.615384615383
2025-01,Sumatera Barat,Telur Ayam,29342.30769230769
2025-01,Sumatera Selatan,Bawang Merah,41327.77777777778
2025-01,Sumatera Selatan,Bawang Putih,42585.18518518518
2025-01,Sumatera Selatan,Beras,14937.037037037036
2025-01,Sumatera Selatan,Cabai Merah,60950.0
2025-01,Sumatera Selatan,Cabai Rawit,75840.74074074074
2025-01,Sumatera Selatan,Daging Ayam,34998.148148148146
2025-01,Sumatera Selatan,Daging Sapi,139220.37037037036
2025-01,Sumatera Selatan,Gula Pasir,18225.925925925927
2025-01,Sumatera Selatan,Minyak Goreng,20251.85185185185
2025-01,Sumatera Selatan,Telur Ayam,27911.11111111111
2025-01,Sumatera Utara,Bawang Merah,45444.444444444445
2025-01,Sumatera Utara,Bawang Putih,44062.96296296296
2025-01,Sumatera Utara,Beras,13764.814814814816
2025-01,Sumatera Utara,Cabai Merah,54142.59259259259
2025-01,Sumatera Utara,Cabai Rawit,59803.7037037037
2025-01,Sumatera Utara,Daging Ayam,38809.25925925926
2025-01,Sumatera Utara,Daging Sapi,138038.88888888888
2025-01,Sumatera Utara,Gula Pasir,19066.666666666668
2025-01,Sumatera Utara,Minyak Goreng,20605.555555555555
2025-01,Sumatera Utara,Telur Ayam,33050.0
2025-02,Aceh,Bawang Merah,36450.0
2025-02,Aceh,Bawang Putih,43475.0
2025-02,Aceh,Beras,13744.642857142857
2025-02,Aceh,Cabai Merah,50075.0
2025-02,Aceh,Cabai Rawit,60228.57142857143
2025-02,Aceh,Daging Ayam,31591.071428571428
2025-02,Aceh,Daging Sapi,148439.2857142857
2025-02,Aceh,Gula Pasir,19132.14285714286
2025-02,Aceh,Minyak Goreng,20912.5
2025-02,Aceh,Telur Ayam,28625.0
2025-02,Bali,Bawang Merah,28637.5
2025-02,Bali,Bawang Putih,39251.78571428572
2025-02,Bali,Beras,15187.5
2025-02,Bali,Cabai Merah,55723.21428571428
2025-02,Bali,Cabai Rawit,64410.71428571428
2025-02,Bali,Daging Ayam,41171.42857142857
2025-02,Bali,Daging Sapi,132837.5
2025-02,Bali,Gula Pasir,18753.571428571428
2025-02,Bali,Minyak Goreng,20721.428571428572
2025-02,Bali,Telur Ayam,28428.571428571428
2025-02,Banten,Bawang Merah,33980.357142857145
2025-02,Banten,Bawang Putih,44421.42857142857
2025-02,Banten,Beras,14957.142857142857
2025-02,Banten,Cabai Merah,54657.142857142855
2025-02,Banten,Cabai Rawit,74087.5
2025-02,Banten,Daging Ayam,37410.71428571428
2025-02,Banten,Daging Sapi,130416.07142857143
2025-02,Banten,Gula Pasir,18626.785714285714
2025-02,Banten,Minyak Goreng,18882.14285714286
2025-02,Banten,Telur Ayam,28532.14285714286
2025-02,Bengkulu,Bawang Merah,39764.81481481482
2025-02,Bengkulu,Bawang Putih,43109.25925925926
2025-02,Bengkulu,Beras,15183.333333333334
2025-02,Bengkulu,Cabai Merah,51242.59259259259
2025-02,Bengkulu,Cabai Rawit,62118.51851851852
2025-02,Bengkulu,Daging Ayam,32701.85185185185
2025-02,Bengkulu,Daging Sapi,135192.59259259258
2025-02,Bengkulu,Gula Pasir,18829.62962962963
2025-02,Bengkulu,Minyak Goreng,20050.0
2025-02,Bengkulu,Telur Ayam,28605.555555555555
2025-02,DI Yogyakarta,Bawang Merah,35276.78571428572
2025-02,DI Yogyakarta,Bawang Putih,44446.42857142857
2025-02,DI Yogyakarta,Beras,14150.0
2025-02,DI Yogyakarta,Cabai Merah,55862.5
2025-02,DI Yogyakarta,Cabai Rawit,68355.35714285714
2025-02,DI Yogyakarta,Daging Ayam,34178.57142857143
2025-02,DI Yogyakarta,Daging Sapi,135708.92857142858
2025-02,DI Yogyakarta,Gula Pasir,18250.0
2025-02,DI Yogyakarta,Minyak Goreng,20383.928571428572
2025-02,DI Yogyakarta,Telur Ayam,27417.85714285714
2025-02,DKI Jakarta,Bawang Merah,37042.59259259259
2025-02,DKI Jakarta,Bawang Putih,50407.40740740741
2025-02,DKI Jakarta,Beras,15703.703703703704
2025-02,DKI Jakarta,Cabai Merah,59220.37037037037
2025-02,DKI Jakarta,Cabai Rawit,79537.03703703704
2025-02,DKI Jakarta,Daging Ayam,36081.48148148148
2025-02,DKI Jakarta,Daging Sapi,135707.40740740742
2025-02,DKI Jakarta,Gula Pasir,19646.296296296296
2025-02,DKI Jakarta,Minyak Goreng,20735.185185185186
2025-02,DKI Jakarta,Telur Ayam,28388.88888888889
2025-02,Gorontalo,Bawang Merah,39664.28571428572
2025-02,Gorontalo,Bawang Putih,48798.21428571428
2025-02,Gorontalo,Beras,14694.642857142857
2025-02,Gorontalo,Cabai Merah,45126.78571428572
2025-02,Gorontalo,Cabai Rawit,65385.71428571428
2025-02,Gorontalo,Daging Ayam,27564.285714285714
2025-02,Gorontalo,Daging Sapi,132500.0
2025-02,Gorontalo,Gula Pasir,20012.5
2025-02,Gorontalo,Minyak Goreng,25110.714285714286
2025-02,Gorontalo,Telur Ayam,32473.214285714286
2025-02,Jambi,Bawang Merah,32230.35714285714
2025-02,Jambi,Bawang Putih,42698.21428571428
2025-02,Jambi,Beras,15050.0
2025-02,Jambi,Cabai Merah,45462.5
2025-02,Jambi,Cabai Rawit,75192.85714285714
2025-02,Jambi,Daging Ayam,31808.928571428572
2025-02,Jambi,Daging Sapi,137725.0
2025-02,Jambi,Gula Pasir,18641.071428571428
2025-02,Jambi,Minyak Goreng,20378.571428571428
2025-02,Jambi,Telur Ayam,25362.5
2025-02,Jawa Barat,Bawang Merah,34816.07142857143
2025-02,Jawa Barat,Bawang Putih,44151.78571428572
2025-02,Jawa Barat,Beras,14558.92857142857
2025-02,Jawa Barat,Cabai Merah,57021.42857142857
2025-02,Jawa Barat,Cabai Rawit,72844.64285714286
2025-02,Jawa Barat,Daging Ayam,35614.28571428572
2025-02,Jawa Barat,Daging Sapi,139503.57142857142
2025-02,Jawa Barat,Gula Pasir,18732.14285714286
2025-02,Jawa Barat,Minyak Goreng,20896.428571428572
2025-02,Jawa Barat,Telur Ayam,28433.928571428572
2025-02,Jawa Tengah,Bawang Merah,32932.142857142855
2025-02,Jawa Tengah,Bawang Putih,43375.0
2025-02,Jawa Tengah,Beras,14542.857142857143
2025-02,Jawa Tengah,Cabai Merah,48269.642857142855
2025-02,Jawa Tengah,Cabai Rawit,55780.357142857145
2025-02,Jawa Tengah,Daging Ayam,34500.0
2025-02,Jawa Tengah,Daging Sapi,128103.57142857143
2025-02,Jawa Tengah,Gula Pasir,18675.0
2025-02,Jawa Tengah,Minyak Goreng,20137.5
2025-02,Jawa Tengah,Telur Ayam,27269.64285714286
2025-02,Jawa Timur,Bawang Merah,31464.285714285714
2025-02,Jawa Timur,Bawang Putih,38880.357142857145
2025-02,Jawa Timur,Beras,14169.642857142857
2025-02,Jawa Timur,Cabai Merah,47285.71428571428
2025-02,Jawa Timur,Cabai Rawit,52371.42857142857
2025-02,Jawa Timur,Daging Ayam,34023.21428571428
2025-02,Jawa Timur,Daging Sapi,120657.14285714286
2025-02,Jawa Timur,Gula Pasir,18017.85714285714
2025-02,Jawa Timur,Minyak Goreng,20005.35714285714
2025-02,Jawa Timur,Telur Ayam,27275.0
2025-02,Kalimantan Barat,Bawang Merah,34866.666666666664
2025-02,Kalimantan Barat,Bawang Putih,41850.0
2025-02,Kalimantan Barat,Beras,16561.11111111111
2025-02,Kalimantan Barat,Cabai Merah,67985.18518518518
2025-02,Kalimantan Barat,Cabai Rawit,86181.48148148147
2025-02,Kalimantan Barat,Daging Ayam,34161.11111111111
2025-02,Kalimantan Barat,Daging Sapi,151307.40740740742
2025-02,Kalimantan Barat,Gula Pasir,18557.40740740741
2025-02,Kalimantan Barat,Minyak Goreng,20309.25925925926
2025-02,Kalimantan Barat,Telur Ayam,31635.185185185186
2025-02,Kalimantan Selatan,Bawang Merah,31485.416666666668
2025-02,Kalimantan Selatan,Bawang Putih,41127.083333333336
2025-02,Kalimantan Selatan,Beras,17039.583333333332
2025-02,Kalimantan Selatan,Cabai Merah,56093.75
2025-02,Kalimantan Selatan,Cabai Rawit,56927.083333333336
2025-02,Kalimantan Selatan,Daging Ayam,42960.416666666664
2025-02,Kalimantan Selatan,Daging Sapi,162487.5
2025-02,Kalimantan Selatan,Gula Pasir,18654.166666666668
2025-02,Kalimantan Selatan,Minyak Goreng,19833.333333333332
2025-02,Kalimantan Selatan,Telur Ayam,30072.916666666668
2025-02,Kalimantan Tengah,Bawang Merah,34876.78571428572
2025-02,Kalimantan Tengah,Bawang Putih,43760.71428571428
2025-02,Kalimantan Tengah,Beras,17450.0
2025-02,Kalimantan Tengah,Cabai Merah,87385.71428571429
2025-02,Kalimantan Tengah,Cabai Rawit,74228.57142857143
2025-02,Kalimantan Tengah,Daging Ayam,37958.92857142857
2025-02,Kalimantan Tengah,Daging Sapi,155350.0
2025-02,Kalimantan Tengah,Gula Pasir,20391.071428571428
2025-02,Kalimantan Tengah,Minyak Goreng,20787.5
2025-02,Kalimantan Tengah,Telur Ayam,31114.285714285714
2025-02,Kalimantan Timur,Bawang Merah,39635.71428571428
2025-02,Kalimantan Timur,Bawang Putih,45507.142857142855
2025-02,Kalimantan Timur,Beras,15939.285714285714
2025-02,Kalimantan Timur,Cabai Merah,55787.5
2025-02,Kalimantan Timur,Cabai Rawit,74446.42857142857
2025-02,Kalimantan Timur,Daging Ayam,40158.92857142857
2025-02,Kalimantan Timur,Daging Sapi,155216.07142857142
2025-02,Kalimantan Timur,Gula Pasir,18814.285714285714
2025-02,Kalimantan Timur,Minyak Goreng,21150.0
2025-02,Kalimantan Timur,Telur Ayam,30796.428571428572
2025-02,Kalimantan Utara,Bawang Merah,44109.09090909091
2025-02,Kalimantan Utara,Bawang Putih,45681.818181818184
2025-02,Kalimantan Utara,Beras,16543.18181818182
2025-02,Kalimantan Utara,Cabai Merah,73277.27272727272
2025-02,Kalimantan Utara,Cabai Rawit,109913.63636363637
2025-02,Kalimantan Utara,Daging Ayam,48727.27272727273
2025-02,Kalimantan Utara,Daging Sapi,131245.45454545456
2025-02,Kalimantan Utara,Gula Pasir,18997.727272727272
2025-02,Kalimantan Utara,Minyak Goreng,20827.272727272728
2025-02,Kalimantan Utara,Telur Ayam,31361.363636363636
2025-02,Kepulauan Bangka Belitung,Bawang Merah,40007.40740740741
2025-02,Kepulauan Bangka Belitung,Bawang Putih,43159.25925925926
2025-02,Kepulauan Bangka Belitung,Beras,15057.407407407407
2025-02,Kepulauan Bangka Belitung,Cabai Merah,67729.62962962964
2025-02,Kepulauan Bangka Belitung,Cabai Rawit,76485.18518518518
2025-02,Kepulauan Bangka Belitung,Daging Ayam,40009.25925925926
2025-02,Kepulauan Bangka Belitung,Daging Sapi,134977.77777777778
2025-02,Kepulauan Bangka Belitung,Gula Pasir,18481.48148148148
2025-02,Kepulauan Bangka Belitung,Minyak Goreng,19514.814814814814
2025-02,Kepulauan Bangka Belitung,Telur Ayam,32692.59259259259
2025-02,Kepulauan Riau,Bawang Merah,34353.57142857143
2025-02,Kepulauan Riau,Bawang Putih,35450.0
2025-02,Kepulauan Riau,Beras,15200.0
2025-02,Kepulauan Riau,Cabai Merah,73848.21428571429
2025-02,Kepulauan Riau,Cabai Rawit,84846.42857142857
2025-02,Kepulauan Riau,Daging Ayam,36012.5
2025-02,Kepulauan Riau,Daging Sapi,99667.85714285714
2025-02,Kepulauan Riau,Gula Pasir,16216.07142857143
2025-02,Kepulauan Riau,Minyak Goreng,19055.35714285714
2025-02,Kepulauan Riau,Telur Ayam,30687.5
2025-02,Lampung,Bawang Merah,29708.928571428572
2025-02,Lampung,Bawang Putih,41885.71428571428
2025-02,Lampung,Beras,14507.142857142857
2025-02,Lampung,Cabai Merah,53110.71428571428
2025-02,Lampung,Cabai Rawit,68616.07142857143
2025-02,Lampung,Daging Ayam,30476.785714285714
2025-02,Lampung,Daging Sapi,130739.28571428571
2025-02,Lampung,Gula Pasir,18530.35714285714
2025-02,Lampung,Minyak Goreng,20246.428571428572
2025-02,Lampung,Telur Ayam,28137.5
2025-02,Maluku,Bawang Merah,43294.230769230766
2025-02,Maluku,Bawang Putih,46730.769230769234
2025-02,Maluku,Beras,16125.0
2025-02,Maluku,Cabai Merah,83113.46153846153
2025-02,Maluku,Cabai Rawit,81138.46153846153
2025-02,Maluku,Daging Ayam,40869.230769230766
2025-02,Maluku,Daging Sapi,138342.3076923077
2025-02,Maluku,Gula Pasir,21169.23076923077
2025-02,Maluku,Minyak Goreng,22676.923076923078
2025-02,Maluku,Telur Ayam,35938.46153846154
2025-02,Maluku Utara,Bawang Merah,54153.846153846156
2025-02,Maluku Utara,Bawang Putih,60961.53846153846
2025-02,Maluku Utara,Beras,16700.0
2025-02,Maluku Utara,Cabai Merah,54471.153846153844
2025-02,Maluku Utara,Cabai Rawit,79086.53846153847
2025-02,Maluku Utara,Daging Ayam,44000.0
2025-02,Maluku Utara,Daging Sapi,140000.0
2025-02,Maluku Utara,Gula Pasir,20750.0
2025-02,Maluku Utara,Minyak Goreng,21850.0
2025-02,Maluku Utara,Telur Ayam,36050.0
2025-02,Nusa Tenggara Barat,Bawang Merah,32158.928571428572
2025-02,Nusa Tenggara Barat,Bawang Putih,42641.07142857143
2025-02,Nusa Tenggara Barat,Beras,13889.285714285714
2025-02,Nusa Tenggara Barat,Cabai Merah,61264.28571428572
2025-02,Nusa Tenggara Barat,Cabai Rawit,58866.07142857143
2025-02,Nusa Tenggara Barat,Daging Ayam,36151.78571428572
2025-02,Nusa Tenggara Barat,Daging Sapi,116987.5
2025-02,Nusa Tenggara Barat,Gula Pasir,17639.285714285714
2025-02,Nusa Tenggara Barat,Minyak Goreng,21255.35714285714
2025-02,Nusa Tenggara Barat,Telur Ayam,29157.14285714286
2025-02,Nusa Tenggara Timur,Bawang Merah,40142.857142857145
2025-02,Nusa Tenggara Timur,Bawang Putih,50364.28571428572
2025-02,Nusa Tenggara Timur,Beras,15398.214285714286
2025-02,Nusa Tenggara Timur,Cabai Merah,63305.357142857145
2025-02,Nusa Tenggara Timur,Cabai Rawit,78023.21428571429
2025-02,Nusa Tenggara Timur,Daging Ayam,46135.71428571428
2025-02,Nusa Tenggara Timur,Daging Sapi,115000.0
2025-02,Nusa Tenggara Timur,Gula Pasir,19641.071428571428
2025-02,Nusa Tenggara Timur,Minyak Goreng,21917.85714285714
2025-02,Nusa Tenggara Timur,Telur Ayam,32305.35714285714
2025-02,Papua,Bawang Merah,56446.42857142857
2025-02,Papua,Bawang Putih,55058.92857142857
2025-02,Papua,Beras,16782.14285714286
2025-02,Papua,Cabai Merah,91250.0
2025-02,Papua,Cabai Rawit,59744.642857142855
2025-02,Papua,Daging Ayam,43369.642857142855
2025-02,Papua,Daging Sapi,135403.57142857142
2025-02,Papua,Gula Pasir,21635.714285714286
2025-02,Papua,Minyak Goreng,21698.214285714286
2025-02,Papua,Telur Ayam,38326.78571428572
2025-02,Papua Barat,Bawang Merah,51712.96296296296
2025-02,Papua Barat,Bawang Putih,52083.333333333336
2025-02,Papua Barat,Beras,16470.37037037037
2025-02,Papua Barat,Cabai Merah,52485.18518518518
2025-02,Papua Barat,Cabai Rawit,59166.666666666664
2025-02,Papua Barat,Daging Ayam,48674.07407407407
2025-02,Papua Barat,Daging Sapi,147592.59259259258
2025-02,Papua Barat,Gula Pasir,20927.777777777777
2025-02,Papua Barat,Minyak Goreng,22901.85185185185
2025-02,Papua Barat,Telur Ayam,35116.666666666664
2025-02,Riau,Bawang Merah,35116.07142857143
2025-02,Riau,Bawang Putih,40842.857142857145
2025-02,Riau,Beras,15992.857142857143
2025-02,Riau,Cabai Merah,62698.21428571428
2025-02,Riau,Cabai Rawit,68589.28571428571
2025-02,Riau,Daging Ayam,27894.64285714286
2025-02,Riau,Daging Sapi,124739.28571428571
2025-02,Riau,Gula Pasir,18357.14285714286
2025-02,Riau,Minyak Goreng,19792.85714285714
2025-02,Riau,Telur Ayam,29517.85714285714
2025-02,Sulawesi Barat,Bawang Merah,32080.35714285714
2025-02,Sulawesi Barat,Bawang Putih,42214.28571428572
2025-02,Sulawesi Barat,Beras,13455.357142857143
2025-02,Sulawesi Barat,Cabai Merah,35187.5
2025-02,Sulawesi Barat,Cabai Rawit,44319.642857142855
2025-02,Sulawesi Barat,Daging Ayam,25839.285714285714
2025-02,Sulawesi Barat,Daging Sapi,125564.28571428571
2025-02,Sulawesi Barat,Gula Pasir,18326.785714285714
2025-02,Sulawesi Barat,Minyak Goreng,20792.85714285714
2025-02,Sulawesi Barat,Telur Ayam,26016.071428571428
2025-02,Sulawesi Selatan,Bawang Merah,31953.571428571428
2025-02,Sulawesi Selatan,Bawang Putih,41151.78571428572
2025-02,Sulawesi Selatan,Beras,13500.0
2025-02,Sulawesi Selatan,Cabai Merah,31696.428571428572
2025-02,Sulawesi Selatan,Cabai Rawit,48010.71428571428
2025-02,Sulawesi Selatan,Daging Ayam,24776.785714285714
2025-02,Sulawesi Selatan,Daging Sapi,125000.0
2025-02,Sulawesi Selatan,Gula Pasir,17696.428571428572
2025-02,Sulawesi Selatan,Minyak Goreng,19203.571428571428
2025-02,Sulawesi Selatan,Telur Ayam,25333.928571428572
2025-02,Sulawesi Tengah,Bawang Merah,37720.833333333336
2025-02,Sulawesi Tengah,Bawang Putih,48989.583333333336
2025-02,Sulawesi Tengah,Beras,14666.666666666666
2025-02,Sulawesi Tengah,Cabai Merah,37591.666666666664
2025-02,Sulawesi Tengah,Cabai Rawit,53639.583333333336
2025-02,Sulawesi Tengah,Daging Ayam,29437.5
2025-02,Sulawesi Tengah,Daging Sapi,142395.83333333334
2025-02,Sulawesi Tengah,Gula Pasir,20056.25
2025-02,Sulawesi Tengah,Minyak Goreng,19470.833333333332
2025-02,Sulawesi Tengah,Telur Ayam,30695.833333333332
2025-02,Sulawesi Tenggara,Bawang Merah,41326.78571428572
2025-02,Sulawesi Tenggara,Bawang Putih,50000.0
2025-02,Sulawesi Tenggara,Beras,14933.92857142857
2025-02,Sulawesi Tenggara,Cabai Merah,47975.0
2025-02,Sulawesi Tenggara,Cabai Rawit,60551.78571428572
2025-02,Sulawesi Tenggara,Daging Ayam,35966.07142857143
2025-02,Sulawesi Tenggara,Daging Sapi,138483.92857142858
2025-02,Sulawesi Tenggara,Gula Pasir,20864.285714285714
2025-02,Sulawesi Tenggara,Minyak Goreng,21317.85714285714
2025-02,Sulawesi Tenggara,Telur Ayam,30358.928571428572
2025-02,Sulawesi Utara,Bawang Merah,41712.5
2025-02,Sulawesi Utara,Bawang Putih,47348.21428571428
2025-02,Sulawesi Utara,Beras,14082.142857142857
2025-02,Sulawesi Utara,Cabai Merah,30189.285714285714
2025-02,Sulawesi Utara,Cabai Rawit,52637.5
2025-02,Sulawesi Utara,Daging Ayam,36042.857142857145
2025-02,Sulawesi Utara,Daging Sapi,133950.0
2025-02,Sulawesi Utara,Gula Pasir,18298.214285714286
2025-02,Sulawesi Utara,Minyak Goreng,18808.928571428572
2025-02,Sulawesi Utara,Telur Ayam,30048.214285714286
2025-02,Sumatera Barat,Bawang Merah,33085.18518518518
2025-02,Sumatera Barat,Bawang Putih,41050.0
2025-02,Sumatera Barat,Beras,17087.037037037036
2025-02,Sumatera Barat,Cabai Merah,57361.11111111111
2025-02,Sumatera Barat,Cabai Rawit,61420.37037037037
2025-02,Sumatera Barat,Daging Ayam,45412.96296296296
2025-02,Sumatera Barat,Daging Sapi,145694.44444444444
2025-02,Sumatera Barat,Gula Pasir,19103.703703703704
2025-02,Sumatera Barat,Minyak Goreng,20562.962962962964
2025-02,Sumatera Barat,Telur Ayam,28422.222222222223
2025-02,Sumatera Selatan,Bawang Merah,38641.07142857143
2025-02,Sumatera Selatan,Bawang Putih,42519.642857142855
2025-02,Sumatera Selatan,Beras,14946.42857142857
2025-02,Sumatera Selatan,Cabai Merah,64051.78571428572
2025-02,Sumatera Selatan,Cabai Rawit,87350.0
2025-02,Sumatera Selatan,Daging Ayam,32326.785714285714
2025-02,Sumatera Selatan,Daging Sapi,139100.0
2025-02,Sumatera Selatan,Gula Pasir,18173.214285714286
2025-02,Sumatera Selatan,Minyak Goreng,20457.14285714286
2025-02,Sumatera Selatan,Telur Ayam,27635.714285714286
2025-02,Sumatera Utara,Bawang Merah,38125.0
2025-02,Sumatera Utara,Bawang Putih,42617.857142857145
2025-02,Sumatera Utara,Beras,13864.285714285714
2025-02,Sumatera Utara,Cabai Merah,49546.42857142857
2025-02,Sumatera Utara,Cabai Rawit,58928.57142857143
2025-02,Sumatera Utara,Daging Ayam,34937.5
2025-02,Sumatera Utara,Daging Sapi,135976.7857142857
2025-02,Sumatera Utara,Gula Pasir,19251.785714285714
2025-02,Sumatera Utara,Minyak Goreng,20637.5
2025-02,Sumatera Utara,Telur Ayam,31114.285714285714
2025-03,Aceh,Bawang Merah,40036.666666666664
2025-03,Aceh,Bawang Putih,44483.333333333336
2025-03,Aceh,Beras,13758.333333333334
2025-03,Aceh,Cabai Merah,44006.666666666664
2025-03,Aceh,Cabai Rawit,47253.333333333336
2025-03,Aceh,Daging Ayam,33821.666666666664
2025-03,Aceh,Daging Sapi,150985.0
2025-03,Aceh,Gula Pasir,19283.333333333332
2025-03,Aceh,Minyak Goreng,21175.0
2025-03,Aceh,Telur Ayam,27993.333333333332
2025-03,Bali,Bawang Merah,35640.0
2025-03,Bali,Bawang Putih,39780.0
2025-03,Bali,Beras,15336.666666666666
2025-03,Bali,Cabai Merah,54258.333333333336
2025-03,Bali,Cabai Rawit,76168.33333333333
2025-03,Bali,Daging Ayam,39093.333333333336
2025-03,Bali,Daging Sapi,132850.0
2025-03,Bali,Gula Pasir,18850.0
2025-03,Bali,Minyak Goreng,21066.666666666668
2025-03,Bali,Telur Ayam,28130.0
2025-03,Banten,Bawang Merah,51608.333333333336
2025-03,Banten,Bawang Putih,45883.333333333336
2025-03,Banten,Beras,14850.0
2025-03,Banten,Cabai Merah,58853.333333333336
2025-03,Banten,Cabai Rawit,81430.0
2025-03,Banten,Daging Ayam,38358.333333333336
2025-03,Banten,Daging Sapi,136370.0
2025-03,Banten,Gula Pasir,18650.0
2025-03,Banten,Minyak Goreng,19023.333333333332
2025-03,Banten,Telur Ayam,28398.333333333332
2025-03,Bengkulu,Bawang Merah,44923.333333333336
2025-03,Bengkulu,Bawang Putih,46078.333333333336
2025-03,Bengkulu,Beras,15273.333333333334
2025-03,Bengkulu,Cabai Merah,42191.666666666664
2025-03,Bengkulu,Cabai Rawit,57275.0
2025-03,Bengkulu,Daging Ayam,32540.0
2025-03,Bengkulu,Daging Sapi,135446.66666666666
2025-03,Bengkulu,Gula Pasir,18833.333333333332
2025-03,Bengkulu,Minyak Goreng,20128.333333333332
2025-03,Bengkulu,Telur Ayam,28313.333333333332
2025-03,DI Yogyakarta,Bawang Merah,43775.0
2025-03,DI Yogyakarta,Bawang Putih,45050.0
2025-03,DI Yogyakarta,Beras,14290.0
2025-03,DI Yogyakarta,Cabai Merah,54146.666666666664
2025-03,DI Yogyakarta,Cabai Rawit,76326.66666666667
2025-03,DI Yogyakarta,Daging Ayam,35116.666666666664
2025-03,DI Yogyakarta,Daging Sapi,136188.33333333334
2025-03,DI Yogyakarta,Gula Pasir,18355.0
2025-03,DI Yogyakarta,Minyak Goreng,20400.0
2025-03,DI Yogyakarta,Telur Ayam,28000.0
2025-03,DKI Jakarta,Bawang Merah,56905.0
2025-03,DKI Jakarta,Bawang Putih,53728.333333333336
2025-03,DKI Jakarta,Beras,15696.666666666666
2025-03,DKI Jakarta,Cabai Merah,68013.33333333333
2025-03,DKI Jakarta,Cabai Rawit,88968.33333333333
2025-03,DKI Jakarta,Daging Ayam,37535.0
2025-03,DKI Jakarta,Daging Sapi,137986.66666666666
2025-03,DKI Jakarta,Gula Pasir,19650.0
2025-03,DKI Jakarta,Minyak Goreng,21050.0
2025-03,DKI Jakarta,Telur Ayam,29436.666666666668
2025-03,Gorontalo,Bawang Merah,48685.0
2025-03,Gorontalo,Bawang Putih,50488.333333333336
2025-03,Gorontalo,Beras,14743.333333333334
2025-03,Gorontalo,Cabai Merah,48246.666666666664
2025-03,Gorontalo,Cabai Rawit,91436.66666666667
2025-03,Gorontalo,Daging Ayam,31683.333333333332
2025-03,Gorontalo,Daging Sapi,135416.66666666666
2025-03,Gorontalo,Gula Pasir,20048.333333333332
2025-03,Gorontalo,Minyak Goreng,25676.666666666668
2025-03,Gorontalo,Telur Ayam,35050.0
2025-03,Jambi,Bawang Merah,37121.666666666664
2025-03,Jambi,Bawang Putih,43000.0
2025-03,Jambi,Beras,15050.0
2025-03,Jambi,Cabai Merah,36535.0
2025-03,Jambi,Cabai Rawit,70493.33333333333
2025-03,Jambi,Daging Ayam,32218.333333333332
2025-03,Jambi,Daging Sapi,140663.33333333334
2025-03,Jambi,Gula Pasir,18738.333333333332
2025-03,Jambi,Minyak Goreng,20700.0
2025-03,Jambi,Telur Ayam,25855.0
2025-03,Jawa Barat,Bawang Merah,51356.666666666664
2025-03,Jawa Barat,Bawang Putih,47095.0
2025-03,Jawa Barat,Beras,14600.0
2025-03,Jawa Barat,Cabai Merah,60016.666666666664
2025-03,Jawa Barat,Cabai Rawit,82526.66666666667
2025-03,Jawa Barat,Daging Ayam,36403.333333333336
2025-03,Jawa Barat,Daging Sapi,144090.0
2025-03,Jawa Barat,Gula Pasir,18755.0
2025-03,Jawa Barat,Minyak Goreng,20963.333333333332
2025-03,Jawa Barat,Telur Ayam,28940.0
2025-03,Jawa Tengah,Bawang Merah,46646.666666666664
2025-03,Jawa Tengah,Bawang Putih,44638.333333333336
2025-03,Jawa Tengah,Beras,14698.333333333334
2025-03,Jawa Tengah,Cabai Merah,49921.666666666664
2025-03,Jawa Tengah,Cabai Rawit,64810.0
2025-03,Jawa Tengah,Daging Ayam,35405.0
2025-03,Jawa Tengah,Daging Sapi,130125.0
2025-03,Jawa Tengah,Gula Pasir,18570.0
2025-03,Jawa Tengah,Minyak Goreng,20195.0
2025-03,Jawa Tengah,Telur Ayam,27940.0
2025-03,Jawa Timur,Bawang Merah,43018.333333333336
2025-03,Jawa Timur,Bawang Putih,39786.666666666664
2025-03,Jawa Timur,Beras,14226.666666666666
2025-03,Jawa Timur,Cabai Merah,47616.666666666664
2025-03,Jawa Timur,Cabai Rawit,62350.0
2025-03,Jawa Timur,Daging Ayam,34641.666666666664
2025-03,Jawa Timur,Daging Sapi,121721.66666666667
2025-03,Jawa Timur,Gula Pasir,17990.0
2025-03,Jawa Timur,Minyak Goreng,20100.0
2025-03,Jawa Timur,Telur Ayam,27470.0
2025-03,Kalimantan Barat,Bawang Merah,34993.333333333336
2025-03,Kalimantan Barat,Bawang Putih,42548.333333333336
2025-03,Kalimantan Barat,Beras,16511.666666666668
2025-03,Kalimantan Barat,Cabai Merah,75213.33333333333
2025-03,Kalimantan Barat,Cabai Rawit,102546.66666666667
2025-03,Kalimantan Barat,Daging Ayam,34285.0
2025-03,Kalimantan Barat,Daging Sapi,151826.66666666666
2025-03,Kalimantan Barat,Gula Pasir,18680.0
2025-03,Kalimantan Barat,Minyak Goreng,20430.0
2025-03,Kalimantan Barat,Telur Ayam,31905.0
2025-03,Kalimantan Selatan,Bawang Merah,38751.92307692308
2025-03,Kalimantan Selatan,Bawang Putih,42171.153846153844
2025-03,Kalimantan Selatan,Beras,17100.0
2025-03,Kalimantan Selatan,Cabai Merah,69436.53846153847
2025-03,Kalimantan Selatan,Cabai Rawit,74115.38461538461
2025-03,Kalimantan Selatan,Daging Ayam,43278.846153846156
2025-03,Kalimantan Selatan,Daging Sapi,163780.76923076922
2025-03,Kalimantan Selatan,Gula Pasir,18800.0
2025-03,Kalimantan Selatan,Minyak Goreng,20334.615384615383
2025-03,Kalimantan Selatan,Telur Ayam,30476.923076923078
2025-03,Kalimantan Tengah,Bawang Merah,42033.333333333336
2025-03,Kalimantan Tengah,Bawang Putih,45150.0
2025-03,Kalimantan Tengah,Beras,17498.14814814815
2025-03,Kalimantan Tengah,Cabai Merah,99107.4074074074
2025-03,Kalimantan Tengah,Cabai Rawit,98794.44444444444
2025-03,Kalimantan Tengah,Daging Ayam,36920.37037037037
2025-03,Kalimantan Tengah,Daging Sapi,155535.1851851852
2025-03,Kalimantan Tengah,Gula Pasir,20640.74074074074
2025-03,Kalimantan Tengah,Minyak Goreng,20948.14814814815
2025-03,Kalimantan Tengah,Telur Ayam,32107.40740740741
2025-03,Kalimantan Timur,Bawang Merah,45678.333333333336
2025-03,Kalimantan Timur,Bawang Putih,46711.666666666664
2025-03,Kalimantan Timur,Beras,15963.333333333334
2025-03,Kalimantan Timur,Cabai Merah,68450.0
2025-03,Kalimantan Timur,Cabai Rawit,98676.66666666667
2025-03,Kalimantan Timur,Daging Ayam,39480.0
2025-03,Kalimantan Timur,Daging Sapi,160166.66666666666
2025-03,Kalimantan Timur,Gula Pasir,19225.0
2025-03,Kalimantan Timur,Minyak Goreng,21265.0
2025-03,Kalimantan Timur,Telur Ayam,30721.666666666668
2025-03,Kalimantan Utara,Bawang Merah,47986.666666666664
2025-03,Kalimantan Utara,Bawang Putih,47280.0
2025-03,Kalimantan Utara,Beras,16548.333333333332
2025-03,Kalimantan Utara,Cabai Merah,93553.33333333333
2025-03,Kalimantan Utara,Cabai Rawit,155481.66666666666
2025-03,Kalimantan Utara,Daging Ayam,46756.666666666664
2025-03,Kalimantan Utara,Daging Sapi,136793.33333333334
2025-03,Kalimantan Utara,Gula Pasir,18981.666666666668
2025-03,Kalimantan Utara,Minyak Goreng,20876.666666666668
2025-03,Kalimantan Utara,Telur Ayam,32258.333333333332
2025-03,Kepulauan Bangka Belitung,Bawang Merah,52243.333333333336
2025-03,Kepulauan Bangka Belitung,Bawang Putih,45018.333333333336
2025-03,Kepulauan Bangka Belitung,Beras,15015.0
2025-03,Kepulauan Bangka Belitung,Cabai Merah,62608.333333333336
2025-03,Kepulauan Bangka Belitung,Cabai Rawit,83546.66666666667
2025-03,Kepulauan Bangka Belitung,Daging Ayam,35023.333333333336
2025-03,Kepulauan Bangka Belitung,Daging Sapi,137546.66666666666
2025-03,Kepulauan Bangka Belitung,Gula Pasir,18560.0
2025-03,Kepulauan Bangka Belitung,Minyak Goreng,19371.666666666668
2025-03,Kepulauan Bangka Belitung,Telur Ayam,32901.666666666664
2025-03,Kepulauan Riau,Bawang Merah,39936.206896551725
2025-03,Kepulauan Riau,Bawang Putih,35634.48275862069
2025-03,Kepulauan Riau,Beras,15112.068965517241
2025-03,Kepulauan Riau,Cabai Merah,60310.34482758621
2025-03,Kepulauan Riau,Cabai Rawit,63465.51724137931
2025-03,Kepulauan Riau,Daging Ayam,38943.10344827586
2025-03,Kepulauan Riau,Daging Sapi,100434.4827586207
2025-03,Kepulauan Riau,Gula Pasir,17201.724137931036
2025-03,Kepulauan Riau,Minyak Goreng,19093.103448275862
2025-03,Kepulauan Riau,Telur Ayam,30427.58620689655
2025-03,Lampung,Bawang Merah,44988.333333333336
2025-03,Lampung,Bawang Putih,44803.333333333336
2025-03,Lampung,Beras,14673.333333333334
2025-03,Lampung,Cabai Merah,48945.0
2025-03,Lampung,Cabai Rawit,67501.66666666667
2025-03,Lampung,Daging Ayam,30816.666666666668
2025-03,Lampung,Daging Sapi,134103.33333333334
2025-03,Lampung,Gula Pasir,18543.333333333332
2025-03,Lampung,Minyak Goreng,20213.333333333332
2025-03,Lampung,Telur Ayam,28740.0
2025-03,Maluku,Bawang Merah,48344.230769230766
2025-03,Maluku,Bawang Putih,48034.61538461538
2025-03,Maluku,Beras,16176.923076923076
2025-03,Maluku,Cabai Merah,97155.76923076923
2025-03,Maluku,Cabai Rawit,106273.07692307692
2025-03,Maluku,Daging Ayam,40640.38461538462
2025-03,Maluku,Daging Sapi,138944.23076923078
2025-03,Maluku,Gula Pasir,21351.923076923078
2025-03,Maluku,Minyak Goreng,22948.076923076922
2025-03,Maluku,Telur Ayam,36592.307692307695
2025-03,Maluku Utara,Bawang Merah,57812.5
2025-03,Maluku Utara,Bawang Putih,62812.5
2025-03,Maluku Utara,Beras,16700.0
2025-03,Maluku Utara,Cabai Merah,68750.0
2025-03,Maluku Utara,Cabai Rawit,115000.0
2025-03,Maluku Utara,Daging Ayam,44000.0
2025-03,Maluku Utara,Daging Sapi,140833.33333333334
2025-03,Maluku Utara,Gula Pasir,21000.0
2025-03,Maluku Utara,Minyak Goreng,21850.0
2025-03,Maluku Utara,Telur Ayam,36050.0
2025-03,Nusa Tenggara Barat,Bawang Merah,40418.333333333336
2025-03,Nusa Tenggara Barat,Bawang Putih,44503.333333333336
2025-03,Nusa Tenggara Barat,Beras,13886.666666666666
2025-03,Nusa Tenggara Barat,Cabai Merah,53756.666666666664
2025-03,Nusa Tenggara Barat,Cabai Rawit,93255.0
2025-03,Nusa Tenggara Barat,Daging Ayam,37860.0
2025-03,Nusa Tenggara Barat,Daging Sapi,118273.33333333333
2025-03,Nusa Tenggara Barat,Gula Pasir,17833.333333333332
2025-03,Nusa Tenggara Barat,Minyak Goreng,21621.666666666668
2025-03,Nusa Tenggara Barat,Telur Ayam,29491.666666666668
2025-03,Nusa Tenggara Timur,Bawang Merah,41453.333333333336
2025-03,Nusa Tenggara Timur,Bawang Putih,50491.666666666664
2025-03,Nusa Tenggara Timur,Beras,15373.333333333334
2025-03,Nusa Tenggara Timur,Cabai Merah,64968.333333333336
2025-03,Nusa Tenggara Timur,Cabai Rawit,71548.33333333333
2025-03,Nusa Tenggara Timur,Daging Ayam,44021.666666666664
2025-03,Nusa Tenggara Timur,Daging Sapi,115000.0
2025-03,Nusa Tenggara Timur,Gula Pasir,19588.333333333332
2025-03,Nusa Tenggara Timur,Minyak Goreng,22143.333333333332
2025-03,Nusa Tenggara Timur,Telur Ayam,33168.333333333336
2025-03,Papua,Bawang Merah,58200.0
2025-03,Papua,Bawang Putih,58076.666666666664
2025-03,Papua,Beras,17281.666666666668
2025-03,Papua,Cabai Merah,87151.66666666667
2025-03,Papua,Cabai Rawit,73395.0
2025-03,Papua,Daging Ayam,44526.666666666664
2025-03,Papua,Daging Sapi,143516.66666666666
2025-03,Papua,Gula Pasir,22680.0
2025-03,Papua,Minyak Goreng,22588.333333333332
2025-03,Papua,Telur Ayam,38841.666666666664
2025-03,Papua Barat,Bawang Merah,55833.333333333336
2025-03,Papua Barat,Bawang Putih,54666.666666666664
2025-03,Papua Barat,Beras,16438.333333333332
2025-03,Papua Barat,Cabai Merah,55493.333333333336
2025-03,Papua Barat,Cabai Rawit,54083.333333333336
2025-03,Papua Barat,Daging Ayam,47220.0
2025-03,Papua Barat,Daging Sapi,148666.66666666666
2025-03,Papua Barat,Gula Pasir,21165.0
2025-03,Papua Barat,Minyak Goreng,23283.333333333332
2025-03,Papua Barat,Telur Ayam,36171.666666666664
2025-03,Riau,Bawang Merah,35721.666666666664
2025-03,Riau,Bawang Putih,42035.0
2025-03,Riau,Beras,16050.0
2025-03,Riau,Cabai Merah,52505.0
2025-03,Riau,Cabai Rawit,59423.333333333336
2025-03,Riau,Daging Ayam,29345.0
2025-03,Riau,Daging Sapi,125758.33333333333
2025-03,Riau,Gula Pasir,18753.333333333332
2025-03,Riau,Minyak Goreng,19661.666666666668
2025-03,Riau,Telur Ayam,28273.333333333332
2025-03,Sulawesi Barat,Bawang Merah,35890.0
2025-03,Sulawesi Barat,Bawang Putih,43283.333333333336
2025-03,Sulawesi Barat,Beras,13500.0
2025-03,Sulawesi Barat,Cabai Merah,43810.0
2025-03,Sulawesi Barat,Cabai Rawit,62906.666666666664
2025-03,Sulawesi Barat,Daging Ayam,26866.666666666668
2025-03,Sulawesi Barat,Daging Sapi,127445.0
2025-03,Sulawesi Barat,Gula Pasir,18446.666666666668
2025-03,Sulawesi Barat,Minyak Goreng,20943.333333333332
2025-03,Sulawesi Barat,Telur Ayam,26498.333333333332
2025-03,Sulawesi Selatan,Bawang Merah,36640.0
2025-03,Sulawesi Selatan,Bawang Putih,43313.333333333336
2025-03,Sulawesi Selatan,Beras,13546.666666666666
2025-03,Sulawesi Selatan,Cabai Merah,40595.0
2025-03,Sulawesi Selatan,Cabai Rawit,66666.66666666667
2025-03,Sulawesi Selatan,Daging Ayam,25885.0
2025-03,Sulawesi Selatan,Daging Sapi,125000.0
2025-03,Sulawesi Selatan,Gula Pasir,17740.0
2025-03,Sulawesi Selatan,Minyak Goreng,19395.0
2025-03,Sulawesi Selatan,Telur Ayam,26191.666666666668
2025-03,Sulawesi Tengah,Bawang Merah,44163.333333333336
2025-03,Sulawesi Tengah,Bawang Putih,49726.666666666664
2025-03,Sulawesi Tengah,Beras,14578.333333333334
2025-03,Sulawesi Tengah,Cabai Merah,41561.666666666664
2025-03,Sulawesi Tengah,Cabai Rawit,69840.0
2025-03,Sulawesi Tengah,Daging Ayam,30763.333333333332
2025-03,Sulawesi Tengah,Daging Sapi,143858.33333333334
2025-03,Sulawesi Tengah,Gula Pasir,20473.333333333332
2025-03,Sulawesi Tengah,Minyak Goreng,19736.666666666668
2025-03,Sulawesi Tengah,Telur Ayam,31270.0
2025-03,Sulawesi Tenggara,Bawang Merah,47226.666666666664
2025-03,Sulawesi Tenggara,Bawang Putih,50043.333333333336
2025-03,Sulawesi Tenggara,Beras,15066.666666666666
2025-03,Sulawesi Tenggara,Cabai Merah,67533.33333333333
2025-03,Sulawesi Tenggara,Cabai Rawit,93333.33333333333
2025-03,Sulawesi Tenggara,Daging Ayam,35476.666666666664
2025-03,Sulawesi Tenggara,Daging Sapi,139400.0
2025-03,Sulawesi Tenggara,Gula Pasir,21260.0
2025-03,Sulawesi Tenggara,Minyak Goreng,21350.0
2025-03,Sulawesi Tenggara,Telur Ayam,31890.0
2025-03,Sulawesi Utara,Bawang Merah,46826.666666666664
2025-03,Sulawesi Utara,Bawang Putih,48150.0
2025-03,Sulawesi Utara,Beras,14156.666666666666
2025-03,Sulawesi Utara,Cabai Merah,46251.666666666664
2025-03,Sulawesi Utara,Cabai Rawit,81675.0
2025-03,Sulawesi Utara,Daging Ayam,38905.0
2025-03,Sulawesi Utara,Daging Sapi,134683.33333333334
2025-03,Sulawesi Utara,Gula Pasir,18210.0
2025-03,Sulawesi Utara,Minyak Goreng,19061.666666666668
2025-03,Sulawesi Utara,Telur Ayam,29586.666666666668
2025-03,Sumatera Barat,Bawang Merah,36335.0
2025-03,Sumatera Barat,Bawang Putih,43006.666666666664
2025-03,Sumatera Barat,Beras,17038.333333333332
2025-03,Sumatera Barat,Cabai Merah,51530.0
2025-03,Sumatera Barat,Cabai Rawit,47343.333333333336
2025-03,Sumatera Barat,Daging Ayam,46828.333333333336
2025-03,Sumatera Barat,Daging Sapi,148025.0
2025-03,Sumatera Barat,Gula Pasir,19150.0
2025-03,Sumatera Barat,Minyak Goreng,20973.333333333332
2025-03,Sumatera Barat,Telur Ayam,28393.333333333332
2025-03,Sumatera Selatan,Bawang Merah,44171.666666666664
2025-03,Sumatera Selatan,Bawang Putih,47148.333333333336
2025-03,Sumatera Selatan,Beras,14968.333333333334
2025-03,Sumatera Selatan,Cabai Merah,62023.333333333336
2025-03,Sumatera Selatan,Cabai Rawit,87963.33333333333
2025-03,Sumatera Selatan,Daging Ayam,32548.333333333332
2025-03,Sumatera Selatan,Daging Sapi,140735.0
2025-03,Sumatera Selatan,Gula Pasir,18220.0
2025-03,Sumatera Selatan,Minyak Goreng,20461.666666666668
2025-03,Sumatera Selatan,Telur Ayam,28351.666666666668
2025-03,Sumatera Utara,Bawang Merah,39186.666666666664
2025-03,Sumatera Utara,Bawang Putih,43268.333333333336
2025-03,Sumatera Utara,Beras,13920.0
2025-03,Sumatera Utara,Cabai Merah,39683.333333333336
2025-03,Sumatera Utara,Cabai Rawit,39985.0
2025-03,Sumatera Utara,Daging Ayam,36331.666666666664
2025-03,Sumatera Utara,Daging Sapi,136265.0
2025-03,Sumatera Utara,Gula Pasir,19358.333333333332
2025-03,Sumatera Utara,Minyak Goreng,20883.333333333332
2025-03,Sumatera Utara,Telur Ayam,31050.0
2025-04,Aceh,Bawang Merah,44891.379310344826
2025-04,Aceh,Bawang Putih,44631.03448275862
2025-04,Aceh,Beras,13793.103448275862
2025-04,Aceh,Cabai Merah,57767.24137931035
2025-04,Aceh,Cabai Rawit,43905.1724137931
2025-04,Aceh,Daging Ayam,32987.93103448276
2025-04,Aceh,Daging Sapi,146650.0
2025-04,Aceh,Gula Pasir,19301.724137931036
2025-04,Aceh,Minyak Goreng,21194.827586206895
2025-04,Aceh,Telur Ayam,27889.655172413793
2025-04,Bali,Bawang Merah,45258.620689655174
2025-04,Bali,Bawang Putih,40412.06896551724
2025-04,Bali,Beras,15346.551724137931
2025-04,Bali,Cabai Merah,44308.620689655174
2025-04,Bali,Cabai Rawit,62191.379310344826
2025-04,Bali,Daging Ayam,37279.31034482759
2025-04,Bali,Daging Sapi,132424.1379310345
2025-04,Bali,Gula Pasir,18853.44827586207
2025-04,Bali,Minyak Goreng,21150.0
2025-04,Bali,Telur Ayam,27762.068965517243
2025-04,Banten,Bawang Merah,52400.0
2025-04,Banten,Bawang Putih,49060.34482758621
2025-04,Banten,Beras,14670.689655172413
2025-04,Banten,Cabai Merah,59256.89655172414
2025-04,Banten,Cabai Rawit,65094.8275862069
2025-04,Banten,Daging Ayam,37358.620689655174
2025-04,Banten,Daging Sapi,135956.89655172414
2025-04,Banten,Gula Pasir,18650.0
2025-04,Banten,Minyak Goreng,19300.0
2025-04,Banten,Telur Ayam,27032.758620689656
2025-04,Bengkulu,Bawang Merah,48748.275862068964
2025-04,Bengkulu,Bawang Putih,46986.206896551725
2025-04,Bengkulu,Beras,15300.0
2025-04,Bengkulu,Cabai Merah,47558.620689655174
2025-04,Bengkulu,Cabai Rawit,45658.620689655174
2025-04,Bengkulu,Daging Ayam,30113.793103448275
2025-04,Bengkulu,Daging Sapi,135300.0
2025-04,Bengkulu,Gula Pasir,18900.0
2025-04,Bengkulu,Minyak Goreng,20077.58620689655
2025-04,Bengkulu,Telur Ayam,28246.55172413793
2025-04,DI Yogyakarta,Bawang Merah,48646.55172413793
2025-04,DI Yogyakarta,Bawang Putih,45758.620689655174
2025-04,DI Yogyakarta,Beras,14300.0
2025-04,DI Yogyakarta,Cabai Merah,52665.51724137931
2025-04,DI Yogyakarta,Cabai Rawit,69020.68965517242
2025-04,DI Yogyakarta,Daging Ayam,32258.620689655174
2025-04,DI Yogyakarta,Daging Sapi,136250.0
2025-04,DI Yogyakarta,Gula Pasir,18334.48275862069
2025-04,DI Yogyakarta,Minyak Goreng,20412.068965517243
2025-04,DI Yogyakarta,Telur Ayam,26620.689655172413
2025-04,DKI Jakarta,Bawang Merah,61725.862068965514
2025-04,DKI Jakarta,Bawang Putih,60110.34482758621
2025-04,DKI Jakarta,Beras,15694.827586206897
2025-04,DKI Jakarta,Cabai Merah,68756.89655172414
2025-04,DKI Jakarta,Cabai Rawit,75477.58620689655
2025-04,DKI Jakarta,Daging Ayam,35468.96551724138
2025-04,DKI Jakarta,Daging Sapi,139222.41379310345
2025-04,DKI Jakarta,Gula Pasir,19650.0
2025-04,DKI Jakarta,Minyak Goreng,21025.862068965518
2025-04,DKI Jakarta,Telur Ayam,27524.137931034482
2025-04,Gorontalo,Bawang Merah,46558.620689655174
2025-04,Gorontalo,Bawang Putih,49560.34482758621
2025-04,Gorontalo,Beras,14748.275862068966
2025-04,Gorontalo,Cabai Merah,62551.724137931036
2025-04,Gorontalo,Cabai Rawit,87436.20689655172
2025-04,Gorontalo,Daging Ayam,32765.51724137931
2025-04,Gorontalo,Daging Sapi,133706.89655172414
2025-04,Gorontalo,Gula Pasir,20098.275862068964
2025-04,Gorontalo,Minyak Goreng,25998.275862068964
2025-04,Gorontalo,Telur Ayam,35465.51724137931
2025-04,Jambi,Bawang Merah,41043.10344827586
2025-04,Jambi,Bawang Putih,42774.137931034486
2025-04,Jambi,Beras,15050.0
2025-04,Jambi,Cabai Merah,50800.0
2025-04,Jambi,Cabai Rawit,55910.34482758621
2025-04,Jambi,Daging Ayam,29562.068965517243
2025-04,Jambi,Daging Sapi,140148.27586206896
2025-04,Jambi,Gula Pasir,18750.0
2025-04,Jambi,Minyak Goreng,20700.0
2025-04,Jambi,Telur Ayam,25801.724137931036
2025-04,Jawa Barat,Bawang Merah,55186.206896551725
2025-04,Jawa Barat,Bawang Putih,48801.724137931036
2025-04,Jawa Barat,Beras,14600.0
2025-04,Jawa Barat,Cabai Merah,56250.0
2025-04,Jawa Barat,Cabai Rawit,68686.20689655172
2025-04,Jawa Barat,Daging Ayam,34379.31034482759
2025-04,Jawa Barat,Daging Sapi,143427.58620689655
2025-04,Jawa Barat,Gula Pasir,18750.0
2025-04,Jawa Barat,Minyak Goreng,20912.068965517243
2025-04,Jawa Barat,Telur Ayam,27275.862068965518
2025-04,Jawa Tengah,Bawang Merah,50020.68965517241
2025-04,Jawa Tengah,Bawang Putih,45700.0
2025-04,Jawa Tengah,Beras,14736.206896551725
2025-04,Jawa Tengah,Cabai Merah,52115.51724137931
2025-04,Jawa Tengah,Cabai Rawit,55991.379310344826
2025-04,Jawa Tengah,Daging Ayam,33341.379310344826
2025-04,Jawa Tengah,Daging Sapi,130853.44827586207
2025-04,Jawa Tengah,Gula Pasir,18582.758620689656
2025-04,Jawa Tengah,Minyak Goreng,20060.344827586207
2025-04,Jawa Tengah,Telur Ayam,26487.931034482757
2025-04,Jawa Timur,Bawang Merah,46574.137931034486
2025-04,Jawa Timur,Bawang Putih,39668.96551724138
2025-04,Jawa Timur,Beras,14215.51724137931
2025-04,Jawa Timur,Cabai Merah,40322.41379310345
2025-04,Jawa Timur,Cabai Rawit,48281.03448275862
2025-04,Jawa Timur,Daging Ayam,31693.103448275862
2025-04,Jawa Timur,Daging Sapi,122813.79310344828
2025-04,Jawa Timur,Gula Pasir,18006.896551724138
2025-04,Jawa Timur,Minyak Goreng,20122.41379310345
2025-04,Jawa Timur,Telur Ayam,25767.241379310344
2025-04,Kalimantan Barat,Bawang Merah,36334.48275862069
2025-04,Kalimantan Barat,Bawang Putih,42137.93103448276
2025-04,Kalimantan Barat,Beras,16343.103448275862
2025-04,Kalimantan Barat,Cabai Merah,74774.13793103448
2025-04,Kalimantan Barat,Cabai Rawit,96641.37931034483
2025-04,Kalimantan Barat,Daging Ayam,33834.48275862069
2025-04,Kalimantan Barat,Daging Sapi,151148.27586206896
2025-04,Kalimantan Barat,Gula Pasir,18750.0
2025-04,Kalimantan Barat,Minyak Goreng,20450.0
2025-04,Kalimantan Barat,Telur Ayam,32170.689655172413
2025-04,Kalimantan Selatan,Bawang Merah,43663.793103448275
2025-04,Kalimantan Selatan,Bawang Putih,42556.89655172414
2025-04,Kalimantan Selatan,Beras,17100.0
2025-04,Kalimantan Selatan,Cabai Merah,68198.27586206897
2025-04,Kalimantan Selatan,Cabai Rawit,66310.3448275862
2025-04,Kalimantan Selatan,Daging Ayam,43027.58620689655
2025-04,Kalimantan Selatan,Daging Sapi,164262.06896551725
2025-04,Kalimantan Selatan,Gula Pasir,18800.0
2025-04,Kalimantan Selatan,Minyak Goreng,20877.58620689655
2025-04,Kalimantan Selatan,Telur Ayam,30203.44827586207
2025-04,Kalimantan Tengah,Bawang Merah,42224.137931034486
2025-04,Kalimantan Tengah,Bawang Putih,44348.275862068964
2025-04,Kalimantan Tengah,Beras,17594.827586206895
2025-04,Kalimantan Tengah,Cabai Merah,104241.37931034483
2025-04,Kalimantan Tengah,Cabai Rawit,96165.5172413793
2025-04,Kalimantan Tengah,Daging Ayam,35208.620689655174
2025-04,Kalimantan Tengah,Daging Sapi,155651.72413793104
2025-04,Kalimantan Tengah,Gula Pasir,21256.896551724138
2025-04,Kalimantan Tengah,Minyak Goreng,20920.689655172413
2025-04,Kalimantan Tengah,Telur Ayam,30675.862068965518
2025-04,Kalimantan Timur,Bawang Merah,44862.06896551724
2025-04,Kalimantan Timur,Bawang Putih,46527.58620689655
2025-04,Kalimantan Timur,Beras,15960.344827586207
2025-04,Kalimantan Timur,Cabai Merah,66451.72413793103
2025-04,Kalimantan Timur,Cabai Rawit,80982.75862068965
2025-04,Kalimantan Timur,Daging Ayam,38624.137931034486
2025-04,Kalimantan Timur,Daging Sapi,164448.27586206896
2025-04,Kalimantan Timur,Gula Pasir,19348.275862068964
2025-04,Kalimantan Timur,Minyak Goreng,21486.206896551725
2025-04,Kalimantan Timur,Telur Ayam,29575.862068965518
2025-04,Kalimantan Utara,Bawang Merah,51158.620689655174
2025-04,Kalimantan Utara,Bawang Putih,48322.41379310345
2025-04,Kalimantan Utara,Beras,16567.241379310344
2025-04,Kalimantan Utara,Cabai Merah,89437.93103448275
2025-04,Kalimantan Utara,Cabai Rawit,127191.37931034483
2025-04,Kalimantan Utara,Daging Ayam,45251.724137931036
2025-04,Kalimantan Utara,Daging Sapi,141167.24137931035
2025-04,Kalimantan Utara,Gula Pasir,19129.310344827587
2025-04,Kalimantan Utara,Minyak Goreng,20868.96551724138
2025-04,Kalimantan Utara,Telur Ayam,31987.931034482757
2025-04,Kepulauan Bangka Belitung,Bawang Merah,61550.0
2025-04,Kepulauan Bangka Belitung,Bawang Putih,46241.379310344826
2025-04,Kepulauan Bangka Belitung,Beras,15000.0
2025-04,Kepulauan Bangka Belitung,Cabai Merah,74286.20689655172
2025-04,Kepulauan Bangka Belitung,Cabai Rawit,89767.24137931035
2025-04,Kepulauan Bangka Belitung,Daging Ayam,32746.55172413793
2025-04,Kepulauan Bangka Belitung,Daging Sapi,135762.06896551725
2025-04,Kepulauan Bangka Belitung,Gula Pasir,18593.103448275862
2025-04,Kepulauan Bangka Belitung,Minyak Goreng,19300.0
2025-04,Kepulauan Bangka Belitung,Telur Ayam,32898.275862068964
2025-04,Kepulauan Riau,Bawang Merah,37825.862068965514
2025-04,Kepulauan Riau,Bawang Putih,35403.44827586207
2025-04,Kepulauan Riau,Beras,15103.448275862069
2025-04,Kepulauan Riau,Cabai Merah,67894.8275862069
2025-04,Kepulauan Riau,Cabai Rawit,54267.24137931035
2025-04,Kepulauan Riau,Daging Ayam,39031.03448275862
2025-04,Kepulauan Riau,Daging Sapi,100355.1724137931
2025-04,Kepulauan Riau,Gula Pasir,16868.96551724138
2025-04,Kepulauan Riau,Minyak Goreng,19131.03448275862
2025-04,Kepulauan Riau,Telur Ayam,30286.206896551725
2025-04,Lampung,Bawang Merah,46641.379310344826
2025-04,Lampung,Bawang Putih,45906.89655172414
2025-04,Lampung,Beras,14725.862068965518
2025-04,Lampung,Cabai Merah,56584.48275862069
2025-04,Lampung,Cabai Rawit,58070.68965517241
2025-04,Lampung,Daging Ayam,29039.655172413793
2025-04,Lampung,Daging Sapi,133534.4827586207
2025-04,Lampung,Gula Pasir,18568.96551724138
2025-04,Lampung,Minyak Goreng,20222.41379310345
2025-04,Lampung,Telur Ayam,27631.03448275862
2025-04,Maluku,Bawang Merah,52484.48275862069
2025-04,Maluku,Bawang Putih,50339.65517241379
2025-04,Maluku,Beras,16175.862068965518
2025-04,Maluku,Cabai Merah,103363.79310344828
2025-04,Maluku,Cabai Rawit,120386.20689655172
2025-04,Maluku,Daging Ayam,41220.68965517241
2025-04,Maluku,Daging Sapi,137844.8275862069
2025-04,Maluku,Gula Pasir,21358.620689655174
2025-04,Maluku,Minyak Goreng,22950.0
2025-04,Maluku,Telur Ayam,36331.03448275862
2025-04,Maluku Utara,Bawang Merah,65129.31034482759
2025-04,Maluku Utara,Bawang Putih,64698.275862068964
2025-04,Maluku Utara,Beras,16700.0
2025-04,Maluku Utara,Cabai Merah,68663.79310344828
2025-04,Maluku Utara,Cabai Rawit,104137.93103448275
2025-04,Maluku Utara,Daging Ayam,44068.96551724138
2025-04,Maluku Utara,Daging Sapi,140000.0
2025-04,Maluku Utara,Gula Pasir,21000.0
2025-04,Maluku Utara,Minyak Goreng,21850.0
2025-04,Maluku Utara,Telur Ayam,36050.0
2025-04,Nusa Tenggara Barat,Bawang Merah,45137.93103448276
2025-04,Nusa Tenggara Barat,Bawang Putih,44425.862068965514
2025-04,Nusa Tenggara Barat,Beras,13877.586206896553
2025-04,Nusa Tenggara Barat,Cabai Merah,44822.41379310345
2025-04,Nusa Tenggara Barat,Cabai Rawit,79610.3448275862
2025-04,Nusa Tenggara Barat,Daging Ayam,35472.41379310345
2025-04,Nusa Tenggara Barat,Daging Sapi,118132.75862068965
2025-04,Nusa Tenggara Barat,Gula Pasir,17905.172413793105
2025-04,Nusa Tenggara Barat,Minyak Goreng,21665.51724137931
2025-04,Nusa Tenggara Barat,Telur Ayam,29374.137931034482
2025-04,Nusa Tenggara Timur,Bawang Merah,46463.793103448275
2025-04,Nusa Tenggara Timur,Bawang Putih,52155.1724137931
2025-04,Nusa Tenggara Timur,Beras,15403.448275862069
2025-04,Nusa Tenggara Timur,Cabai Merah,68320.68965517242
2025-04,Nusa Tenggara Timur,Cabai Rawit,88444.8275862069
2025-04,Nusa Tenggara Timur,Daging Ayam,44987.93103448276
2025-04,Nusa Tenggara Timur,Daging Sapi,115000.0
2025-04,Nusa Tenggara Timur,Gula Pasir,19531.03448275862
2025-04,Nusa Tenggara Timur,Minyak Goreng,22177.58620689655
2025-04,Nusa Tenggara Timur,Telur Ayam,32320.689655172413
2025-04,Papua,Bawang Merah,67544.8275862069
2025-04,Papua,Bawang Putih,61665.51724137931
2025-04,Papua,Beras,18158.620689655174
2025-04,Papua,Cabai Merah,83641.37931034483
2025-04,Papua,Cabai Rawit,75044.8275862069
2025-04,Papua,Daging Ayam,45918.96551724138
2025-04,Papua,Daging Sapi,156255.1724137931
2025-04,Papua,Gula Pasir,24389.655172413793
2025-04,Papua,Minyak Goreng,23863.793103448275
2025-04,Papua,Telur Ayam,39482.75862068965
2025-04,Papua Barat,Bawang Merah,58793.10344827586
2025-04,Papua Barat,Bawang Putih,57543.10344827586
2025-04,Papua Barat,Beras,16570.689655172413
2025-04,Papua Barat,Cabai Merah,60501.724137931036
2025-04,Papua Barat,Cabai Rawit,71336.20689655172
2025-04,Papua Barat,Daging Ayam,46212.06896551724
2025-04,Papua Barat,Daging Sapi,147846.55172413794
2025-04,Papua Barat,Gula Pasir,21350.0
2025-04,Papua Barat,Minyak Goreng,23763.793103448275
2025-04,Papua Barat,Telur Ayam,35274.137931034486
2025-04,Riau,Bawang Merah,40193.10344827586
2025-04,Riau,Bawang Putih,42032.75862068965
2025-04,Riau,Beras,16051.724137931034
2025-04,Riau,Cabai Merah,64625.862068965514
2025-04,Riau,Cabai Rawit,53539.65517241379
2025-04,Riau,Daging Ayam,28387.931034482757
2025-04,Riau,Daging Sapi,125168.96551724138
2025-04,Riau,Gula Pasir,18598.275862068964
2025-04,Riau,Minyak Goreng,19563.793103448275
2025-04,Riau,Telur Ayam,27931.03448275862
2025-04,Sulawesi Barat,Bawang Merah,39151.724137931036
2025-04,Sulawesi Barat,Bawang Putih,43925.862068965514
2025-04,Sulawesi Barat,Beras,13498.275862068966
2025-04,Sulawesi Barat,Cabai Merah,43791.379310344826
2025-04,Sulawesi Barat,Cabai Rawit,56336.206896551725
2025-04,Sulawesi Barat,Daging Ayam,27441.379310344826
2025-04,Sulawesi Barat,Daging Sapi,128431.03448275862
2025-04,Sulawesi Barat,Gula Pasir,18625.862068965518
2025-04,Sulawesi Barat,Minyak Goreng,20986.206896551725
2025-04,Sulawesi Barat,Telur Ayam,26284.48275862069
2025-04,Sulawesi Selatan,Bawang Merah,39793.10344827586
2025-04,Sulawesi Selatan,Bawang Putih,44570.68965517241
2025-04,Sulawesi Selatan,Beras,13550.0
2025-04,Sulawesi Selatan,Cabai Merah,41929.31034482759
2025-04,Sulawesi Selatan,Cabai Rawit,60331.03448275862
2025-04,Sulawesi Selatan,Daging Ayam,25984.48275862069
2025-04,Sulawesi Selatan,Daging Sapi,125758.62068965517
2025-04,Sulawesi Selatan,Gula Pasir,17696.55172413793
2025-04,Sulawesi Selatan,Minyak Goreng,19422.41379310345
2025-04,Sulawesi Selatan,Telur Ayam,25979.310344827587
2025-04,Sulawesi Tengah,Bawang Merah,45660.34482758621
2025-04,Sulawesi Tengah,Bawang Putih,50641.379310344826
2025-04,Sulawesi Tengah,Beras,14474.137931034482
2025-04,Sulawesi Tengah,Cabai Merah,48218.96551724138
2025-04,Sulawesi Tengah,Cabai Rawit,70606.89655172414
2025-04,Sulawesi Tengah,Daging Ayam,32577.58620689655
2025-04,Sulawesi Tengah,Daging Sapi,144041.37931034484
2025-04,Sulawesi Tengah,Gula Pasir,20662.068965517243
2025-04,Sulawesi Tengah,Minyak Goreng,20153.44827586207
2025-04,Sulawesi Tengah,Telur Ayam,31417.241379310344
2025-04,Sulawesi Tenggara,Bawang Merah,48774.137931034486
2025-04,Sulawesi Tenggara,Bawang Putih,50000.0
2025-04,Sulawesi Tenggara,Beras,15136.206896551725
2025-04,Sulawesi Tenggara,Cabai Merah,65086.206896551725
2025-04,Sulawesi Tenggara,Cabai Rawit,83698.27586206897
2025-04,Sulawesi Tenggara,Daging Ayam,36258.620689655174
2025-04,Sulawesi Tenggara,Daging Sapi,139400.0
2025-04,Sulawesi Tenggara,Gula Pasir,21101.724137931036
2025-04,Sulawesi Tenggara,Minyak Goreng,21793.103448275862
2025-04,Sulawesi Tenggara,Telur Ayam,31798.275862068964
2025-04,Sulawesi Utara,Bawang Merah,49091.379310344826
2025-04,Sulawesi Utara,Bawang Putih,50687.93103448276
2025-04,Sulawesi Utara,Beras,14232.758620689656
2025-04,Sulawesi Utara,Cabai Merah,54486.206896551725
2025-04,Sulawesi Utara,Cabai Rawit,77779.31034482758
2025-04,Sulawesi Utara,Daging Ayam,40929.31034482759
2025-04,Sulawesi Utara,Daging Sapi,134755.1724137931
2025-04,Sulawesi Utara,Gula Pasir,18200.0
2025-04,Sulawesi Utara,Minyak Goreng,19013.793103448275
2025-04,Sulawesi Utara,Telur Ayam,30062.068965517243
2025-04,Sumatera Barat,Bawang Merah,40074.137931034486
2025-04,Sumatera Barat,Bawang Putih,42210.34482758621
2025-04,Sumatera Barat,Beras,17041.379310344826
2025-04,Sumatera Barat,Cabai Merah,63210.34482758621
2025-04,Sumatera Barat,Cabai Rawit,40543.10344827586
2025-04,Sumatera Barat,Daging Ayam,44881.03448275862
2025-04,Sumatera Barat,Daging Sapi,147500.0
2025-04,Sumatera Barat,Gula Pasir,19250.0
2025-04,Sumatera Barat,Minyak Goreng,20967.241379310344
2025-04,Sumatera Barat,Telur Ayam,28324.137931034482
2025-04,Sumatera Selatan,Bawang Merah,45310.34482758621
2025-04,Sumatera Selatan,Bawang Putih,47529.31034482759
2025-04,Sumatera Selatan,Beras,14950.0
2025-04,Sumatera Selatan,Cabai Merah,60543.10344827586
2025-04,Sumatera Selatan,Cabai Rawit,76260.3448275862
2025-04,Sumatera Selatan,Daging Ayam,30510.344827586207
2025-04,Sumatera Selatan,Daging Sapi,141879.3103448276
2025-04,Sumatera Selatan,Gula Pasir,18250.0
2025-04,Sumatera Selatan,Minyak Goreng,20622.41379310345
2025-04,Sumatera Selatan,Telur Ayam,27734.48275862069
2025-04,Sumatera Utara,Bawang Merah,42062.06896551724
2025-04,Sumatera Utara,Bawang Putih,43668.96551724138
2025-04,Sumatera Utara,Beras,13975.862068965518
2025-04,Sumatera Utara,Cabai Merah,49805.1724137931
2025-04,Sumatera Utara,Cabai Rawit,35963.793103448275
2025-04,Sumatera Utara,Daging Ayam,34967.24137931035
2025-04,Sumatera Utara,Daging Sapi,134355.1724137931
2025-04,Sumatera Utara,Gula Pasir,19348.275862068964
2025-04,Sumatera Utara,Minyak Goreng,20874.137931034482
2025-04,Sumatera Utara,Telur Ayam,30279.310344827587
2025-05,Aceh,Bawang Merah,42246.42857142857
2025-05,Aceh,Bawang Putih,42616.07142857143
2025-05,Aceh,Beras,13950.0
2025-05,Aceh,Cabai Merah,40317.857142857145
2025-05,Aceh,Cabai Rawit,36910.71428571428
2025-05,Aceh,Daging Ayam,30948.214285714286
2025-05,Aceh,Daging Sapi,146650.0
2025-05,Aceh,Gula Pasir,19305.35714285714
2025-05,Aceh,Minyak Goreng,21158.928571428572
2025-05,Aceh,Telur Ayam,27873.214285714286
2025-05,Bali,Bawang Merah,34208.92857142857
2025-05,Bali,Bawang Putih,36637.5
2025-05,Bali,Beras,15391.07142857143
2025-05,Bali,Cabai Merah,30328.571428571428
2025-05,Bali,Cabai Rawit,31503.571428571428
2025-05,Bali,Daging Ayam,38696.42857142857
2025-05,Bali,Daging Sapi,132221.42857142858
2025-05,Bali,Gula Pasir,18885.714285714286
2025-05,Bali,Minyak Goreng,21223.214285714286
2025-05,Bali,Telur Ayam,27757.14285714286
2025-05,Banten,Bawang Merah,41873.21428571428
2025-05,Banten,Bawang Putih,43882.142857142855
2025-05,Banten,Beras,14539.285714285714
2025-05,Banten,Cabai Merah,40935.71428571428
2025-05,Banten,Cabai Rawit,37857.142857142855
2025-05,Banten,Daging Ayam,36285.71428571428
2025-05,Banten,Daging Sapi,133350.0
2025-05,Banten,Gula Pasir,18650.0
2025-05,Banten,Minyak Goreng,18880.35714285714
2025-05,Banten,Telur Ayam,27501.785714285714
2025-05,Bengkulu,Bawang Merah,46364.28571428572
2025-05,Bengkulu,Bawang Putih,44444.642857142855
2025-05,Bengkulu,Beras,15308.92857142857
2025-05,Bengkulu,Cabai Merah,38787.5
2025-05,Bengkulu,Cabai Rawit,32026.785714285714
2025-05,Bengkulu,Daging Ayam,31510.714285714286
2025-05,Bengkulu,Daging Sapi,134805.35714285713
2025-05,Bengkulu,Gula Pasir,18900.0
2025-05,Bengkulu,Minyak Goreng,20035.714285714286
2025-05,Bengkulu,Telur Ayam,28292.85714285714
2025-05,DI Yogyakarta,Bawang Merah,38500.0
2025-05,DI Yogyakarta,Bawang Putih,44714.28571428572
2025-05,DI Yogyakarta,Beras,14300.0
2025-05,DI Yogyakarta,Cabai Merah,35326.78571428572
2025-05,DI Yogyakarta,Cabai Rawit,33096.42857142857
2025-05,DI Yogyakarta,Daging Ayam,31276.785714285714
2025-05,DI Yogyakarta,Daging Sapi,136250.0
2025-05,DI Yogyakarta,Gula Pasir,18178.571428571428
2025-05,DI Yogyakarta,Minyak Goreng,20550.0
2025-05,DI Yogyakarta,Telur Ayam,27087.5
2025-05,DKI Jakarta,Bawang Merah,48035.71428571428
2025-05,DKI Jakarta,Bawang Putih,56289.28571428572
2025-05,DKI Jakarta,Beras,15667.857142857143
2025-05,DKI Jakarta,Cabai Merah,48887.5
2025-05,DKI Jakarta,Cabai Rawit,42478.57142857143
2025-05,DKI Jakarta,Daging Ayam,34612.5
2025-05,DKI Jakarta,Daging Sapi,137900.0
2025-05,DKI Jakarta,Gula Pasir,19650.0
2025-05,DKI Jakarta,Minyak Goreng,20933.928571428572
2025-05,DKI Jakarta,Telur Ayam,28019.64285714286
2025-05,Gorontalo,Bawang Merah,42753.57142857143
2025-05,Gorontalo,Bawang Putih,48901.78571428572
2025-05,Gorontalo,Beras,14750.0
2025-05,Gorontalo,Cabai Merah,64907.142857142855
2025-05,Gorontalo,Cabai Rawit,73589.28571428571
2025-05,Gorontalo,Daging Ayam,29919.64285714286
2025-05,Gorontalo,Daging Sapi,132500.0
2025-05,Gorontalo,Gula Pasir,20003.571428571428
2025-05,Gorontalo,Minyak Goreng,25703.571428571428
2025-05,Gorontalo,Telur Ayam,35017.857142857145
2025-05,Jambi,Bawang Merah,36735.71428571428
2025-05,Jambi,Bawang Putih,40653.57142857143
2025-05,Jambi,Beras,15160.714285714286
2025-05,Jambi,Cabai Merah,36166.07142857143
2025-05,Jambi,Cabai Rawit,35555.357142857145
2025-05,Jambi,Daging Ayam,31282.14285714286
2025-05,Jambi,Daging Sapi,136900.0
2025-05,Jambi,Gula Pasir,18710.714285714286
2025-05,Jambi,Minyak Goreng,20666.071428571428
2025-05,Jambi,Telur Ayam,25978.571428571428
2025-05,Jawa Barat,Bawang Merah,42985.71428571428
2025-05,Jawa Barat,Bawang Putih,45496.42857142857
2025-05,Jawa Barat,Beras,14600.0
2025-05,Jawa Barat,Cabai Merah,42848.21428571428
2025-05,Jawa Barat,Cabai Rawit,39730.357142857145
2025-05,Jawa Barat,Daging Ayam,33503.57142857143
2025-05,Jawa Barat,Daging Sapi,139848.2142857143
2025-05,Jawa Barat,Gula Pasir,18732.14285714286
2025-05,Jawa Barat,Minyak Goreng,20717.85714285714
2025-05,Jawa Barat,Telur Ayam,27587.5
2025-05,Jawa Tengah,Bawang Merah,39455.357142857145
2025-05,Jawa Tengah,Bawang Putih,42866.07142857143
2025-05,Jawa Tengah,Beras,14737.5
2025-05,Jawa Tengah,Cabai Merah,36669.642857142855
2025-05,Jawa Tengah,Cabai Rawit,29307.14285714286
2025-05,Jawa Tengah,Daging Ayam,31916.071428571428
2025-05,Jawa Tengah,Daging Sapi,128178.57142857143
2025-05,Jawa Tengah,Gula Pasir,18383.928571428572
2025-05,Jawa Tengah,Minyak Goreng,19760.714285714286
2025-05,Jawa Tengah,Telur Ayam,26530.35714285714
2025-05,Jawa Timur,Bawang Merah,37964.28571428572
2025-05,Jawa Timur,Bawang Putih,35878.57142857143
2025-05,Jawa Timur,Beras,14251.785714285714
2025-05,Jawa Timur,Cabai Merah,29191.071428571428
2025-05,Jawa Timur,Cabai Rawit,23785.714285714286
2025-05,Jawa Timur,Daging Ayam,30528.571428571428
2025-05,Jawa Timur,Daging Sapi,121223.21428571429
2025-05,Jawa Timur,Gula Pasir,17885.714285714286
2025-05,Jawa Timur,Minyak Goreng,19994.64285714286
2025-05,Jawa Timur,Telur Ayam,25883.928571428572
2025-05,Kalimantan Barat,Bawang Merah,32735.714285714286
2025-05,Kalimantan Barat,Bawang Putih,38805.357142857145
2025-05,Kalimantan Barat,Beras,16289.285714285714
2025-05,Kalimantan Barat,Cabai Merah,55033.92857142857
2025-05,Kalimantan Barat,Cabai Rawit,60671.42857142857
2025-05,Kalimantan Barat,Daging Ayam,34635.71428571428
2025-05,Kalimantan Barat,Daging Sapi,149600.0
2025-05,Kalimantan Barat,Gula Pasir,18741.071428571428
2025-05,Kalimantan Barat,Minyak Goreng,20430.35714285714
2025-05,Kalimantan Barat,Telur Ayam,31607.14285714286
2025-05,Kalimantan Selatan,Bawang Merah,37548.21428571428
2025-05,Kalimantan Selatan,Bawang Putih,40517.857142857145
2025-05,Kalimantan Selatan,Beras,17103.571428571428
2025-05,Kalimantan Selatan,Cabai Merah,59408.92857142857
2025-05,Kalimantan Selatan,Cabai Rawit,43658.92857142857
2025-05,Kalimantan Selatan,Daging Ayam,42312.5
2025-05,Kalimantan Selatan,Daging Sapi,164150.0
2025-05,Kalimantan Selatan,Gula Pasir,18808.928571428572
2025-05,Kalimantan Selatan,Minyak Goreng,21157.14285714286
2025-05,Kalimantan Selatan,Telur Ayam,29871.428571428572
2025-05,Kalimantan Tengah,Bawang Merah,38033.92857142857
2025-05,Kalimantan Tengah,Bawang Putih,41614.28571428572
2025-05,Kalimantan Tengah,Beras,17500.0
2025-05,Kalimantan Tengah,Cabai Merah,84189.28571428571
2025-05,Kalimantan Tengah,Cabai Rawit,62266.07142857143
2025-05,Kalimantan Tengah,Daging Ayam,36092.857142857145
2025-05,Kalimantan Tengah,Daging Sapi,155350.0
2025-05,Kalimantan Tengah,Gula Pasir,21380.35714285714
2025-05,Kalimantan Tengah,Minyak Goreng,20969.64285714286
2025-05,Kalimantan Tengah,Telur Ayam,30692.85714285714
2025-05,Kalimantan Timur,Bawang Merah,40389.28571428572
2025-05,Kalimantan Timur,Bawang Putih,43317.857142857145
2025-05,Kalimantan Timur,Beras,15916.07142857143
2025-05,Kalimantan Timur,Cabai Merah,66216.07142857143
2025-05,Kalimantan Timur,Cabai Rawit,53551.78571428572
2025-05,Kalimantan Timur,Daging Ayam,36385.71428571428
2025-05,Kalimantan Timur,Daging Sapi,161785.7142857143
2025-05,Kalimantan Timur,Gula Pasir,19328.571428571428
2025-05,Kalimantan Timur,Minyak Goreng,21342.85714285714
2025-05,Kalimantan Timur,Telur Ayam,30639.285714285714
2025-05,Kalimantan Utara,Bawang Merah,46537.5
2025-05,Kalimantan Utara,Bawang Putih,46519.642857142855
2025-05,Kalimantan Utara,Beras,16600.0
2025-05,Kalimantan Utara,Cabai Merah,86401.78571428571
2025-05,Kalimantan Utara,Cabai Rawit,95907.14285714286
2025-05,Kalimantan Utara,Daging Ayam,43385.71428571428
2025-05,Kalimantan Utara,Daging Sapi,148826.7857142857
2025-05,Kalimantan Utara,Gula Pasir,19139.285714285714
2025-05,Kalimantan Utara,Minyak Goreng,21321.428571428572
2025-05,Kalimantan Utara,Telur Ayam,31696.428571428572
2025-05,Kepulauan Bangka Belitung,Bawang Merah,50010.71428571428
2025-05,Kepulauan Bangka Belitung,Bawang Putih,41569.642857142855
2025-05,Kepulauan Bangka Belitung,Beras,15064.285714285714
2025-05,Kepulauan Bangka Belitung,Cabai Merah,52401.78571428572
2025-05,Kepulauan Bangka Belitung,Cabai Rawit,55567.857142857145
2025-05,Kepulauan Bangka Belitung,Daging Ayam,33450.0
2025-05,Kepulauan Bangka Belitung,Daging Sapi,133450.0
2025-05,Kepulauan Bangka Belitung,Gula Pasir,18464.285714285714
2025-05,Kepulauan Bangka Belitung,Minyak Goreng,19273.214285714286
2025-05,Kepulauan Bangka Belitung,Telur Ayam,33014.28571428572
2025-05,Kepulauan Riau,Bawang Merah,35266.07142857143
2025-05,Kepulauan Riau,Bawang Putih,34130.357142857145
2025-05,Kepulauan Riau,Beras,15089.285714285714
2025-05,Kepulauan Riau,Cabai Merah,55898.21428571428
2025-05,Kepulauan Riau,Cabai Rawit,44048.21428571428
2025-05,Kepulauan Riau,Daging Ayam,39708.92857142857
2025-05,Kepulauan Riau,Daging Sapi,98903.57142857143
2025-05,Kepulauan Riau,Gula Pasir,16164.285714285714
2025-05,Kepulauan Riau,Minyak Goreng,19051.785714285714
2025-05,Kepulauan Riau,Telur Ayam,28996.428571428572
2025-05,Lampung,Bawang Merah,37885.71428571428
2025-05,Lampung,Bawang Putih,41326.78571428572
2025-05,Lampung,Beras,14487.5
2025-05,Lampung,Cabai Merah,41214.28571428572
2025-05,Lampung,Cabai Rawit,34655.357142857145
2025-05,Lampung,Daging Ayam,28432.14285714286
2025-05,Lampung,Daging Sapi,128928.57142857143
2025-05,Lampung,Gula Pasir,18525.0
2025-05,Lampung,Minyak Goreng,20091.071428571428
2025-05,Lampung,Telur Ayam,27269.64285714286
2025-05,Maluku,Bawang Merah,45921.42857142857
2025-05,Maluku,Bawang Putih,48030.357142857145
2025-05,Maluku,Beras,16346.42857142857
2025-05,Maluku,Cabai Merah,95364.28571428571
2025-05,Maluku,Cabai Rawit,106294.64285714286
2025-05,Maluku,Daging Ayam,41358.92857142857
2025-05,Maluku,Daging Sapi,136407.14285714287
2025-05,Maluku,Gula Pasir,21396.428571428572
2025-05,Maluku,Minyak Goreng,22950.0
2025-05,Maluku,Telur Ayam,35678.57142857143
2025-05,Maluku Utara,Bawang Merah,64017.857142857145
2025-05,Maluku Utara,Bawang Putih,64196.42857142857
2025-05,Maluku Utara,Beras,16700.0
2025-05,Maluku Utara,Cabai Merah,92232.14285714286
2025-05,Maluku Utara,Cabai Rawit,125357.14285714286
2025-05,Maluku Utara,Daging Ayam,44000.0
2025-05,Maluku Utara,Daging Sapi,140000.0
2025-05,Maluku Utara,Gula Pasir,21000.0
2025-05,Maluku Utara,Minyak Goreng,21850.0
2025-05,Maluku Utara,Telur Ayam,36050.0
2025-05,Nusa Tenggara Barat,Bawang Merah,32000.0
2025-05,Nusa Tenggara Barat,Bawang Putih,40826.78571428572
2025-05,Nusa Tenggara Barat,Beras,13842.857142857143
2025-05,Nusa Tenggara Barat,Cabai Merah,31155.35714285714
2025-05,Nusa Tenggara Barat,Cabai Rawit,37276.78571428572
2025-05,Nusa Tenggara Barat,Daging Ayam,36844.642857142855
2025-05,Nusa Tenggara Barat,Daging Sapi,117275.0
2025-05,Nusa Tenggara Barat,Gula Pasir,17908.928571428572
2025-05,Nusa Tenggara Barat,Minyak Goreng,21700.0
2025-05,Nusa Tenggara Barat,Telur Ayam,28835.714285714286
2025-05,Nusa Tenggara Timur,Bawang Merah,46216.07142857143
2025-05,Nusa Tenggara Timur,Bawang Putih,51200.0
2025-05,Nusa Tenggara Timur,Beras,15283.92857142857
2025-05,Nusa Tenggara Timur,Cabai Merah,74400.0
2025-05,Nusa Tenggara Timur,Cabai Rawit,81962.5
2025-05,Nusa Tenggara Timur,Daging Ayam,46267.857142857145
2025-05,Nusa Tenggara Timur,Daging Sapi,115000.0
2025-05,Nusa Tenggara Timur,Gula Pasir,19525.0
2025-05,Nusa Tenggara Timur,Minyak Goreng,22566.071428571428
2025-05,Nusa Tenggara Timur,Telur Ayam,31957.14285714286
2025-05,Papua,Bawang Merah,61801.78571428572
2025-05,Papua,Bawang Putih,59723.21428571428
2025-05,Papua,Beras,18351.785714285714
2025-05,Papua,Cabai Merah,88469.64285714286
2025-05,Papua,Cabai Rawit,80198.21428571429
2025-05,Papua,Daging Ayam,45825.0
2025-05,Papua,Daging Sapi,152142.85714285713
2025-05,Papua,Gula Pasir,24557.14285714286
2025-05,Papua,Minyak Goreng,24119.64285714286
2025-05,Papua,Telur Ayam,39283.92857142857
2025-05,Papua Barat,Bawang Merah,52366.07142857143
2025-05,Papua Barat,Bawang Putih,55133.92857142857
2025-05,Papua Barat,Beras,16701.785714285714
2025-05,Papua Barat,Cabai Merah,63719.642857142855
2025-05,Papua Barat,Cabai Rawit,71830.35714285714
2025-05,Papua Barat,Daging Ayam,45950.0
2025-05,Papua Barat,Daging Sapi,147500.0
2025-05,Papua Barat,Gula Pasir,21350.0
2025-05,Papua Barat,Minyak Goreng,23800.0
2025-05,Papua Barat,Telur Ayam,34007.142857142855
2025-05,Riau,Bawang Merah,37780.357142857145
2025-05,Riau,Bawang Putih,39796.42857142857
2025-05,Riau,Beras,16071.42857142857
2025-05,Riau,Cabai Merah,45557.142857142855
2025-05,Riau,Cabai Rawit,36062.5
2025-05,Riau,Daging Ayam,27703.571428571428
2025-05,Riau,Daging Sapi,124500.0
2025-05,Riau,Gula Pasir,18389.285714285714
2025-05,Riau,Minyak Goreng,19562.5
2025-05,Riau,Telur Ayam,27816.071428571428
2025-05,Sulawesi Barat,Bawang Merah,36189.28571428572
2025-05,Sulawesi Barat,Bawang Putih,43726.78571428572
2025-05,Sulawesi Barat,Beras,13592.857142857143
2025-05,Sulawesi Barat,Cabai Merah,43598.21428571428
2025-05,Sulawesi Barat,Cabai Rawit,47662.5
2025-05,Sulawesi Barat,Daging Ayam,26123.214285714286
2025-05,Sulawesi Barat,Daging Sapi,128350.0
2025-05,Sulawesi Barat,Gula Pasir,18766.071428571428
2025-05,Sulawesi Barat,Minyak Goreng,21116.071428571428
2025-05,Sulawesi Barat,Telur Ayam,26126.785714285714
2025-05,Sulawesi Selatan,Bawang Merah,34887.5
2025-05,Sulawesi Selatan,Bawang Putih,43230.357142857145
2025-05,Sulawesi Selatan,Beras,13560.714285714286
2025-05,Sulawesi Selatan,Cabai Merah,44451.78571428572
2025-05,Sulawesi Selatan,Cabai Rawit,41926.78571428572
2025-05,Sulawesi Selatan,Daging Ayam,25228.571428571428
2025-05,Sulawesi Selatan,Daging Sapi,126000.0
2025-05,Sulawesi Selatan,Gula Pasir,17714.285714285714
2025-05,Sulawesi Selatan,Minyak Goreng,19587.5
2025-05,Sulawesi Selatan,Telur Ayam,26035.714285714286
2025-05,Sulawesi Tengah,Bawang Merah,40739.28571428572
2025-05,Sulawesi Tengah,Bawang Putih,49178.57142857143
2025-05,Sulawesi Tengah,Beras,14525.0
2025-05,Sulawesi Tengah,Cabai Merah,55114.28571428572
2025-05,Sulawesi Tengah,Cabai Rawit,63967.857142857145
2025-05,Sulawesi Tengah,Daging Ayam,31258.928571428572
2025-05,Sulawesi Tengah,Daging Sapi,143750.0
2025-05,Sulawesi Tengah,Gula Pasir,20585.714285714286
2025-05,Sulawesi Tengah,Minyak Goreng,20548.214285714286
2025-05,Sulawesi Tengah,Telur Ayam,32128.571428571428
2025-05,Sulawesi Tenggara,Bawang Merah,44323.21428571428
2025-05,Sulawesi Tenggara,Bawang Putih,50000.0
2025-05,Sulawesi Tenggara,Beras,15271.42857142857
2025-05,Sulawesi Tenggara,Cabai Merah,57016.07142857143
2025-05,Sulawesi Tenggara,Cabai Rawit,69733.92857142857
2025-05,Sulawesi Tenggara,Daging Ayam,34137.5
2025-05,Sulawesi Tenggara,Daging Sapi,139400.0
2025-05,Sulawesi Tenggara,Gula Pasir,20950.0
2025-05,Sulawesi Tenggara,Minyak Goreng,22205.35714285714
2025-05,Sulawesi Tenggara,Telur Ayam,31496.428571428572
2025-05,Sulawesi Utara,Bawang Merah,44237.5
2025-05,Sulawesi Utara,Bawang Putih,46992.857142857145
2025-05,Sulawesi Utara,Beras,14812.5
2025-05,Sulawesi Utara,Cabai Merah,65641.07142857143
2025-05,Sulawesi Utara,Cabai Rawit,69532.14285714286
2025-05,Sulawesi Utara,Daging Ayam,36810.71428571428
2025-05,Sulawesi Utara,Daging Sapi,132978.57142857142
2025-05,Sulawesi Utara,Gula Pasir,18200.0
2025-05,Sulawesi Utara,Minyak Goreng,18876.785714285714
2025-05,Sulawesi Utara,Telur Ayam,30466.071428571428
2025-05,Sumatera Barat,Bawang Merah,37966.07142857143
2025-05,Sumatera Barat,Bawang Putih,39744.642857142855
2025-05,Sumatera Barat,Beras,16978.571428571428
2025-05,Sumatera Barat,Cabai Merah,42766.07142857143
2025-05,Sumatera Barat,Cabai Rawit,32325.0
2025-05,Sumatera Barat,Daging Ayam,45551.78571428572
2025-05,Sumatera Barat,Daging Sapi,147500.0
2025-05,Sumatera Barat,Gula Pasir,19117.85714285714
2025-05,Sumatera Barat,Minyak Goreng,20975.0
2025-05,Sumatera Barat,Telur Ayam,28492.85714285714
2025-05,Sumatera Selatan,Bawang Merah,42437.5
2025-05,Sumatera Selatan,Bawang Putih,42907.142857142855
2025-05,Sumatera Selatan,Beras,15044.642857142857
2025-05,Sumatera Selatan,Cabai Merah,45721.42857142857
2025-05,Sumatera Selatan,Cabai Rawit,46573.21428571428
2025-05,Sumatera Selatan,Daging Ayam,30028.571428571428
2025-05,Sumatera Selatan,Daging Sapi,139132.14285714287
2025-05,Sumatera Selatan,Gula Pasir,18246.428571428572
2025-05,Sumatera Selatan,Minyak Goreng,20608.928571428572
2025-05,Sumatera Selatan,Telur Ayam,27271.428571428572
2025-05,Sumatera Utara,Bawang Merah,39376.78571428572
2025-05,Sumatera Utara,Bawang Putih,40987.5
2025-05,Sumatera Utara,Beras,14128.57142857143
2025-05,Sumatera Utara,Cabai Merah,32871.42857142857
2025-05,Sumatera Utara,Cabai Rawit,26841.071428571428
2025-05,Sumatera Utara,Daging Ayam,34139.28571428572
2025-05,Sumatera Utara,Daging Sapi,133835.7142857143
2025-05,Sumatera Utara,Gula Pasir,19333.928571428572
2025-05,Sumatera Utara,Minyak Goreng,20782.14285714286
2025-05,Sumatera Utara,Telur Ayam,30142.85714285714
2025-06,Aceh,Bawang Merah,39376.666666666664
2025-06,Aceh,Bawang Putih,38091.666666666664
2025-06,Aceh,Beras,14215.0
2025-06,Aceh,Cabai Merah,29765.0
2025-06,Aceh,Cabai Rawit,35628.333333333336
2025-06,Aceh,Daging Ayam,30716.666666666668
2025-06,Aceh,Daging Sapi,149240.0
2025-06,Aceh,Gula Pasir,19316.666666666668
2025-06,Aceh,Minyak Goreng,21023.333333333332
2025-06,Aceh,Telur Ayam,28113.333333333332
2025-06,Bali,Bawang Merah,33885.0
2025-06,Bali,Bawang Putih,32238.333333333332
2025-06,Bali,Beras,15500.0
2025-06,Bali,Cabai Merah,29980.0
2025-06,Bali,Cabai Rawit,44646.666666666664
2025-06,Bali,Daging Ayam,38278.333333333336
2025-06,Bali,Daging Sapi,132308.33333333334
2025-06,Bali,Gula Pasir,18856.666666666668
2025-06,Bali,Minyak Goreng,21163.333333333332
2025-06,Bali,Telur Ayam,27870.0
2025-06,Banten,Bawang Merah,45606.666666666664
2025-06,Banten,Bawang Putih,40511.666666666664
2025-06,Banten,Beras,14785.0
2025-06,Banten,Cabai Merah,45926.666666666664
2025-06,Banten,Cabai Rawit,52355.0
2025-06,Banten,Daging Ayam,37296.666666666664
2025-06,Banten,Daging Sapi,134316.66666666666
2025-06,Banten,Gula Pasir,18650.0
2025-06,Banten,Minyak Goreng,18650.0
2025-06,Banten,Telur Ayam,27755.0
2025-06,Bengkulu,Bawang Merah,43658.333333333336
2025-06,Bengkulu,Bawang Putih,39971.666666666664
2025-06,Bengkulu,Beras,15421.666666666666
2025-06,Bengkulu,Cabai Merah,33580.0
2025-06,Bengkulu,Cabai Rawit,33436.666666666664
2025-06,Bengkulu,Daging Ayam,33191.666666666664
2025-06,Bengkulu,Daging Sapi,134830.0
2025-06,Bengkulu,Gula Pasir,18816.666666666668
2025-06,Bengkulu,Minyak Goreng,19930.0
2025-06,Bengkulu,Telur Ayam,28010.0
2025-06,DI Yogyakarta,Bawang Merah,40925.0
2025-06,DI Yogyakarta,Bawang Putih,44200.0
2025-06,DI Yogyakarta,Beras,14325.0
2025-06,DI Yogyakarta,Cabai Merah,37515.0
2025-06,DI Yogyakarta,Cabai Rawit,41765.0
2025-06,DI Yogyakarta,Daging Ayam,31000.0
2025-06,DI Yogyakarta,Daging Sapi,136250.0
2025-06,DI Yogyakarta,Gula Pasir,17978.333333333332
2025-06,DI Yogyakarta,Minyak Goreng,20218.333333333332
2025-06,DI Yogyakarta,Telur Ayam,27561.666666666668
2025-06,DKI Jakarta,Bawang Merah,51065.0
2025-06,DKI Jakarta,Bawang Putih,52143.333333333336
2025-06,DKI Jakarta,Beras,15941.666666666666
2025-06,DKI Jakarta,Cabai Merah,50448.333333333336
2025-06,DKI Jakarta,Cabai Rawit,55645.0
2025-06,DKI Jakarta,Daging Ayam,36270.0
2025-06,DKI Jakarta,Daging Sapi,137900.0
2025-06,DKI Jakarta,Gula Pasir,19610.0
2025-06,DKI Jakarta,Minyak Goreng,20765.0
2025-06,DKI Jakarta,Telur Ayam,27935.0
2025-06,Gorontalo,Bawang Merah,54716.666666666664
2025-06,Gorontalo,Bawang Putih,47798.333333333336
2025-06,Gorontalo,Beras,15405.0
2025-06,Gorontalo,Cabai Merah,62685.0
2025-06,Gorontalo,Cabai Rawit,74545.0
2025-06,Gorontalo,Daging Ayam,28691.666666666668
2025-06,Gorontalo,Daging Sapi,132500.0
2025-06,Gorontalo,Gula Pasir,19708.333333333332
2025-06,Gorontalo,Minyak Goreng,25446.666666666668
2025-06,Gorontalo,Telur Ayam,33111.666666666664
2025-06,Jambi,Bawang Merah,36900.0
2025-06,Jambi,Bawang Putih,35976.666666666664
2025-06,Jambi,Beras,15308.333333333334
2025-06,Jambi,Cabai Merah,25755.0
2025-06,Jambi,Cabai Rawit,42686.666666666664
2025-06,Jambi,Daging Ayam,32618.333333333332
2025-06,Jambi,Daging Sapi,139438.33333333334
2025-06,Jambi,Gula Pasir,18560.0
2025-06,Jambi,Minyak Goreng,20441.666666666668
2025-06,Jambi,Telur Ayam,25800.0
2025-06,Jawa Barat,Bawang Merah,45768.333333333336
2025-06,Jawa Barat,Bawang Putih,43295.0
2025-06,Jawa Barat,Beras,14685.0
2025-06,Jawa Barat,Cabai Merah,49963.333333333336
2025-06,Jawa Barat,Cabai Rawit,52616.666666666664
2025-06,Jawa Barat,Daging Ayam,34746.666666666664
2025-06,Jawa Barat,Daging Sapi,140016.66666666666
2025-06,Jawa Barat,Gula Pasir,18666.666666666668
2025-06,Jawa Barat,Minyak Goreng,20501.666666666668
2025-06,Jawa Barat,Telur Ayam,28023.333333333332
2025-06,Jawa Tengah,Bawang Merah,43516.666666666664
2025-06,Jawa Tengah,Bawang Putih,40650.0
2025-06,Jawa Tengah,Beras,14881.666666666666
2025-06,Jawa Tengah,Cabai Merah,35606.666666666664
2025-06,Jawa Tengah,Cabai Rawit,38668.333333333336
2025-06,Jawa Tengah,Daging Ayam,32651.666666666668
2025-06,Jawa Tengah,Daging Sapi,127960.0
2025-06,Jawa Tengah,Gula Pasir,18108.333333333332
2025-06,Jawa Tengah,Minyak Goreng,19541.666666666668
2025-06,Jawa Tengah,Telur Ayam,27020.0
2025-06,Jawa Timur,Bawang Merah,40985.0
2025-06,Jawa Timur,Bawang Putih,31711.666666666668
2025-06,Jawa Timur,Beras,14516.666666666666
2025-06,Jawa Timur,Cabai Merah,31255.0
2025-06,Jawa Timur,Cabai Rawit,36165.0
2025-06,Jawa Timur,Daging Ayam,31405.0
2025-06,Jawa Timur,Daging Sapi,121100.0
2025-06,Jawa Timur,Gula Pasir,17420.0
2025-06,Jawa Timur,Minyak Goreng,19926.666666666668
2025-06,Jawa Timur,Telur Ayam,26835.0
2025-06,Kalimantan Barat,Bawang Merah,48093.333333333336
2025-06,Kalimantan Barat,Bawang Putih,36986.666666666664
2025-06,Kalimantan Barat,Beras,16368.333333333334
2025-06,Kalimantan Barat,Cabai Merah,49956.666666666664
2025-06,Kalimantan Barat,Cabai Rawit,50140.0
2025-06,Kalimantan Barat,Daging Ayam,36370.0
2025-06,Kalimantan Barat,Daging Sapi,149775.0
2025-06,Kalimantan Barat,Gula Pasir,18705.0
2025-06,Kalimantan Barat,Minyak Goreng,20308.333333333332
2025-06,Kalimantan Barat,Telur Ayam,31898.333333333332
2025-06,Kalimantan Selatan,Bawang Merah,49518.333333333336
2025-06,Kalimantan Selatan,Bawang Putih,38548.333333333336
2025-06,Kalimantan Selatan,Beras,17175.0
2025-06,Kalimantan Selatan,Cabai Merah,55441.666666666664
2025-06,Kalimantan Selatan,Cabai Rawit,47010.0
2025-06,Kalimantan Selatan,Daging Ayam,40388.333333333336
2025-06,Kalimantan Selatan,Daging Sapi,165266.66666666666
2025-06,Kalimantan Selatan,Gula Pasir,18981.666666666668
2025-06,Kalimantan Selatan,Minyak Goreng,21200.0
2025-06,Kalimantan Selatan,Telur Ayam,30195.0
2025-06,Kalimantan Tengah,Bawang Merah,51636.666666666664
2025-06,Kalimantan Tengah,Bawang Putih,39373.333333333336
2025-06,Kalimantan Tengah,Beras,17500.0
2025-06,Kalimantan Tengah,Cabai Merah,80731.66666666667
2025-06,Kalimantan Tengah,Cabai Rawit,65185.0
2025-06,Kalimantan Tengah,Daging Ayam,34138.333333333336
2025-06,Kalimantan Tengah,Daging Sapi,155975.0
2025-06,Kalimantan Tengah,Gula Pasir,21156.666666666668
2025-06,Kalimantan Tengah,Minyak Goreng,21018.333333333332
2025-06,Kalimantan Tengah,Telur Ayam,31233.333333333332
2025-06,Kalimantan Timur,Bawang Merah,47228.333333333336
2025-06,Kalimantan Timur,Bawang Putih,42318.333333333336
2025-06,Kalimantan Timur,Beras,16178.333333333334
2025-06,Kalimantan Timur,Cabai Merah,59058.333333333336
2025-06,Kalimantan Timur,Cabai Rawit,52840.0
2025-06,Kalimantan Timur,Daging Ayam,36246.666666666664
2025-06,Kalimantan Timur,Daging Sapi,161063.33333333334
2025-06,Kalimantan Timur,Gula Pasir,19366.666666666668
2025-06,Kalimantan Timur,Minyak Goreng,21070.0
2025-06,Kalimantan Timur,Telur Ayam,30325.0
2025-06,Kalimantan Utara,Bawang Merah,49383.333333333336
2025-06,Kalimantan Utara,Bawang Putih,46455.0
2025-06,Kalimantan Utara,Beras,16645.0
2025-06,Kalimantan Utara,Cabai Merah,82098.33333333333
2025-06,Kalimantan Utara,Cabai Rawit,78763.33333333333
2025-06,Kalimantan Utara,Daging Ayam,41643.333333333336
2025-06,Kalimantan Utara,Daging Sapi,149150.0
2025-06,Kalimantan Utara,Gula Pasir,19193.333333333332
2025-06,Kalimantan Utara,Minyak Goreng,21278.333333333332
2025-06,Kalimantan Utara,Telur Ayam,31655.0
2025-06,Kepulauan Bangka Belitung,Bawang Merah,49885.0
2025-06,Kepulauan Bangka Belitung,Bawang Putih,37995.0
2025-06,Kepulauan Bangka Belitung,Beras,15250.0
2025-06,Kepulauan Bangka Belitung,Cabai Merah,48166.666666666664
2025-06,Kepulauan Bangka Belitung,Cabai Rawit,63875.0
2025-06,Kepulauan Bangka Belitung,Daging Ayam,37701.666666666664
2025-06,Kepulauan Bangka Belitung,Daging Sapi,133450.0
2025-06,Kepulauan Bangka Belitung,Gula Pasir,18450.0
2025-06,Kepulauan Bangka Belitung,Minyak Goreng,19250.0
2025-06,Kepulauan Bangka Belitung,Telur Ayam,32953.333333333336
2025-06,Kepulauan Riau,Bawang Merah,34716.666666666664
2025-06,Kepulauan Riau,Bawang Putih,32841.666666666664
2025-06,Kepulauan Riau,Beras,15103.333333333334
2025-06,Kepulauan Riau,Cabai Merah,43565.0
2025-06,Kepulauan Riau,Cabai Rawit,47770.0
2025-06,Kepulauan Riau,Daging Ayam,37143.333333333336
2025-06,Kepulauan Riau,Daging Sapi,98973.33333333333
2025-06,Kepulauan Riau,Gula Pasir,15826.666666666666
2025-06,Kepulauan Riau,Minyak Goreng,19083.333333333332
2025-06,Kepulauan Riau,Telur Ayam,30116.666666666668
2025-06,Lampung,Bawang Merah,39588.333333333336
2025-06,Lampung,Bawang Putih,38176.666666666664
2025-06,Lampung,Beras,14570.0
2025-06,Lampung,Cabai Merah,38316.666666666664
2025-06,Lampung,Cabai Rawit,45260.0
2025-06,Lampung,Daging Ayam,29973.333333333332
2025-06,Lampung,Daging Sapi,128750.0
2025-06,Lampung,Gula Pasir,18261.666666666668
2025-06,Lampung,Minyak Goreng,19948.333333333332
2025-06,Lampung,Telur Ayam,27476.666666666668
2025-06,Maluku,Bawang Merah,51026.666666666664
2025-06,Maluku,Bawang Putih,46195.0
2025-06,Maluku,Beras,16776.666666666668
2025-06,Maluku,Cabai Merah,94420.0
2025-06,Maluku,Cabai Rawit,98166.66666666667
2025-06,Maluku,Daging Ayam,40466.666666666664
2025-06,Maluku,Daging Sapi,136833.33333333334
2025-06,Maluku,Gula Pasir,21536.666666666668
2025-06,Maluku,Minyak Goreng,23058.333333333332
2025-06,Maluku,Telur Ayam,35740.0
2025-06,Maluku Utara,Bawang Merah,64833.333333333336
2025-06,Maluku Utara,Bawang Putih,63333.333333333336
2025-06,Maluku Utara,Beras,16700.0
2025-06,Maluku Utara,Cabai Merah,90625.0
2025-06,Maluku Utara,Cabai Rawit,110166.66666666667
2025-06,Maluku Utara,Daging Ayam,43683.333333333336
2025-06,Maluku Utara,Daging Sapi,142833.33333333334
2025-06,Maluku Utara,Gula Pasir,21000.0
2025-06,Maluku Utara,Minyak Goreng,21850.0
2025-06,Maluku Utara,Telur Ayam,36050.0
2025-06,Nusa Tenggara Barat,Bawang Merah,32478.333333333332
2025-06,Nusa Tenggara Barat,Bawang Putih,37731.666666666664
2025-06,Nusa Tenggara Barat,Beras,13866.666666666666
2025-06,Nusa Tenggara Barat,Cabai Merah,32118.333333333332
2025-06,Nusa Tenggara Barat,Cabai Rawit,44978.333333333336
2025-06,Nusa Tenggara Barat,Daging Ayam,35010.0
2025-06,Nusa Tenggara Barat,Daging Sapi,117500.0
2025-06,Nusa Tenggara Barat,Gula Pasir,17623.333333333332
2025-06,Nusa Tenggara Barat,Minyak Goreng,21643.333333333332
2025-06,Nusa Tenggara Barat,Telur Ayam,28610.0
2025-06,Nusa Tenggara Timur,Bawang Merah,44108.333333333336
2025-06,Nusa Tenggara Timur,Bawang Putih,47541.666666666664
2025-06,Nusa Tenggara Timur,Beras,15276.666666666666
2025-06,Nusa Tenggara Timur,Cabai Merah,59676.666666666664
2025-06,Nusa Tenggara Timur,Cabai Rawit,68163.33333333333
2025-06,Nusa Tenggara Timur,Daging Ayam,45410.0
2025-06,Nusa Tenggara Timur,Daging Sapi,115000.0
2025-06,Nusa Tenggara Timur,Gula Pasir,19531.666666666668
2025-06,Nusa Tenggara Timur,Minyak Goreng,22611.666666666668
2025-06,Nusa Tenggara Timur,Telur Ayam,31356.666666666668
2025-06,Papua,Bawang Merah,61561.666666666664
2025-06,Papua,Bawang Putih,57408.333333333336
2025-06,Papua,Beras,18475.0
2025-06,Papua,Cabai Merah,81901.66666666667
2025-06,Papua,Cabai Rawit,71873.33333333333
2025-06,Papua,Daging Ayam,45655.0
2025-06,Papua,Daging Sapi,151558.33333333334
2025-06,Papua,Gula Pasir,24513.333333333332
2025-06,Papua,Minyak Goreng,24445.0
2025-06,Papua,Telur Ayam,39016.666666666664
2025-06,Papua Barat,Bawang Merah,54125.0
2025-06,Papua Barat,Bawang Putih,52500.0
2025-06,Papua Barat,Beras,16775.0
2025-06,Papua Barat,Cabai Merah,60185.0
2025-06,Papua Barat,Cabai Rawit,69291.66666666667
2025-06,Papua Barat,Daging Ayam,45925.0
2025-06,Papua Barat,Daging Sapi,147500.0
2025-06,Papua Barat,Gula Pasir,21265.0
2025-06,Papua Barat,Minyak Goreng,23743.333333333332
2025-06,Papua Barat,Telur Ayam,34075.0
2025-06,Riau,Bawang Merah,37183.333333333336
2025-06,Riau,Bawang Putih,37343.333333333336
2025-06,Riau,Beras,16278.333333333334
2025-06,Riau,Cabai Merah,34778.333333333336
2025-06,Riau,Cabai Rawit,34906.666666666664
2025-06,Riau,Daging Ayam,28061.666666666668
2025-06,Riau,Daging Sapi,124436.66666666667
2025-06,Riau,Gula Pasir,18306.666666666668
2025-06,Riau,Minyak Goreng,19616.666666666668
2025-06,Riau,Telur Ayam,27441.666666666668
2025-06,Sulawesi Barat,Bawang Merah,40655.0
2025-06,Sulawesi Barat,Bawang Putih,42845.0
2025-06,Sulawesi Barat,Beras,14020.0
2025-06,Sulawesi Barat,Cabai Merah,38048.333333333336
2025-06,Sulawesi Barat,Cabai Rawit,40138.333333333336
2025-06,Sulawesi Barat,Daging Ayam,26736.666666666668
2025-06,Sulawesi Barat,Daging Sapi,129680.0
2025-06,Sulawesi Barat,Gula Pasir,18890.0
2025-06,Sulawesi Barat,Minyak Goreng,21150.0
2025-06,Sulawesi Barat,Telur Ayam,25791.666666666668
2025-06,Sulawesi Selatan,Bawang Merah,40176.666666666664
2025-06,Sulawesi Selatan,Bawang Putih,40843.333333333336
2025-06,Sulawesi Selatan,Beras,13658.333333333334
2025-06,Sulawesi Selatan,Cabai Merah,33820.0
2025-06,Sulawesi Selatan,Cabai Rawit,34928.333333333336
2025-06,Sulawesi Selatan,Daging Ayam,25476.666666666668
2025-06,Sulawesi Selatan,Daging Sapi,126166.66666666667
2025-06,Sulawesi Selatan,Gula Pasir,17670.0
2025-06,Sulawesi Selatan,Minyak Goreng,19700.0
2025-06,Sulawesi Selatan,Telur Ayam,25776.666666666668
2025-06,Sulawesi Tengah,Bawang Merah,47006.666666666664
2025-06,Sulawesi Tengah,Bawang Putih,45695.0
2025-06,Sulawesi Tengah,Beras,15021.666666666666
2025-06,Sulawesi Tengah,Cabai Merah,45811.666666666664
2025-06,Sulawesi Tengah,Cabai Rawit,60551.666666666664
2025-06,Sulawesi Tengah,Daging Ayam,30960.0
2025-06,Sulawesi Tengah,Daging Sapi,144375.0
2025-06,Sulawesi Tengah,Gula Pasir,20550.0
2025-06,Sulawesi Tengah,Minyak Goreng,20550.0
2025-06,Sulawesi Tengah,Telur Ayam,31400.0
2025-06,Sulawesi Tenggara,Bawang Merah,49818.333333333336
2025-06,Sulawesi Tenggara,Bawang Putih,48420.0
2025-06,Sulawesi Tenggara,Beras,15716.666666666666
2025-06,Sulawesi Tenggara,Cabai Merah,60540.0
2025-06,Sulawesi Tenggara,Cabai Rawit,75826.66666666667
2025-06,Sulawesi Tenggara,Daging Ayam,35273.333333333336
2025-06,Sulawesi Tenggara,Daging Sapi,139250.0
2025-06,Sulawesi Tenggara,Gula Pasir,20950.0
2025-06,Sulawesi Tenggara,Minyak Goreng,22300.0
2025-06,Sulawesi Tenggara,Telur Ayam,30978.333333333332
2025-06,Sulawesi Utara,Bawang Merah,52695.0
2025-06,Sulawesi Utara,Bawang Putih,43646.666666666664
2025-06,Sulawesi Utara,Beras,15435.0
2025-06,Sulawesi Utara,Cabai Merah,57761.666666666664
2025-06,Sulawesi Utara,Cabai Rawit,73038.33333333333
2025-06,Sulawesi Utara,Daging Ayam,34513.333333333336
2025-06,Sulawesi Utara,Daging Sapi,132860.0
2025-06,Sulawesi Utara,Gula Pasir,18200.0
2025-06,Sulawesi Utara,Minyak Goreng,18820.0
2025-06,Sulawesi Utara,Telur Ayam,29723.333333333332
2025-06,Sumatera Barat,Bawang Merah,36838.333333333336
2025-06,Sumatera Barat,Bawang Putih,35426.666666666664
2025-06,Sumatera Barat,Beras,16880.0
2025-06,Sumatera Barat,Cabai Merah,31851.666666666668
2025-06,Sumatera Barat,Cabai Rawit,26855.0
2025-06,Sumatera Barat,Daging Ayam,45796.666666666664
2025-06,Sumatera Barat,Daging Sapi,147500.0
2025-06,Sumatera Barat,Gula Pasir,18880.0
2025-06,Sumatera Barat,Minyak Goreng,20775.0
2025-06,Sumatera Barat,Telur Ayam,28453.333333333332
2025-06,Sumatera Selatan,Bawang Merah,43118.333333333336
2025-06,Sumatera Selatan,Bawang Putih,42251.666666666664
2025-06,Sumatera Selatan,Beras,15196.666666666666
2025-06,Sumatera Selatan,Cabai Merah,41515.0
2025-06,Sumatera Selatan,Cabai Rawit,43151.666666666664
2025-06,Sumatera Selatan,Daging Ayam,31593.333333333332
2025-06,Sumatera Selatan,Daging Sapi,139068.33333333334
2025-06,Sumatera Selatan,Gula Pasir,18270.0
2025-06,Sumatera Selatan,Minyak Goreng,20651.666666666668
2025-06,Sumatera Selatan,Telur Ayam,27378.333333333332
2025-06,Sumatera Utara,Bawang Merah,37858.333333333336
2025-06,Sumatera Utara,Bawang Putih,37640.0
2025-06,Sumatera Utara,Beras,14303.333333333334
2025-06,Sumatera Utara,Cabai Merah,25045.0
2025-06,Sumatera Utara,Cabai Rawit,25548.333333333332
2025-06,Sumatera Utara,Daging Ayam,33916.666666666664
2025-06,Sumatera Utara,Daging Sapi,133750.0
2025-06,Sumatera Utara,Gula Pasir,19126.666666666668
2025-06,Sumatera Utara,Minyak Goreng,20628.333333333332
2025-06,Sumatera Utara,Telur Ayam,30356.666666666668
2025-07,Aceh,Bawang Merah,44735.48387096774
2025-07,Aceh,Bawang Putih,38490.32258064516
2025-07,Aceh,Beras,14874.193548387097
2025-07,Aceh,Cabai Merah,28833.870967741936
2025-07,Aceh,Cabai Rawit,33970.967741935485
2025-07,Aceh,Daging Ayam,30698.387096774193
2025-07,Aceh,Daging Sapi,146650.0
2025-07,Aceh,Gula Pasir,19183.870967741936
2025-07,Aceh,Minyak Goreng,20962.90322580645
2025-07,Aceh,Telur Ayam,29082.25806451613
2025-07,Bali,Bawang Merah,39820.967741935485
2025-07,Bali,Bawang Putih,32025.8064516129
2025-07,Bali,Beras,15600.0
2025-07,Bali,Cabai Merah,33045.16129032258
2025-07,Bali,Cabai Rawit,48661.290322580644
2025-07,Bali,Daging Ayam,38801.6129032258
2025-07,Bali,Daging Sapi,132200.0
2025-07,Bali,Gula Pasir,18850.0
2025-07,Bali,Minyak Goreng,21150.0
2025-07,Bali,Telur Ayam,28253.225806451614
2025-07,Banten,Bawang Merah,51824.1935483871
2025-07,Banten,Bawang Putih,38712.903225806454
2025-07,Banten,Beras,15590.322580645161
2025-07,Banten,Cabai Merah,41635.48387096774
2025-07,Banten,Cabai Rawit,55558.06451612903
2025-07,Banten,Daging Ayam,36456.45161290323
2025-07,Banten,Daging Sapi,133350.0
2025-07,Banten,Gula Pasir,18650.0
2025-07,Banten,Minyak Goreng,18866.129032258064
2025-07,Banten,Telur Ayam,28466.129032258064
2025-07,Bengkulu,Bawang Merah,51145.16129032258
2025-07,Bengkulu,Bawang Putih,39251.6129032258
2025-07,Bengkulu,Beras,15574.193548387097
2025-07,Bengkulu,Cabai Merah,33232.25806451613
2025-07,Bengkulu,Cabai Rawit,38537.096774193546
2025-07,Bengkulu,Daging Ayam,36332.25806451613
2025-07,Bengkulu,Daging Sapi,134700.0
2025-07,Bengkulu,Gula Pasir,18458.064516129034
2025-07,Bengkulu,Minyak Goreng,19800.0
2025-07,Bengkulu,Telur Ayam,28325.8064516129
2025-07,DI Yogyakarta,Bawang Merah,43306.45161290323
2025-07,DI Yogyakarta,Bawang Putih,41580.645161290326
2025-07,DI Yogyakarta,Beras,14450.0
2025-07,DI Yogyakarta,Cabai Merah,35843.54838709677
2025-07,DI Yogyakarta,Cabai Rawit,46566.12903225807
2025-07,DI Yogyakarta,Daging Ayam,31862.90322580645
2025-07,DI Yogyakarta,Daging Sapi,136250.0
2025-07,DI Yogyakarta,Gula Pasir,17733.870967741936
2025-07,DI Yogyakarta,Minyak Goreng,20112.90322580645
2025-07,DI Yogyakarta,Telur Ayam,28427.41935483871
2025-07,DKI Jakarta,Bawang Merah,55653.22580645161
2025-07,DKI Jakarta,Bawang Putih,49785.48387096774
2025-07,DKI Jakarta,Beras,16158.064516129032
2025-07,DKI Jakarta,Cabai Merah,48111.290322580644
2025-07,DKI Jakarta,Cabai Rawit,57893.54838709677
2025-07,DKI Jakarta,Daging Ayam,35737.096774193546
2025-07,DKI Jakarta,Daging Sapi,137635.48387096773
2025-07,DKI Jakarta,Gula Pasir,19550.0
2025-07,DKI Jakarta,Minyak Goreng,20650.0
2025-07,DKI Jakarta,Telur Ayam,28964.516129032258
2025-07,Gorontalo,Bawang Merah,57785.48387096774
2025-07,Gorontalo,Bawang Putih,46722.58064516129
2025-07,Gorontalo,Beras,16301.612903225807
2025-07,Gorontalo,Cabai Merah,62053.22580645161
2025-07,Gorontalo,Cabai Rawit,80056.45161290323
2025-07,Gorontalo,Daging Ayam,28682.25806451613
2025-07,Gorontalo,Daging Sapi,132500.0
2025-07,Gorontalo,Gula Pasir,19690.322580645163
2025-07,Gorontalo,Minyak Goreng,25395.16129032258
2025-07,Gorontalo,Telur Ayam,31938.709677419356
2025-07,Jambi,Bawang Merah,43441.93548387097
2025-07,Jambi,Bawang Putih,33650.0
2025-07,Jambi,Beras,15400.0
2025-07,Jambi,Cabai Merah,28483.870967741936
2025-07,Jambi,Cabai Rawit,48177.41935483871
2025-07,Jambi,Daging Ayam,35224.1935483871
2025-07,Jambi,Daging Sapi,137500.0
2025-07,Jambi,Gula Pasir,18482.25806451613
2025-07,Jambi,Minyak Goreng,20314.516129032258
2025-07,Jambi,Telur Ayam,25729.032258064515
2025-07,Jawa Barat,Bawang Merah,51293.54838709677
2025-07,Jawa Barat,Bawang Putih,41214.51612903226
2025-07,Jawa Barat,Beras,14790.322580645161
2025-07,Jawa Barat,Cabai Merah,45437.096774193546
2025-07,Jawa Barat,Cabai Rawit,57487.096774193546
2025-07,Jawa Barat,Daging Ayam,34485.48387096774
2025-07,Jawa Barat,Daging Sapi,138962.90322580645
2025-07,Jawa Barat,Gula Pasir,18579.032258064515
2025-07,Jawa Barat,Minyak Goreng,20516.129032258064
2025-07,Jawa Barat,Telur Ayam,29093.548387096773
2025-07,Jawa Tengah,Bawang Merah,47429.032258064515
2025-07,Jawa Tengah,Bawang Putih,37341.93548387097
2025-07,Jawa Tengah,Beras,14953.225806451614
2025-07,Jawa Tengah,Cabai Merah,35133.87096774193
2025-07,Jawa Tengah,Cabai Rawit,43016.12903225807
2025-07,Jawa Tengah,Daging Ayam,32833.87096774193
2025-07,Jawa Tengah,Daging Sapi,127900.0
2025-07,Jawa Tengah,Gula Pasir,17846.774193548386
2025-07,Jawa Tengah,Minyak Goreng,19514.516129032258
2025-07,Jawa Tengah,Telur Ayam,27846.774193548386
2025-07,Jawa Timur,Bawang Merah,44435.48387096774
2025-07,Jawa Timur,Bawang Putih,30991.935483870966
2025-07,Jawa Timur,Beras,14630.645161290322
2025-07,Jawa Timur,Cabai Merah,30770.967741935485
2025-07,Jawa Timur,Cabai Rawit,40967.74193548387
2025-07,Jawa Timur,Daging Ayam,31445.16129032258
2025-07,Jawa Timur,Daging Sapi,120422.58064516129
2025-07,Jawa Timur,Gula Pasir,17093.548387096773
2025-07,Jawa Timur,Minyak Goreng,19967.74193548387
2025-07,Jawa Timur,Telur Ayam,27675.8064516129
2025-07,Kalimantan Barat,Bawang Merah,53322.58064516129
2025-07,Kalimantan Barat,Bawang Putih,34572.58064516129
2025-07,Kalimantan Barat,Beras,16400.0
2025-07,Kalimantan Barat,Cabai Merah,52754.83870967742
2025-07,Kalimantan Barat,Cabai Rawit,65667.74193548386
2025-07,Kalimantan Barat,Daging Ayam,36814.51612903226
2025-07,Kalimantan Barat,Daging Sapi,149600.0
2025-07,Kalimantan Barat,Gula Pasir,18511.290322580644
2025-07,Kalimantan Barat,Minyak Goreng,20216.129032258064
2025-07,Kalimantan Barat,Telur Ayam,32888.709677419356
2025-07,Kalimantan Selatan,Bawang Merah,48316.12903225807
2025-07,Kalimantan Selatan,Bawang Putih,38238.709677419356
2025-07,Kalimantan Selatan,Beras,17295.16129032258
2025-07,Kalimantan Selatan,Cabai Merah,51316.12903225807
2025-07,Kalimantan Selatan,Cabai Rawit,56735.48387096774
2025-07,Kalimantan Selatan,Daging Ayam,41546.77419354839
2025-07,Kalimantan Selatan,Daging Sapi,164150.0
2025-07,Kalimantan Selatan,Gula Pasir,18990.322580645163
2025-07,Kalimantan Selatan,Minyak Goreng,21050.0
2025-07,Kalimantan Selatan,Telur Ayam,30372.58064516129
2025-07,Kalimantan Tengah,Bawang Merah,51191.93548387097
2025-07,Kalimantan Tengah,Bawang Putih,38140.32258064516
2025-07,Kalimantan Tengah,Beras,17514.516129032258
2025-07,Kalimantan Tengah,Cabai Merah,79017.74193548386
2025-07,Kalimantan Tengah,Cabai Rawit,79835.48387096774
2025-07,Kalimantan Tengah,Daging Ayam,36501.6129032258
2025-07,Kalimantan Tengah,Daging Sapi,155350.0
2025-07,Kalimantan Tengah,Gula Pasir,20987.09677419355
2025-07,Kalimantan Tengah,Minyak Goreng,21141.935483870966
2025-07,Kalimantan Tengah,Telur Ayam,31851.612903225807
2025-07,Kalimantan Timur,Bawang Merah,49856.45161290323
2025-07,Kalimantan Timur,Bawang Putih,41856.45161290323
2025-07,Kalimantan Timur,Beras,16424.1935483871
2025-07,Kalimantan Timur,Cabai Merah,55658.06451612903
2025-07,Kalimantan Timur,Cabai Rawit,65443.54838709677
2025-07,Kalimantan Timur,Daging Ayam,35800.0
2025-07,Kalimantan Timur,Daging Sapi,161172.5806451613
2025-07,Kalimantan Timur,Gula Pasir,19195.16129032258
2025-07,Kalimantan Timur,Minyak Goreng,21070.967741935485
2025-07,Kalimantan Timur,Telur Ayam,30327.41935483871
2025-07,Kalimantan Utara,Bawang Merah,56788.709677419356
2025-07,Kalimantan Utara,Bawang Putih,48695.16129032258
2025-07,Kalimantan Utara,Beras,16962.90322580645
2025-07,Kalimantan Utara,Cabai Merah,77279.03225806452
2025-07,Kalimantan Utara,Cabai Rawit,88179.03225806452
2025-07,Kalimantan Utara,Daging Ayam,42538.709677419356
2025-07,Kalimantan Utara,Daging Sapi,149400.0
2025-07,Kalimantan Utara,Gula Pasir,19159.677419354837
2025-07,Kalimantan Utara,Minyak Goreng,21108.064516129034
2025-07,Kalimantan Utara,Telur Ayam,31417.74193548387
2025-07,Kepulauan Bangka Belitung,Bawang Merah,52712.903225806454
2025-07,Kepulauan Bangka Belitung,Bawang Putih,37551.6129032258
2025-07,Kepulauan Bangka Belitung,Beras,15333.870967741936
2025-07,Kepulauan Bangka Belitung,Cabai Merah,48579.032258064515
2025-07,Kepulauan Bangka Belitung,Cabai Rawit,67166.12903225806
2025-07,Kepulauan Bangka Belitung,Daging Ayam,39579.032258064515
2025-07,Kepulauan Bangka Belitung,Daging Sapi,133450.0
2025-07,Kepulauan Bangka Belitung,Gula Pasir,18450.0
2025-07,Kepulauan Bangka Belitung,Minyak Goreng,19222.58064516129
2025-07,Kepulauan Bangka Belitung,Telur Ayam,32727.41935483871
2025-07,Kepulauan Riau,Bawang Merah,46304.83870967742
2025-07,Kepulauan Riau,Bawang Putih,33027.41935483871
2025-07,Kepulauan Riau,Beras,15158.064516129032
2025-07,Kepulauan Riau,Cabai Merah,41306.45161290323
2025-07,Kepulauan Riau,Cabai Rawit,53659.67741935484
2025-07,Kepulauan Riau,Daging Ayam,38275.8064516129
2025-07,Kepulauan Riau,Daging Sapi,110051.6129032258
2025-07,Kepulauan Riau,Gula Pasir,15780.645161290322
2025-07,Kepulauan Riau,Minyak Goreng,19024.1935483871
2025-07,Kepulauan Riau,Telur Ayam,31806.451612903227
2025-07,Lampung,Bawang Merah,45833.87096774193
2025-07,Lampung,Bawang Putih,37306.45161290323
2025-07,Lampung,Beras,14727.41935483871
2025-07,Lampung,Cabai Merah,39080.645161290326
2025-07,Lampung,Cabai Rawit,52912.903225806454
2025-07,Lampung,Daging Ayam,30191.935483870966
2025-07,Lampung,Daging Sapi,128750.0
2025-07,Lampung,Gula Pasir,18387.09677419355
2025-07,Lampung,Minyak Goreng,19900.0
2025-07,Lampung,Telur Ayam,28125.8064516129
2025-07,Maluku,Bawang Merah,57295.16129032258
2025-07,Maluku,Bawang Putih,45467.74193548387
2025-07,Maluku,Beras,17027.41935483871
2025-07,Maluku,Cabai Merah,85304.83870967742
2025-07,Maluku,Cabai Rawit,109511.29032258065
2025-07,Maluku,Daging Ayam,40450.0
2025-07,Maluku,Daging Sapi,136330.64516129033
2025-07,Maluku,Gula Pasir,21387.09677419355
2025-07,Maluku,Minyak Goreng,23203.225806451614
2025-07,Maluku,Telur Ayam,35800.0
2025-07,Maluku Utara,Bawang Merah,68548.3870967742
2025-07,Maluku Utara,Bawang Putih,65161.290322580644
2025-07,Maluku Utara,Beras,16700.0
2025-07,Maluku Utara,Cabai Merah,83629.03225806452
2025-07,Maluku Utara,Cabai Rawit,117741.93548387097
2025-07,Maluku Utara,Daging Ayam,43250.0
2025-07,Maluku Utara,Daging Sapi,140000.0
2025-07,Maluku Utara,Gula Pasir,20822.58064516129
2025-07,Maluku Utara,Minyak Goreng,22188.709677419356
2025-07,Maluku Utara,Telur Ayam,36598.3870967742
2025-07,Nusa Tenggara Barat,Bawang Merah,36841.93548387097
2025-07,Nusa Tenggara Barat,Bawang Putih,36975.8064516129
2025-07,Nusa Tenggara Barat,Beras,13993.548387096775
2025-07,Nusa Tenggara Barat,Cabai Merah,37811.290322580644
2025-07,Nusa Tenggara Barat,Cabai Rawit,43062.903225806454
2025-07,Nusa Tenggara Barat,Daging Ayam,35314.51612903226
2025-07,Nusa Tenggara Barat,Daging Sapi,117733.87096774194
2025-07,Nusa Tenggara Barat,Gula Pasir,17508.064516129034
2025-07,Nusa Tenggara Barat,Minyak Goreng,21566.129032258064
2025-07,Nusa Tenggara Barat,Telur Ayam,29138.709677419356
2025-07,Nusa Tenggara Timur,Bawang Merah,44312.903225806454
2025-07,Nusa Tenggara Timur,Bawang Putih,45701.6129032258
2025-07,Nusa Tenggara Timur,Beras,15288.709677419354
2025-07,Nusa Tenggara Timur,Cabai Merah,59801.6129032258
2025-07,Nusa Tenggara Timur,Cabai Rawit,78629.03225806452
2025-07,Nusa Tenggara Timur,Daging Ayam,47661.290322580644
2025-07,Nusa Tenggara Timur,Daging Sapi,115000.0
2025-07,Nusa Tenggara Timur,Gula Pasir,19524.1935483871
2025-07,Nusa Tenggara Timur,Minyak Goreng,22764.516129032258
2025-07,Nusa Tenggara Timur,Telur Ayam,32179.032258064515
2025-07,Papua,Bawang Merah,67203.2258064516
2025-07,Papua,Bawang Putih,57270.967741935485
2025-07,Papua,Beras,18519.354838709678
2025-07,Papua,Cabai Merah,91527.41935483871
2025-07,Papua,Cabai Rawit,89730.64516129032
2025-07,Papua,Daging Ayam,45220.967741935485
2025-07,Papua,Daging Sapi,151590.32258064515
2025-07,Papua,Gula Pasir,24398.387096774193
2025-07,Papua,Minyak Goreng,24606.451612903227
2025-07,Papua,Telur Ayam,38772.58064516129
2025-07,Papua Barat,Bawang Merah,60362.903225806454
2025-07,Papua Barat,Bawang Putih,52500.0
2025-07,Papua Barat,Beras,16929.032258064515
2025-07,Papua Barat,Cabai Merah,63175.8064516129
2025-07,Papua Barat,Cabai Rawit,96733.87096774194
2025-07,Papua Barat,Daging Ayam,44083.87096774193
2025-07,Papua Barat,Daging Sapi,147500.0
2025-07,Papua Barat,Gula Pasir,20893.548387096773
2025-07,Papua Barat,Minyak Goreng,23425.8064516129
2025-07,Papua Barat,Telur Ayam,35193.54838709677
2025-07,Riau,Bawang Merah,44130.645161290326
2025-07,Riau,Bawang Putih,35861.290322580644
2025-07,Riau,Beras,16301.612903225807
2025-07,Riau,Cabai Merah,35650.0
2025-07,Riau,Cabai Rawit,41988.709677419356
2025-07,Riau,Daging Ayam,30433.870967741936
2025-07,Riau,Daging Sapi,125019.35483870968
2025-07,Riau,Gula Pasir,18137.09677419355
2025-07,Riau,Minyak Goreng,19772.58064516129
2025-07,Riau,Telur Ayam,28437.09677419355
2025-07,Sulawesi Barat,Bawang Merah,45403.22580645161
2025-07,Sulawesi Barat,Bawang Putih,40779.032258064515
2025-07,Sulawesi Barat,Beras,15008.064516129032
2025-07,Sulawesi Barat,Cabai Merah,32079.032258064515
2025-07,Sulawesi Barat,Cabai Rawit,41119.354838709674
2025-07,Sulawesi Barat,Daging Ayam,24885.483870967742
2025-07,Sulawesi Barat,Daging Sapi,128350.0
2025-07,Sulawesi Barat,Gula Pasir,18461.290322580644
2025-07,Sulawesi Barat,Minyak Goreng,21098.387096774193
2025-07,Sulawesi Barat,Telur Ayam,25596.774193548386
2025-07,Sulawesi Selatan,Bawang Merah,45112.903225806454
2025-07,Sulawesi Selatan,Bawang Putih,39693.54838709677
2025-07,Sulawesi Selatan,Beras,14119.354838709678
2025-07,Sulawesi Selatan,Cabai Merah,31927.41935483871
2025-07,Sulawesi Selatan,Cabai Rawit,46572.58064516129
2025-07,Sulawesi Selatan,Daging Ayam,24017.74193548387
2025-07,Sulawesi Selatan,Daging Sapi,126000.0
2025-07,Sulawesi Selatan,Gula Pasir,17587.09677419355
2025-07,Sulawesi Selatan,Minyak Goreng,19724.1935483871
2025-07,Sulawesi Selatan,Telur Ayam,25787.09677419355
2025-07,Sulawesi Tengah,Bawang Merah,52340.32258064516
2025-07,Sulawesi Tengah,Bawang Putih,42169.354838709674
2025-07,Sulawesi Tengah,Beras,16217.741935483871
2025-07,Sulawesi Tengah,Cabai Merah,47117.74193548387
2025-07,Sulawesi Tengah,Cabai Rawit,72820.96774193548
2025-07,Sulawesi Tengah,Daging Ayam,30033.870967741936
2025-07,Sulawesi Tengah,Daging Sapi,143750.0
2025-07,Sulawesi Tengah,Gula Pasir,20491.935483870966
2025-07,Sulawesi Tengah,Minyak Goreng,20548.387096774193
2025-07,Sulawesi Tengah,Telur Ayam,30161.290322580644
2025-07,Sulawesi Tenggara,Bawang Merah,50704.83870967742
2025-07,Sulawesi Tenggara,Bawang Putih,46680.645161290326
2025-07,Sulawesi Tenggara,Beras,16385.483870967742
2025-07,Sulawesi Tenggara,Cabai Merah,51122.58064516129
2025-07,Sulawesi Tenggara,Cabai Rawit,102746.7741935484
2025-07,Sulawesi Tenggara,Daging Ayam,33677.41935483871
2025-07,Sulawesi Tenggara,Daging Sapi,137706.4516129032
2025-07,Sulawesi Tenggara,Gula Pasir,20808.064516129034
2025-07,Sulawesi Tenggara,Minyak Goreng,22300.0
2025-07,Sulawesi Tenggara,Telur Ayam,30820.967741935485
2025-07,Sulawesi Utara,Bawang Merah,56248.3870967742
2025-07,Sulawesi Utara,Bawang Putih,42777.41935483871
2025-07,Sulawesi Utara,Beras,16427.41935483871
2025-07,Sulawesi Utara,Cabai Merah,53256.45161290323
2025-07,Sulawesi Utara,Cabai Rawit,72519.35483870968
2025-07,Sulawesi Utara,Daging Ayam,37882.25806451613
2025-07,Sulawesi Utara,Daging Sapi,134069.35483870967
2025-07,Sulawesi Utara,Gula Pasir,18195.16129032258
2025-07,Sulawesi Utara,Minyak Goreng,18787.09677419355
2025-07,Sulawesi Utara,Telur Ayam,29414.516129032258
2025-07,Sumatera Barat,Bawang Merah,44432.25806451613
2025-07,Sumatera Barat,Bawang Putih,34624.1935483871
2025-07,Sumatera Barat,Beras,16890.322580645163
2025-07,Sumatera Barat,Cabai Merah,38350.0
2025-07,Sumatera Barat,Cabai Rawit,33985.48387096774
2025-07,Sumatera Barat,Daging Ayam,47706.45161290323
2025-07,Sumatera Barat,Daging Sapi,147500.0
2025-07,Sumatera Barat,Gula Pasir,18577.41935483871
2025-07,Sumatera Barat,Minyak Goreng,20761.290322580644
2025-07,Sumatera Barat,Telur Ayam,28770.967741935485
2025-07,Sumatera Selatan,Bawang Merah,44333.87096774193
2025-07,Sumatera Selatan,Bawang Putih,39233.87096774193
2025-07,Sumatera Selatan,Beras,15272.58064516129
2025-07,Sumatera Selatan,Cabai Merah,43245.16129032258
2025-07,Sumatera Selatan,Cabai Rawit,51358.06451612903
2025-07,Sumatera Selatan,Daging Ayam,33538.709677419356
2025-07,Sumatera Selatan,Daging Sapi,139100.0
2025-07,Sumatera Selatan,Gula Pasir,18259.677419354837
2025-07,Sumatera Selatan,Minyak Goreng,20858.064516129034
2025-07,Sumatera Selatan,Telur Ayam,27782.25806451613
2025-07,Sumatera Utara,Bawang Merah,45440.32258064516
2025-07,Sumatera Utara,Bawang Putih,38419.354838709674
2025-07,Sumatera Utara,Beras,14688.709677419354
2025-07,Sumatera Utara,Cabai Merah,25603.225806451614
2025-07,Sumatera Utara,Cabai Rawit,29016.129032258064
2025-07,Sumatera Utara,Daging Ayam,35724.1935483871
2025-07,Sumatera Utara,Daging Sapi,133745.16129032258
2025-07,Sumatera Utara,Gula Pasir,18916.129032258064
2025-07,Sumatera Utara,Minyak Goreng,20569.354838709678
2025-07,Sumatera Utara,Telur Ayam,30504.83870967742
2025-08,Aceh,Bawang Merah,57390.32258064516
2025-08,Aceh,Bawang Putih,38414.51612903226
2025-08,Aceh,Beras,15479.032258064517
2025-08,Aceh,Cabai Merah,38530.645161290326
2025-08,Aceh,Cabai Rawit,50380.645161290326
2025-08,Aceh,Daging Ayam,33964.51612903226
2025-08,Aceh,Daging Sapi,146366.12903225806
2025-08,Aceh,Gula Pasir,19100.0
2025-08,Aceh,Minyak Goreng,21000.0
2025-08,Aceh,Telur Ayam,29658.064516129034
2025-08,Bali,Bawang Merah,45100.0
2025-08,Bali,Bawang Putih,31975.8064516129
2025-08,Bali,Beras,15590.322580645161
2025-08,Bali,Cabai Merah,33172.58064516129
2025-08,Bali,Cabai Rawit,35638.709677419356
2025-08,Bali,Daging Ayam,38927.41935483871
2025-08,Bali,Daging Sapi,132200.0
2025-08,Bali,Gula Pasir,18804.83870967742
2025-08,Bali,Minyak Goreng,21150.0
2025-08,Bali,Telur Ayam,28758.064516129034
2025-08,Banten,Bawang Merah,49532.25806451613
2025-08,Banten,Bawang Putih,38156.45161290323
2025-08,Banten,Beras,15583.870967741936
2025-08,Banten,Cabai Merah,40262.903225806454
2025-08,Banten,Cabai Rawit,38327.41935483871
2025-08,Banten,Daging Ayam,37264.51612903226
2025-08,Banten,Daging Sapi,132951.61290322582
2025-08,Banten,Gula Pasir,18650.0
2025-08,Banten,Minyak Goreng,19275.8064516129
2025-08,Banten,Telur Ayam,27962.90322580645
2025-08,Bengkulu,Bawang Merah,54501.6129032258
2025-08,Bengkulu,Bawang Putih,38982.25806451613
2025-08,Bengkulu,Beras,15643.548387096775
2025-08,Bengkulu,Cabai Merah,37625.8064516129
2025-08,Bengkulu,Cabai Rawit,34348.3870967742
2025-08,Bengkulu,Daging Ayam,33814.51612903226
2025-08,Bengkulu,Daging Sapi,134700.0
2025-08,Bengkulu,Gula Pasir,18130.645161290322
2025-08,Bengkulu,Minyak Goreng,19706.451612903227
2025-08,Bengkulu,Telur Ayam,28648.387096774193
2025-08,DI Yogyakarta,Bawang Merah,46774.1935483871
2025-08,DI Yogyakarta,Bawang Putih,40112.903225806454
2025-08,DI Yogyakarta,Beras,14450.0
2025-08,DI Yogyakarta,Cabai Merah,34643.54838709677
2025-08,DI Yogyakarta,Cabai Rawit,33522.58064516129
2025-08,DI Yogyakarta,Daging Ayam,32274.1935483871
2025-08,DI Yogyakarta,Daging Sapi,136250.0
2025-08,DI Yogyakarta,Gula Pasir,17564.516129032258
2025-08,DI Yogyakarta,Minyak Goreng,20261.290322580644
2025-08,DI Yogyakarta,Telur Ayam,27670.967741935485
2025-08,DKI Jakarta,Bawang Merah,54725.8064516129
2025-08,DKI Jakarta,Bawang Putih,46479.032258064515
2025-08,DKI Jakarta,Beras,16230.645161290322
2025-08,DKI Jakarta,Cabai Merah,46043.54838709677
2025-08,DKI Jakarta,Cabai Rawit,44900.0
2025-08,DKI Jakarta,Daging Ayam,34253.22580645161
2025-08,DKI Jakarta,Daging Sapi,135850.0
2025-08,DKI Jakarta,Gula Pasir,19511.290322580644
2025-08,DKI Jakarta,Minyak Goreng,20682.25806451613
2025-08,DKI Jakarta,Telur Ayam,28246.774193548386
2025-08,Gorontalo,Bawang Merah,64546.77419354839
2025-08,Gorontalo,Bawang Putih,45198.3870967742
2025-08,Gorontalo,Beras,16906.451612903227
2025-08,Gorontalo,Cabai Merah,42574.1935483871
2025-08,Gorontalo,Cabai Rawit,51017.74193548387
2025-08,Gorontalo,Daging Ayam,28762.90322580645
2025-08,Gorontalo,Daging Sapi,132822.5806451613
2025-08,Gorontalo,Gula Pasir,19603.225806451614
2025-08,Gorontalo,Minyak Goreng,25522.58064516129
2025-08,Gorontalo,Telur Ayam,31809.677419354837
2025-08,Jambi,Bawang Merah,47470.967741935485
2025-08,Jambi,Bawang Putih,32069.354838709678
2025-08,Jambi,Beras,15400.0
2025-08,Jambi,Cabai Merah,33979.032258064515
2025-08,Jambi,Cabai Rawit,38714.51612903226
2025-08,Jambi,Daging Ayam,33929.032258064515
2025-08,Jambi,Daging Sapi,137500.0
2025-08,Jambi,Gula Pasir,18400.0
2025-08,Jambi,Minyak Goreng,20350.0
2025-08,Jambi,Telur Ayam,26109.677419354837
2025-08,Jawa Barat,Bawang Merah,50761.290322580644
2025-08,Jawa Barat,Bawang Putih,40638.709677419356
2025-08,Jawa Barat,Beras,14833.870967741936
2025-08,Jawa Barat,Cabai Merah,43393.54838709677
2025-08,Jawa Barat,Cabai Rawit,42651.6129032258
2025-08,Jawa Barat,Daging Ayam,34335.48387096774
2025-08,Jawa Barat,Daging Sapi,138750.0
2025-08,Jawa Barat,Gula Pasir,18450.0
2025-08,Jawa Barat,Minyak Goreng,20612.90322580645
2025-08,Jawa Barat,Telur Ayam,28158.064516129034
2025-08,Jawa Tengah,Bawang Merah,49353.22580645161
2025-08,Jawa Tengah,Bawang Putih,35403.22580645161
2025-08,Jawa Tengah,Beras,15011.290322580646
2025-08,Jawa Tengah,Cabai Merah,33335.48387096774
2025-08,Jawa Tengah,Cabai Rawit,29216.129032258064
2025-08,Jawa Tengah,Daging Ayam,33272.58064516129
2025-08,Jawa Tengah,Daging Sapi,127900.0
2025-08,Jawa Tengah,Gula Pasir,17741.935483870966
2025-08,Jawa Tengah,Minyak Goreng,19729.032258064515
2025-08,Jawa Tengah,Telur Ayam,26780.645161290322
2025-08,Jawa Timur,Bawang Merah,47974.1935483871
2025-08,Jawa Timur,Bawang Putih,30201.612903225807
2025-08,Jawa Timur,Beras,14766.129032258064
2025-08,Jawa Timur,Cabai Merah,31085.483870967742
2025-08,Jawa Timur,Cabai Rawit,25150.0
2025-08,Jawa Timur,Daging Ayam,32496.774193548386
2025-08,Jawa Timur,Daging Sapi,120016.12903225806
2025-08,Jawa Timur,Gula Pasir,17043.548387096773
2025-08,Jawa Timur,Minyak Goreng,20108.064516129034
2025-08,Jawa Timur,Telur Ayam,26980.645161290322
2025-08,Kalimantan Barat,Bawang Merah,65825.80645161291
2025-08,Kalimantan Barat,Bawang Putih,33006.45161290323
2025-08,Kalimantan Barat,Beras,16400.0
2025-08,Kalimantan Barat,Cabai Merah,50238.709677419356
2025-08,Kalimantan Barat,Cabai Rawit,49061.290322580644
2025-08,Kalimantan Barat,Daging Ayam,34122.58064516129
2025-08,Kalimantan Barat,Daging Sapi,149600.0
2025-08,Kalimantan Barat,Gula Pasir,18303.225806451614
2025-08,Kalimantan Barat,Minyak Goreng,20309.677419354837
2025-08,Kalimantan Barat,Telur Ayam,33137.096774193546
2025-08,Kalimantan Selatan,Bawang Merah,55438.709677419356
2025-08,Kalimantan Selatan,Bawang Putih,37579.032258064515
2025-08,Kalimantan Selatan,Beras,17400.0
2025-08,Kalimantan Selatan,Cabai Merah,45666.12903225807
2025-08,Kalimantan Selatan,Cabai Rawit,37908.06451612903
2025-08,Kalimantan Selatan,Daging Ayam,40754.83870967742
2025-08,Kalimantan Selatan,Daging Sapi,164150.0
2025-08,Kalimantan Selatan,Gula Pasir,18812.90322580645
2025-08,Kalimantan Selatan,Minyak Goreng,21050.0
2025-08,Kalimantan Selatan,Telur Ayam,30169.354838709678
2025-08,Kalimantan Tengah,Bawang Merah,59012.903225806454
2025-08,Kalimantan Tengah,Bawang Putih,37398.3870967742
2025-08,Kalimantan Tengah,Beras,17470.967741935485
2025-08,Kalimantan Tengah,Cabai Merah,74241.93548387097
2025-08,Kalimantan Tengah,Cabai Rawit,55301.6129032258
2025-08,Kalimantan Tengah,Daging Ayam,35153.22580645161
2025-08,Kalimantan Tengah,Daging Sapi,155350.0
2025-08,Kalimantan Tengah,Gula Pasir,20930.645161290322
2025-08,Kalimantan Tengah,Minyak Goreng,21211.290322580644
2025-08,Kalimantan Tengah,Telur Ayam,32380.645161290322
2025-08,Kalimantan Timur,Bawang Merah,56569.354838709674
2025-08,Kalimantan Timur,Bawang Putih,41458.06451612903
2025-08,Kalimantan Timur,Beras,16443.548387096773
2025-08,Kalimantan Timur,Cabai Merah,50735.48387096774
2025-08,Kalimantan Timur,Cabai Rawit,54438.709677419356
2025-08,Kalimantan Timur,Daging Ayam,35467.74193548387
2025-08,Kalimantan Timur,Daging Sapi,161250.0
2025-08,Kalimantan Timur,Gula Pasir,19091.935483870966
2025-08,Kalimantan Timur,Minyak Goreng,21119.354838709678
2025-08,Kalimantan Timur,Telur Ayam,30520.967741935485
2025-08,Kalimantan Utara,Bawang Merah,59404.83870967742
2025-08,Kalimantan Utara,Bawang Putih,46393.54838709677
2025-08,Kalimantan Utara,Beras,17161.290322580644
2025-08,Kalimantan Utara,Cabai Merah,69085.48387096774
2025-08,Kalimantan Utara,Cabai Rawit,77396.7741935484
2025-08,Kalimantan Utara,Daging Ayam,44180.645161290326
2025-08,Kalimantan Utara,Daging Sapi,149400.0
2025-08,Kalimantan Utara,Gula Pasir,19174.1935483871
2025-08,Kalimantan Utara,Minyak Goreng,21411.290322580644
2025-08,Kalimantan Utara,Telur Ayam,31567.74193548387
2025-08,Kepulauan Bangka Belitung,Bawang Merah,57454.83870967742
2025-08,Kepulauan Bangka Belitung,Bawang Putih,37166.12903225807
2025-08,Kepulauan Bangka Belitung,Beras,15348.387096774193
2025-08,Kepulauan Bangka Belitung,Cabai Merah,48037.096774193546
2025-08,Kepulauan Bangka Belitung,Cabai Rawit,56846.77419354839
2025-08,Kepulauan Bangka Belitung,Daging Ayam,36033.87096774193
2025-08,Kepulauan Bangka Belitung,Daging Sapi,133450.0
2025-08,Kepulauan Bangka Belitung,Gula Pasir,18450.0
2025-08,Kepulauan Bangka Belitung,Minyak Goreng,19200.0
2025-08,Kepulauan Bangka Belitung,Telur Ayam,32630.645161290322
2025-08,Kepulauan Riau,Bawang Merah,44162.903225806454
2025-08,Kepulauan Riau,Bawang Putih,31843.548387096773
2025-08,Kepulauan Riau,Beras,15182.258064516129
2025-08,Kepulauan Riau,Cabai Merah,47393.54838709677
2025-08,Kepulauan Riau,Cabai Rawit,48870.967741935485
2025-08,Kepulauan Riau,Daging Ayam,38590.32258064516
2025-08,Kepulauan Riau,Daging Sapi,115559.67741935483
2025-08,Kepulauan Riau,Gula Pasir,15677.41935483871
2025-08,Kepulauan Riau,Minyak Goreng,19016.129032258064
2025-08,Kepulauan Riau,Telur Ayam,31600.0
2025-08,Lampung,Bawang Merah,46383.87096774193
2025-08,Lampung,Bawang Putih,36166.12903225807
2025-08,Lampung,Beras,14782.258064516129
2025-08,Lampung,Cabai Merah,38517.74193548387
2025-08,Lampung,Cabai Rawit,38001.6129032258
2025-08,Lampung,Daging Ayam,29593.548387096773
2025-08,Lampung,Daging Sapi,128750.0
2025-08,Lampung,Gula Pasir,18390.322580645163
2025-08,Lampung,Minyak Goreng,19838.709677419356
2025-08,Lampung,Telur Ayam,28283.870967741936
2025-08,Maluku,Bawang Merah,61070.967741935485
2025-08,Maluku,Bawang Putih,43490.32258064516
2025-08,Maluku,Beras,16869.354838709678
2025-08,Maluku,Cabai Merah,70372.58064516129
2025-08,Maluku,Cabai Rawit,97632.25806451614
2025-08,Maluku,Daging Ayam,40348.3870967742
2025-08,Maluku,Daging Sapi,137056.4516129032
2025-08,Maluku,Gula Pasir,21261.290322580644
2025-08,Maluku,Minyak Goreng,23309.677419354837
2025-08,Maluku,Telur Ayam,36206.45161290323
2025-08,Maluku Utara,Bawang Merah,75000.0
2025-08,Maluku Utara,Bawang Putih,66088.70967741935
2025-08,Maluku Utara,Beras,16753.225806451614
2025-08,Maluku Utara,Cabai Merah,73387.09677419355
2025-08,Maluku Utara,Cabai Rawit,113387.09677419355
2025-08,Maluku Utara,Daging Ayam,43250.0
2025-08,Maluku Utara,Daging Sapi,140000.0
2025-08,Maluku Utara,Gula Pasir,20500.0
2025-08,Maluku Utara,Minyak Goreng,22450.0
2025-08,Maluku Utara,Telur Ayam,36972.58064516129
2025-08,Nusa Tenggara Barat,Bawang Merah,39464.51612903226
2025-08,Nusa Tenggara Barat,Bawang Putih,36693.54838709677
2025-08,Nusa Tenggara Barat,Beras,13930.645161290322
2025-08,Nusa Tenggara Barat,Cabai Merah,32445.16129032258
2025-08,Nusa Tenggara Barat,Cabai Rawit,27956.451612903227
2025-08,Nusa Tenggara Barat,Daging Ayam,36587.096774193546
2025-08,Nusa Tenggara Barat,Daging Sapi,118150.0
2025-08,Nusa Tenggara Barat,Gula Pasir,17446.774193548386
2025-08,Nusa Tenggara Barat,Minyak Goreng,21554.83870967742
2025-08,Nusa Tenggara Barat,Telur Ayam,29033.870967741936
2025-08,Nusa Tenggara Timur,Bawang Merah,44082.25806451613
2025-08,Nusa Tenggara Timur,Bawang Putih,45400.0
2025-08,Nusa Tenggara Timur,Beras,15380.645161290322
2025-08,Nusa Tenggara Timur,Cabai Merah,60029.032258064515
2025-08,Nusa Tenggara Timur,Cabai Rawit,66764.51612903226
2025-08,Nusa Tenggara Timur,Daging Ayam,48385.48387096774
2025-08,Nusa Tenggara Timur,Daging Sapi,115000.0
2025-08,Nusa Tenggara Timur,Gula Pasir,19530.645161290322
2025-08,Nusa Tenggara Timur,Minyak Goreng,22712.90322580645
2025-08,Nusa Tenggara Timur,Telur Ayam,32441.935483870966
2025-08,Papua,Bawang Merah,72280.64516129032
2025-08,Papua,Bawang Putih,55850.0
2025-08,Papua,Beras,18854.83870967742
2025-08,Papua,Cabai Merah,95382.25806451614
2025-08,Papua,Cabai Rawit,83080.64516129032
2025-08,Papua,Daging Ayam,44746.77419354839
2025-08,Papua,Daging Sapi,151477.4193548387
2025-08,Papua,Gula Pasir,24409.677419354837
2025-08,Papua,Minyak Goreng,24893.548387096773
2025-08,Papua,Telur Ayam,39154.83870967742
2025-08,Papua Barat,Bawang Merah,72419.35483870968
2025-08,Papua Barat,Bawang Putih,55000.0
2025-08,Papua Barat,Beras,16951.612903225807
2025-08,Papua Barat,Cabai Merah,61362.903225806454
2025-08,Papua Barat,Cabai Rawit,86572.58064516129
2025-08,Papua Barat,Daging Ayam,44393.54838709677
2025-08,Papua Barat,Daging Sapi,147500.0
2025-08,Papua Barat,Gula Pasir,20938.709677419356
2025-08,Papua Barat,Minyak Goreng,23490.322580645163
2025-08,Papua Barat,Telur Ayam,35177.41935483871
2025-08,Riau,Bawang Merah,50393.54838709677
2025-08,Riau,Bawang Putih,36048.3870967742
2025-08,Riau,Beras,16300.0
2025-08,Riau,Cabai Merah,41017.74193548387
2025-08,Riau,Cabai Rawit,47127.41935483871
2025-08,Riau,Daging Ayam,30479.032258064515
2025-08,Riau,Daging Sapi,125200.0
2025-08,Riau,Gula Pasir,18016.129032258064
2025-08,Riau,Minyak Goreng,19787.09677419355
2025-08,Riau,Telur Ayam,29390.322580645163
2025-08,Sulawesi Barat,Bawang Merah,53317.74193548387
2025-08,Sulawesi Barat,Bawang Putih,40140.32258064516
2025-08,Sulawesi Barat,Beras,15059.677419354839
2025-08,Sulawesi Barat,Cabai Merah,33367.74193548387
2025-08,Sulawesi Barat,Cabai Rawit,35141.93548387097
2025-08,Sulawesi Barat,Daging Ayam,24551.612903225807
2025-08,Sulawesi Barat,Daging Sapi,128350.0
2025-08,Sulawesi Barat,Gula Pasir,18100.0
2025-08,Sulawesi Barat,Minyak Goreng,20961.290322580644
2025-08,Sulawesi Barat,Telur Ayam,26108.064516129034
2025-08,Sulawesi Selatan,Bawang Merah,49879.032258064515
2025-08,Sulawesi Selatan,Bawang Putih,38140.32258064516
2025-08,Sulawesi Selatan,Beras,14443.548387096775
2025-08,Sulawesi Selatan,Cabai Merah,31398.387096774193
2025-08,Sulawesi Selatan,Cabai Rawit,34311.290322580644
2025-08,Sulawesi Selatan,Daging Ayam,24138.709677419356
2025-08,Sulawesi Selatan,Daging Sapi,126000.0
2025-08,Sulawesi Selatan,Gula Pasir,17545.16129032258
2025-08,Sulawesi Selatan,Minyak Goreng,19670.967741935485
2025-08,Sulawesi Selatan,Telur Ayam,25946.774193548386
2025-08,Sulawesi Tengah,Bawang Merah,61750.0
2025-08,Sulawesi Tengah,Bawang Putih,41241.93548387097
2025-08,Sulawesi Tengah,Beras,16762.90322580645
2025-08,Sulawesi Tengah,Cabai Merah,37888.709677419356
2025-08,Sulawesi Tengah,Cabai Rawit,53095.16129032258
2025-08,Sulawesi Tengah,Daging Ayam,28669.354838709678
2025-08,Sulawesi Tengah,Daging Sapi,143750.0
2025-08,Sulawesi Tengah,Gula Pasir,20475.8064516129
2025-08,Sulawesi Tengah,Minyak Goreng,20416.129032258064
2025-08,Sulawesi Tengah,Telur Ayam,30370.967741935485
2025-08,Sulawesi Tenggara,Bawang Merah,57856.45161290323
2025-08,Sulawesi Tenggara,Bawang Putih,46530.645161290326
2025-08,Sulawesi Tenggara,Beras,16525.8064516129
2025-08,Sulawesi Tenggara,Cabai Merah,48254.83870967742
2025-08,Sulawesi Tenggara,Cabai Rawit,83417.74193548386
2025-08,Sulawesi Tenggara,Daging Ayam,32891.93548387097
2025-08,Sulawesi Tenggara,Daging Sapi,136900.0
2025-08,Sulawesi Tenggara,Gula Pasir,20670.967741935485
2025-08,Sulawesi Tenggara,Minyak Goreng,22283.870967741936
2025-08,Sulawesi Tenggara,Telur Ayam,30950.0
2025-08,Sulawesi Utara,Bawang Merah,65422.58064516129
2025-08,Sulawesi Utara,Bawang Putih,42766.12903225807
2025-08,Sulawesi Utara,Beras,16596.774193548386
2025-08,Sulawesi Utara,Cabai Merah,31759.677419354837
2025-08,Sulawesi Utara,Cabai Rawit,49614.51612903226
2025-08,Sulawesi Utara,Daging Ayam,37475.8064516129
2025-08,Sulawesi Utara,Daging Sapi,133750.0
2025-08,Sulawesi Utara,Gula Pasir,17979.032258064515
2025-08,Sulawesi Utara,Minyak Goreng,18866.129032258064
2025-08,Sulawesi Utara,Telur Ayam,29367.74193548387
2025-08,Sumatera Barat,Bawang Merah,52277.41935483871
2025-08,Sumatera Barat,Bawang Putih,34775.8064516129
2025-08,Sumatera Barat,Beras,17127.41935483871
2025-08,Sumatera Barat,Cabai Merah,42459.67741935484
2025-08,Sumatera Barat,Cabai Rawit,38798.3870967742
2025-08,Sumatera Barat,Daging Ayam,47027.41935483871
2025-08,Sumatera Barat,Daging Sapi,146370.96774193548
2025-08,Sumatera Barat,Gula Pasir,18424.1935483871
2025-08,Sumatera Barat,Minyak Goreng,20950.0
2025-08,Sumatera Barat,Telur Ayam,29500.0
2025-08,Sumatera Selatan,Bawang Merah,49758.06451612903
2025-08,Sumatera Selatan,Bawang Putih,39112.903225806454
2025-08,Sumatera Selatan,Beras,15485.483870967742
2025-08,Sumatera Selatan,Cabai Merah,42241.93548387097
2025-08,Sumatera Selatan,Cabai Rawit,45737.096774193546
2025-08,Sumatera Selatan,Daging Ayam,32338.709677419356
2025-08,Sumatera Selatan,Daging Sapi,139100.0
2025-08,Sumatera Selatan,Gula Pasir,18250.0
2025-08,Sumatera Selatan,Minyak Goreng,20919.354838709678
2025-08,Sumatera Selatan,Telur Ayam,27772.58064516129
2025-08,Sumatera Utara,Bawang Merah,54688.709677419356
2025-08,Sumatera Utara,Bawang Putih,37325.8064516129
2025-08,Sumatera Utara,Beras,14975.806451612903
2025-08,Sumatera Utara,Cabai Merah,34937.096774193546
2025-08,Sumatera Utara,Cabai Rawit,44869.354838709674
2025-08,Sumatera Utara,Daging Ayam,37841.93548387097
2025-08,Sumatera Utara,Daging Sapi,133556.4516129032
2025-08,Sumatera Utara,Gula Pasir,18804.83870967742
2025-08,Sumatera Utara,Minyak Goreng,20659.677419354837
2025-08,Sumatera Utara,Telur Ayam,31027.41935483871
2025-09,Aceh,Bawang Merah,43343.333333333336
2025-09,Aceh,Bawang Putih,37310.0
2025-09,Aceh,Beras,14945.0
2025-09,Aceh,Cabai Merah,73050.0
2025-09,Aceh,Cabai Rawit,56483.333333333336
2025-09,Aceh,Daging Ayam,36476.666666666664
2025-09,Aceh,Daging Sapi,146290.0
2025-09,Aceh,Gula Pasir,18950.0
2025-09,Aceh,Minyak Goreng,21050.0
2025-09,Aceh,Telur Ayam,29911.666666666668
2025-09,Bali,Bawang Merah,34325.0
2025-09,Bali,Bawang Putih,32900.0
2025-09,Bali,Beras,15500.0
2025-09,Bali,Cabai Merah,40196.666666666664
2025-09,Bali,Cabai Rawit,36141.666666666664
2025-09,Bali,Daging Ayam,42486.666666666664
2025-09,Bali,Daging Sapi,133431.66666666666
2025-09,Bali,Gula Pasir,18271.666666666668
2025-09,Bali,Minyak Goreng,20940.0
2025-09,Bali,Telur Ayam,30100.0
2025-09,Banten,Bawang Merah,40245.0
2025-09,Banten,Bawang Putih,36955.0
2025-09,Banten,Beras,15500.0
2025-09,Banten,Cabai Merah,53846.666666666664
2025-09,Banten,Cabai Rawit,38208.333333333336
2025-09,Banten,Daging Ayam,40781.666666666664
2025-09,Banten,Daging Sapi,132700.0
2025-09,Banten,Gula Pasir,18650.0
2025-09,Banten,Minyak Goreng,19250.0
2025-09,Banten,Telur Ayam,28348.333333333332
2025-09,Bengkulu,Bawang Merah,41531.666666666664
2025-09,Bengkulu,Bawang Putih,39451.666666666664
2025-09,Bengkulu,Beras,15568.333333333334
2025-09,Bengkulu,Cabai Merah,60511.666666666664
2025-09,Bengkulu,Cabai Rawit,36246.666666666664
2025-09,Bengkulu,Daging Ayam,38641.666666666664
2025-09,Bengkulu,Daging Sapi,134700.0
2025-09,Bengkulu,Gula Pasir,18125.0
2025-09,Bengkulu,Minyak Goreng,19635.0
2025-09,Bengkulu,Telur Ayam,29243.333333333332
2025-09,DI Yogyakarta,Bawang Merah,40500.0
2025-09,DI Yogyakarta,Bawang Putih,39500.0
2025-09,DI Yogyakarta,Beras,14258.333333333334
2025-09,DI Yogyakarta,Cabai Merah,43773.333333333336
2025-09,DI Yogyakarta,Cabai Rawit,32841.666666666664
2025-09,DI Yogyakarta,Daging Ayam,37133.333333333336
2025-09,DI Yogyakarta,Daging Sapi,136250.0
2025-09,DI Yogyakarta,Gula Pasir,17500.0
2025-09,DI Yogyakarta,Minyak Goreng,20300.0
2025-09,DI Yogyakarta,Telur Ayam,28130.0
2025-09,DKI Jakarta,Bawang Merah,42085.0
2025-09,DKI Jakarta,Bawang Putih,44890.0
2025-09,DKI Jakarta,Beras,16315.0
2025-09,DKI Jakarta,Cabai Merah,60938.333333333336
2025-09,DKI Jakarta,Cabai Rawit,45261.666666666664
2025-09,DKI Jakarta,Daging Ayam,40991.666666666664
2025-09,DKI Jakarta,Daging Sapi,135415.0
2025-09,DKI Jakarta,Gula Pasir,19305.0
2025-09,DKI Jakarta,Minyak Goreng,20765.0
2025-09,DKI Jakarta,Telur Ayam,28595.0
2025-09,Gorontalo,Bawang Merah,46110.0
2025-09,Gorontalo,Bawang Putih,44026.666666666664
2025-09,Gorontalo,Beras,16798.333333333332
2025-09,Gorontalo,Cabai Merah,41875.0
2025-09,Gorontalo,Cabai Rawit,53055.0
2025-09,Gorontalo,Daging Ayam,29468.333333333332
2025-09,Gorontalo,Daging Sapi,137500.0
2025-09,Gorontalo,Gula Pasir,19358.333333333332
2025-09,Gorontalo,Minyak Goreng,25620.0
2025-09,Gorontalo,Telur Ayam,34776.666666666664
2025-09,Jambi,Bawang Merah,35368.333333333336
2025-09,Jambi,Bawang Putih,32230.0
2025-09,Jambi,Beras,15400.0
2025-09,Jambi,Cabai Merah,56106.666666666664
2025-09,Jambi,Cabai Rawit,39600.0
2025-09,Jambi,Daging Ayam,38296.666666666664
2025-09,Jambi,Daging Sapi,137500.0
2025-09,Jambi,Gula Pasir,18268.333333333332
2025-09,Jambi,Minyak Goreng,20350.0
2025-09,Jambi,Telur Ayam,26100.0
2025-09,Jawa Barat,Bawang Merah,39645.0
2025-09,Jawa Barat,Bawang Putih,39636.666666666664
2025-09,Jawa Barat,Beras,14876.666666666666
2025-09,Jawa Barat,Cabai Merah,56396.666666666664
2025-09,Jawa Barat,Cabai Rawit,41548.333333333336
2025-09,Jawa Barat,Daging Ayam,38963.333333333336
2025-09,Jawa Barat,Daging Sapi,138750.0
2025-09,Jawa Barat,Gula Pasir,18403.333333333332
2025-09,Jawa Barat,Minyak Goreng,20801.666666666668
2025-09,Jawa Barat,Telur Ayam,28555.0
2025-09,Jawa Tengah,Bawang Merah,37905.0
2025-09,Jawa Tengah,Bawang Putih,34948.333333333336
2025-09,Jawa Tengah,Beras,15100.0
2025-09,Jawa Tengah,Cabai Merah,45046.666666666664
2025-09,Jawa Tengah,Cabai Rawit,31276.666666666668
2025-09,Jawa Tengah,Daging Ayam,37433.333333333336
2025-09,Jawa Tengah,Daging Sapi,127900.0
2025-09,Jawa Tengah,Gula Pasir,17711.666666666668
2025-09,Jawa Tengah,Minyak Goreng,19828.333333333332
2025-09,Jawa Tengah,Telur Ayam,27286.666666666668
2025-09,Jawa Timur,Bawang Merah,35753.333333333336
2025-09,Jawa Timur,Bawang Putih,30396.666666666668
2025-09,Jawa Timur,Beras,14786.666666666666
2025-09,Jawa Timur,Cabai Merah,37206.666666666664
2025-09,Jawa Timur,Cabai Rawit,26066.666666666668
2025-09,Jawa Timur,Daging Ayam,37246.666666666664
2025-09,Jawa Timur,Daging Sapi,120240.0
2025-09,Jawa Timur,Gula Pasir,16906.666666666668
2025-09,Jawa Timur,Minyak Goreng,20210.0
2025-09,Jawa Timur,Telur Ayam,27438.333333333332
2025-09,Kalimantan Barat,Bawang Merah,44901.666666666664
2025-09,Kalimantan Barat,Bawang Putih,31066.666666666668
2025-09,Kalimantan Barat,Beras,16400.0
2025-09,Kalimantan Barat,Cabai Merah,56350.0
2025-09,Kalimantan Barat,Cabai Rawit,50100.0
2025-09,Kalimantan Barat,Daging Ayam,35148.333333333336
2025-09,Kalimantan Barat,Daging Sapi,149600.0
2025-09,Kalimantan Barat,Gula Pasir,18273.333333333332
2025-09,Kalimantan Barat,Minyak Goreng,20350.0
2025-09,Kalimantan Barat,Telur Ayam,32123.333333333332
2025-09,Kalimantan Selatan,Bawang Merah,40345.0
2025-09,Kalimantan Selatan,Bawang Putih,36413.333333333336
2025-09,Kalimantan Selatan,Beras,17440.0
2025-09,Kalimantan Selatan,Cabai Merah,47941.666666666664
2025-09,Kalimantan Selatan,Cabai Rawit,35535.0
2025-09,Kalimantan Selatan,Daging Ayam,42498.333333333336
2025-09,Kalimantan Selatan,Daging Sapi,164096.66666666666
2025-09,Kalimantan Selatan,Gula Pasir,18700.0
2025-09,Kalimantan Selatan,Minyak Goreng,21050.0
2025-09,Kalimantan Selatan,Telur Ayam,30485.0
2025-09,Kalimantan Tengah,Bawang Merah,42963.333333333336
2025-09,Kalimantan Tengah,Bawang Putih,37291.666666666664
2025-09,Kalimantan Tengah,Beras,17425.0
2025-09,Kalimantan Tengah,Cabai Merah,74248.33333333333
2025-09,Kalimantan Tengah,Cabai Rawit,54231.666666666664
2025-09,Kalimantan Tengah,Daging Ayam,40148.333333333336
2025-09,Kalimantan Tengah,Daging Sapi,155350.0
2025-09,Kalimantan Tengah,Gula Pasir,20861.666666666668
2025-09,Kalimantan Tengah,Minyak Goreng,21101.666666666668
2025-09,Kalimantan Tengah,Telur Ayam,32166.666666666668
2025-09,Kalimantan Timur,Bawang Merah,46048.333333333336
2025-09,Kalimantan Timur,Bawang Putih,40605.0
2025-09,Kalimantan Timur,Beras,16586.666666666668
2025-09,Kalimantan Timur,Cabai Merah,51316.666666666664
2025-09,Kalimantan Timur,Cabai Rawit,46018.333333333336
2025-09,Kalimantan Timur,Daging Ayam,37335.0
2025-09,Kalimantan Timur,Daging Sapi,160861.66666666666
2025-09,Kalimantan Timur,Gula Pasir,18990.0
2025-09,Kalimantan Timur,Minyak Goreng,21086.666666666668
2025-09,Kalimantan Timur,Telur Ayam,30708.333333333332
2025-09,Kalimantan Utara,Bawang Merah,53013.333333333336
2025-09,Kalimantan Utara,Bawang Putih,42848.333333333336
2025-09,Kalimantan Utara,Beras,17465.0
2025-09,Kalimantan Utara,Cabai Merah,61491.666666666664
2025-09,Kalimantan Utara,Cabai Rawit,69708.33333333333
2025-09,Kalimantan Utara,Daging Ayam,44853.333333333336
2025-09,Kalimantan Utara,Daging Sapi,149053.33333333334
2025-09,Kalimantan Utara,Gula Pasir,19261.666666666668
2025-09,Kalimantan Utara,Minyak Goreng,21235.0
2025-09,Kalimantan Utara,Telur Ayam,32276.666666666668
2025-09,Kepulauan Bangka Belitung,Bawang Merah,46136.666666666664
2025-09,Kepulauan Bangka Belitung,Bawang Putih,37080.0
2025-09,Kepulauan Bangka Belitung,Beras,15338.333333333334
2025-09,Kepulauan Bangka Belitung,Cabai Merah,67496.66666666667
2025-09,Kepulauan Bangka Belitung,Cabai Rawit,59233.333333333336
2025-09,Kepulauan Bangka Belitung,Daging Ayam,38880.0
2025-09,Kepulauan Bangka Belitung,Daging Sapi,133450.0
2025-09,Kepulauan Bangka Belitung,Gula Pasir,18450.0
2025-09,Kepulauan Bangka Belitung,Minyak Goreng,19200.0
2025-09,Kepulauan Bangka Belitung,Telur Ayam,32690.0
2025-09,Kepulauan Riau,Bawang Merah,33765.0
2025-09,Kepulauan Riau,Bawang Putih,30225.0
2025-09,Kepulauan Riau,Beras,15156.666666666666
2025-09,Kepulauan Riau,Cabai Merah,70165.0
2025-09,Kepulauan Riau,Cabai Rawit,46955.0
2025-09,Kepulauan Riau,Daging Ayam,39176.666666666664
2025-09,Kepulauan Riau,Daging Sapi,115850.0
2025-09,Kepulauan Riau,Gula Pasir,15648.333333333334
2025-09,Kepulauan Riau,Minyak Goreng,19033.333333333332
2025-09,Kepulauan Riau,Telur Ayam,31056.666666666668
2025-09,Lampung,Bawang Merah,35876.666666666664
2025-09,Lampung,Bawang Putih,33860.0
2025-09,Lampung,Beras,14805.0
2025-09,Lampung,Cabai Merah,53630.0
2025-09,Lampung,Cabai Rawit,38246.666666666664
2025-09,Lampung,Daging Ayam,33473.333333333336
2025-09,Lampung,Daging Sapi,128750.0
2025-09,Lampung,Gula Pasir,18285.0
2025-09,Lampung,Minyak Goreng,19880.0
2025-09,Lampung,Telur Ayam,27865.0
2025-09,Maluku,Bawang Merah,56925.0
2025-09,Maluku,Bawang Putih,42500.0
2025-09,Maluku,Beras,16865.0
2025-09,Maluku,Cabai Merah,64678.333333333336
2025-09,Maluku,Cabai Rawit,68271.66666666667
2025-09,Maluku,Daging Ayam,40388.333333333336
2025-09,Maluku,Daging Sapi,137500.0
2025-09,Maluku,Gula Pasir,21260.0
2025-09,Maluku,Minyak Goreng,23251.666666666668
2025-09,Maluku,Telur Ayam,35446.666666666664
2025-09,Maluku Utara,Bawang Merah,67500.0
2025-09,Maluku Utara,Bawang Putih,62933.333333333336
2025-09,Maluku Utara,Beras,16763.333333333332
2025-09,Maluku Utara,Cabai Merah,53925.0
2025-09,Maluku Utara,Cabai Rawit,88166.66666666667
2025-09,Maluku Utara,Daging Ayam,43250.0
2025-09,Maluku Utara,Daging Sapi,142666.66666666666
2025-09,Maluku Utara,Gula Pasir,20500.0
2025-09,Maluku Utara,Minyak Goreng,22450.0
2025-09,Maluku Utara,Telur Ayam,36950.0
2025-09,Nusa Tenggara Barat,Bawang Merah,29438.333333333332
2025-09,Nusa Tenggara Barat,Bawang Putih,35388.333333333336
2025-09,Nusa Tenggara Barat,Beras,13936.666666666666
2025-09,Nusa Tenggara Barat,Cabai Merah,34805.0
2025-09,Nusa Tenggara Barat,Cabai Rawit,24140.0
2025-09,Nusa Tenggara Barat,Daging Ayam,42735.0
2025-09,Nusa Tenggara Barat,Daging Sapi,118650.0
2025-09,Nusa Tenggara Barat,Gula Pasir,17265.0
2025-09,Nusa Tenggara Barat,Minyak Goreng,21493.333333333332
2025-09,Nusa Tenggara Barat,Telur Ayam,29245.0
2025-09,Nusa Tenggara Timur,Bawang Merah,37928.333333333336
2025-09,Nusa Tenggara Timur,Bawang Putih,45066.666666666664
2025-09,Nusa Tenggara Timur,Beras,15433.333333333334
2025-09,Nusa Tenggara Timur,Cabai Merah,52501.666666666664
2025-09,Nusa Tenggara Timur,Cabai Rawit,59016.666666666664
2025-09,Nusa Tenggara Timur,Daging Ayam,48245.0
2025-09,Nusa Tenggara Timur,Daging Sapi,115000.0
2025-09,Nusa Tenggara Timur,Gula Pasir,19571.666666666668
2025-09,Nusa Tenggara Timur,Minyak Goreng,22800.0
2025-09,Nusa Tenggara Timur,Telur Ayam,31766.666666666668
2025-09,Papua,Bawang Merah,70758.33333333333
2025-09,Papua,Bawang Putih,56180.0
2025-09,Papua,Beras,18950.0
2025-09,Papua,Cabai Merah,76120.0
2025-09,Papua,Cabai Rawit,76301.66666666667
2025-09,Papua,Daging Ayam,44825.0
2025-09,Papua,Daging Sapi,151266.66666666666
2025-09,Papua,Gula Pasir,24400.0
2025-09,Papua,Minyak Goreng,24950.0
2025-09,Papua,Telur Ayam,39058.333333333336
2025-09,Papua Barat,Bawang Merah,59916.666666666664
2025-09,Papua Barat,Bawang Putih,52166.666666666664
2025-09,Papua Barat,Beras,16903.333333333332
2025-09,Papua Barat,Cabai Merah,51801.666666666664
2025-09,Papua Barat,Cabai Rawit,72875.0
2025-09,Papua Barat,Daging Ayam,46478.333333333336
2025-09,Papua Barat,Daging Sapi,147500.0
2025-09,Papua Barat,Gula Pasir,20675.0
2025-09,Papua Barat,Minyak Goreng,23490.0
2025-09,Papua Barat,Telur Ayam,35340.0
2025-09,Riau,Bawang Merah,41530.0
2025-09,Riau,Bawang Putih,35690.0
2025-09,Riau,Beras,16300.0
2025-09,Riau,Cabai Merah,82298.33333333333
2025-09,Riau,Cabai Rawit,50001.666666666664
2025-09,Riau,Daging Ayam,31763.333333333332
2025-09,Riau,Daging Sapi,125200.0
2025-09,Riau,Gula Pasir,17956.666666666668
2025-09,Riau,Minyak Goreng,19800.0
2025-09,Riau,Telur Ayam,29950.0
2025-09,Sulawesi Barat,Bawang Merah,48388.333333333336
2025-09,Sulawesi Barat,Bawang Putih,39876.666666666664
2025-09,Sulawesi Barat,Beras,14826.666666666666
2025-09,Sulawesi Barat,Cabai Merah,34798.333333333336
2025-09,Sulawesi Barat,Cabai Rawit,35520.0
2025-09,Sulawesi Barat,Daging Ayam,25246.666666666668
2025-09,Sulawesi Barat,Daging Sapi,128350.0
2025-09,Sulawesi Barat,Gula Pasir,18096.666666666668
2025-09,Sulawesi Barat,Minyak Goreng,21000.0
2025-09,Sulawesi Barat,Telur Ayam,27031.666666666668
2025-09,Sulawesi Selatan,Bawang Merah,41006.666666666664
2025-09,Sulawesi Selatan,Bawang Putih,37180.0
2025-09,Sulawesi Selatan,Beras,14346.666666666666
2025-09,Sulawesi Selatan,Cabai Merah,32606.666666666668
2025-09,Sulawesi Selatan,Cabai Rawit,26335.0
2025-09,Sulawesi Selatan,Daging Ayam,27236.666666666668
2025-09,Sulawesi Selatan,Daging Sapi,126500.0
2025-09,Sulawesi Selatan,Gula Pasir,17470.0
2025-09,Sulawesi Selatan,Minyak Goreng,19603.333333333332
2025-09,Sulawesi Selatan,Telur Ayam,27123.333333333332
2025-09,Sulawesi Tengah,Bawang Merah,51166.666666666664
2025-09,Sulawesi Tengah,Bawang Putih,41041.666666666664
2025-09,Sulawesi Tengah,Beras,16636.666666666668
2025-09,Sulawesi Tengah,Cabai Merah,36585.0
2025-09,Sulawesi Tengah,Cabai Rawit,54190.0
2025-09,Sulawesi Tengah,Daging Ayam,32825.0
2025-09,Sulawesi Tengah,Daging Sapi,143750.0
2025-09,Sulawesi Tengah,Gula Pasir,20480.0
2025-09,Sulawesi Tengah,Minyak Goreng,20420.0
2025-09,Sulawesi Tengah,Telur Ayam,31105.0
2025-09,Sulawesi Tenggara,Bawang Merah,52478.333333333336
2025-09,Sulawesi Tenggara,Bawang Putih,45151.666666666664
2025-09,Sulawesi Tenggara,Beras,16438.333333333332
2025-09,Sulawesi Tenggara,Cabai Merah,46236.666666666664
2025-09,Sulawesi Tenggara,Cabai Rawit,59348.333333333336
2025-09,Sulawesi Tenggara,Daging Ayam,34201.666666666664
2025-09,Sulawesi Tenggara,Daging Sapi,136900.0
2025-09,Sulawesi Tenggara,Gula Pasir,20291.666666666668
2025-09,Sulawesi Tenggara,Minyak Goreng,22250.0
2025-09,Sulawesi Tenggara,Telur Ayam,31486.666666666668
2025-09,Sulawesi Utara,Bawang Merah,49920.0
2025-09,Sulawesi Utara,Bawang Putih,41906.666666666664
2025-09,Sulawesi Utara,Beras,16555.0
2025-09,Sulawesi Utara,Cabai Merah,30653.333333333332
2025-09,Sulawesi Utara,Cabai Rawit,55520.0
2025-09,Sulawesi Utara,Daging Ayam,35738.333333333336
2025-09,Sulawesi Utara,Daging Sapi,133750.0
2025-09,Sulawesi Utara,Gula Pasir,17850.0
2025-09,Sulawesi Utara,Minyak Goreng,18950.0
2025-09,Sulawesi Utara,Telur Ayam,29118.333333333332
2025-09,Sumatera Barat,Bawang Merah,38663.333333333336
2025-09,Sumatera Barat,Bawang Putih,33738.333333333336
2025-09,Sumatera Barat,Beras,17136.666666666668
2025-09,Sumatera Barat,Cabai Merah,77895.0
2025-09,Sumatera Barat,Cabai Rawit,43650.0
2025-09,Sumatera Barat,Daging Ayam,48068.333333333336
2025-09,Sumatera Barat,Daging Sapi,146250.0
2025-09,Sumatera Barat,Gula Pasir,18385.0
2025-09,Sumatera Barat,Minyak Goreng,20936.666666666668
2025-09,Sumatera Barat,Telur Ayam,29273.333333333332
2025-09,Sumatera Selatan,Bawang Merah,42200.0
2025-09,Sumatera Selatan,Bawang Putih,36241.666666666664
2025-09,Sumatera Selatan,Beras,15515.0
2025-09,Sumatera Selatan,Cabai Merah,58388.333333333336
2025-09,Sumatera Selatan,Cabai Rawit,49140.0
2025-09,Sumatera Selatan,Daging Ayam,36586.666666666664
2025-09,Sumatera Selatan,Daging Sapi,139580.0
2025-09,Sumatera Selatan,Gula Pasir,18265.0
2025-09,Sumatera Selatan,Minyak Goreng,20898.333333333332
2025-09,Sumatera Selatan,Telur Ayam,27816.666666666668
2025-09,Sumatera Utara,Bawang Merah,42113.333333333336
2025-09,Sumatera Utara,Bawang Putih,36991.666666666664
2025-09,Sumatera Utara,Beras,14725.0
2025-09,Sumatera Utara,Cabai Merah,74020.0
2025-09,Sumatera Utara,Cabai Rawit,48773.333333333336
2025-09,Sumatera Utara,Daging Ayam,39215.0
2025-09,Sumatera Utara,Daging Sapi,133450.0
2025-09,Sumatera Utara,Gula Pasir,18803.333333333332
2025-09,Sumatera Utara,Minyak Goreng,20700.0
2025-09,Sumatera Utara,Telur Ayam,30990.0
2025-10,Aceh,Bawang Merah,36151.851851851854
2025-10,Aceh,Bawang Putih,36407.40740740741
2025-10,Aceh,Beras,14731.481481481482
2025-10,Aceh,Cabai Merah,79235.18518518518
2025-10,Aceh,Cabai Rawit,44470.37037037037
2025-10,Aceh,Daging Ayam,37194.444444444445
2025-10,Aceh,Daging Sapi,146650.0
2025-10,Aceh,Gula Pasir,18925.925925925927
2025-10,Aceh,Minyak Goreng,21087.037037037036
2025-10,Aceh,Telur Ayam,30455.555555555555
2025-10,Bali,Bawang Merah,34857.40740740741
2025-10,Bali,Bawang Putih,33203.7037037037
2025-10,Bali,Beras,15498.148148148148
2025-10,Bali,Cabai Merah,50033.333333333336
2025-10,Bali,Cabai Rawit,34590.74074074074
2025-10,Bali,Daging Ayam,42622.22222222222
2025-10,Bali,Daging Sapi,134583.33333333334
2025-10,Bali,Gula Pasir,18038.88888888889
2025-10,Bali,Minyak Goreng,20922.222222222223
2025-10,Bali,Telur Ayam,30238.88888888889
2025-10,Banten,Bawang Merah,44275.92592592593
2025-10,Banten,Bawang Putih,37183.333333333336
2025-10,Banten,Beras,15472.222222222223
2025-10,Banten,Cabai Merah,61679.62962962963
2025-10,Banten,Cabai Rawit,35429.62962962963
2025-10,Banten,Daging Ayam,39394.444444444445
2025-10,Banten,Daging Sapi,132700.0
2025-10,Banten,Gula Pasir,18650.0
2025-10,Banten,Minyak Goreng,19157.40740740741
2025-10,Banten,Telur Ayam,30238.88888888889
2025-10,Bengkulu,Bawang Merah,40681.48148148148
2025-10,Bengkulu,Bawang Putih,38707.40740740741
2025-10,Bengkulu,Beras,15568.518518518518
2025-10,Bengkulu,Cabai Merah,59722.22222222222
2025-10,Bengkulu,Cabai Rawit,32146.296296296296
2025-10,Bengkulu,Daging Ayam,38061.11111111111
2025-10,Bengkulu,Daging Sapi,134700.0
2025-10,Bengkulu,Gula Pasir,18200.0
2025-10,Bengkulu,Minyak Goreng,19500.0
2025-10,Bengkulu,Telur Ayam,29374.074074074073
2025-10,DI Yogyakarta,Bawang Merah,40509.25925925926
2025-10,DI Yogyakarta,Bawang Putih,39500.0
2025-10,DI Yogyakarta,Beras,14200.0
2025-10,DI Yogyakarta,Cabai Merah,50809.25925925926
2025-10,DI Yogyakarta,Cabai Rawit,30075.925925925927
2025-10,DI Yogyakarta,Daging Ayam,36379.62962962963
2025-10,DI Yogyakarta,Daging Sapi,136250.0
2025-10,DI Yogyakarta,Gula Pasir,17500.0
2025-10,DI Yogyakarta,Minyak Goreng,20281.48148148148
2025-10,DI Yogyakarta,Telur Ayam,29824.074074074073
2025-10,DKI Jakarta,Bawang Merah,45622.22222222222
2025-10,DKI Jakarta,Bawang Putih,43642.59259259259
2025-10,DKI Jakarta,Beras,16309.25925925926
2025-10,DKI Jakarta,Cabai Merah,65712.96296296296
2025-10,DKI Jakarta,Cabai Rawit,43464.81481481482
2025-10,DKI Jakarta,Daging Ayam,40379.62962962963
2025-10,DKI Jakarta,Daging Sapi,135400.0
2025-10,DKI Jakarta,Gula Pasir,19222.222222222223
2025-10,DKI Jakarta,Minyak Goreng,20800.0
2025-10,DKI Jakarta,Telur Ayam,30687.037037037036
2025-10,Gorontalo,Bawang Merah,45548.148148148146
2025-10,Gorontalo,Bawang Putih,42314.81481481482
2025-10,Gorontalo,Beras,16448.14814814815
2025-10,Gorontalo,Cabai Merah,39448.148148148146
2025-10,Gorontalo,Cabai Rawit,46072.22222222222
2025-10,Gorontalo,Daging Ayam,31372.222222222223
2025-10,Gorontalo,Daging Sapi,137500.0
2025-10,Gorontalo,Gula Pasir,19266.666666666668
2025-10,Gorontalo,Minyak Goreng,25838.88888888889
2025-10,Gorontalo,Telur Ayam,33494.444444444445
2025-10,Jambi,Bawang Merah,31937.037037037036
2025-10,Jambi,Bawang Putih,32057.40740740741
2025-10,Jambi,Beras,15400.0
2025-10,Jambi,Cabai Merah,59633.333333333336
2025-10,Jambi,Cabai Rawit,35892.59259259259
2025-10,Jambi,Daging Ayam,36153.7037037037
2025-10,Jambi,Daging Sapi,137500.0
2025-10,Jambi,Gula Pasir,18096.296296296296
2025-10,Jambi,Minyak Goreng,20377.777777777777
2025-10,Jambi,Telur Ayam,26475.925925925927
2025-10,Jawa Barat,Bawang Merah,41192.59259259259
2025-10,Jawa Barat,Bawang Putih,38881.48148148148
2025-10,Jawa Barat,Beras,14885.185185185184
2025-10,Jawa Barat,Cabai Merah,60846.2962962963
2025-10,Jawa Barat,Cabai Rawit,37346.2962962963
2025-10,Jawa Barat,Daging Ayam,38227.77777777778
2025-10,Jawa Barat,Daging Sapi,138633.33333333334
2025-10,Jawa Barat,Gula Pasir,18350.0
2025-10,Jawa Barat,Minyak Goreng,20800.0
2025-10,Jawa Barat,Telur Ayam,30453.703703703704
2025-10,Jawa Tengah,Bawang Merah,38579.62962962963
2025-10,Jawa Tengah,Bawang Putih,35127.77777777778
2025-10,Jawa Tengah,Beras,15090.74074074074
2025-10,Jawa Tengah,Cabai Merah,50424.07407407407
2025-10,Jawa Tengah,Cabai Rawit,28972.222222222223
2025-10,Jawa Tengah,Daging Ayam,37225.92592592593
2025-10,Jawa Tengah,Daging Sapi,127900.0
2025-10,Jawa Tengah,Gula Pasir,17731.48148148148
2025-10,Jawa Tengah,Minyak Goreng,19866.666666666668
2025-10,Jawa Tengah,Telur Ayam,29018.51851851852
2025-10,Jawa Timur,Bawang Merah,36990.74074074074
2025-10,Jawa Timur,Bawang Putih,30570.37037037037
2025-10,Jawa Timur,Beras,14779.62962962963
2025-10,Jawa Timur,Cabai Merah,44803.7037037037
2025-10,Jawa Timur,Cabai Rawit,22762.962962962964
2025-10,Jawa Timur,Daging Ayam,36838.88888888889
2025-10,Jawa Timur,Daging Sapi,122125.92592592593
2025-10,Jawa Timur,Gula Pasir,16905.555555555555
2025-10,Jawa Timur,Minyak Goreng,20250.0
2025-10,Jawa Timur,Telur Ayam,29272.222222222223
2025-10,Kalimantan Barat,Bawang Merah,41933.333333333336
2025-10,Kalimantan Barat,Bawang Putih,31877.777777777777
2025-10,Kalimantan Barat,Beras,16400.0
2025-10,Kalimantan Barat,Cabai Merah,44140.74074074074
2025-10,Kalimantan Barat,Cabai Rawit,40372.22222222222
2025-10,Kalimantan Barat,Daging Ayam,38083.333333333336
2025-10,Kalimantan Barat,Daging Sapi,149614.8148148148
2025-10,Kalimantan Barat,Gula Pasir,18314.814814814814
2025-10,Kalimantan Barat,Minyak Goreng,20388.88888888889
2025-10,Kalimantan Barat,Telur Ayam,32375.925925925927
2025-10,Kalimantan Selatan,Bawang Merah,37324.07407407407
2025-10,Kalimantan Selatan,Bawang Putih,36072.22222222222
2025-10,Kalimantan Selatan,Beras,17450.0
2025-10,Kalimantan Selatan,Cabai Merah,36237.03703703704
2025-10,Kalimantan Selatan,Cabai Rawit,29214.814814814814
2025-10,Kalimantan Selatan,Daging Ayam,43920.37037037037
2025-10,Kalimantan Selatan,Daging Sapi,163350.0
2025-10,Kalimantan Selatan,Gula Pasir,18700.0
2025-10,Kalimantan Selatan,Minyak Goreng,21050.0
2025-10,Kalimantan Selatan,Telur Ayam,32268.51851851852
2025-10,Kalimantan Tengah,Bawang Merah,40964.81481481482
2025-10,Kalimantan Tengah,Bawang Putih,37270.37037037037
2025-10,Kalimantan Tengah,Beras,17542.59259259259
2025-10,Kalimantan Tengah,Cabai Merah,60877.77777777778
2025-10,Kalimantan Tengah,Cabai Rawit,43174.07407407407
2025-10,Kalimantan Tengah,Daging Ayam,40590.74074074074
2025-10,Kalimantan Tengah,Daging Sapi,155350.0
2025-10,Kalimantan Tengah,Gula Pasir,20562.962962962964
2025-10,Kalimantan Tengah,Minyak Goreng,21035.185185185186
2025-10,Kalimantan Tengah,Telur Ayam,34066.666666666664
2025-10,Kalimantan Timur,Bawang Merah,41298.148148148146
2025-10,Kalimantan Timur,Bawang Putih,39796.2962962963
2025-10,Kalimantan Timur,Beras,16487.037037037036
2025-10,Kalimantan Timur,Cabai Merah,46370.37037037037
2025-10,Kalimantan Timur,Cabai Rawit,40977.77777777778
2025-10,Kalimantan Timur,Daging Ayam,36440.74074074074
2025-10,Kalimantan Timur,Daging Sapi,159600.0
2025-10,Kalimantan Timur,Gula Pasir,18916.666666666668
2025-10,Kalimantan Timur,Minyak Goreng,21100.0
2025-10,Kalimantan Timur,Telur Ayam,31542.59259259259
2025-10,Kalimantan Utara,Bawang Merah,47400.0
2025-10,Kalimantan Utara,Bawang Putih,42138.88888888889
2025-10,Kalimantan Utara,Beras,17283.333333333332
2025-10,Kalimantan Utara,Cabai Merah,57685.18518518518
2025-10,Kalimantan Utara,Cabai Rawit,64225.92592592593
2025-10,Kalimantan Utara,Daging Ayam,45400.0
2025-10,Kalimantan Utara,Daging Sapi,147592.59259259258
2025-10,Kalimantan Utara,Gula Pasir,19253.703703703704
2025-10,Kalimantan Utara,Minyak Goreng,20812.962962962964
2025-10,Kalimantan Utara,Telur Ayam,33440.74074074074
2025-10,Kepulauan Bangka Belitung,Bawang Merah,44398.148148148146
2025-10,Kepulauan Bangka Belitung,Bawang Putih,37831.48148148148
2025-10,Kepulauan Bangka Belitung,Beras,15309.25925925926
2025-10,Kepulauan Bangka Belitung,Cabai Merah,73227.77777777778
2025-10,Kepulauan Bangka Belitung,Cabai Rawit,57142.59259259259
2025-10,Kepulauan Bangka Belitung,Daging Ayam,43533.333333333336
2025-10,Kepulauan Bangka Belitung,Daging Sapi,133450.0
2025-10,Kepulauan Bangka Belitung,Gula Pasir,18422.222222222223
2025-10,Kepulauan Bangka Belitung,Minyak Goreng,19150.0
2025-10,Kepulauan Bangka Belitung,Telur Ayam,33274.07407407407
2025-10,Kepulauan Riau,Bawang Merah,33459.25925925926
2025-10,Kepulauan Riau,Bawang Putih,29527.777777777777
2025-10,Kepulauan Riau,Beras,15068.518518518518
2025-10,Kepulauan Riau,Cabai Merah,83155.55555555556
2025-10,Kepulauan Riau,Cabai Rawit,42411.11111111111
2025-10,Kepulauan Riau,Daging Ayam,37531.48148148148
2025-10,Kepulauan Riau,Daging Sapi,115535.18518518518
2025-10,Kepulauan Riau,Gula Pasir,15420.37037037037
2025-10,Kepulauan Riau,Minyak Goreng,18794.444444444445
2025-10,Kepulauan Riau,Telur Ayam,31135.185185185186
2025-10,Lampung,Bawang Merah,36787.03703703704
2025-10,Lampung,Bawang Putih,33468.51851851852
2025-10,Lampung,Beras,14827.777777777777
2025-10,Lampung,Cabai Merah,54214.81481481482
2025-10,Lampung,Cabai Rawit,33179.62962962963
2025-10,Lampung,Daging Ayam,33703.7037037037
2025-10,Lampung,Daging Sapi,128750.0
2025-10,Lampung,Gula Pasir,18144.444444444445
2025-10,Lampung,Minyak Goreng,19864.814814814814
2025-10,Lampung,Telur Ayam,29012.962962962964
2025-10,Maluku,Bawang Merah,44712.96296296296
2025-10,Maluku,Bawang Putih,42277.77777777778
2025-10,Maluku,Beras,16937.037037037036
2025-10,Maluku,Cabai Merah,63605.555555555555
2025-10,Maluku,Cabai Rawit,62400.0
2025-10,Maluku,Daging Ayam,39209.25925925926
2025-10,Maluku,Daging Sapi,136922.22222222222
2025-10,Maluku,Gula Pasir,21083.333333333332
2025-10,Maluku,Minyak Goreng,23250.0
2025-10,Maluku,Telur Ayam,36207.40740740741
2025-10,Maluku Utara,Bawang Merah,65787.03703703704
2025-10,Maluku Utara,Bawang Putih,61481.48148148148
2025-10,Maluku Utara,Beras,16875.925925925927
2025-10,Maluku Utara,Cabai Merah,53703.7037037037
2025-10,Maluku Utara,Cabai Rawit,86481.48148148147
2025-10,Maluku Utara,Daging Ayam,43250.0
2025-10,Maluku Utara,Daging Sapi,145000.0
2025-10,Maluku Utara,Gula Pasir,20500.0
2025-10,Maluku Utara,Minyak Goreng,22450.0
2025-10,Maluku Utara,Telur Ayam,36950.0
2025-10,Nusa Tenggara Barat,Bawang Merah,30205.555555555555
2025-10,Nusa Tenggara Barat,Bawang Putih,35251.851851851854
2025-10,Nusa Tenggara Barat,Beras,13920.37037037037
2025-10,Nusa Tenggara Barat,Cabai Merah,45616.666666666664
2025-10,Nusa Tenggara Barat,Cabai Rawit,23762.962962962964
2025-10,Nusa Tenggara Barat,Daging Ayam,41331.48148148148
2025-10,Nusa Tenggara Barat,Daging Sapi,119362.96296296296
2025-10,Nusa Tenggara Barat,Gula Pasir,17137.037037037036
2025-10,Nusa Tenggara Barat,Minyak Goreng,21450.0
2025-10,Nusa Tenggara Barat,Telur Ayam,29937.037037037036
2025-10,Nusa Tenggara Timur,Bawang Merah,35074.07407407407
2025-10,Nusa Tenggara Timur,Bawang Putih,43924.07407407407
2025-10,Nusa Tenggara Timur,Beras,15424.074074074075
2025-10,Nusa Tenggara Timur,Cabai Merah,44907.40740740741
2025-10,Nusa Tenggara Timur,Cabai Rawit,56620.37037037037
2025-10,Nusa Tenggara Timur,Daging Ayam,46353.7037037037
2025-10,Nusa Tenggara Timur,Daging Sapi,115000.0
2025-10,Nusa Tenggara Timur,Gula Pasir,19614.814814814814
2025-10,Nusa Tenggara Timur,Minyak Goreng,22785.185185185186
2025-10,Nusa Tenggara Timur,Telur Ayam,32312.962962962964
2025-10,Papua,Bawang Merah,61611.11111111111
2025-10,Papua,Bawang Putih,54346.2962962963
2025-10,Papua,Beras,18914.814814814814
2025-10,Papua,Cabai Merah,72927.77777777778
2025-10,Papua,Cabai Rawit,74977.77777777778
2025-10,Papua,Daging Ayam,45038.88888888889
2025-10,Papua,Daging Sapi,151418.5185185185
2025-10,Papua,Gula Pasir,24261.11111111111
2025-10,Papua,Minyak Goreng,24994.444444444445
2025-10,Papua,Telur Ayam,39131.48148148148
2025-10,Papua Barat,Bawang Merah,54444.444444444445
2025-10,Papua Barat,Bawang Putih,52407.40740740741
2025-10,Papua Barat,Beras,16935.185185185186
2025-10,Papua Barat,Cabai Merah,48624.07407407407
2025-10,Papua Barat,Cabai Rawit,67916.66666666667
2025-10,Papua Barat,Daging Ayam,43814.81481481482
2025-10,Papua Barat,Daging Sapi,147500.0
2025-10,Papua Barat,Gula Pasir,20672.222222222223
2025-10,Papua Barat,Minyak Goreng,23629.62962962963
2025-10,Papua Barat,Telur Ayam,36172.22222222222
2025-10,Riau,Bawang Merah,34827.77777777778
2025-10,Riau,Bawang Putih,35644.444444444445
2025-10,Riau,Beras,16300.0
2025-10,Riau,Cabai Merah,92564.81481481482
2025-10,Riau,Cabai Rawit,41820.37037037037
2025-10,Riau,Daging Ayam,30905.555555555555
2025-10,Riau,Daging Sapi,125200.0
2025-10,Riau,Gula Pasir,17798.14814814815
2025-10,Riau,Minyak Goreng,19772.222222222223
2025-10,Riau,Telur Ayam,30800.0
2025-10,Sulawesi Barat,Bawang Merah,43266.666666666664
2025-10,Sulawesi Barat,Bawang Putih,39527.77777777778
2025-10,Sulawesi Barat,Beras,14587.037037037036
2025-10,Sulawesi Barat,Cabai Merah,36961.11111111111
2025-10,Sulawesi Barat,Cabai Rawit,32757.40740740741
2025-10,Sulawesi Barat,Daging Ayam,26175.925925925927
2025-10,Sulawesi Barat,Daging Sapi,128350.0
2025-10,Sulawesi Barat,Gula Pasir,18100.0
2025-10,Sulawesi Barat,Minyak Goreng,21007.40740740741
2025-10,Sulawesi Barat,Telur Ayam,27253.703703703704
2025-10,Sulawesi Selatan,Bawang Merah,38940.74074074074
2025-10,Sulawesi Selatan,Bawang Putih,36885.18518518518
2025-10,Sulawesi Selatan,Beras,14246.296296296296
2025-10,Sulawesi Selatan,Cabai Merah,33394.444444444445
2025-10,Sulawesi Selatan,Cabai Rawit,25677.777777777777
2025-10,Sulawesi Selatan,Daging Ayam,28692.59259259259
2025-10,Sulawesi Selatan,Daging Sapi,127240.74074074074
2025-10,Sulawesi Selatan,Gula Pasir,17322.222222222223
2025-10,Sulawesi Selatan,Minyak Goreng,19722.222222222223
2025-10,Sulawesi Selatan,Telur Ayam,27362.962962962964
2025-10,Sulawesi Tengah,Bawang Merah,43703.7037037037
2025-10,Sulawesi Tengah,Bawang Putih,41000.0
2025-10,Sulawesi Tengah,Beras,15905.555555555555
2025-10,Sulawesi Tengah,Cabai Merah,31961.11111111111
2025-10,Sulawesi Tengah,Cabai Rawit,47362.96296296296
2025-10,Sulawesi Tengah,Daging Ayam,32329.62962962963
2025-10,Sulawesi Tengah,Daging Sapi,143750.0
2025-10,Sulawesi Tengah,Gula Pasir,20400.0
2025-10,Sulawesi Tengah,Minyak Goreng,20500.0
2025-10,Sulawesi Tengah,Telur Ayam,31750.0
2025-10,Sulawesi Tenggara,Bawang Merah,44511.11111111111
2025-10,Sulawesi Tenggara,Bawang Putih,44533.333333333336
2025-10,Sulawesi Tenggara,Beras,15918.518518518518
2025-10,Sulawesi Tenggara,Cabai Merah,41388.88888888889
2025-10,Sulawesi Tenggara,Cabai Rawit,55192.59259259259
2025-10,Sulawesi Tenggara,Daging Ayam,35594.444444444445
2025-10,Sulawesi Tenggara,Daging Sapi,136900.0
2025-10,Sulawesi Tenggara,Gula Pasir,20100.0
2025-10,Sulawesi Tenggara,Minyak Goreng,22250.0
2025-10,Sulawesi Tenggara,Telur Ayam,32212.962962962964
2025-10,Sulawesi Utara,Bawang Merah,47477.77777777778
2025-10,Sulawesi Utara,Bawang Putih,41885.18518518518
2025-10,Sulawesi Utara,Beras,16283.333333333334
2025-10,Sulawesi Utara,Cabai Merah,35044.444444444445
2025-10,Sulawesi Utara,Cabai Rawit,42437.03703703704
2025-10,Sulawesi Utara,Daging Ayam,36364.81481481482
2025-10,Sulawesi Utara,Daging Sapi,133750.0
2025-10,Sulawesi Utara,Gula Pasir,17850.0
2025-10,Sulawesi Utara,Minyak Goreng,19018.51851851852
2025-10,Sulawesi Utara,Telur Ayam,29833.333333333332
2025-10,Sumatera Barat,Bawang Merah,32214.814814814814
2025-10,Sumatera Barat,Bawang Putih,33031.48148148148
2025-10,Sumatera Barat,Beras,17040.74074074074
2025-10,Sumatera Barat,Cabai Merah,83898.14814814815
2025-10,Sumatera Barat,Cabai Rawit,40722.22222222222
2025-10,Sumatera Barat,Daging Ayam,49020.37037037037
2025-10,Sumatera Barat,Daging Sapi,146250.0
2025-10,Sumatera Barat,Gula Pasir,18300.0
2025-10,Sumatera Barat,Minyak Goreng,20829.62962962963
2025-10,Sumatera Barat,Telur Ayam,29751.85185185185
2025-10,Sumatera Selatan,Bawang Merah,36564.81481481482
2025-10,Sumatera Selatan,Bawang Putih,36257.40740740741
2025-10,Sumatera Selatan,Beras,15500.0
2025-10,Sumatera Selatan,Cabai Merah,60498.148148148146
2025-10,Sumatera Selatan,Cabai Rawit,43550.0
2025-10,Sumatera Selatan,Daging Ayam,36627.77777777778
2025-10,Sumatera Selatan,Daging Sapi,140000.0
2025-10,Sumatera Selatan,Gula Pasir,18261.11111111111
2025-10,Sumatera Selatan,Minyak Goreng,20883.333333333332
2025-10,Sumatera Selatan,Telur Ayam,28627.777777777777
2025-10,Sumatera Utara,Bawang Merah,36024.07407407407
2025-10,Sumatera Utara,Bawang Putih,35992.59259259259
2025-10,Sumatera Utara,Beras,14585.185185185184
2025-10,Sumatera Utara,Cabai Merah,77844.44444444444
2025-10,Sumatera Utara,Cabai Rawit,34814.81481481482
2025-10,Sumatera Utara,Daging Ayam,38394.444444444445
2025-10,Sumatera Utara,Daging Sapi,133450.0
2025-10,Sumatera Utara,Gula Pasir,18762.962962962964
2025-10,Sumatera Utara,Minyak Goreng,20700.0
2025-10,Sumatera Utara,Telur Ayam,31050.0
2025-11,Aceh,Bawang Merah,36388.333333333336
2025-11,Aceh,Bawang Putih,35806.666666666664
2025-11,Aceh,Beras,14515.0
2025-11,Aceh,Cabai Merah,65793.33333333333
2025-11,Aceh,Cabai Rawit,46073.333333333336
2025-11,Aceh,Daging Ayam,36811.666666666664
2025-11,Aceh,Daging Sapi,146650.0
2025-11,Aceh,Gula Pasir,18900.0
2025-11,Aceh,Minyak Goreng,21095.0
2025-11,Aceh,Telur Ayam,31990.0
2025-11,Bali,Bawang Merah,39420.0
2025-11,Bali,Bawang Putih,33106.666666666664
2025-11,Bali,Beras,15401.666666666666
2025-11,Bali,Cabai Merah,52146.666666666664
2025-11,Bali,Cabai Rawit,34728.333333333336
2025-11,Bali,Daging Ayam,41506.666666666664
2025-11,Bali,Daging Sapi,134860.0
2025-11,Bali,Gula Pasir,18050.0
2025-11,Bali,Minyak Goreng,20985.0
2025-11,Bali,Telur Ayam,30493.333333333332
2025-11,Banten,Bawang Merah,45901.666666666664
2025-11,Banten,Bawang Putih,37256.666666666664
2025-11,Banten,Beras,15003.333333333334
2025-11,Banten,Cabai Merah,69066.66666666667
2025-11,Banten,Cabai Rawit,43115.0
2025-11,Banten,Daging Ayam,39481.666666666664
2025-11,Banten,Daging Sapi,132700.0
2025-11,Banten,Gula Pasir,18650.0
2025-11,Banten,Minyak Goreng,18710.0
2025-11,Banten,Telur Ayam,29470.0
2025-11,Bengkulu,Bawang Merah,41680.0
2025-11,Bengkulu,Bawang Putih,38130.0
2025-11,Bengkulu,Beras,15478.333333333334
2025-11,Bengkulu,Cabai Merah,61216.666666666664
2025-11,Bengkulu,Cabai Rawit,32120.0
2025-11,Bengkulu,Daging Ayam,38215.0
2025-11,Bengkulu,Daging Sapi,134700.0
2025-11,Bengkulu,Gula Pasir,18161.666666666668
2025-11,Bengkulu,Minyak Goreng,19483.333333333332
2025-11,Bengkulu,Telur Ayam,29180.0
2025-11,DI Yogyakarta,Bawang Merah,41966.666666666664
2025-11,DI Yogyakarta,Bawang Putih,39500.0
2025-11,DI Yogyakarta,Beras,14200.0
2025-11,DI Yogyakarta,Cabai Merah,55875.0
2025-11,DI Yogyakarta,Cabai Rawit,33916.666666666664
2025-11,DI Yogyakarta,Daging Ayam,35533.333333333336
2025-11,DI Yogyakarta,Daging Sapi,138583.33333333334
2025-11,DI Yogyakarta,Gula Pasir,17520.0
2025-11,DI Yogyakarta,Minyak Goreng,20250.0
2025-11,DI Yogyakarta,Telur Ayam,28816.666666666668
2025-11,DKI Jakarta,Bawang Merah,45423.333333333336
2025-11,DKI Jakarta,Bawang Putih,43265.0
2025-11,DKI Jakarta,Beras,16300.0
2025-11,DKI Jakarta,Cabai Merah,75375.0
2025-11,DKI Jakarta,Cabai Rawit,45895.0
2025-11,DKI Jakarta,Daging Ayam,38441.666666666664
2025-11,DKI Jakarta,Daging Sapi,135400.0
2025-11,DKI Jakarta,Gula Pasir,19050.0
2025-11,DKI Jakarta,Minyak Goreng,20835.0
2025-11,DKI Jakarta,Telur Ayam,30101.666666666668
2025-11,Gorontalo,Bawang Merah,43591.666666666664
2025-11,Gorontalo,Bawang Putih,41583.333333333336
2025-11,Gorontalo,Beras,15945.0
2025-11,Gorontalo,Cabai Merah,35710.0
2025-11,Gorontalo,Cabai Rawit,33908.333333333336
2025-11,Gorontalo,Daging Ayam,33386.666666666664
2025-11,Gorontalo,Daging Sapi,137500.0
2025-11,Gorontalo,Gula Pasir,19200.0
2025-11,Gorontalo,Minyak Goreng,26165.0
2025-11,Gorontalo,Telur Ayam,35201.666666666664
2025-11,Jambi,Bawang Merah,35220.0
2025-11,Jambi,Bawang Putih,31750.0
2025-11,Jambi,Beras,15400.0
2025-11,Jambi,Cabai Merah,65205.0
2025-11,Jambi,Cabai Rawit,39621.666666666664
2025-11,Jambi,Daging Ayam,37400.0
2025-11,Jambi,Daging Sapi,137500.0
2025-11,Jambi,Gula Pasir,18120.0
2025-11,Jambi,Minyak Goreng,20400.0
2025-11,Jambi,Telur Ayam,26900.0
2025-11,Jawa Barat,Bawang Merah,43576.666666666664
2025-11,Jawa Barat,Bawang Putih,38581.666666666664
2025-11,Jawa Barat,Beras,14820.0
2025-11,Jawa Barat,Cabai Merah,63940.0
2025-11,Jawa Barat,Cabai Rawit,40848.333333333336
2025-11,Jawa Barat,Daging Ayam,37696.666666666664
2025-11,Jawa Barat,Daging Sapi,138600.0
2025-11,Jawa Barat,Gula Pasir,18373.333333333332
2025-11,Jawa Barat,Minyak Goreng,20783.333333333332
2025-11,Jawa Barat,Telur Ayam,29703.333333333332
2025-11,Jawa Tengah,Bawang Merah,41826.666666666664
2025-11,Jawa Tengah,Bawang Putih,34928.333333333336
2025-11,Jawa Tengah,Beras,15045.0
2025-11,Jawa Tengah,Cabai Merah,52923.333333333336
2025-11,Jawa Tengah,Cabai Rawit,31761.666666666668
2025-11,Jawa Tengah,Daging Ayam,36436.666666666664
2025-11,Jawa Tengah,Daging Sapi,127866.66666666667
2025-11,Jawa Tengah,Gula Pasir,17796.666666666668
2025-11,Jawa Tengah,Minyak Goreng,19881.666666666668
2025-11,Jawa Tengah,Telur Ayam,28376.666666666668
2025-11,Jawa Timur,Bawang Merah,41143.333333333336
2025-11,Jawa Timur,Bawang Putih,30625.0
2025-11,Jawa Timur,Beras,14635.0
2025-11,Jawa Timur,Cabai Merah,50508.333333333336
2025-11,Jawa Timur,Cabai Rawit,26995.0
2025-11,Jawa Timur,Daging Ayam,35973.333333333336
2025-11,Jawa Timur,Daging Sapi,123086.66666666667
2025-11,Jawa Timur,Gula Pasir,16968.333333333332
2025-11,Jawa Timur,Minyak Goreng,20281.666666666668
2025-11,Jawa Timur,Telur Ayam,28485.0
2025-11,Kalimantan Barat,Bawang Merah,44148.333333333336
2025-11,Kalimantan Barat,Bawang Putih,33316.666666666664
2025-11,Kalimantan Barat,Beras,16498.333333333332
2025-11,Kalimantan Barat,Cabai Merah,48635.0
2025-11,Kalimantan Barat,Cabai Rawit,43236.666666666664
2025-11,Kalimantan Barat,Daging Ayam,36530.0
2025-11,Kalimantan Barat,Daging Sapi,149600.0
2025-11,Kalimantan Barat,Gula Pasir,18333.333333333332
2025-11,Kalimantan Barat,Minyak Goreng,20400.0
2025-11,Kalimantan Barat,Telur Ayam,33681.666666666664
2025-11,Kalimantan Selatan,Bawang Merah,39275.0
2025-11,Kalimantan Selatan,Bawang Putih,35816.666666666664
2025-11,Kalimantan Selatan,Beras,17466.666666666668
2025-11,Kalimantan Selatan,Cabai Merah,53405.0
2025-11,Kalimantan Selatan,Cabai Rawit,31311.666666666668
2025-11,Kalimantan Selatan,Daging Ayam,40833.333333333336
2025-11,Kalimantan Selatan,Daging Sapi,163245.0
2025-11,Kalimantan Selatan,Gula Pasir,18700.0
2025-11,Kalimantan Selatan,Minyak Goreng,21050.0
2025-11,Kalimantan Selatan,Telur Ayam,32658.333333333332
2025-11,Kalimantan Tengah,Bawang Merah,42110.0
2025-11,Kalimantan Tengah,Bawang Putih,37541.666666666664
2025-11,Kalimantan Tengah,Beras,17583.333333333332
2025-11,Kalimantan Tengah,Cabai Merah,72855.0
2025-11,Kalimantan Tengah,Cabai Rawit,42073.333333333336
2025-11,Kalimantan Tengah,Daging Ayam,35606.666666666664
2025-11,Kalimantan Tengah,Daging Sapi,155350.0
2025-11,Kalimantan Tengah,Gula Pasir,20230.0
2025-11,Kalimantan Tengah,Minyak Goreng,21071.666666666668
2025-11,Kalimantan Tengah,Telur Ayam,33506.666666666664
2025-11,Kalimantan Timur,Bawang Merah,41820.0
2025-11,Kalimantan Timur,Bawang Putih,39683.333333333336
2025-11,Kalimantan Timur,Beras,16308.333333333334
2025-11,Kalimantan Timur,Cabai Merah,52296.666666666664
2025-11,Kalimantan Timur,Cabai Rawit,41935.0
2025-11,Kalimantan Timur,Daging Ayam,35316.666666666664
2025-11,Kalimantan Timur,Daging Sapi,159600.0
2025-11,Kalimantan Timur,Gula Pasir,18903.333333333332
2025-11,Kalimantan Timur,Minyak Goreng,21123.333333333332
2025-11,Kalimantan Timur,Telur Ayam,31523.333333333332
2025-11,Kalimantan Utara,Bawang Merah,45476.666666666664
2025-11,Kalimantan Utara,Bawang Putih,43011.666666666664
2025-11,Kalimantan Utara,Beras,17260.0
2025-11,Kalimantan Utara,Cabai Merah,60970.0
2025-11,Kalimantan Utara,Cabai Rawit,68156.66666666667
2025-11,Kalimantan Utara,Daging Ayam,45306.666666666664
2025-11,Kalimantan Utara,Daging Sapi,148791.66666666666
2025-11,Kalimantan Utara,Gula Pasir,19163.333333333332
2025-11,Kalimantan Utara,Minyak Goreng,20710.0
2025-11,Kalimantan Utara,Telur Ayam,32730.0
2025-11,Kepulauan Bangka Belitung,Bawang Merah,47683.333333333336
2025-11,Kepulauan Bangka Belitung,Bawang Putih,37331.666666666664
2025-11,Kepulauan Bangka Belitung,Beras,15300.0
2025-11,Kepulauan Bangka Belitung,Cabai Merah,69043.33333333333
2025-11,Kepulauan Bangka Belitung,Cabai Rawit,51893.333333333336
2025-11,Kepulauan Bangka Belitung,Daging Ayam,40986.666666666664
2025-11,Kepulauan Bangka Belitung,Daging Sapi,133450.0
2025-11,Kepulauan Bangka Belitung,Gula Pasir,18355.0
2025-11,Kepulauan Bangka Belitung,Minyak Goreng,18986.666666666668
2025-11,Kepulauan Bangka Belitung,Telur Ayam,33753.333333333336
2025-11,Kepulauan Riau,Bawang Merah,37370.0
2025-11,Kepulauan Riau,Bawang Putih,30248.333333333332
2025-11,Kepulauan Riau,Beras,14955.0
2025-11,Kepulauan Riau,Cabai Merah,77986.66666666667
2025-11,Kepulauan Riau,Cabai Rawit,47515.0
2025-11,Kepulauan Riau,Daging Ayam,39971.666666666664
2025-11,Kepulauan Riau,Daging Sapi,115011.66666666667
2025-11,Kepulauan Riau,Gula Pasir,15336.666666666666
2025-11,Kepulauan Riau,Minyak Goreng,18710.0
2025-11,Kepulauan Riau,Telur Ayam,30778.333333333332
2025-11,Lampung,Bawang Merah,37853.333333333336
2025-11,Lampung,Bawang Putih,33491.666666666664
2025-11,Lampung,Beras,14741.666666666666
2025-11,Lampung,Cabai Merah,59711.666666666664
2025-11,Lampung,Cabai Rawit,36270.0
2025-11,Lampung,Daging Ayam,33838.333333333336
2025-11,Lampung,Daging Sapi,129161.66666666667
2025-11,Lampung,Gula Pasir,18095.0
2025-11,Lampung,Minyak Goreng,19788.333333333332
2025-11,Lampung,Telur Ayam,29108.333333333332
2025-11,Maluku,Bawang Merah,43293.333333333336
2025-11,Maluku,Bawang Putih,42220.0
2025-11,Maluku,Beras,16786.666666666668
2025-11,Maluku,Cabai Merah,61548.333333333336
2025-11,Maluku,Cabai Rawit,74370.0
2025-11,Maluku,Daging Ayam,40705.0
2025-11,Maluku,Daging Sapi,138831.66666666666
2025-11,Maluku,Gula Pasir,20828.333333333332
2025-11,Maluku,Minyak Goreng,23250.0
2025-11,Maluku,Telur Ayam,36520.0
2025-11,Maluku Utara,Bawang Merah,62916.666666666664
2025-11,Maluku Utara,Bawang Putih,56750.0
2025-11,Maluku Utara,Beras,17236.666666666668
2025-11,Maluku Utara,Cabai Merah,54708.333333333336
2025-11,Maluku Utara,Cabai Rawit,74541.66666666667
2025-11,Maluku Utara,Daging Ayam,44250.0
2025-11,Maluku Utara,Daging Sapi,145000.0
2025-11,Maluku Utara,Gula Pasir,20500.0
2025-11,Maluku Utara,Minyak Goreng,22625.0
2025-11,Maluku Utara,Telur Ayam,37936.666666666664
2025-11,Nusa Tenggara Barat,Bawang Merah,35456.666666666664
2025-11,Nusa Tenggara Barat,Bawang Putih,35413.333333333336
2025-11,Nusa Tenggara Barat,Beras,13900.0
2025-11,Nusa Tenggara Barat,Cabai Merah,46036.666666666664
2025-11,Nusa Tenggara Barat,Cabai Rawit,22180.0
2025-11,Nusa Tenggara Barat,Daging Ayam,40725.0
2025-11,Nusa Tenggara Barat,Daging Sapi,120358.33333333333
2025-11,Nusa Tenggara Barat,Gula Pasir,17846.666666666668
2025-11,Nusa Tenggara Barat,Minyak Goreng,21363.333333333332
2025-11,Nusa Tenggara Barat,Telur Ayam,30050.0
2025-11,Nusa Tenggara Timur,Bawang Merah,36276.666666666664
2025-11,Nusa Tenggara Timur,Bawang Putih,44096.666666666664
2025-11,Nusa Tenggara Timur,Beras,15350.0
2025-11,Nusa Tenggara Timur,Cabai Merah,44603.333333333336
2025-11,Nusa Tenggara Timur,Cabai Rawit,49168.333333333336
2025-11,Nusa Tenggara Timur,Daging Ayam,48260.0
2025-11,Nusa Tenggara Timur,Daging Sapi,115390.0
2025-11,Nusa Tenggara Timur,Gula Pasir,19550.0
2025-11,Nusa Tenggara Timur,Minyak Goreng,22750.0
2025-11,Nusa Tenggara Timur,Telur Ayam,34001.666666666664
2025-11,Papua,Bawang Merah,61683.333333333336
2025-11,Papua,Bawang Putih,53213.333333333336
2025-11,Papua,Beras,18936.666666666668
2025-11,Papua,Cabai Merah,80268.33333333333
2025-11,Papua,Cabai Rawit,72986.66666666667
2025-11,Papua,Daging Ayam,45155.0
2025-11,Papua,Daging Sapi,151591.66666666666
2025-11,Papua,Gula Pasir,24056.666666666668
2025-11,Papua,Minyak Goreng,25000.0
2025-11,Papua,Telur Ayam,39536.666666666664
2025-11,Papua Barat,Bawang Merah,55333.333333333336
2025-11,Papua Barat,Bawang Putih,50625.0
2025-11,Papua Barat,Beras,16891.666666666668
2025-11,Papua Barat,Cabai Merah,55101.666666666664
2025-11,Papua Barat,Cabai Rawit,73916.66666666667
2025-11,Papua Barat,Daging Ayam,49251.666666666664
2025-11,Papua Barat,Daging Sapi,147500.0
2025-11,Papua Barat,Gula Pasir,20750.0
2025-11,Papua Barat,Minyak Goreng,23850.0
2025-11,Papua Barat,Telur Ayam,37268.333333333336
2025-11,Riau,Bawang Merah,34990.0
2025-11,Riau,Bawang Putih,35623.333333333336
2025-11,Riau,Beras,16295.0
2025-11,Riau,Cabai Merah,79331.66666666667
2025-11,Riau,Cabai Rawit,41016.666666666664
2025-11,Riau,Daging Ayam,31428.333333333332
2025-11,Riau,Daging Sapi,125200.0
2025-11,Riau,Gula Pasir,17785.0
2025-11,Riau,Minyak Goreng,19738.333333333332
2025-11,Riau,Telur Ayam,31543.333333333332
2025-11,Sulawesi Barat,Bawang Merah,40125.0
2025-11,Sulawesi Barat,Bawang Putih,39326.666666666664
2025-11,Sulawesi Barat,Beras,14371.666666666666
2025-11,Sulawesi Barat,Cabai Merah,39365.0
2025-11,Sulawesi Barat,Cabai Rawit,28638.333333333332
2025-11,Sulawesi Barat,Daging Ayam,27048.333333333332
2025-11,Sulawesi Barat,Daging Sapi,128350.0
2025-11,Sulawesi Barat,Gula Pasir,18100.0
2025-11,Sulawesi Barat,Minyak Goreng,21050.0
2025-11,Sulawesi Barat,Telur Ayam,27051.666666666668
2025-11,Sulawesi Selatan,Bawang Merah,38616.666666666664
2025-11,Sulawesi Selatan,Bawang Putih,36220.0
2025-11,Sulawesi Selatan,Beras,14148.333333333334
2025-11,Sulawesi Selatan,Cabai Merah,36831.666666666664
2025-11,Sulawesi Selatan,Cabai Rawit,22638.333333333332
2025-11,Sulawesi Selatan,Daging Ayam,29515.0
2025-11,Sulawesi Selatan,Daging Sapi,127500.0
2025-11,Sulawesi Selatan,Gula Pasir,17280.0
2025-11,Sulawesi Selatan,Minyak Goreng,19835.0
2025-11,Sulawesi Selatan,Telur Ayam,26920.0
2025-11,Sulawesi Tengah,Bawang Merah,42063.333333333336
2025-11,Sulawesi Tengah,Bawang Putih,41000.0
2025-11,Sulawesi Tengah,Beras,15543.333333333334
2025-11,Sulawesi Tengah,Cabai Merah,29735.0
2025-11,Sulawesi Tengah,Cabai Rawit,38796.666666666664
2025-11,Sulawesi Tengah,Daging Ayam,34736.666666666664
2025-11,Sulawesi Tengah,Daging Sapi,143750.0
2025-11,Sulawesi Tengah,Gula Pasir,20400.0
2025-11,Sulawesi Tengah,Minyak Goreng,20611.666666666668
2025-11,Sulawesi Tengah,Telur Ayam,31675.0
2025-11,Sulawesi Tenggara,Bawang Merah,43791.666666666664
2025-11,Sulawesi Tenggara,Bawang Putih,44400.0
2025-11,Sulawesi Tenggara,Beras,15623.333333333334
2025-11,Sulawesi Tenggara,Cabai Merah,45756.666666666664
2025-11,Sulawesi Tenggara,Cabai Rawit,54513.333333333336
2025-11,Sulawesi Tenggara,Daging Ayam,35593.333333333336
2025-11,Sulawesi Tenggara,Daging Sapi,136900.0
2025-11,Sulawesi Tenggara,Gula Pasir,20213.333333333332
2025-11,Sulawesi Tenggara,Minyak Goreng,22250.0
2025-11,Sulawesi Tenggara,Telur Ayam,31870.0
2025-11,Sulawesi Utara,Bawang Merah,46088.333333333336
2025-11,Sulawesi Utara,Bawang Putih,41360.0
2025-11,Sulawesi Utara,Beras,15668.333333333334
2025-11,Sulawesi Utara,Cabai Merah,28588.333333333332
2025-11,Sulawesi Utara,Cabai Rawit,37495.0
2025-11,Sulawesi Utara,Daging Ayam,39911.666666666664
2025-11,Sulawesi Utara,Daging Sapi,135875.0
2025-11,Sulawesi Utara,Gula Pasir,17850.0
2025-11,Sulawesi Utara,Minyak Goreng,19138.333333333332
2025-11,Sulawesi Utara,Telur Ayam,30908.333333333332
2025-11,Sumatera Barat,Bawang Merah,34070.0
2025-11,Sumatera Barat,Bawang Putih,32586.666666666668
2025-11,Sumatera Barat,Beras,17065.0
2025-11,Sumatera Barat,Cabai Merah,77736.66666666667
2025-11,Sumatera Barat,Cabai Rawit,35915.0
2025-11,Sumatera Barat,Daging Ayam,49783.333333333336
2025-11,Sumatera Barat,Daging Sapi,146250.0
2025-11,Sumatera Barat,Gula Pasir,18250.0
2025-11,Sumatera Barat,Minyak Goreng,20775.0
2025-11,Sumatera Barat,Telur Ayam,29980.0
2025-11,Sumatera Selatan,Bawang Merah,38071.666666666664
2025-11,Sumatera Selatan,Bawang Putih,36000.0
2025-11,Sumatera Selatan,Beras,15493.333333333334
2025-11,Sumatera Selatan,Cabai Merah,62413.333333333336
2025-11,Sumatera Selatan,Cabai Rawit,42698.333333333336
2025-11,Sumatera Selatan,Daging Ayam,36220.0
2025-11,Sumatera Selatan,Daging Sapi,140000.0
2025-11,Sumatera Selatan,Gula Pasir,18250.0
2025-11,Sumatera Selatan,Minyak Goreng,20900.0
2025-11,Sumatera Selatan,Telur Ayam,29201.666666666668
2025-11,Sumatera Utara,Bawang Merah,37221.666666666664
2025-11,Sumatera Utara,Bawang Putih,36038.333333333336
2025-11,Sumatera Utara,Beras,14545.0
2025-11,Sumatera Utara,Cabai Merah,59191.666666666664
2025-11,Sumatera Utara,Cabai Rawit,38115.0
2025-11,Sumatera Utara,Daging Ayam,39630.0
2025-11,Sumatera Utara,Daging Sapi,133681.66666666666
2025-11,Sumatera Utara,Gula Pasir,18856.666666666668
2025-11,Sumatera Utara,Minyak Goreng,20750.0
2025-11,Sumatera Utara,Telur Ayam,32263.333333333332
2025-12,Aceh,Bawang Merah,51153.44827586207
2025-12,Aceh,Bawang Putih,39351.724137931036
2025-12,Aceh,Beras,14851.724137931034
2025-12,Aceh,Cabai Merah,50896.55172413793
2025-12,Aceh,Cabai Rawit,68079.31034482758
2025-12,Aceh,Daging Ayam,40884.48275862069
2025-12,Aceh,Daging Sapi,146667.24137931035
2025-12,Aceh,Gula Pasir,19141.379310344826
2025-12,Aceh,Minyak Goreng,21974.137931034482
2025-12,Aceh,Telur Ayam,37610.34482758621
2025-12,Bali,Bawang Merah,50725.862068965514
2025-12,Bali,Bawang Putih,33672.41379310345
2025-12,Bali,Beras,15389.655172413793
2025-12,Bali,Cabai Merah,44094.8275862069
2025-12,Bali,Cabai Rawit,62427.58620689655
2025-12,Bali,Daging Ayam,41874.137931034486
2025-12,Bali,Daging Sapi,134850.0
2025-12,Bali,Gula Pasir,18050.0
2025-12,Bali,Minyak Goreng,21000.0
2025-12,Bali,Telur Ayam,30562.068965517243
2025-12,Banten,Bawang Merah,46982.0
2025-12,Banten,Bawang Putih,37426.0
2025-12,Banten,Beras,14950.0
2025-12,Banten,Cabai Merah,58478.0
2025-12,Banten,Cabai Rawit,76290.0
2025-12,Banten,Daging Ayam,42882.0
2025-12,Banten,Daging Sapi,134260.0
2025-12,Banten,Gula Pasir,18650.0
2025-12,Banten,Minyak Goreng,18954.0
2025-12,Banten,Telur Ayam,30584.0
2025-12,Bengkulu,Bawang Merah,47603.44827586207
2025-12,Bengkulu,Bawang Putih,41072.41379310345
2025-12,Bengkulu,Beras,15506.896551724138
2025-12,Bengkulu,Cabai Merah,64774.137931034486
2025-12,Bengkulu,Cabai Rawit,52377.58620689655
2025-12,Bengkulu,Daging Ayam,41712.06896551724
2025-12,Bengkulu,Daging Sapi,135863.7931034483
2025-12,Bengkulu,Gula Pasir,18187.931034482757
2025-12,Bengkulu,Minyak Goreng,19870.689655172413
2025-12,Bengkulu,Telur Ayam,30624.137931034482
2025-12,DI Yogyakarta,Bawang Merah,47741.379310344826
2025-12,DI Yogyakarta,Bawang Putih,39500.0
2025-12,DI Yogyakarta,Beras,14200.0
2025-12,DI Yogyakarta,Cabai Merah,59622.41379310345
2025-12,DI Yogyakarta,Cabai Rawit,66494.8275862069
2025-12,DI Yogyakarta,Daging Ayam,38732.75862068965
2025-12,DI Yogyakarta,Daging Sapi,141250.0
2025-12,DI Yogyakarta,Gula Pasir,17650.0
2025-12,DI Yogyakarta,Minyak Goreng,20250.0
2025-12,DI Yogyakarta,Telur Ayam,30172.41379310345
2025-12,DKI Jakarta,Bawang Merah,51327.58620689655
2025-12,DKI Jakarta,Bawang Putih,44237.93103448276
2025-12,DKI Jakarta,Beras,16300.0
2025-12,DKI Jakarta,Cabai Merah,63837.93103448276
2025-12,DKI Jakarta,Cabai Rawit,79837.93103448275
2025-12,DKI Jakarta,Daging Ayam,43410.34482758621
2025-12,DKI Jakarta,Daging Sapi,137017.24137931035
2025-12,DKI Jakarta,Gula Pasir,19050.0
2025-12,DKI Jakarta,Minyak Goreng,20900.0
2025-12,DKI Jakarta,Telur Ayam,31072.41379310345
2025-12,Gorontalo,Bawang Merah,62163.793103448275
2025-12,Gorontalo,Bawang Putih,42367.24137931035
2025-12,Gorontalo,Beras,15568.965517241379
2025-12,Gorontalo,Cabai Merah,38618.96551724138
2025-12,Gorontalo,Cabai Rawit,54370.68965517241
2025-12,Gorontalo,Daging Ayam,37484.48275862069
2025-12,Gorontalo,Daging Sapi,137456.89655172414
2025-12,Gorontalo,Gula Pasir,19200.0
2025-12,Gorontalo,Minyak Goreng,25893.103448275862
2025-12,Gorontalo,Telur Ayam,38455.1724137931
2025-12,Jambi,Bawang Merah,42705.1724137931
2025-12,Jambi,Bawang Putih,31991.379310344826
2025-12,Jambi,Beras,15400.0
2025-12,Jambi,Cabai Merah,62379.31034482759
2025-12,Jambi,Cabai Rawit,75168.96551724138
2025-12,Jambi,Daging Ayam,39265.51724137931
2025-12,Jambi,Daging Sapi,137672.41379310345
2025-12,Jambi,Gula Pasir,18175.862068965518
2025-12,Jambi,Minyak Goreng,20374.137931034482
2025-12,Jambi,Telur Ayam,28136.206896551725
2025-12,Jawa Barat,Bawang Merah,46367.24137931035
2025-12,Jawa Barat,Bawang Putih,39074.137931034486
2025-12,Jawa Barat,Beras,14800.0
2025-12,Jawa Barat,Cabai Merah,55927.58620689655
2025-12,Jawa Barat,Cabai Rawit,73137.93103448275
2025-12,Jawa Barat,Daging Ayam,40487.93103448276
2025-12,Jawa Barat,Daging Sapi,138965.5172413793
2025-12,Jawa Barat,Gula Pasir,18372.41379310345
2025-12,Jawa Barat,Minyak Goreng,20803.44827586207
2025-12,Jawa Barat,Telur Ayam,30679.310344827587
2025-12,Jawa Tengah,Bawang Merah,46856.89655172414
2025-12,Jawa Tengah,Bawang Putih,35058.620689655174
2025-12,Jawa Tengah,Beras,15043.103448275862
2025-12,Jawa Tengah,Cabai Merah,52725.862068965514
2025-12,Jawa Tengah,Cabai Rawit,56075.862068965514
2025-12,Jawa Tengah,Daging Ayam,39072.41379310345
2025-12,Jawa Tengah,Daging Sapi,127887.93103448275
2025-12,Jawa Tengah,Gula Pasir,17846.55172413793
2025-12,Jawa Tengah,Minyak Goreng,19998.275862068964
2025-12,Jawa Tengah,Telur Ayam,29363.793103448275
2025-12,Jawa Timur,Bawang Merah,47615.51724137931
2025-12,Jawa Timur,Bawang Putih,31162.068965517243
2025-12,Jawa Timur,Beras,14584.48275862069
2025-12,Jawa Timur,Cabai Merah,43496.55172413793
2025-12,Jawa Timur,Cabai Rawit,54539.65517241379
2025-12,Jawa Timur,Daging Ayam,37977.58620689655
2025-12,Jawa Timur,Daging Sapi,123603.44827586207
2025-12,Jawa Timur,Gula Pasir,16944.827586206895
2025-12,Jawa Timur,Minyak Goreng,20365.51724137931
2025-12,Jawa Timur,Telur Ayam,29467.241379310344
2025-12,Kalimantan Barat,Bawang Merah,48732.75862068965
2025-12,Kalimantan Barat,Bawang Putih,33891.379310344826
2025-12,Kalimantan Barat,Beras,16567.241379310344
2025-12,Kalimantan Barat,Cabai Merah,67127.58620689655
2025-12,Kalimantan Barat,Cabai Rawit,74658.62068965517
2025-12,Kalimantan Barat,Daging Ayam,35803.44827586207
2025-12,Kalimantan Barat,Daging Sapi,149737.93103448275
2025-12,Kalimantan Barat,Gula Pasir,18301.724137931036
2025-12,Kalimantan Barat,Minyak Goreng,20400.0
2025-12,Kalimantan Barat,Telur Ayam,34563.793103448275
2025-12,Kalimantan Selatan,Bawang Merah,50977.58620689655
2025-12,Kalimantan Selatan,Bawang Putih,36786.206896551725
2025-12,Kalimantan Selatan,Beras,17550.0
2025-12,Kalimantan Selatan,Cabai Merah,60891.379310344826
2025-12,Kalimantan Selatan,Cabai Rawit,50900.0
2025-12,Kalimantan Selatan,Daging Ayam,42118.96551724138
2025-12,Kalimantan Selatan,Daging Sapi,162900.0
2025-12,Kalimantan Selatan,Gula Pasir,18700.0
2025-12,Kalimantan Selatan,Minyak Goreng,21050.0
2025-12,Kalimantan Selatan,Telur Ayam,32332.758620689656
2025-12,Kalimantan Tengah,Bawang Merah,53653.44827586207
2025-12,Kalimantan Tengah,Bawang Putih,37913.793103448275
2025-12,Kalimantan Tengah,Beras,17751.724137931036
2025-12,Kalimantan Tengah,Cabai Merah,99463.79310344828
2025-12,Kalimantan Tengah,Cabai Rawit,72089.6551724138
2025-12,Kalimantan Tengah,Daging Ayam,39050.0
2025-12,Kalimantan Tengah,Daging Sapi,156143.10344827586
2025-12,Kalimantan Tengah,Gula Pasir,20112.068965517243
2025-12,Kalimantan Tengah,Minyak Goreng,21050.0
2025-12,Kalimantan Tengah,Telur Ayam,34096.55172413793
2025-12,Kalimantan Timur,Bawang Merah,54929.31034482759
2025-12,Kalimantan Timur,Bawang Putih,40134.48275862069
2025-12,Kalimantan Timur,Beras,16246.551724137931
2025-12,Kalimantan Timur,Cabai Merah,56917.24137931035
2025-12,Kalimantan Timur,Cabai Rawit,58731.03448275862
2025-12,Kalimantan Timur,Daging Ayam,37500.0
2025-12,Kalimantan Timur,Daging Sapi,159737.93103448275
2025-12,Kalimantan Timur,Gula Pasir,18989.655172413793
2025-12,Kalimantan Timur,Minyak Goreng,21082.758620689656
2025-12,Kalimantan Timur,Telur Ayam,31872.41379310345
2025-12,Kalimantan Utara,Bawang Merah,53582.75862068965
2025-12,Kalimantan Utara,Bawang Putih,43034.48275862069
2025-12,Kalimantan Utara,Beras,17263.793103448275
2025-12,Kalimantan Utara,Cabai Merah,58896.55172413793
2025-12,Kalimantan Utara,Cabai Rawit,85734.4827586207
2025-12,Kalimantan Utara,Daging Ayam,45017.24137931035
2025-12,Kalimantan Utara,Daging Sapi,144612.06896551725
2025-12,Kalimantan Utara,Gula Pasir,19165.51724137931
2025-12,Kalimantan Utara,Minyak Goreng,20705.172413793105
2025-12,Kalimantan Utara,Telur Ayam,33846.55172413793
2025-12,Kepulauan Bangka Belitung,Bawang Merah,52434.48275862069
2025-12,Kepulauan Bangka Belitung,Bawang Putih,38593.10344827586
2025-12,Kepulauan Bangka Belitung,Beras,15300.0
2025-12,Kepulauan Bangka Belitung,Cabai Merah,77051.72413793103
2025-12,Kepulauan Bangka Belitung,Cabai Rawit,79496.55172413793
2025-12,Kepulauan Bangka Belitung,Daging Ayam,40813.793103448275
2025-12,Kepulauan Bangka Belitung,Daging Sapi,134127.58620689655
2025-12,Kepulauan Bangka Belitung,Gula Pasir,18274.137931034482
2025-12,Kepulauan Bangka Belitung,Minyak Goreng,18774.137931034482
2025-12,Kepulauan Bangka Belitung,Telur Ayam,33010.34482758621
2025-12,Kepulauan Riau,Bawang Merah,44339.65517241379
2025-12,Kepulauan Riau,Bawang Putih,32506.896551724138
2025-12,Kepulauan Riau,Beras,15093.103448275862
2025-12,Kepulauan Riau,Cabai Merah,82603.44827586207
2025-12,Kepulauan Riau,Cabai Rawit,83286.20689655172
2025-12,Kepulauan Riau,Daging Ayam,42946.55172413793
2025-12,Kepulauan Riau,Daging Sapi,117946.55172413793
2025-12,Kepulauan Riau,Gula Pasir,17298.275862068964
2025-12,Kepulauan Riau,Minyak Goreng,18851.724137931036
2025-12,Kepulauan Riau,Telur Ayam,31318.96551724138
2025-12,Lampung,Bawang Merah,41648.275862068964
2025-12,Lampung,Bawang Putih,34624.137931034486
2025-12,Lampung,Beras,14634.48275862069
2025-12,Lampung,Cabai Merah,59655.1724137931
2025-12,Lampung,Cabai Rawit,66387.93103448275
2025-12,Lampung,Daging Ayam,35691.379310344826
2025-12,Lampung,Daging Sapi,129606.89655172414
2025-12,Lampung,Gula Pasir,18117.241379310344
2025-12,Lampung,Minyak Goreng,19687.931034482757
2025-12,Lampung,Telur Ayam,29094.827586206895
2025-12,Maluku,Bawang Merah,55608.620689655174
2025-12,Maluku,Bawang Putih,42479.31034482759
2025-12,Maluku,Beras,16677.58620689655
2025-12,Maluku,Cabai Merah,72250.0
2025-12,Maluku,Cabai Rawit,94346.55172413793
2025-12,Maluku,Daging Ayam,43018.96551724138
2025-12,Maluku,Daging Sapi,141422.41379310345
2025-12,Maluku,Gula Pasir,20706.896551724138
2025-12,Maluku,Minyak Goreng,23241.379310344826
2025-12,Maluku,Telur Ayam,37393.10344827586
2025-12,Maluku Utara,Bawang Merah,65474.137931034486
2025-12,Maluku Utara,Bawang Putih,54698.275862068964
2025-12,Maluku Utara,Beras,17400.0
2025-12,Maluku Utara,Cabai Merah,54655.1724137931
2025-12,Maluku Utara,Cabai Rawit,86206.89655172414
2025-12,Maluku Utara,Daging Ayam,44965.51724137931
2025-12,Maluku Utara,Daging Sapi,145000.0
2025-12,Maluku Utara,Gula Pasir,20500.0
2025-12,Maluku Utara,Minyak Goreng,23200.0
2025-12,Maluku Utara,Telur Ayam,38750.0
2025-12,Nusa Tenggara Barat,Bawang Merah,48770.68965517241
2025-12,Nusa Tenggara Barat,Bawang Putih,35520.68965517241
2025-12,Nusa Tenggara Barat,Beras,13850.0
2025-12,Nusa Tenggara Barat,Cabai Merah,44268.96551724138
2025-12,Nusa Tenggara Barat,Cabai Rawit,50958.620689655174
2025-12,Nusa Tenggara Barat,Daging Ayam,41510.34482758621
2025-12,Nusa Tenggara Barat,Daging Sapi,120324.13793103448
2025-12,Nusa Tenggara Barat,Gula Pasir,18000.0
2025-12,Nusa Tenggara Barat,Minyak Goreng,21600.0
2025-12,Nusa Tenggara Barat,Telur Ayam,30374.137931034482
2025-12,Nusa Tenggara Timur,Bawang Merah,42844.8275862069
2025-12,Nusa Tenggara Timur,Bawang Putih,44763.793103448275
2025-12,Nusa Tenggara Timur,Beras,15305.172413793103
2025-12,Nusa Tenggara Timur,Cabai Merah,50553.44827586207
2025-12,Nusa Tenggara Timur,Cabai Rawit,51368.96551724138
2025-12,Nusa Tenggara Timur,Daging Ayam,50625.862068965514
2025-12,Nusa Tenggara Timur,Daging Sapi,116650.0
2025-12,Nusa Tenggara Timur,Gula Pasir,19536.206896551725
2025-12,Nusa Tenggara Timur,Minyak Goreng,22806.896551724138
2025-12,Nusa Tenggara Timur,Telur Ayam,34360.34482758621
2025-12,Papua,Bawang Merah,69760.3448275862
2025-12,Papua,Bawang Putih,54937.93103448276
2025-12,Papua,Beras,18782.758620689656
2025-12,Papua,Cabai Merah,81625.86206896552
2025-12,Papua,Cabai Rawit,81798.27586206897
2025-12,Papua,Daging Ayam,46913.793103448275
2025-12,Papua,Daging Sapi,155074.1379310345
2025-12,Papua,Gula Pasir,24072.41379310345
2025-12,Papua,Minyak Goreng,25067.241379310344
2025-12,Papua,Telur Ayam,40434.48275862069
2025-12,Papua Barat,Bawang Merah,68103.44827586207
2025-12,Papua Barat,Bawang Putih,53448.275862068964
2025-12,Papua Barat,Beras,16850.0
2025-12,Papua Barat,Cabai Merah,73650.0
2025-12,Papua Barat,Cabai Rawit,125818.96551724138
2025-12,Papua Barat,Daging Ayam,57496.55172413793
2025-12,Papua Barat,Daging Sapi,149224.1379310345
2025-12,Papua Barat,Gula Pasir,20750.0
2025-12,Papua Barat,Minyak Goreng,23850.0
2025-12,Papua Barat,Telur Ayam,39218.96551724138
2025-12,Riau,Bawang Merah,47253.44827586207
2025-12,Riau,Bawang Putih,35875.862068965514
2025-12,Riau,Beras,16324.137931034482
2025-12,Riau,Cabai Merah,82436.20689655172
2025-12,Riau,Cabai Rawit,81024.13793103448
2025-12,Riau,Daging Ayam,33682.75862068965
2025-12,Riau,Daging Sapi,126148.27586206897
2025-12,Riau,Gula Pasir,17753.44827586207
2025-12,Riau,Minyak Goreng,19787.931034482757
2025-12,Riau,Telur Ayam,32931.03448275862
2025-12,Sulawesi Barat,Bawang Merah,48951.724137931036
2025-12,Sulawesi Barat,Bawang Putih,39917.24137931035
2025-12,Sulawesi Barat,Beras,14331.034482758621
2025-12,Sulawesi Barat,Cabai Merah,36327.58620689655
2025-12,Sulawesi Barat,Cabai Rawit,41160.34482758621
2025-12,Sulawesi Barat,Daging Ayam,30732.758620689656
2025-12,Sulawesi Barat,Daging Sapi,128350.0
2025-12,Sulawesi Barat,Gula Pasir,18100.0
2025-12,Sulawesi Barat,Minyak Goreng,21050.0
2025-12,Sulawesi Barat,Telur Ayam,27396.55172413793
2025-12,Sulawesi Selatan,Bawang Merah,48968.96551724138
2025-12,Sulawesi Selatan,Bawang Putih,37350.0
2025-12,Sulawesi Selatan,Beras,14100.0
2025-12,Sulawesi Selatan,Cabai Merah,33886.206896551725
2025-12,Sulawesi Selatan,Cabai Rawit,41741.379310344826
2025-12,Sulawesi Selatan,Daging Ayam,33574.137931034486
2025-12,Sulawesi Selatan,Daging Sapi,127500.0
2025-12,Sulawesi Selatan,Gula Pasir,17325.862068965518
2025-12,Sulawesi Selatan,Minyak Goreng,19855.172413793105
2025-12,Sulawesi Selatan,Telur Ayam,27756.896551724138
2025-12,Sulawesi Tengah,Bawang Merah,56284.48275862069
2025-12,Sulawesi Tengah,Bawang Putih,41331.03448275862
2025-12,Sulawesi Tengah,Beras,15396.551724137931
2025-12,Sulawesi Tengah,Cabai Merah,33837.93103448276
2025-12,Sulawesi Tengah,Cabai Rawit,58294.8275862069
2025-12,Sulawesi Tengah,Daging Ayam,38027.58620689655
2025-12,Sulawesi Tengah,Daging Sapi,144353.44827586206
2025-12,Sulawesi Tengah,Gula Pasir,20260.344827586207
2025-12,Sulawesi Tengah,Minyak Goreng,20610.344827586207
2025-12,Sulawesi Tengah,Telur Ayam,32346.55172413793
2025-12,Sulawesi Tenggara,Bawang Merah,55075.862068965514
2025-12,Sulawesi Tenggara,Bawang Putih,45810.34482758621
2025-12,Sulawesi Tenggara,Beras,15524.137931034482
2025-12,Sulawesi Tenggara,Cabai Merah,48639.65517241379
2025-12,Sulawesi Tenggara,Cabai Rawit,63596.55172413793
2025-12,Sulawesi Tenggara,Daging Ayam,37629.31034482759
2025-12,Sulawesi Tenggara,Daging Sapi,136900.0
2025-12,Sulawesi Tenggara,Gula Pasir,20250.0
2025-12,Sulawesi Tenggara,Minyak Goreng,22315.51724137931
2025-12,Sulawesi Tenggara,Telur Ayam,32177.58620689655
2025-12,Sulawesi Utara,Bawang Merah,58734.48275862069
2025-12,Sulawesi Utara,Bawang Putih,42777.58620689655
2025-12,Sulawesi Utara,Beras,14910.344827586207
2025-12,Sulawesi Utara,Cabai Merah,29422.41379310345
2025-12,Sulawesi Utara,Cabai Rawit,46015.51724137931
2025-12,Sulawesi Utara,Daging Ayam,45270.68965517241
2025-12,Sulawesi Utara,Daging Sapi,137343.10344827586
2025-12,Sulawesi Utara,Gula Pasir,17850.0
2025-12,Sulawesi Utara,Minyak Goreng,19101.724137931036
2025-12,Sulawesi Utara,Telur Ayam,33806.89655172414
2025-12,Sumatera Barat,Bawang Merah,43586.206896551725
2025-12,Sumatera Barat,Bawang Putih,33298.275862068964
2025-12,Sumatera Barat,Beras,17963.793103448275
2025-12,Sumatera Barat,Cabai Merah,73168.96551724138
2025-12,Sumatera Barat,Cabai Rawit,69179.31034482758
2025-12,Sumatera Barat,Daging Ayam,52450.0
2025-12,Sumatera Barat,Daging Sapi,146250.0
2025-12,Sumatera Barat,Gula Pasir,18265.51724137931
2025-12,Sumatera Barat,Minyak Goreng,20755.172413793105
2025-12,Sumatera Barat,Telur Ayam,30808.620689655174
2025-12,Sumatera Selatan,Bawang Merah,45077.58620689655
2025-12,Sumatera Selatan,Bawang Putih,40422.41379310345
2025-12,Sumatera Selatan,Beras,15498.275862068966
2025-12,Sumatera Selatan,Cabai Merah,73087.93103448275
2025-12,Sumatera Selatan,Cabai Rawit,74363.79310344828
2025-12,Sumatera Selatan,Daging Ayam,37987.93103448276
2025-12,Sumatera Selatan,Daging Sapi,141724.1379310345
2025-12,Sumatera Selatan,Gula Pasir,18251.724137931036
2025-12,Sumatera Selatan,Minyak Goreng,20886.206896551725
2025-12,Sumatera Selatan,Telur Ayam,29746.55172413793
2025-12,Sumatera Utara,Bawang Merah,54082.75862068965
2025-12,Sumatera Utara,Bawang Putih,42893.10344827586
2025-12,Sumatera Utara,Beras,14993.103448275862
2025-12,Sumatera Utara,Cabai Merah,66589.6551724138
2025-12,Sumatera Utara,Cabai Rawit,83255.1724137931
2025-12,Sumatera Utara,Daging Ayam,45105.1724137931
2025-12,Sumatera Utara,Daging Sapi,134405.1724137931
2025-12,Sumatera Utara,Gula Pasir,19448.275862068964
2025-12,Sumatera Utara,Minyak Goreng,21393.103448275862
2025-12,Sumatera Utara,Telur Ayam,39203.44827586207
